customer_id,recency,frequency,monetary,avg_order_value,customer_lifespan_days,first_purchase_date,last_purchase_date,country,cluster,segment,historical_customer_value,annualized_historical_value
12346,326,1,77183.6,77183.6,0,2011-01-18 10:01:00,2011-01-18 10:01:00,United Kingdom,1,Loyal Customers,77183.6,77183.6
12347,3,7,4310.0,615.7142857142857,365,2010-12-07 14:57:00,2011-12-07 15:52:00,Iceland,3,Champions,4310.0,4310.0
12348,76,4,1797.24,449.31,283,2010-12-16 19:09:00,2011-09-25 13:13:00,Finland,1,Loyal Customers,1797.24,2317.9950530035335
12349,19,1,1757.55,1757.55,0,2011-11-21 09:51:00,2011-11-21 09:51:00,Italy,0,Recent/Emerging Customers,1757.55,1757.55
12350,311,1,334.4,334.4,0,2011-02-02 16:01:00,2011-02-02 16:01:00,Norway,2,At-Risk/Dormant Customers,334.4,334.4
12352,37,8,2506.04,313.255,260,2011-02-16 12:33:00,2011-11-03 14:37:00,Norway,1,Loyal Customers,2506.04,3518.0946153846153
12353,205,1,89.0,89.0,0,2011-05-19 17:47:00,2011-05-19 17:47:00,Bahrain,2,At-Risk/Dormant Customers,89.0,89.0
12354,233,1,1079.4,1079.4,0,2011-04-21 13:11:00,2011-04-21 13:11:00,Spain,2,At-Risk/Dormant Customers,1079.4,1079.4
12355,215,1,459.4,459.4,0,2011-05-09 13:49:00,2011-05-09 13:49:00,Bahrain,2,At-Risk/Dormant Customers,459.4,459.4
12356,23,3,2811.43,937.1433333333331,303,2011-01-18 09:50:00,2011-11-17 08:40:00,Portugal,1,Loyal Customers,2811.43,3386.706105610561
12357,34,1,6207.67,6207.67,0,2011-11-06 16:07:00,2011-11-06 16:07:00,Switzerland,1,Loyal Customers,6207.67,6207.67
12358,2,2,1168.06,584.03,149,2011-07-12 10:04:00,2011-12-08 10:26:00,Austria,0,Recent/Emerging Customers,1168.06,2861.355033557047
12359,58,4,6310.03,1577.5075,274,2011-01-12 12:43:00,2011-10-13 12:47:00,Cyprus,1,Loyal Customers,6310.03,8405.69689781022
12360,53,3,2662.06,887.3533333333332,148,2011-05-23 09:43:00,2011-10-18 15:22:00,Austria,1,Loyal Customers,2662.06,6565.21554054054
12361,288,1,189.9,189.9,0,2011-02-25 13:51:00,2011-02-25 13:51:00,Belgium,2,At-Risk/Dormant Customers,189.9,189.9
12362,4,10,5226.23,522.623,292,2011-02-17 10:30:00,2011-12-06 15:40:00,Belgium,3,Champions,5226.23,6532.787499999999
12363,110,2,552.0,276.0,133,2011-04-11 13:29:00,2011-08-22 10:18:00,Unspecified,2,At-Risk/Dormant Customers,552.0,1514.8872180451128
12364,8,4,1313.1,328.275,105,2011-08-19 15:24:00,2011-12-02 10:22:00,Belgium,1,Loyal Customers,1313.1,4564.585714285714
12365,292,2,641.38,320.69,0,2011-02-21 13:51:00,2011-02-21 14:04:00,Cyprus,2,At-Risk/Dormant Customers,641.38,641.38
12367,5,1,168.9,168.9,0,2011-12-05 16:48:00,2011-12-05 16:48:00,Denmark,0,Recent/Emerging Customers,168.9,168.9
12370,52,4,3541.94,885.485,309,2010-12-14 12:58:00,2011-10-19 14:51:00,Cyprus,1,Loyal Customers,3541.94,4183.844983818771
12371,45,2,1887.96,943.98,15,2011-10-11 10:43:00,2011-10-26 10:16:00,Switzerland,1,Loyal Customers,1887.96,1887.96
12372,72,3,1298.04,432.68,225,2011-02-16 12:46:00,2011-09-29 12:12:00,Denmark,1,Loyal Customers,1298.04,2105.7093333333332
12373,312,1,364.6,364.6,0,2011-02-01 13:10:00,2011-02-01 13:10:00,Austria,2,At-Risk/Dormant Customers,364.6,364.6
12374,26,1,742.93,742.93,0,2011-11-14 15:37:00,2011-11-14 15:37:00,Austria,0,Recent/Emerging Customers,742.93,742.93
12375,11,2,457.5,228.75,88,2011-09-02 14:23:00,2011-11-29 10:36:00,Finland,0,Recent/Emerging Customers,457.5,1897.5852272727273
12377,316,2,1628.12,814.06,39,2010-12-20 09:37:00,2011-01-28 15:45:00,Switzerland,2,At-Risk/Dormant Customers,1628.12,15237.533333333333
12378,130,1,4008.62,4008.62,0,2011-08-02 10:34:00,2011-08-02 10:34:00,Switzerland,1,Loyal Customers,4008.62,4008.62
12379,82,2,852.24,426.12,89,2011-06-22 16:32:00,2011-09-19 10:09:00,Belgium,1,Loyal Customers,852.24,3495.1415730337076
12380,22,4,2724.81,681.2025,164,2011-06-07 09:49:00,2011-11-18 11:27:00,Belgium,1,Loyal Customers,2724.81,6064.363719512195
12381,5,5,1845.31,369.062,115,2011-08-12 09:57:00,2011-12-05 12:44:00,Norway,3,Champions,1845.31,5856.853478260869
12383,185,5,1850.56,370.112,168,2010-12-22 14:28:00,2011-06-08 08:02:00,Belgium,1,Loyal Customers,1850.56,4020.5619047619043
12384,29,2,585.27,292.635,93,2011-08-10 11:23:00,2011-11-11 08:39:00,Switzerland,0,Recent/Emerging Customers,585.27,2297.0274193548385
12386,338,2,401.9,200.95,29,2010-12-08 09:53:00,2011-01-06 12:37:00,Australia,2,At-Risk/Dormant Customers,401.9,401.9
12388,16,6,2780.66,463.44333333333327,311,2011-01-17 11:12:00,2011-11-24 12:30:00,Australia,3,Champions,2780.66,3263.4755627009645
12390,80,1,549.84,549.84,0,2011-09-21 09:33:00,2011-09-21 09:33:00,Belgium,2,At-Risk/Dormant Customers,549.84,549.84
12391,22,1,439.66,439.66,0,2011-11-18 12:07:00,2011-11-18 12:07:00,Cyprus,0,Recent/Emerging Customers,439.66,439.66
12393,73,4,1582.6,395.65,260,2011-01-11 09:47:00,2011-09-28 15:41:00,Australia,1,Loyal Customers,1582.6,2221.726923076923
12394,64,2,1272.48,636.24,154,2011-05-06 14:01:00,2011-10-07 08:08:00,Belgium,1,Loyal Customers,1272.48,3015.9428571428575
12395,20,12,3018.63,251.5525,352,2010-12-03 16:35:00,2011-11-20 15:21:00,Belgium,3,Champions,3018.63,3130.113494318182
12397,36,2,2409.9,1204.95,100,2011-07-27 14:21:00,2011-11-04 09:52:00,Belgium,1,Loyal Customers,2409.9,8796.135
12398,46,1,1635.66,1635.66,0,2011-10-25 10:27:00,2011-10-25 10:27:00,Switzerland,1,Loyal Customers,1635.66,1635.66
12399,120,4,1108.65,277.1625,142,2011-03-23 09:42:00,2011-08-12 13:15:00,Belgium,1,Loyal Customers,1108.65,2849.698943661972
12401,304,1,84.3,84.3,0,2011-02-09 13:50:00,2011-02-09 13:50:00,Belgium,2,At-Risk/Dormant Customers,84.3,84.3
12402,324,1,225.6,225.6,0,2011-01-20 13:49:00,2011-01-20 13:49:00,Belgium,2,At-Risk/Dormant Customers,225.6,225.6
12403,50,1,427.7,427.7,0,2011-10-21 10:51:00,2011-10-21 10:51:00,Denmark,0,Recent/Emerging Customers,427.7,427.7
12405,149,1,1710.39,1710.39,0,2011-07-14 08:52:00,2011-07-14 08:52:00,Finland,2,At-Risk/Dormant Customers,1710.39,1710.39
12406,23,2,3415.3,1707.65,161,2011-06-09 10:23:00,2011-11-17 19:22:00,Denmark,1,Loyal Customers,3415.3,7742.760869565218
12407,50,5,1708.12,341.624,215,2011-03-20 13:21:00,2011-10-21 10:11:00,Belgium,1,Loyal Customers,1708.12,2899.8316279069763
12408,33,5,2888.55,577.71,228,2011-03-24 14:46:00,2011-11-07 12:27:00,Belgium,1,Loyal Customers,2888.55,4624.213815789474
12409,79,3,11072.67,3690.89,104,2011-06-10 12:19:00,2011-09-22 10:38:00,Switzerland,1,Loyal Customers,11072.67,38860.81298076923
12410,309,2,693.33,346.665,0,2011-02-04 10:38:00,2011-02-04 10:39:00,Switzerland,2,At-Risk/Dormant Customers,693.33,693.33
12412,75,3,1226.88,408.96,95,2011-06-23 13:51:00,2011-09-26 10:16:00,Denmark,1,Loyal Customers,1226.88,4713.802105263158
12413,67,3,758.1,252.7,271,2011-01-06 16:12:00,2011-10-04 09:00:00,France,1,Loyal Customers,758.1,1021.0571955719557
12414,218,3,562.41,187.47,93,2011-02-02 14:51:00,2011-05-06 14:51:00,Austria,2,At-Risk/Dormant Customers,562.41,2207.308064516129
12415,25,21,124914.53,5948.310952380952,313,2011-01-06 11:12:00,2011-11-15 14:22:00,Australia,3,Champions,124914.53,145667.1036741214
12417,4,9,3649.1,405.4555555555556,354,2010-12-17 11:51:00,2011-12-06 14:52:00,Belgium,3,Champions,3649.1,3762.49011299435
12418,113,1,668.58,668.58,0,2011-08-19 11:08:00,2011-08-19 11:08:00,Switzerland,2,At-Risk/Dormant Customers,668.58,668.58
12420,64,1,600.39,600.39,0,2011-10-07 08:55:00,2011-10-07 08:55:00,Cyprus,2,At-Risk/Dormant Customers,600.39,600.39
12421,16,4,807.04,201.76,304,2011-01-24 15:09:00,2011-11-24 09:07:00,Spain,1,Loyal Customers,807.04,968.9789473684209
12422,96,3,803.56,267.8533333333333,229,2011-01-19 09:13:00,2011-09-05 09:48:00,Australia,1,Loyal Customers,803.56,1280.783406113537
12423,1,8,1859.31,232.41375,353,2010-12-21 10:54:00,2011-12-09 10:10:00,Belgium,3,Champions,1859.31,1922.516005665722
12424,163,2,1760.96,880.48,0,2011-06-30 12:06:00,2011-06-30 12:06:00,Australia,1,Loyal Customers,1760.96,1760.96
12425,79,1,777.2,777.2,0,2011-09-22 17:31:00,2011-09-22 17:31:00,Portugal,2,At-Risk/Dormant Customers,777.2,777.2
12426,195,1,582.73,582.73,0,2011-05-29 12:26:00,2011-05-29 12:26:00,Germany,2,At-Risk/Dormant Customers,582.73,582.73
12427,22,3,825.8,275.26666666666665,350,2010-12-03 10:44:00,2011-11-18 08:56:00,Germany,1,Loyal Customers,825.8,861.1914285714286
12428,26,9,7956.46,884.051111111111,258,2011-03-01 09:33:00,2011-11-14 08:22:00,Finland,3,Champions,7956.46,11256.232170542637
12429,10,4,3750.4,937.6,356,2010-12-09 12:05:00,2011-11-30 17:22:00,Denmark,3,Champions,3750.4,3845.213483146067
12430,44,1,256.4,256.4,0,2011-10-27 15:09:00,2011-10-27 15:09:00,Norway,0,Recent/Emerging Customers,256.4,256.4
12431,36,15,6419.95,427.9966666666666,338,2010-12-01 10:03:00,2011-11-04 11:55:00,Australia,3,Champions,6419.95,6932.786242603551
12432,43,5,5059.32,1011.864,130,2011-06-20 13:27:00,2011-10-28 11:43:00,Norway,1,Loyal Customers,5059.32,14205.013846153844
12433,1,7,13375.87,1910.8385714285716,373,2010-12-01 13:24:00,2011-12-09 10:02:00,Norway,3,Champions,13375.87,13088.988069705094
12434,85,2,806.14,403.07,176,2011-03-24 13:05:00,2011-09-16 12:38:00,Australia,1,Loyal Customers,806.14,1671.8244318181817
12435,80,2,7829.89,3914.945,188,2011-03-17 07:40:00,2011-09-21 09:06:00,Denmark,1,Loyal Customers,7829.89,15201.648138297873
12436,100,1,509.01,509.01,0,2011-09-01 12:09:00,2011-09-01 12:09:00,Norway,2,At-Risk/Dormant Customers,509.01,509.01
12437,2,18,4951.41,275.0783333333333,330,2011-01-12 14:13:00,2011-12-08 11:35:00,France,3,Champions,4951.41,5476.559545454545
12438,15,2,2906.85,1453.425,126,2011-07-22 13:29:00,2011-11-25 13:28:00,Norway,1,Loyal Customers,2906.85,8420.636904761905
12441,367,1,173.55,173.55,0,2010-12-08 10:45:00,2010-12-08 10:45:00,France,2,At-Risk/Dormant Customers,173.55,173.55
12442,4,1,172.06,172.06,0,2011-12-06 14:22:00,2011-12-06 14:22:00,Spain,0,Recent/Emerging Customers,172.06,172.06
12444,22,5,5005.46,1001.092,150,2011-06-21 14:00:00,2011-11-18 13:23:00,Norway,1,Loyal Customers,5005.46,12179.952666666666
12445,23,1,133.4,133.4,0,2011-11-17 18:43:00,2011-11-17 18:43:00,Spain,0,Recent/Emerging Customers,133.4,133.4
12446,58,1,1002.31,1002.31,0,2011-10-13 12:50:00,2011-10-13 12:50:00,RSA,0,Recent/Emerging Customers,1002.31,1002.31
12447,244,1,476.49,476.49,0,2011-04-10 13:25:00,2011-04-10 13:25:00,Belgium,2,At-Risk/Dormant Customers,476.49,476.49
12448,45,1,449.45,449.45,0,2011-10-26 13:46:00,2011-10-26 13:46:00,Spain,0,Recent/Emerging Customers,449.45,449.45
12449,23,4,4067.29,1016.8225,165,2011-06-05 15:37:00,2011-11-17 13:46:00,Belgium,1,Loyal Customers,4067.29,8997.338484848484
12450,157,2,197.88,98.94,17,2011-06-19 14:36:00,2011-07-06 14:41:00,Spain,2,At-Risk/Dormant Customers,197.88,197.88
12451,11,5,9035.52,1807.104,314,2011-01-19 09:05:00,2011-11-29 08:40:00,Switzerland,3,Champions,9035.52,10503.07261146497
12452,17,2,430.57,215.285,0,2011-11-23 08:05:00,2011-11-23 10:28:00,Switzerland,0,Recent/Emerging Customers,430.57,430.57
12453,135,1,707.09,707.09,0,2011-07-28 14:08:00,2011-07-28 14:08:00,Austria,2,At-Risk/Dormant Customers,707.09,707.09
12454,57,1,3528.34,3528.34,0,2011-10-14 17:13:00,2011-10-14 17:13:00,Spain,1,Loyal Customers,3528.34,3528.34
12455,74,6,2466.86,411.14333333333326,223,2011-02-16 09:56:00,2011-09-27 15:31:00,Spain,1,Loyal Customers,2466.86,4037.685650224216
12456,45,3,3181.04,1060.3466666666666,210,2011-03-30 09:12:00,2011-10-26 14:41:00,Switzerland,1,Loyal Customers,3181.04,5528.950476190476
12457,67,7,2363.23,337.60428571428565,173,2011-04-14 18:57:00,2011-10-04 13:13:00,Switzerland,1,Loyal Customers,2363.23,4986.00549132948
12458,72,2,947.4,473.7,213,2011-02-28 10:55:00,2011-09-29 15:25:00,Switzerland,1,Loyal Customers,947.4,1623.4788732394366
12461,95,2,826.88,413.44,60,2011-07-08 10:23:00,2011-09-06 16:57:00,Switzerland,1,Loyal Customers,826.88,5030.1866666666665
12462,19,2,1189.59,594.795,285,2011-02-09 14:44:00,2011-11-21 09:11:00,Spain,0,Recent/Emerging Customers,1189.59,1523.5099999999998
12463,54,4,1344.78,336.195,188,2011-04-12 12:47:00,2011-10-17 13:44:00,Belgium,1,Loyal Customers,1344.78,2610.876063829787
12464,11,8,1212.05,151.50625,299,2011-02-03 13:30:00,2011-11-29 13:33:00,Belgium,3,Champions,1212.05,1479.5928093645484
12465,18,2,742.19,371.095,152,2011-06-23 13:37:00,2011-11-22 16:34:00,Belgium,0,Recent/Emerging Customers,742.19,1782.2325657894737
12468,188,2,729.54,364.77,129,2011-01-27 13:29:00,2011-06-05 11:36:00,Germany,2,At-Risk/Dormant Customers,729.54,2064.202325581395
12471,3,30,19788.65,659.6216666666667,362,2010-12-10 09:35:00,2011-12-07 15:43:00,Germany,3,Champions,19788.65,19952.644337016576
12472,33,7,6572.11,938.8728571428572,337,2010-12-05 14:19:00,2011-11-07 14:01:00,Germany,3,Champions,6572.11,7118.160682492581
12473,30,5,3928.05,785.61,162,2011-06-01 10:15:00,2011-11-10 13:46:00,Germany,1,Loyal Customers,3928.05,8850.236111111111
12474,18,18,7324.09,406.89388888888885,312,2011-01-14 10:06:00,2011-11-22 14:39:00,Germany,3,Champions,7324.09,8568.246314102566
12475,54,1,723.38,723.38,0,2011-10-17 10:10:00,2011-10-17 10:10:00,Germany,0,Recent/Emerging Customers,723.38,723.38
12476,16,11,6816.42,619.6745454545455,346,2010-12-13 14:39:00,2011-11-24 12:40:00,Germany,3,Champions,6816.42,7190.732080924855
12477,23,6,13219.74,2203.29,279,2011-02-11 12:45:00,2011-11-17 09:51:00,Germany,3,Champions,13219.74,17294.641935483873
12478,4,1,680.99,680.99,0,2011-12-06 09:56:00,2011-12-06 09:56:00,Greece,0,Recent/Emerging Customers,680.99,680.99
12479,12,1,527.2,527.2,0,2011-11-28 13:26:00,2011-11-28 13:26:00,Germany,0,Recent/Emerging Customers,527.2,527.2
12480,29,4,3281.63,820.4075,308,2011-01-07 15:27:00,2011-11-11 14:52:00,Germany,1,Loyal Customers,3281.63,3888.944642857143
12481,23,10,5579.82,557.982,343,2010-12-09 10:13:00,2011-11-17 08:29:00,Germany,3,Champions,5579.82,5937.709329446064
12483,18,8,2484.98,310.6225,322,2011-01-04 14:20:00,2011-11-22 17:02:00,Sweden,3,Champions,2484.98,2816.825155279503
12484,33,6,4527.32,754.5533333333333,304,2011-01-07 14:04:00,2011-11-07 11:37:00,Spain,1,Loyal Customers,4527.32,5435.762499999999
12488,10,3,1298.66,432.88666666666666,66,2011-09-25 10:34:00,2011-11-30 08:50:00,France,0,Recent/Emerging Customers,1298.66,7181.983333333334
12489,337,1,334.93,334.93,0,2011-01-07 13:13:00,2011-01-07 13:13:00,France,2,At-Risk/Dormant Customers,334.93,334.93
12490,6,10,5417.93,541.793,324,2011-01-14 09:13:00,2011-12-04 16:07:00,France,3,Champions,5417.93,6103.53225308642
12491,39,1,460.4,460.4,0,2011-11-01 12:18:00,2011-11-01 12:18:00,France,0,Recent/Emerging Customers,460.4,460.4
12492,64,2,263.21,131.605,42,2011-08-26 14:51:00,2011-10-07 15:15:00,Germany,2,At-Risk/Dormant Customers,263.21,2287.420238095238
12493,166,2,433.74,216.87,32,2011-05-26 14:53:00,2011-06-27 10:17:00,France,2,At-Risk/Dormant Customers,433.74,4947.346875
12494,16,7,1246.1,178.01428571428573,350,2010-12-09 11:31:00,2011-11-24 09:34:00,France,1,Loyal Customers,1246.1,1299.5042857142857
12497,82,1,1043.1,1043.1,0,2011-09-19 12:29:00,2011-09-19 12:29:00,Germany,2,At-Risk/Dormant Customers,1043.1,1043.1
12498,22,3,403.7,134.56666666666666,36,2011-10-13 09:30:00,2011-11-18 12:53:00,Germany,0,Recent/Emerging Customers,403.7,4093.0694444444443
12500,24,11,4257.82,387.0745454545455,310,2011-01-10 09:48:00,2011-11-16 16:20:00,Germany,3,Champions,4257.82,5013.239677419355
12501,337,1,2169.39,2169.39,0,2011-01-07 12:28:00,2011-01-07 12:28:00,Germany,2,At-Risk/Dormant Customers,2169.39,2169.39
12502,96,5,3723.87,744.774,214,2011-02-03 10:41:00,2011-09-05 11:52:00,Spain,1,Loyal Customers,3723.87,6351.460514018691
12504,19,2,482.05,241.025,12,2011-11-09 14:56:00,2011-11-21 16:02:00,Germany,0,Recent/Emerging Customers,482.05,482.05
12506,233,1,73.5,73.5,0,2011-04-21 08:54:00,2011-04-21 08:54:00,France,2,At-Risk/Dormant Customers,73.5,73.5
12507,135,3,1304.81,434.93666666666667,164,2011-02-14 09:24:00,2011-07-28 17:09:00,Spain,1,Loyal Customers,1304.81,2903.9978658536584
12508,27,2,397.88,198.94,3,2011-11-10 16:27:00,2011-11-13 15:37:00,France,0,Recent/Emerging Customers,397.88,397.88
12509,285,1,176.5,176.5,0,2011-02-28 14:45:00,2011-02-28 14:45:00,France,2,At-Risk/Dormant Customers,176.5,176.5
12510,143,2,982.57,491.285,183,2011-01-18 14:04:00,2011-07-20 10:15:00,Spain,2,At-Risk/Dormant Customers,982.57,1959.7707650273226
12512,67,2,132.18,66.09,0,2011-10-04 14:53:00,2011-10-04 14:55:00,Israel,2,At-Risk/Dormant Customers,132.18,132.18
12513,113,1,612.29,612.29,0,2011-08-19 10:51:00,2011-08-19 10:51:00,France,2,At-Risk/Dormant Customers,612.29,612.29
12514,268,1,1017.68,1017.68,0,2011-03-17 16:38:00,2011-03-17 16:38:00,Italy,2,At-Risk/Dormant Customers,1017.68,1017.68
12515,354,1,383.7,383.7,0,2010-12-21 15:43:00,2010-12-21 15:43:00,Italy,2,At-Risk/Dormant Customers,383.7,383.7
12516,78,2,1312.06,656.03,103,2011-06-12 11:37:00,2011-09-23 09:13:00,Germany,1,Loyal Customers,1312.06,4649.533009708738
12517,29,5,2481.6,496.32,162,2011-06-02 15:13:00,2011-11-11 14:04:00,Germany,1,Loyal Customers,2481.6,5591.259259259258
12518,1,5,2056.89,411.378,110,2011-08-21 13:18:00,2011-12-09 10:13:00,Germany,3,Champions,2056.89,6825.135
12519,64,1,330.84,330.84,0,2011-10-07 09:26:00,2011-10-07 09:26:00,Germany,2,At-Risk/Dormant Customers,330.84,330.84
12520,80,5,2634.26,526.852,194,2011-03-11 11:35:00,2011-09-21 15:23:00,Germany,1,Loyal Customers,2634.26,4956.210824742268
12521,143,1,599.68,599.68,0,2011-07-20 10:51:00,2011-07-20 10:51:00,Germany,2,At-Risk/Dormant Customers,599.68,599.68
12522,40,2,192.72,96.36,12,2011-10-19 14:41:00,2011-10-31 15:30:00,Germany,0,Recent/Emerging Customers,192.72,192.72
12523,20,11,1789.77,162.70636363636365,312,2011-01-12 09:43:00,2011-11-20 12:55:00,France,3,Champions,1789.77,2093.8014423076925
12524,10,8,4485.72,560.715,324,2011-01-10 10:35:00,2011-11-30 15:31:00,Germany,3,Champions,4485.72,5053.357407407408
12526,1,3,1316.66,438.88666666666666,94,2011-09-06 14:19:00,2011-12-09 12:09:00,Germany,0,Recent/Emerging Customers,1316.66,5112.562765957447
12527,82,3,348.71,116.23666666666666,244,2011-01-18 12:05:00,2011-09-19 11:55:00,Germany,2,At-Risk/Dormant Customers,348.71,521.6358606557377
12528,10,6,1933.48,322.2466666666666,303,2011-01-31 09:05:00,2011-11-30 14:40:00,Germany,3,Champions,1933.48,2329.109570957096
12530,60,4,1662.28,415.57,277,2011-01-07 10:04:00,2011-10-11 12:34:00,Germany,1,Loyal Customers,1662.28,2190.368953068592
12531,15,1,125.22,125.22,0,2011-11-25 11:12:00,2011-11-25 11:12:00,Germany,0,Recent/Emerging Customers,125.22,125.22
12532,31,1,349.83,349.83,0,2011-11-09 13:47:00,2011-11-09 13:47:00,France,0,Recent/Emerging Customers,349.83,349.83
12534,131,1,1089.18,1089.18,0,2011-08-01 10:26:00,2011-08-01 10:26:00,Germany,2,At-Risk/Dormant Customers,1089.18,1089.18
12535,92,2,716.35,358.175,95,2011-06-06 12:47:00,2011-09-09 08:48:00,France,2,At-Risk/Dormant Customers,716.35,2752.2921052631577
12536,44,3,12601.83,4200.61,16,2011-10-11 14:52:00,2011-10-27 14:20:00,France,1,Loyal Customers,12601.83,12601.83
12538,30,1,363.95,363.95,0,2011-11-10 17:16:00,2011-11-10 17:16:00,Spain,0,Recent/Emerging Customers,363.95,363.95
12539,23,4,5568.35,1392.0875,311,2011-01-10 09:11:00,2011-11-17 13:30:00,Spain,1,Loyal Customers,5568.35,6535.201768488747
12540,20,17,13400.24,788.2494117647059,342,2010-12-13 09:39:00,2011-11-20 11:31:00,Spain,3,Champions,13400.24,14301.425730994151
12541,30,3,981.18,327.06,251,2011-03-04 09:32:00,2011-11-10 10:40:00,Spain,1,Loyal Customers,981.18,1426.8155378486056
12544,37,1,372.7,372.7,0,2011-11-03 16:15:00,2011-11-03 16:15:00,Spain,0,Recent/Emerging Customers,372.7,372.7
12545,76,2,1000.39,500.195,184,2011-03-25 12:04:00,2011-09-25 13:39:00,Spain,1,Loyal Customers,1000.39,1984.4692934782609
12546,47,2,1161.5,580.75,31,2011-09-23 09:44:00,2011-10-24 12:09:00,Spain,1,Loyal Customers,1161.5,13675.725806451612
12547,198,2,207.8,103.9,83,2011-03-04 12:46:00,2011-05-26 12:38:00,Spain,2,At-Risk/Dormant Customers,207.8,913.8192771084337
12548,167,1,95.2,95.2,0,2011-06-26 15:35:00,2011-06-26 15:35:00,Spain,2,At-Risk/Dormant Customers,95.2,95.2
12550,80,1,964.83,964.83,0,2011-09-21 14:35:00,2011-09-21 14:35:00,Spain,2,At-Risk/Dormant Customers,964.83,964.83
12551,358,1,168.0,168.0,0,2010-12-17 11:23:00,2010-12-17 11:23:00,Spain,2,At-Risk/Dormant Customers,168.0,168.0
12552,39,2,437.82,218.91,1,2011-10-31 12:11:00,2011-11-01 10:02:00,Italy,0,Recent/Emerging Customers,437.82,437.82
12553,9,10,3692.28,369.228,321,2011-01-14 10:42:00,2011-12-01 16:38:00,France,3,Champions,3692.28,4198.386915887851
12556,51,2,599.56,299.78,101,2011-07-11 13:35:00,2011-10-20 13:06:00,Spain,0,Recent/Emerging Customers,599.56,2166.726732673267
12557,17,5,11990.96,2398.192,355,2010-12-03 12:20:00,2011-11-23 16:59:00,Spain,3,Champions,11990.96,12328.73352112676
12558,8,1,269.96,269.96,0,2011-12-02 10:41:00,2011-12-02 10:41:00,USA,0,Recent/Emerging Customers,269.96,269.96
12559,311,2,561.71,280.855,9,2011-01-24 10:12:00,2011-02-02 09:49:00,Germany,2,At-Risk/Dormant Customers,561.71,561.71
12560,6,3,2134.01,711.3366666666666,138,2011-07-19 15:55:00,2011-12-04 13:54:00,Germany,1,Loyal Customers,2134.01,5644.301811594204
12561,303,1,238.85,238.85,0,2011-02-10 11:39:00,2011-02-10 11:39:00,Germany,2,At-Risk/Dormant Customers,238.85,238.85
12562,9,7,3781.74,540.2485714285714,190,2011-05-25 12:44:00,2011-12-01 17:20:00,France,3,Champions,3781.74,7264.921578947368
12564,262,1,456.9,456.9,0,2011-03-23 14:55:00,2011-03-23 14:55:00,France,2,At-Risk/Dormant Customers,456.9,456.9
12565,289,1,145.92,145.92,0,2011-02-24 10:34:00,2011-02-24 10:34:00,Saudi Arabia,2,At-Risk/Dormant Customers,145.92,145.92
12566,87,1,351.65,351.65,0,2011-09-14 14:30:00,2011-09-14 14:30:00,Germany,2,At-Risk/Dormant Customers,351.65,351.65
12567,23,10,9401.28,940.128,347,2010-12-05 11:57:00,2011-11-17 11:02:00,France,3,Champions,9401.28,9888.954466858791
12569,3,32,4124.69,128.8965625,250,2011-04-01 13:47:00,2011-12-07 16:24:00,Germany,3,Champions,4124.69,6022.0473999999995
12571,40,2,519.61,259.805,82,2011-08-10 12:35:00,2011-10-31 10:19:00,France,0,Recent/Emerging Customers,519.61,2312.8981707317075
12572,9,2,1020.42,510.21,43,2011-10-19 08:20:00,2011-12-01 09:20:00,Germany,0,Recent/Emerging Customers,1020.42,8661.70465116279
12573,228,1,160.54,160.54,0,2011-04-26 15:52:00,2011-04-26 15:52:00,France,2,At-Risk/Dormant Customers,160.54,160.54
12574,316,1,218.45,218.45,0,2011-01-28 09:20:00,2011-01-28 09:20:00,France,2,At-Risk/Dormant Customers,218.45,218.45
12576,36,5,1315.83,263.166,269,2011-02-08 11:31:00,2011-11-04 10:11:00,Poland,1,Loyal Customers,1315.83,1785.4198884758364
12577,36,3,626.6,208.86666666666665,324,2010-12-15 16:21:00,2011-11-04 13:24:00,France,1,Loyal Customers,626.6,705.8919753086419
12578,22,2,2794.51,1397.255,309,2011-01-13 15:34:00,2011-11-18 13:30:00,Italy,1,Loyal Customers,2794.51,3300.958414239483
12579,79,1,440.42,440.42,0,2011-09-22 17:15:00,2011-09-22 17:15:00,France,2,At-Risk/Dormant Customers,440.42,440.42
12580,247,1,415.7,415.7,0,2011-04-07 10:24:00,2011-04-07 10:24:00,Germany,2,At-Risk/Dormant Customers,415.7,415.7
12581,40,1,197.71,197.71,0,2011-10-31 08:56:00,2011-10-31 08:56:00,Germany,0,Recent/Emerging Customers,197.71,197.71
12582,239,2,511.36,255.68,50,2011-02-24 11:42:00,2011-04-15 08:45:00,Finland,2,At-Risk/Dormant Customers,511.36,3732.928
12583,3,15,7281.38,485.4253333333333,371,2010-12-01 08:45:00,2011-12-07 08:07:00,France,3,Champions,7281.38,7163.621832884098
12584,4,9,2338.15,259.7944444444444,277,2011-03-04 15:15:00,2011-12-06 09:35:00,Italy,3,Champions,2338.15,3080.9557761732854
12585,235,2,2040.1,1020.05,117,2010-12-23 12:58:00,2011-04-19 13:39:00,Germany,1,Loyal Customers,2040.1,6364.414529914529
12586,18,1,196.94,196.94,0,2011-11-22 16:24:00,2011-11-22 16:24:00,Italy,0,Recent/Emerging Customers,196.94,196.94
12587,8,1,144.0,144.0,0,2011-12-02 12:47:00,2011-12-02 12:47:00,Finland,0,Recent/Emerging Customers,144.0,144.0
12588,40,1,214.9,214.9,0,2011-10-31 15:01:00,2011-10-31 15:01:00,Finland,0,Recent/Emerging Customers,214.9,214.9
12589,29,2,646.68,323.34,116,2011-07-18 12:05:00,2011-11-11 10:19:00,France,0,Recent/Emerging Customers,646.68,2034.812068965517
12590,212,2,9864.26,4932.13,0,2011-05-12 14:46:00,2011-05-12 14:52:00,Germany,1,Loyal Customers,9864.26,9864.26
12591,318,1,452.85,452.85,0,2011-01-26 14:35:00,2011-01-26 14:35:00,Italy,2,At-Risk/Dormant Customers,452.85,452.85
12592,93,2,437.6,218.8,121,2011-05-10 13:44:00,2011-09-08 15:04:00,Germany,2,At-Risk/Dormant Customers,437.6,1320.0330578512396
12593,109,3,418.1,139.36666666666665,110,2011-05-05 09:29:00,2011-08-23 12:43:00,France,2,At-Risk/Dormant Customers,418.1,1387.3318181818183
12594,38,10,3338.22,333.822,285,2011-01-21 09:52:00,2011-11-02 12:20:00,Italy,3,Champions,3338.22,4275.264210526316
12596,52,2,618.27,309.135,191,2011-04-11 13:22:00,2011-10-19 13:02:00,Spain,0,Recent/Emerging Customers,618.27,1181.510732984293
12597,20,4,3811.22,952.805,249,2011-03-16 14:00:00,2011-11-20 13:33:00,Spain,1,Loyal Customers,3811.22,5586.728112449799
12598,10,8,3023.08,377.885,275,2011-02-28 11:58:00,2011-11-30 12:18:00,France,3,Champions,3023.08,4012.4516363636367
12599,30,7,1032.58,147.51142857142855,275,2011-02-08 13:28:00,2011-11-10 13:34:00,France,1,Loyal Customers,1032.58,1370.5152727272728
12600,29,10,2599.04,259.904,343,2010-12-03 12:57:00,2011-11-11 10:29:00,Germany,3,Champions,2599.04,2765.742274052478
12601,190,5,577.06,115.412,143,2011-01-11 10:38:00,2011-06-03 10:17:00,Germany,1,Loyal Customers,577.06,1472.9153846153845
12602,59,1,153.12,153.12,0,2011-10-12 11:22:00,2011-10-12 11:22:00,France,2,At-Risk/Dormant Customers,153.12,153.12
12603,22,1,739.2,739.2,0,2011-11-18 10:42:00,2011-11-18 10:42:00,Germany,0,Recent/Emerging Customers,739.2,739.2
12604,80,2,254.18,127.09,182,2011-03-23 12:06:00,2011-09-21 14:08:00,France,2,At-Risk/Dormant Customers,254.18,509.7565934065934
12607,61,1,1579.51,1579.51,0,2011-10-10 16:06:00,2011-10-10 16:06:00,USA,1,Loyal Customers,1579.51,1579.51
12609,79,3,1126.85,375.6166666666666,240,2011-01-25 15:13:00,2011-09-22 16:34:00,Germany,1,Loyal Customers,1126.85,1713.7510416666664
12610,23,5,2099.54,419.908,104,2011-08-05 13:52:00,2011-11-17 09:34:00,Italy,1,Loyal Customers,2099.54,7368.577884615384
12611,53,1,1193.32,1193.32,0,2011-10-18 13:12:00,2011-10-18 13:12:00,Italy,0,Recent/Emerging Customers,1193.32,1193.32
12612,75,1,704.04,704.04,0,2011-09-26 15:35:00,2011-09-26 15:35:00,Germany,2,At-Risk/Dormant Customers,704.04,704.04
12613,58,5,3344.38,668.876,205,2011-03-22 15:42:00,2011-10-13 14:59:00,Germany,1,Loyal Customers,3344.38,5954.627804878049
12614,278,1,315.6,315.6,0,2011-03-07 10:22:00,2011-03-07 10:22:00,Germany,2,At-Risk/Dormant Customers,315.6,315.6
12615,3,4,2291.19,572.7975,166,2011-06-24 13:35:00,2011-12-07 15:02:00,France,3,Champions,2291.19,5037.857530120482
12616,96,2,713.3,356.65,202,2011-02-15 14:17:00,2011-09-05 15:17:00,France,2,At-Risk/Dormant Customers,713.3,1288.8836633663366
12617,30,1,352.98,352.98,0,2011-11-10 14:39:00,2011-11-10 14:39:00,France,0,Recent/Emerging Customers,352.98,352.98
12618,22,1,177.31,177.31,0,2011-11-18 11:10:00,2011-11-18 11:10:00,Italy,0,Recent/Emerging Customers,177.31,177.31
12619,17,9,3641.24,404.58222222222224,237,2011-03-31 13:10:00,2011-11-23 14:52:00,Germany,3,Champions,3641.24,5607.81687763713
12620,15,3,1339.41,446.47,190,2011-05-19 12:10:00,2011-11-25 10:20:00,France,1,Loyal Customers,1339.41,2573.077105263158
12621,2,20,13689.67,684.4835,364,2010-12-09 10:16:00,2011-12-08 11:25:00,Germany,3,Champions,13689.67,13727.278983516484
12622,233,1,180.1,180.1,0,2011-04-21 16:39:00,2011-04-21 16:39:00,Germany,2,At-Risk/Dormant Customers,180.1,180.1
12623,277,1,305.1,305.1,0,2011-03-08 13:50:00,2011-03-08 13:50:00,Germany,2,At-Risk/Dormant Customers,305.1,305.1
12624,107,2,641.13,320.565,71,2011-06-15 12:34:00,2011-08-25 15:04:00,France,2,At-Risk/Dormant Customers,641.13,3295.95
12625,212,2,2683.82,1341.91,108,2011-01-24 13:27:00,2011-05-12 09:54:00,Germany,1,Loyal Customers,2683.82,9070.317592592593
12626,24,9,6620.48,735.6088888888889,303,2011-01-17 11:01:00,2011-11-16 16:06:00,Germany,3,Champions,6620.48,7975.165676567656
12627,11,7,4478.53,639.79,130,2011-07-22 13:59:00,2011-11-29 12:07:00,Germany,3,Champions,4478.53,12574.33423076923
12628,5,3,786.46,262.1533333333333,60,2011-10-06 09:28:00,2011-12-05 13:15:00,Germany,0,Recent/Emerging Customers,786.46,4784.298333333333
12630,10,2,1270.88,635.44,34,2011-10-27 10:41:00,2011-11-30 10:48:00,Finland,0,Recent/Emerging Customers,1270.88,13643.270588235295
12631,58,1,640.5,640.5,0,2011-10-13 13:53:00,2011-10-13 13:53:00,Finland,2,At-Risk/Dormant Customers,640.5,640.5
12633,59,4,2163.98,540.995,229,2011-02-25 08:44:00,2011-10-12 11:40:00,Germany,1,Loyal Customers,2163.98,3449.1384279475983
12635,90,2,1689.18,844.59,65,2011-07-08 08:43:00,2011-09-11 11:04:00,Germany,1,Loyal Customers,1689.18,9485.395384615384
12637,68,8,6002.9,750.3625,256,2011-01-20 10:47:00,2011-10-03 13:46:00,France,1,Loyal Customers,6002.9,8558.822265625
12638,34,1,671.69,671.69,0,2011-11-06 13:11:00,2011-11-06 13:11:00,Sweden,0,Recent/Emerging Customers,671.69,671.69
12639,239,1,486.1,486.1,0,2011-04-15 12:48:00,2011-04-15 12:48:00,Sweden,2,At-Risk/Dormant Customers,486.1,486.1
12640,24,3,1174.58,391.52666666666664,58,2011-09-19 12:01:00,2011-11-16 11:52:00,France,1,Loyal Customers,1174.58,7391.753448275862
12641,116,1,185.9,185.9,0,2011-08-16 13:26:00,2011-08-16 13:26:00,Sweden,2,At-Risk/Dormant Customers,185.9,185.9
12642,26,3,1013.26,337.75333333333333,82,2011-08-24 09:23:00,2011-11-14 15:03:00,Germany,1,Loyal Customers,1013.26,4510.242682926829
12643,129,6,3344.64,557.44,204,2011-01-11 11:48:00,2011-08-03 12:56:00,France,1,Loyal Customers,3344.64,5984.282352941176
12644,130,1,477.91,477.91,0,2011-08-02 10:33:00,2011-08-02 10:33:00,Germany,2,At-Risk/Dormant Customers,477.91,477.91
12645,34,4,1775.18,443.795,283,2011-01-27 13:08:00,2011-11-06 12:38:00,Germany,1,Loyal Customers,1775.18,2289.543109540636
12646,5,2,1346.97,673.485,45,2011-10-21 12:52:00,2011-12-05 10:14:00,USA,0,Recent/Emerging Customers,1346.97,10925.423333333332
12647,23,12,3722.82,310.235,347,2010-12-05 14:02:00,2011-11-17 12:56:00,Germany,3,Champions,3722.82,3915.934582132565
12648,155,1,318.05,318.05,0,2011-07-08 11:55:00,2011-07-08 11:55:00,Germany,2,At-Risk/Dormant Customers,318.05,318.05
12649,108,3,623.51,207.83666666666664,105,2011-05-11 14:37:00,2011-08-24 14:41:00,Germany,1,Loyal Customers,623.51,2167.439523809524
12650,4,1,314.44,314.44,0,2011-12-06 16:34:00,2011-12-06 16:34:00,France,0,Recent/Emerging Customers,314.44,314.44
12651,335,1,114.0,114.0,0,2011-01-09 12:46:00,2011-01-09 12:46:00,France,2,At-Risk/Dormant Customers,114.0,114.0
12652,332,1,919.98,919.98,0,2011-01-12 15:00:00,2011-01-12 15:00:00,France,2,At-Risk/Dormant Customers,919.98,919.98
12653,149,2,2209.85,1104.925,148,2011-02-16 10:53:00,2011-07-14 10:41:00,Israel,1,Loyal Customers,2209.85,5449.967905405405
12654,11,5,601.98,120.396,285,2011-02-17 13:16:00,2011-11-29 10:10:00,Germany,0,Recent/Emerging Customers,601.98,770.9568421052631
12656,18,5,4051.17,810.234,216,2011-04-20 09:20:00,2011-11-22 13:42:00,France,3,Champions,4051.17,6845.727083333334
12657,12,4,1643.18,410.795,67,2011-09-22 11:40:00,2011-11-28 15:47:00,France,1,Loyal Customers,1643.18,8951.652238805971
12658,19,1,686.05,686.05,0,2011-11-21 10:22:00,2011-11-21 10:22:00,Germany,0,Recent/Emerging Customers,686.05,686.05
12659,30,1,91.68,91.68,0,2011-11-10 11:53:00,2011-11-10 11:53:00,France,0,Recent/Emerging Customers,91.68,91.68
12660,12,1,245.1,245.1,0,2011-11-28 13:26:00,2011-11-28 13:26:00,France,0,Recent/Emerging Customers,245.1,245.1
12662,1,11,3849.78,349.98,373,2010-12-01 13:04:00,2011-12-09 11:59:00,Germany,3,Champions,3849.78,3767.210991957105
12664,9,9,4881.88,542.4311111111111,314,2011-01-21 11:42:00,2011-12-01 17:07:00,Finland,3,Champions,4881.88,5674.796815286625
12665,325,1,63.0,63.0,0,2011-01-19 08:34:00,2011-01-19 08:34:00,Germany,2,At-Risk/Dormant Customers,63.0,63.0
12667,59,1,620.13,620.13,0,2011-10-12 17:00:00,2011-10-12 17:00:00,Finland,2,At-Risk/Dormant Customers,620.13,620.13
12668,12,4,3807.15,951.7875,344,2010-12-19 12:46:00,2011-11-28 10:56:00,Germany,3,Champions,3807.15,4039.5632267441865
12669,151,3,2744.03,914.6766666666665,106,2011-03-28 10:15:00,2011-07-12 09:54:00,France,1,Loyal Customers,2744.03,9448.78254716981
12670,11,5,2996.05,599.21,222,2011-04-21 10:16:00,2011-11-29 15:23:00,France,3,Champions,2996.05,4925.938063063064
12672,330,1,225.9,225.9,0,2011-01-14 09:20:00,2011-01-14 09:20:00,France,2,At-Risk/Dormant Customers,225.9,225.9
12673,6,2,610.52,305.26,321,2011-01-17 11:46:00,2011-12-04 13:55:00,Germany,0,Recent/Emerging Customers,610.52,694.204984423676
12674,39,4,1970.6,492.65,169,2011-05-16 09:10:00,2011-11-01 12:12:00,France,1,Loyal Customers,1970.6,4256.029585798817
12676,25,6,1331.39,221.8983333333333,287,2011-02-01 15:41:00,2011-11-15 12:25:00,Sweden,1,Loyal Customers,1331.39,1693.2311846689897
12678,43,12,17628.46,1469.0383333333332,311,2010-12-21 11:00:00,2011-10-28 13:04:00,France,3,Champions,17628.46,20689.350160771704
12679,59,4,1113.02,278.255,225,2011-03-01 12:26:00,2011-10-12 12:30:00,France,1,Loyal Customers,1113.02,1805.5657777777778
12680,1,4,862.81,215.7025,113,2011-08-18 15:44:00,2011-12-09 12:50:00,France,0,Recent/Emerging Customers,862.81,2786.9526548672566
12681,15,22,13787.54,626.7063636363636,353,2010-12-07 10:08:00,2011-11-25 11:33:00,France,3,Champions,13787.54,14256.238243626063
12682,4,31,12279.82,396.1232258064516,368,2010-12-03 13:59:00,2011-12-06 10:00:00,France,3,Champions,12279.82,12179.71277173913
12683,5,15,8476.57,565.1046666666666,361,2010-12-09 10:37:00,2011-12-05 16:31:00,France,3,Champions,8476.57,8570.493213296399
12684,8,7,2283.63,326.23285714285714,206,2011-05-10 12:55:00,2011-12-02 09:53:00,France,3,Champions,2283.63,4046.237621359224
12685,29,6,2863.08,477.18,65,2011-09-07 10:28:00,2011-11-11 13:46:00,France,1,Loyal Customers,2863.08,16077.295384615383
12686,372,1,89.14,89.14,0,2010-12-03 09:51:00,2010-12-03 09:51:00,France,2,At-Risk/Dormant Customers,89.14,89.14
12688,114,1,4873.81,4873.81,0,2011-08-18 08:49:00,2011-08-18 08:49:00,Israel,1,Loyal Customers,4873.81,4873.81
12689,26,2,1247.61,623.805,102,2011-08-04 10:04:00,2011-11-14 08:31:00,France,1,Loyal Customers,1247.61,4464.486764705882
12690,206,1,389.01,389.01,0,2011-05-18 09:09:00,2011-05-18 09:09:00,France,2,At-Risk/Dormant Customers,389.01,389.01
12691,29,6,1035.8,172.63333333333333,329,2010-12-17 14:46:00,2011-11-11 16:49:00,France,1,Loyal Customers,1035.8,1149.139817629179
12693,128,4,855.91,213.9775,192,2011-01-24 12:58:00,2011-08-04 17:51:00,Germany,1,Loyal Customers,855.91,1627.1205729166666
12694,71,2,869.67,434.835,113,2011-06-09 17:48:00,2011-09-30 13:06:00,France,1,Loyal Customers,869.67,2809.1110619469023
12695,8,4,582.1,145.525,203,2011-05-13 13:15:00,2011-12-02 13:22:00,France,0,Recent/Emerging Customers,582.1,1046.6330049261085
12697,29,3,957.59,319.19666666666666,141,2011-06-23 15:44:00,2011-11-11 08:47:00,Sweden,1,Loyal Customers,957.59,2478.867730496454
12700,8,4,4939.99,1234.9975,208,2011-05-08 16:10:00,2011-12-02 10:47:00,France,3,Champions,4939.99,8668.732451923077
12701,80,2,797.71,398.855,163,2011-04-11 13:02:00,2011-09-21 10:47:00,Germany,1,Loyal Customers,797.71,1786.283128834356
12702,20,1,219.0,219.0,0,2011-11-20 10:36:00,2011-11-20 10:36:00,Germany,0,Recent/Emerging Customers,219.0,219.0
12703,72,1,283.55,283.55,0,2011-09-29 17:52:00,2011-09-29 17:52:00,Germany,2,At-Risk/Dormant Customers,283.55,283.55
12704,8,8,2340.84,292.605,162,2011-06-23 10:20:00,2011-12-02 13:15:00,Finland,3,Champions,2340.84,5274.114814814815
12705,16,9,6868.29,763.1433333333333,342,2010-12-17 15:58:00,2011-11-24 13:17:00,Germany,3,Champions,6868.29,7330.192543859648
12707,292,1,603.42,603.42,0,2011-02-21 08:38:00,2011-02-21 08:38:00,France,2,At-Risk/Dormant Customers,603.42,603.42
12708,30,10,2712.91,271.291,339,2010-12-06 10:43:00,2011-11-10 09:52:00,Germany,3,Champions,2712.91,2920.9797935103243
12709,16,15,9706.52,647.1013333333333,351,2010-12-08 09:49:00,2011-11-24 15:38:00,Germany,3,Champions,9706.52,10093.674643874645
12710,97,3,1149.02,383.00666666666666,105,2011-05-22 14:05:00,2011-09-04 12:00:00,Germany,1,Loyal Customers,1149.02,3994.212380952381
12712,29,13,4396.13,338.1638461538461,343,2010-12-03 14:30:00,2011-11-11 08:19:00,Germany,3,Champions,4396.13,4678.097521865889
12713,1,1,848.55,848.55,0,2011-12-09 12:16:00,2011-12-09 12:16:00,Germany,0,Recent/Emerging Customers,848.55,848.55
12714,10,5,4708.86,941.772,285,2011-02-18 10:53:00,2011-11-30 15:43:00,France,3,Champions,4708.86,6030.645263157894
12715,107,1,343.36,343.36,0,2011-08-25 15:22:00,2011-08-25 15:22:00,Sweden,2,At-Risk/Dormant Customers,343.36,343.36
12716,4,2,1053.49,526.745,130,2011-07-29 13:28:00,2011-12-06 08:55:00,France,0,Recent/Emerging Customers,1053.49,2957.875769230769
12717,152,2,1030.98,515.49,94,2011-04-08 10:32:00,2011-07-11 14:47:00,Greece,2,At-Risk/Dormant Customers,1030.98,4003.2734042553193
12718,72,1,238.25,238.25,0,2011-09-29 16:38:00,2011-09-29 16:38:00,France,2,At-Risk/Dormant Customers,238.25,238.25
12719,6,2,644.95,322.475,60,2011-10-05 14:50:00,2011-12-04 13:45:00,France,0,Recent/Emerging Customers,644.95,3923.445833333333
12720,3,25,5781.73,231.2692,367,2010-12-05 15:21:00,2011-12-07 08:03:00,Germany,3,Champions,5781.73,5750.221934604904
12721,32,6,2656.13,442.6883333333333,323,2010-12-20 11:38:00,2011-11-08 12:13:00,France,1,Loyal Customers,2656.13,3001.509133126935
12722,86,4,997.63,249.4075,65,2011-07-12 11:55:00,2011-09-15 14:50:00,France,1,Loyal Customers,997.63,5602.076153846154
12723,4,5,725.07,145.014,62,2011-10-05 15:52:00,2011-12-06 10:19:00,France,0,Recent/Emerging Customers,725.07,4268.557258064516
12724,6,4,1031.41,257.8525,327,2011-01-11 15:00:00,2011-12-04 16:02:00,France,0,Recent/Emerging Customers,1031.41,1151.2680428134558
12725,372,1,427.8,427.8,0,2010-12-03 15:45:00,2010-12-03 15:45:00,Italy,2,At-Risk/Dormant Customers,427.8,427.8
12726,29,7,2609.1,372.72857142857134,329,2010-12-17 12:56:00,2011-11-11 13:35:00,France,1,Loyal Customers,2609.1,2894.594224924012
12727,11,7,3980.7,568.6714285714286,310,2011-01-23 15:17:00,2011-11-29 11:46:00,France,3,Champions,3980.7,4686.953225806452
12728,72,4,836.33,209.0825,261,2011-01-11 13:31:00,2011-09-29 15:31:00,France,1,Loyal Customers,836.33,1169.5802681992338
12729,114,1,453.01,453.01,0,2011-08-18 11:40:00,2011-08-18 11:40:00,France,2,At-Risk/Dormant Customers,453.01,453.01
12731,24,12,18895.91,1574.6591666666666,341,2010-12-10 10:56:00,2011-11-16 11:59:00,France,3,Champions,18895.91,20225.82741935484
12732,180,1,236.26,236.26,0,2011-06-13 11:33:00,2011-06-13 11:33:00,France,2,At-Risk/Dormant Customers,236.26,236.26
12733,235,1,383.95,383.95,0,2011-04-19 16:19:00,2011-04-19 16:19:00,USA,2,At-Risk/Dormant Customers,383.95,383.95
12734,353,1,110.4,110.4,0,2010-12-22 12:47:00,2010-12-22 12:47:00,France,2,At-Risk/Dormant Customers,110.4,110.4
12735,316,2,779.57,389.785,22,2011-01-06 14:26:00,2011-01-28 13:37:00,France,2,At-Risk/Dormant Customers,779.57,779.57
12736,333,1,234.0,234.0,0,2011-01-11 07:57:00,2011-01-11 07:57:00,France,2,At-Risk/Dormant Customers,234.0,234.0
12738,373,1,155.35,155.35,0,2010-12-02 18:27:00,2010-12-02 18:27:00,Germany,2,At-Risk/Dormant Customers,155.35,155.35
12739,79,2,1013.04,506.52,21,2011-09-01 17:45:00,2011-09-22 13:00:00,United Arab Emirates,1,Loyal Customers,1013.04,1013.04
12740,64,1,427.6,427.6,0,2011-10-07 10:44:00,2011-10-07 10:44:00,France,2,At-Risk/Dormant Customers,427.6,427.6
12743,135,2,540.13,270.065,0,2011-07-28 16:06:00,2011-07-28 16:21:00,Unspecified,2,At-Risk/Dormant Customers,540.13,540.13
12744,52,7,21279.29,3039.898571428572,267,2011-01-25 13:26:00,2011-10-19 11:18:00,Singapore,3,Champions,21279.29,29089.666104868917
12747,3,11,4196.01,381.4554545454546,367,2010-12-05 15:38:00,2011-12-07 14:34:00,United Kingdom,3,Champions,4196.01,4173.143460490463
12748,1,209,33053.19,158.14923444976077,373,2010-12-01 12:48:00,2011-12-09 12:20:00,United Kingdom,3,Champions,33053.19,32344.274396782843
12749,4,5,4090.88,818.176,210,2011-05-10 15:25:00,2011-12-06 09:56:00,United Kingdom,3,Champions,4090.88,7110.339047619048
12750,129,1,275.88,275.88,0,2011-08-03 09:13:00,2011-08-03 09:13:00,Poland,2,At-Risk/Dormant Customers,275.88,275.88
12752,82,1,4366.78,4366.78,0,2011-09-19 13:32:00,2011-09-19 13:32:00,Norway,1,Loyal Customers,4366.78,4366.78
12753,23,6,21429.39,3571.565,340,2010-12-12 11:44:00,2011-11-17 10:52:00,Japan,3,Champions,21429.39,23005.08044117647
12754,236,3,3010.74,1003.58,73,2011-02-04 10:31:00,2011-04-18 09:00:00,Japan,1,Loyal Customers,3010.74,15053.699999999999
12755,281,2,3811.95,1905.975,85,2010-12-09 10:44:00,2011-03-04 12:42:00,Japan,1,Loyal Customers,3811.95,16368.96176470588
12756,87,1,112.08,112.08,0,2011-09-14 09:31:00,2011-09-14 09:31:00,Japan,2,At-Risk/Dormant Customers,112.08,112.08
12757,16,13,7834.65,602.6653846153846,196,2011-05-12 19:01:00,2011-11-24 12:30:00,Portugal,3,Champions,7834.65,14590.036989795917
12758,117,2,2791.59,1395.795,160,2011-03-08 12:05:00,2011-08-15 10:22:00,Portugal,1,Loyal Customers,2791.59,6368.3146875
12759,53,3,1531.44,510.48,223,2011-03-09 08:09:00,2011-10-18 14:49:00,Netherlands,1,Loyal Customers,1531.44,2506.6170403587444
12762,8,2,1898.52,949.26,18,2011-11-14 14:23:00,2011-12-02 10:23:00,Portugal,0,Recent/Emerging Customers,1898.52,1898.52
12763,139,2,494.08,247.04,231,2010-12-05 15:46:00,2011-07-24 14:12:00,Japan,2,At-Risk/Dormant Customers,494.08,780.6891774891774
12764,317,1,1693.88,1693.88,0,2011-01-27 10:19:00,2011-01-27 10:19:00,Lebanon,2,At-Risk/Dormant Customers,1693.88,1693.88
12766,4,7,6989.63,998.5185714285714,363,2010-12-08 13:53:00,2011-12-06 08:46:00,Portugal,3,Champions,6989.63,7028.140358126722
12769,239,1,1143.6,1143.6,0,2011-04-15 10:25:00,2011-04-15 10:25:00,Brazil,2,At-Risk/Dormant Customers,1143.6,1143.6
12770,211,1,1351.45,1351.45,0,2011-05-13 09:33:00,2011-05-13 09:33:00,Japan,2,At-Risk/Dormant Customers,1351.45,1351.45
12772,60,1,892.47,892.47,0,2011-10-11 09:19:00,2011-10-11 09:19:00,Portugal,0,Recent/Emerging Customers,892.47,892.47
12775,18,5,1386.04,277.208,294,2011-02-01 13:45:00,2011-11-22 16:33:00,Netherlands,1,Loyal Customers,1386.04,1720.7639455782312
12778,20,6,822.23,137.03833333333333,293,2011-01-31 14:35:00,2011-11-20 11:30:00,Netherlands,1,Loyal Customers,822.23,1024.2796928327646
12779,38,8,3981.36,497.67,334,2010-12-03 13:40:00,2011-11-02 11:43:00,Poland,3,Champions,3981.36,4350.8874251497
12781,64,2,826.74,413.37,221,2011-02-28 08:43:00,2011-10-07 10:37:00,Czech Republic,1,Loyal Customers,826.74,1365.4303167420815
12782,5,5,2330.92,466.184,353,2010-12-17 11:30:00,2011-12-05 09:16:00,Portugal,3,Champions,2330.92,2410.158073654391
12783,3,6,2225.91,370.985,73,2011-09-25 15:35:00,2011-12-07 15:56:00,Portugal,3,Champions,2225.91,11129.55
12784,10,2,532.82,266.41,6,2011-11-24 12:53:00,2011-11-30 15:38:00,Portugal,0,Recent/Emerging Customers,532.82,532.82
12785,365,1,311.95,311.95,0,2010-12-10 13:48:00,2010-12-10 13:48:00,Portugal,2,At-Risk/Dormant Customers,311.95,311.95
12787,10,3,463.66,154.5533333333333,183,2011-05-31 09:36:00,2011-11-30 08:44:00,Netherlands,0,Recent/Emerging Customers,463.66,924.7863387978142
12789,66,1,91.85,91.85,0,2011-10-05 13:34:00,2011-10-05 13:34:00,Netherlands,2,At-Risk/Dormant Customers,91.85,91.85
12790,193,1,324.92,324.92,0,2011-05-31 14:14:00,2011-05-31 14:14:00,Netherlands,2,At-Risk/Dormant Customers,324.92,324.92
12791,374,1,192.6,192.6,0,2010-12-01 11:27:00,2010-12-01 11:27:00,Netherlands,2,At-Risk/Dormant Customers,192.6,192.6
12792,257,1,400.54,400.54,0,2011-03-28 11:36:00,2011-03-28 11:36:00,Portugal,2,At-Risk/Dormant Customers,400.54,400.54
12793,335,2,545.48,272.74,37,2010-12-03 15:14:00,2011-01-09 12:12:00,Portugal,2,At-Risk/Dormant Customers,545.48,5381.086486486487
12794,54,2,860.41,430.205,45,2011-09-02 12:01:00,2011-10-17 14:54:00,Portugal,1,Loyal Customers,860.41,6978.881111111111
12795,19,1,430.48,430.48,0,2011-11-21 10:27:00,2011-11-21 10:27:00,Portugal,0,Recent/Emerging Customers,430.48,430.48
12797,366,1,254.03,254.03,0,2010-12-09 10:55:00,2010-12-09 10:55:00,Portugal,2,At-Risk/Dormant Customers,254.03,254.03
12798,11,3,6977.04,2325.68,160,2011-06-22 10:11:00,2011-11-29 15:52:00,Japan,3,Champions,6977.04,15916.3725
12802,187,1,427.58,427.58,0,2011-06-06 09:36:00,2011-06-06 09:36:00,Netherlands,2,At-Risk/Dormant Customers,427.58,427.58
12808,37,3,483.65,161.21666666666667,332,2010-12-06 10:27:00,2011-11-03 10:05:00,Portugal,0,Recent/Emerging Customers,483.65,531.7236445783132
12809,178,1,489.31,489.31,0,2011-06-15 10:51:00,2011-06-15 10:51:00,Portugal,2,At-Risk/Dormant Customers,489.31,489.31
12811,261,3,514.85,171.61666666666665,24,2011-02-28 15:39:00,2011-03-24 09:42:00,Portugal,2,At-Risk/Dormant Customers,514.85,514.85
12812,45,1,229.64,229.64,0,2011-10-26 09:54:00,2011-10-26 09:54:00,Japan,0,Recent/Emerging Customers,229.64,229.64
12814,102,1,125.92,125.92,0,2011-08-30 12:11:00,2011-08-30 12:11:00,Poland,2,At-Risk/Dormant Customers,125.92,125.92
12815,148,2,1063.46,531.73,51,2011-05-25 13:34:00,2011-07-15 10:21:00,Poland,1,Loyal Customers,1063.46,7611.037254901961
12816,96,2,572.2,286.1,81,2011-06-16 13:24:00,2011-09-05 12:41:00,Poland,2,At-Risk/Dormant Customers,572.2,2578.432098765432
12817,282,1,166.04,166.04,0,2011-03-03 16:28:00,2011-03-03 16:28:00,Austria,2,At-Risk/Dormant Customers,166.04,166.04
12818,262,1,1542.08,1542.08,0,2011-03-23 12:06:00,2011-03-23 12:06:00,Austria,2,At-Risk/Dormant Customers,1542.08,1542.08
12820,4,4,942.34,235.585,323,2011-01-17 12:34:00,2011-12-06 15:12:00,United Kingdom,0,Recent/Emerging Customers,942.34,1064.873374613003
12821,215,1,92.72,92.72,0,2011-05-09 15:51:00,2011-05-09 15:51:00,United Kingdom,2,At-Risk/Dormant Customers,92.72,92.72
12822,71,2,948.88,474.44,17,2011-09-13 13:46:00,2011-09-30 10:04:00,United Kingdom,1,Loyal Customers,948.88,948.88
12823,75,5,1759.5,351.9,222,2011-02-16 12:15:00,2011-09-26 07:35:00,United Kingdom,1,Loyal Customers,1759.5,2892.8716216216217
12824,60,1,397.12,397.12,0,2011-10-11 12:49:00,2011-10-11 12:49:00,United Kingdom,2,At-Risk/Dormant Customers,397.12,397.12
12826,3,7,1474.72,210.67428571428567,363,2010-12-09 15:21:00,2011-12-07 10:25:00,United Kingdom,3,Champions,1474.72,1482.845179063361
12827,6,3,430.15,143.38333333333333,39,2011-10-26 15:44:00,2011-12-04 12:17:00,United Kingdom,0,Recent/Emerging Customers,430.15,4025.7628205128203
12828,3,6,1018.71,169.785,128,2011-08-01 16:16:00,2011-12-07 08:45:00,United Kingdom,3,Champions,1018.71,2904.915234375
12829,337,2,293.0,146.5,24,2010-12-14 14:54:00,2011-01-07 11:13:00,United Kingdom,2,At-Risk/Dormant Customers,293.0,293.0
12830,38,6,6814.64,1135.7733333333333,134,2011-06-21 10:53:00,2011-11-02 11:54:00,United Kingdom,1,Loyal Customers,6814.64,18562.26567164179
12831,263,1,215.05,215.05,0,2011-03-22 13:02:00,2011-03-22 13:02:00,United Kingdom,2,At-Risk/Dormant Customers,215.05,215.05
12832,33,2,383.03,191.515,66,2011-09-02 13:48:00,2011-11-07 13:30:00,United Kingdom,0,Recent/Emerging Customers,383.03,2118.2719696969693
12833,146,1,417.38,417.38,0,2011-07-17 13:46:00,2011-07-17 13:46:00,United Kingdom,2,At-Risk/Dormant Customers,417.38,417.38
12834,283,1,312.38,312.38,0,2011-03-02 09:49:00,2011-03-02 09:49:00,United Kingdom,2,At-Risk/Dormant Customers,312.38,312.38
12836,60,4,2610.36,652.59,252,2011-02-01 11:19:00,2011-10-11 15:10:00,United Kingdom,1,Loyal Customers,2610.36,3780.8785714285714
12837,174,1,134.1,134.1,0,2011-06-19 16:07:00,2011-06-19 16:07:00,United Kingdom,2,At-Risk/Dormant Customers,134.1,134.1
12838,34,2,671.95,335.975,340,2010-12-01 11:57:00,2011-11-06 12:20:00,United Kingdom,0,Recent/Emerging Customers,671.95,721.3580882352942
12839,3,14,5591.42,399.38714285714286,365,2010-12-07 15:48:00,2011-12-07 12:33:00,United Kingdom,3,Champions,5591.42,5591.42
12840,144,4,2726.77,681.6925,83,2011-04-27 12:21:00,2011-07-19 09:29:00,United Kingdom,1,Loyal Customers,2726.77,11991.217469879517
12841,5,25,3991.58,159.6632,367,2010-12-03 10:43:00,2011-12-05 11:13:00,United Kingdom,3,Champions,3991.58,3969.8275204359675
12842,71,2,1118.99,559.495,238,2011-02-04 12:36:00,2011-09-30 15:33:00,United Kingdom,1,Loyal Customers,1118.99,1716.0981092436975
12843,66,8,1702.26,212.7825,199,2011-03-20 14:38:00,2011-10-05 12:09:00,United Kingdom,1,Loyal Customers,1702.26,3122.23567839196
12844,30,2,325.96,162.98,101,2011-08-01 13:11:00,2011-11-10 13:31:00,United Kingdom,0,Recent/Emerging Customers,325.96,1177.9742574257425
12845,268,4,354.09,88.5225,23,2011-02-22 14:10:00,2011-03-17 13:34:00,United Kingdom,2,At-Risk/Dormant Customers,354.09,354.09
12847,23,1,843.64,843.64,0,2011-11-17 13:16:00,2011-11-17 13:16:00,United Kingdom,0,Recent/Emerging Customers,843.64,843.64
12849,32,2,1010.29,505.145,237,2011-03-16 12:26:00,2011-11-08 13:41:00,United Kingdom,1,Loyal Customers,1010.29,1555.9318565400845
12851,97,1,131.81,131.81,0,2011-09-04 12:41:00,2011-09-04 12:41:00,United Kingdom,2,At-Risk/Dormant Customers,131.81,131.81
12852,295,1,311.55,311.55,0,2011-02-18 08:47:00,2011-02-18 08:47:00,United Kingdom,2,At-Risk/Dormant Customers,311.55,311.55
12853,135,6,1957.1,326.18333333333334,181,2011-01-28 10:28:00,2011-07-28 11:29:00,United Kingdom,1,Loyal Customers,1957.1,3946.6381215469614
12854,79,3,1316.25,438.75,240,2011-01-25 13:35:00,2011-09-22 12:15:00,United Kingdom,1,Loyal Customers,1316.25,2001.796875
12855,373,1,38.1,38.1,0,2010-12-02 09:37:00,2010-12-02 09:37:00,United Kingdom,2,At-Risk/Dormant Customers,38.1,38.1
12856,8,6,2170.78,361.7966666666666,56,2011-10-07 12:38:00,2011-12-02 10:52:00,United Kingdom,3,Champions,2170.78,14148.83392857143
12857,211,2,1106.4,553.2,92,2011-02-10 12:32:00,2011-05-13 10:20:00,United Kingdom,2,At-Risk/Dormant Customers,1106.4,4389.521739130435
12863,53,1,521.2,521.2,0,2011-10-18 14:15:00,2011-10-18 14:15:00,United Kingdom,0,Recent/Emerging Customers,521.2,521.2
12864,139,1,147.12,147.12,0,2011-07-24 13:03:00,2011-07-24 13:03:00,United Kingdom,2,At-Risk/Dormant Customers,147.12,147.12
12865,27,2,1568.23,784.115,97,2011-08-08 10:11:00,2011-11-13 14:31:00,Austria,1,Loyal Customers,1568.23,5901.0716494845365
12866,284,1,559.12,559.12,0,2011-03-01 14:11:00,2011-03-01 14:11:00,Belgium,2,At-Risk/Dormant Customers,559.12,559.12
12867,27,7,4009.34,572.7628571428571,334,2010-12-14 16:39:00,2011-11-13 15:30:00,United Kingdom,3,Champions,4009.34,4381.464371257484
12868,186,6,1607.06,267.8433333333333,188,2010-12-01 12:50:00,2011-06-07 10:42:00,United Kingdom,1,Loyal Customers,1607.06,3120.089893617021
12871,85,2,380.64,190.32,123,2011-05-16 13:32:00,2011-09-16 15:07:00,United Kingdom,2,At-Risk/Dormant Customers,380.64,1129.541463414634
12872,327,2,599.97,299.985,39,2010-12-09 14:44:00,2011-01-17 10:52:00,United Kingdom,2,At-Risk/Dormant Customers,599.97,5615.1038461538465
12873,283,1,374.0,374.0,0,2011-03-02 14:58:00,2011-03-02 14:58:00,United Kingdom,2,At-Risk/Dormant Customers,374.0,374.0
12875,144,2,343.23,171.615,219,2010-12-12 12:03:00,2011-07-19 15:30:00,United Kingdom,2,At-Risk/Dormant Customers,343.23,572.0500000000001
12876,58,2,2218.02,1109.01,139,2011-05-27 13:34:00,2011-10-13 12:26:00,Belgium,1,Loyal Customers,2218.02,5824.297122302159
12877,4,12,1535.77,127.98083333333332,355,2010-12-16 12:23:00,2011-12-06 10:30:00,United Kingdom,3,Champions,1535.77,1579.0311267605632
12878,237,2,854.99,427.495,30,2011-03-18 14:02:00,2011-04-17 13:07:00,United Kingdom,2,At-Risk/Dormant Customers,854.99,10402.378333333332
12879,45,3,573.22,191.07333333333332,47,2011-09-09 12:11:00,2011-10-26 12:24:00,United Kingdom,1,Loyal Customers,573.22,4451.602127659575
12881,276,1,298.0,298.0,0,2011-03-09 11:44:00,2011-03-09 11:44:00,United Kingdom,2,At-Risk/Dormant Customers,298.0,298.0
12882,10,2,1463.04,731.52,24,2011-11-06 11:22:00,2011-11-30 16:18:00,United Kingdom,0,Recent/Emerging Customers,1463.04,1463.04
12883,25,4,703.47,175.8675,65,2011-09-11 15:18:00,2011-11-15 09:32:00,United Kingdom,1,Loyal Customers,703.47,3950.254615384615
12884,89,1,309.05,309.05,0,2011-09-12 13:10:00,2011-09-12 13:10:00,United Kingdom,2,At-Risk/Dormant Customers,309.05,309.05
12885,64,3,1175.22,391.74,60,2011-08-08 11:45:00,2011-10-07 13:40:00,United Kingdom,1,Loyal Customers,1175.22,7149.255
12886,68,2,1378.4,689.2,152,2011-05-04 11:21:00,2011-10-03 10:09:00,United Kingdom,1,Loyal Customers,1378.4,3309.9736842105262
12888,215,2,354.12,177.06,41,2011-03-29 14:31:00,2011-05-09 16:02:00,United Kingdom,2,At-Risk/Dormant Customers,354.12,3152.531707317073
12890,25,1,376.72,376.72,0,2011-11-15 17:26:00,2011-11-15 17:26:00,United Kingdom,0,Recent/Emerging Customers,376.72,376.72
12891,186,3,331.0,110.33333333333331,107,2011-02-20 11:28:00,2011-06-07 12:31:00,United Kingdom,2,At-Risk/Dormant Customers,331.0,1129.1121495327102
12893,31,1,176.55,176.55,0,2011-11-09 12:34:00,2011-11-09 12:34:00,United Kingdom,0,Recent/Emerging Customers,176.55,176.55
12895,43,2,372.8,186.4,44,2011-09-14 08:35:00,2011-10-28 13:51:00,United Kingdom,0,Recent/Emerging Customers,372.8,3092.5454545454545
12897,205,2,216.5,108.25,97,2011-02-11 11:40:00,2011-05-19 12:13:00,United Kingdom,2,At-Risk/Dormant Customers,216.5,814.6649484536082
12901,9,28,17654.54,630.5192857142857,262,2011-03-14 10:41:00,2011-12-01 10:07:00,United Kingdom,3,Champions,17654.54,24595.065267175574
12902,265,1,138.68,138.68,0,2011-03-20 12:06:00,2011-03-20 12:06:00,United Kingdom,2,At-Risk/Dormant Customers,138.68,138.68
12904,19,2,496.06,248.03,154,2011-06-20 13:18:00,2011-11-21 14:34:00,United Kingdom,0,Recent/Emerging Customers,496.06,1175.7266233766234
12906,12,5,2919.81,583.962,67,2011-09-22 15:03:00,2011-11-28 09:55:00,United Kingdom,3,Champions,2919.81,15906.427611940298
12908,177,2,750.0,375.0,136,2011-01-31 12:37:00,2011-06-16 15:39:00,United Kingdom,2,At-Risk/Dormant Customers,750.0,2012.8676470588234
12909,40,5,2178.67,435.734,214,2011-03-31 12:51:00,2011-10-31 12:43:00,United Kingdom,1,Loyal Customers,2178.67,3715.9558411214957
12910,24,8,3075.04,384.38,218,2011-04-12 10:01:00,2011-11-16 14:28:00,United Kingdom,3,Champions,3075.04,5148.576146788991
12912,3,5,1662.3,332.46,38,2011-10-30 11:35:00,2011-12-07 08:55:00,United Kingdom,3,Champions,1662.3,15966.82894736842
12913,5,5,2483.63,496.726,364,2010-12-06 16:36:00,2011-12-05 12:11:00,United Kingdom,3,Champions,2483.63,2490.4531593406596
12915,149,2,363.65,181.825,224,2010-12-02 12:33:00,2011-07-14 11:34:00,United Kingdom,2,At-Risk/Dormant Customers,363.65,592.5546875
12916,139,4,2944.95,736.2375,182,2011-01-23 10:43:00,2011-07-24 10:35:00,United Kingdom,1,Loyal Customers,2944.95,5906.081043956044
12917,129,1,594.0,594.0,0,2011-08-03 16:42:00,2011-08-03 16:42:00,United Kingdom,2,At-Risk/Dormant Customers,594.0,594.0
12919,9,6,1335.19,222.53166666666664,161,2011-06-23 09:22:00,2011-12-01 13:47:00,United Kingdom,3,Champions,1335.19,3026.983540372671
12920,18,1,162.78,162.78,0,2011-11-22 15:05:00,2011-11-22 15:05:00,United Kingdom,0,Recent/Emerging Customers,162.78,162.78
12921,10,37,16587.09,448.2997297297297,364,2010-12-01 15:06:00,2011-11-30 16:22:00,United Kingdom,3,Champions,16587.09,16632.65892857143
12922,162,1,405.38,405.38,0,2011-07-01 15:35:00,2011-07-01 15:35:00,United Kingdom,2,At-Risk/Dormant Customers,405.38,405.38
12923,65,1,172.82,172.82,0,2011-10-06 16:20:00,2011-10-06 16:20:00,United Kingdom,2,At-Risk/Dormant Customers,172.82,172.82
12924,89,4,933.7,233.425,239,2011-01-16 11:49:00,2011-09-12 13:55:00,United Kingdom,1,Loyal Customers,933.7,1425.9435146443516
12925,5,2,694.05,347.025,70,2011-09-26 11:05:00,2011-12-05 11:11:00,United Kingdom,0,Recent/Emerging Customers,694.05,3618.975
12928,36,5,2062.7,412.54,324,2010-12-15 15:45:00,2011-11-04 14:24:00,United Kingdom,1,Loyal Customers,2062.7,2323.720679012345
12929,312,1,117.85,117.85,0,2011-02-01 12:08:00,2011-02-01 12:08:00,United Kingdom,2,At-Risk/Dormant Customers,117.85,117.85
12930,79,2,415.8,207.9,93,2011-06-21 13:25:00,2011-09-22 15:18:00,United Kingdom,2,At-Risk/Dormant Customers,415.8,1631.9032258064517
12931,22,15,42055.96,2803.7306666666664,336,2010-12-17 09:45:00,2011-11-18 12:39:00,United Kingdom,3,Champions,42055.96,45685.789880952376
12933,25,3,607.53,202.51,259,2011-03-01 11:30:00,2011-11-15 16:38:00,United Kingdom,0,Recent/Emerging Customers,607.53,856.1716216216216
12935,3,7,2160.7,308.6714285714286,317,2011-01-24 13:58:00,2011-12-07 17:25:00,United Kingdom,3,Champions,2160.7,2487.8722397476336
12936,18,4,1063.9,265.975,61,2011-09-22 13:51:00,2011-11-22 17:32:00,United Kingdom,1,Loyal Customers,1063.9,6365.959016393444
12937,16,4,1504.27,376.0675,252,2011-03-17 14:19:00,2011-11-24 15:05:00,United Kingdom,1,Loyal Customers,1504.27,2178.80376984127
12938,26,1,114.14,114.14,0,2011-11-14 11:21:00,2011-11-14 11:21:00,United Kingdom,0,Recent/Emerging Customers,114.14,114.14
12939,65,8,11581.8,1447.725,270,2011-01-09 11:20:00,2011-10-06 14:33:00,United Kingdom,3,Champions,11581.8,15656.877777777778
12940,55,2,899.69,449.845,33,2011-09-13 10:16:00,2011-10-16 12:09:00,United Kingdom,1,Loyal Customers,899.69,9951.116666666667
12942,132,3,675.6,225.2,234,2010-12-09 09:34:00,2011-07-31 14:39:00,United Kingdom,1,Loyal Customers,675.6,1053.820512820513
12944,36,2,604.51,302.255,319,2010-12-20 10:41:00,2011-11-04 11:04:00,United Kingdom,0,Recent/Emerging Customers,604.51,691.6807210031349
12945,289,1,462.95,462.95,0,2011-02-24 14:15:00,2011-02-24 14:15:00,United Kingdom,2,At-Risk/Dormant Customers,462.95,462.95
12947,144,6,1603.99,267.33166666666665,230,2010-12-01 16:21:00,2011-07-19 10:06:00,United Kingdom,1,Loyal Customers,1603.99,2545.462391304348
12948,17,7,2064.95,294.99285714285713,248,2011-03-20 10:17:00,2011-11-23 17:10:00,United Kingdom,3,Champions,2064.95,3039.1401209677415
12949,31,8,4167.22,520.9025,222,2011-04-01 13:20:00,2011-11-09 11:25:00,United Kingdom,3,Champions,4167.22,6851.510360360361
12950,3,3,1843.0,614.3333333333333,22,2011-11-15 13:48:00,2011-12-07 13:17:00,United Kingdom,0,Recent/Emerging Customers,1843.0,1843.0
12951,9,6,1064.07,177.345,322,2011-01-13 10:33:00,2011-12-01 12:14:00,United Kingdom,3,Champions,1064.07,1206.166304347826
12952,6,4,1387.79,346.9475,73,2011-09-22 16:37:00,2011-12-04 10:35:00,United Kingdom,1,Loyal Customers,1387.79,6938.95
12953,10,1,329.85,329.85,0,2011-11-30 09:24:00,2011-11-30 09:24:00,United Kingdom,0,Recent/Emerging Customers,329.85,329.85
12955,2,11,4757.16,432.4690909090909,266,2011-03-17 09:03:00,2011-12-08 16:29:00,United Kingdom,3,Champions,4757.16,6527.681954887217
12956,307,1,108.07,108.07,0,2011-02-06 16:08:00,2011-02-06 16:08:00,United Kingdom,2,At-Risk/Dormant Customers,108.07,108.07
12957,10,8,4017.54,502.1925,330,2011-01-04 12:18:00,2011-11-30 09:53:00,United Kingdom,3,Champions,4017.54,4443.642727272727
12962,8,2,266.39,133.195,106,2011-08-18 13:38:00,2011-12-02 15:55:00,United Kingdom,0,Recent/Emerging Customers,266.39,917.2863207547168
12963,9,8,1856.63,232.07875,357,2010-12-09 09:14:00,2011-12-01 12:55:00,United Kingdom,3,Champions,1856.63,1898.2351540616246
12965,90,1,769.81,769.81,0,2011-09-11 15:31:00,2011-09-11 15:31:00,United Kingdom,2,At-Risk/Dormant Customers,769.81,769.81
12966,10,1,160.18,160.18,0,2011-11-30 12:38:00,2011-11-30 12:38:00,United Kingdom,0,Recent/Emerging Customers,160.18,160.18
12967,359,2,1660.9,830.45,13,2010-12-03 09:49:00,2010-12-16 19:10:00,United Kingdom,2,At-Risk/Dormant Customers,1660.9,1660.9
12968,113,1,135.95,135.95,0,2011-08-19 15:44:00,2011-08-19 15:44:00,United Kingdom,2,At-Risk/Dormant Customers,135.95,135.95
12970,8,4,405.47,101.3675,315,2011-01-21 14:04:00,2011-12-02 14:30:00,United Kingdom,0,Recent/Emerging Customers,405.47,469.83031746031753
12971,4,86,11189.91,130.11523255813952,369,2010-12-02 16:42:00,2011-12-06 12:20:00,United Kingdom,3,Champions,11189.91,11068.610162601626
12974,198,1,144.8,144.8,0,2011-05-26 09:33:00,2011-05-26 09:33:00,United Kingdom,2,At-Risk/Dormant Customers,144.8,144.8
12976,212,1,738.6,738.6,0,2011-05-12 09:55:00,2011-05-12 09:55:00,United Kingdom,2,At-Risk/Dormant Customers,738.6,738.6
12977,157,1,39.24,39.24,0,2011-07-06 16:40:00,2011-07-06 16:40:00,United Kingdom,2,At-Risk/Dormant Customers,39.24,39.24
12980,158,9,7374.9,819.4333333333333,201,2010-12-16 11:36:00,2011-07-05 09:34:00,United Kingdom,1,Loyal Customers,7374.9,13392.231343283582
12981,30,2,372.22,186.11,104,2011-07-29 14:14:00,2011-11-10 12:00:00,United Kingdom,0,Recent/Emerging Customers,372.22,1306.3490384615386
12982,243,1,390.54,390.54,0,2011-04-11 11:51:00,2011-04-11 11:51:00,United Kingdom,2,At-Risk/Dormant Customers,390.54,390.54
12984,19,1,97.5,97.5,0,2011-11-21 12:37:00,2011-11-21 12:37:00,United Kingdom,0,Recent/Emerging Customers,97.5,97.5
12985,1,2,1239.38,619.69,28,2011-11-11 12:44:00,2011-12-09 10:46:00,United Kingdom,0,Recent/Emerging Customers,1239.38,1239.38
12987,74,2,558.7,279.35,124,2011-05-26 12:00:00,2011-09-27 12:03:00,United Kingdom,2,At-Risk/Dormant Customers,558.7,1644.5604838709678
12988,293,1,505.82,505.82,0,2011-02-20 14:31:00,2011-02-20 14:31:00,United Kingdom,2,At-Risk/Dormant Customers,505.82,505.82
12989,4,15,6924.11,461.60733333333326,361,2010-12-10 13:24:00,2011-12-06 15:28:00,United Kingdom,3,Champions,6924.11,7000.831440443212
12990,32,3,409.5,136.5,279,2011-02-02 15:39:00,2011-11-08 13:01:00,United Kingdom,0,Recent/Emerging Customers,409.5,535.7258064516129
12991,24,2,503.76,251.88,89,2011-08-19 14:39:00,2011-11-16 15:34:00,United Kingdom,0,Recent/Emerging Customers,503.76,2065.9820224719097
12993,24,4,414.76,103.69,275,2011-02-14 14:29:00,2011-11-16 15:49:00,United Kingdom,0,Recent/Emerging Customers,414.76,550.4996363636363
12994,5,3,974.42,324.8066666666666,264,2011-03-16 08:31:00,2011-12-05 15:43:00,United Kingdom,0,Recent/Emerging Customers,974.42,1347.2094696969696
12995,86,1,211.32,211.32,0,2011-09-15 15:44:00,2011-09-15 15:44:00,United Kingdom,2,At-Risk/Dormant Customers,211.32,211.32
12997,23,4,1226.89,306.7225,295,2011-01-26 15:49:00,2011-11-17 15:47:00,United Kingdom,1,Loyal Customers,1226.89,1518.0164406779663
12999,197,3,455.88,151.96,49,2011-04-08 10:26:00,2011-05-27 13:24:00,United Kingdom,2,At-Risk/Dormant Customers,455.88,3395.840816326531
13000,107,3,534.85,178.28333333333333,258,2010-12-10 10:26:00,2011-08-25 10:43:00,United Kingdom,1,Loyal Customers,534.85,756.6676356589148
13001,5,13,9785.97,752.766923076923,322,2011-01-17 12:45:00,2011-12-05 14:51:00,United Kingdom,3,Champions,9785.97,11092.792080745341
13002,319,1,120.95,120.95,0,2011-01-25 15:18:00,2011-01-25 15:18:00,United Kingdom,2,At-Risk/Dormant Customers,120.95,120.95
13003,106,3,149.05,49.68333333333333,109,2011-05-09 08:23:00,2011-08-26 10:50:00,United Kingdom,2,At-Risk/Dormant Customers,149.05,499.112385321101
13004,12,18,5655.91,314.21722222222223,346,2010-12-17 08:20:00,2011-11-28 11:27:00,United Kingdom,3,Champions,5655.91,5966.49465317919
13005,174,2,513.7,256.85,73,2011-04-07 13:32:00,2011-06-19 10:53:00,United Kingdom,2,At-Risk/Dormant Customers,513.7,2568.5
13006,57,1,81.57,81.57,0,2011-10-14 13:49:00,2011-10-14 13:49:00,United Kingdom,2,At-Risk/Dormant Customers,81.57,81.57
13008,324,1,229.47,229.47,0,2011-01-20 14:24:00,2011-01-20 14:24:00,United Kingdom,2,At-Risk/Dormant Customers,229.47,229.47
13011,373,1,50.55,50.55,0,2010-12-02 17:22:00,2010-12-02 17:22:00,United Kingdom,2,At-Risk/Dormant Customers,50.55,50.55
13012,10,8,1646.84,205.855,285,2011-02-18 09:43:00,2011-11-30 13:05:00,United Kingdom,3,Champions,1646.84,2109.110877192982
13013,2,13,4810.94,370.0723076923077,370,2010-12-03 12:28:00,2011-12-08 15:01:00,United Kingdom,3,Champions,4810.94,4745.927297297297
13014,11,10,3466.28,346.628,271,2011-03-03 18:28:00,2011-11-29 12:27:00,United Kingdom,3,Champions,3466.28,4668.605904059041
13015,54,5,3339.64,667.928,196,2011-04-04 14:28:00,2011-10-17 13:19:00,United Kingdom,1,Loyal Customers,3339.64,6219.227551020408
13016,74,3,789.89,263.2966666666666,50,2011-08-08 15:00:00,2011-09-27 14:08:00,United Kingdom,1,Loyal Customers,789.89,5766.197
13017,8,1,204.0,204.0,0,2011-12-02 15:53:00,2011-12-02 15:53:00,United Kingdom,0,Recent/Emerging Customers,204.0,204.0
13018,17,28,7277.7,259.91785714285714,279,2011-02-17 11:05:00,2011-11-23 13:28:00,United Kingdom,3,Champions,7277.7,9521.005376344086
13021,5,9,2616.38,290.7088888888889,354,2010-12-16 10:12:00,2011-12-05 16:37:00,United Kingdom,3,Champions,2616.38,2697.679943502825
13023,65,2,689.9,344.95,65,2011-08-02 09:34:00,2011-10-06 16:27:00,United Kingdom,1,Loyal Customers,689.9,3874.053846153846
13026,2,5,975.36,195.072,274,2011-03-09 11:35:00,2011-12-08 16:58:00,United Kingdom,3,Champions,975.36,1299.2934306569343
13027,114,6,6912.0,1152.0,241,2010-12-20 12:45:00,2011-08-18 09:39:00,United Kingdom,1,Loyal Customers,6912.0,10468.38174273859
13028,23,2,661.32,330.66,23,2011-10-25 14:09:00,2011-11-17 11:10:00,United Kingdom,0,Recent/Emerging Customers,661.32,661.32
13029,31,3,1247.5,415.83333333333326,323,2010-12-21 13:53:00,2011-11-09 09:13:00,United Kingdom,1,Loyal Customers,1247.5,1409.7136222910217
13030,12,2,752.44,376.22,357,2010-12-06 14:31:00,2011-11-28 14:30:00,United Kingdom,0,Recent/Emerging Customers,752.44,769.3014005602241
13032,53,2,1010.18,505.09,35,2011-09-13 16:40:00,2011-10-18 15:54:00,United Kingdom,1,Loyal Customers,1010.18,10534.734285714285
13033,358,1,190.55,190.55,0,2010-12-17 14:23:00,2010-12-17 14:23:00,United Kingdom,2,At-Risk/Dormant Customers,190.55,190.55
13034,55,2,642.77,321.385,315,2010-12-05 14:52:00,2011-10-16 12:21:00,United Kingdom,0,Recent/Emerging Customers,642.77,744.7969841269842
13035,74,2,921.88,460.94,187,2011-03-24 09:21:00,2011-09-27 08:57:00,United Kingdom,1,Loyal Customers,921.88,1799.3914438502675
13037,139,3,881.07,293.69,118,2011-03-28 15:42:00,2011-07-24 15:46:00,United Kingdom,1,Loyal Customers,881.07,2725.343644067797
13038,81,3,908.46,302.82,210,2011-02-22 11:43:00,2011-09-20 14:37:00,United Kingdom,1,Loyal Customers,908.46,1578.99
13040,9,2,676.99,338.495,25,2011-11-06 13:53:00,2011-12-01 10:38:00,United Kingdom,0,Recent/Emerging Customers,676.99,676.99
13043,274,1,516.42,516.42,0,2011-03-11 14:52:00,2011-03-11 14:52:00,United Kingdom,2,At-Risk/Dormant Customers,516.42,516.42
13044,292,1,560.47,560.47,0,2011-02-21 15:20:00,2011-02-21 15:20:00,United Kingdom,2,At-Risk/Dormant Customers,560.47,560.47
13045,100,1,305.28,305.28,0,2011-09-01 15:04:00,2011-09-01 15:04:00,United Kingdom,2,At-Risk/Dormant Customers,305.28,305.28
13046,31,2,629.31,314.655,236,2011-03-18 15:43:00,2011-11-09 08:36:00,United Kingdom,0,Recent/Emerging Customers,629.31,973.2972457627119
13047,32,10,3237.54,323.754,342,2010-12-01 08:34:00,2011-11-08 12:06:00,United Kingdom,3,Champions,3237.54,3455.2692982456138
13048,15,4,1819.41,454.8525,313,2011-01-16 14:36:00,2011-11-25 13:23:00,United Kingdom,1,Loyal Customers,1819.41,2121.676198083067
13049,65,2,656.68,328.34,254,2011-01-25 16:33:00,2011-10-06 15:31:00,United Kingdom,1,Loyal Customers,656.68,943.6543307086613
13050,15,17,5836.86,343.3447058823529,352,2010-12-08 09:30:00,2011-11-25 09:18:00,United Kingdom,3,Champions,5836.86,6052.425852272727
13052,213,1,348.15,348.15,0,2011-05-11 14:12:00,2011-05-11 14:12:00,United Kingdom,2,At-Risk/Dormant Customers,348.15,348.15
13055,79,3,1214.41,404.8033333333333,135,2011-05-10 08:58:00,2011-09-22 14:26:00,United Kingdom,1,Loyal Customers,1214.41,3283.404814814815
13058,25,3,271.4,90.46666666666665,127,2011-07-11 12:01:00,2011-11-15 12:43:00,United Kingdom,0,Recent/Emerging Customers,271.4,780.0078740157479
13059,250,1,183.4,183.4,0,2011-04-04 10:40:00,2011-04-04 10:40:00,United Kingdom,2,At-Risk/Dormant Customers,183.4,183.4
13060,254,1,307.53,307.53,0,2011-03-31 11:37:00,2011-03-31 11:37:00,United Kingdom,2,At-Risk/Dormant Customers,307.53,307.53
13061,73,1,248.61,248.61,0,2011-09-28 16:04:00,2011-09-28 16:04:00,United Kingdom,2,At-Risk/Dormant Customers,248.61,248.61
13062,192,1,346.98,346.98,0,2011-06-01 15:12:00,2011-06-01 15:12:00,United Kingdom,2,At-Risk/Dormant Customers,346.98,346.98
13064,13,4,1105.59,276.3975,315,2011-01-16 13:41:00,2011-11-27 12:31:00,United Kingdom,1,Loyal Customers,1105.59,1281.0804761904762
13065,374,1,205.86,205.86,0,2010-12-01 16:52:00,2010-12-01 16:52:00,United Kingdom,2,At-Risk/Dormant Customers,205.86,205.86
13066,25,2,470.8,235.4,8,2011-11-07 17:06:00,2011-11-15 12:57:00,United Kingdom,0,Recent/Emerging Customers,470.8,470.8
13067,83,1,115.46,115.46,0,2011-09-18 13:38:00,2011-09-18 13:38:00,United Kingdom,2,At-Risk/Dormant Customers,115.46,115.46
13068,11,2,344.0,172.0,309,2011-01-24 08:20:00,2011-11-29 15:00:00,United Kingdom,0,Recent/Emerging Customers,344.0,406.34304207119743
13069,1,24,4431.44,184.64333333333332,369,2010-12-05 11:02:00,2011-12-09 08:39:00,United Kingdom,3,Champions,4431.44,4383.4027100271005
13070,193,1,228.8,228.8,0,2011-05-31 13:45:00,2011-05-31 13:45:00,United Kingdom,2,At-Risk/Dormant Customers,228.8,228.8
13072,267,1,177.15,177.15,0,2011-03-18 08:12:00,2011-03-18 08:12:00,United Kingdom,2,At-Risk/Dormant Customers,177.15,177.15
13075,130,1,919.61,919.61,0,2011-08-02 10:19:00,2011-08-02 10:19:00,United Kingdom,2,At-Risk/Dormant Customers,919.61,919.61
13077,2,4,728.02,182.005,365,2010-12-08 14:59:00,2011-12-08 19:24:00,United Kingdom,0,Recent/Emerging Customers,728.02,728.02
13078,4,26,12627.94,485.69,363,2010-12-08 09:07:00,2011-12-06 15:36:00,United Kingdom,3,Champions,12627.94,12697.515426997246
13079,5,5,220.1,44.02,136,2011-07-22 14:41:00,2011-12-05 16:53:00,United Kingdom,0,Recent/Emerging Customers,220.1,590.7095588235294
13080,180,1,58.08,58.08,0,2011-06-13 14:59:00,2011-06-13 14:59:00,United Kingdom,2,At-Risk/Dormant Customers,58.08,58.08
13081,12,11,28337.38,2576.1254545454544,360,2010-12-03 17:20:00,2011-11-28 10:54:00,United Kingdom,3,Champions,28337.38,28730.95472222222
13082,127,9,3613.63,401.5144444444445,212,2011-01-05 15:42:00,2011-08-05 16:16:00,United Kingdom,1,Loyal Customers,3613.63,6221.579952830189
13083,5,2,303.75,151.875,71,2011-09-25 10:46:00,2011-12-05 15:01:00,United Kingdom,0,Recent/Emerging Customers,303.75,1561.531690140845
13085,158,2,416.08,208.04,138,2011-02-17 13:57:00,2011-07-05 12:11:00,United Kingdom,2,At-Risk/Dormant Customers,416.08,1100.5014492753623
13089,3,97,58762.08,605.7946391752577,367,2010-12-05 10:27:00,2011-12-07 09:02:00,United Kingdom,3,Champions,58762.08,58441.850681198914
13090,9,14,8910.82,636.4871428571429,364,2010-12-02 07:48:00,2011-12-01 12:39:00,United Kingdom,3,Champions,8910.82,8935.300274725274
13091,29,1,345.82,345.82,0,2011-11-11 15:54:00,2011-11-11 15:54:00,United Kingdom,0,Recent/Emerging Customers,345.82,345.82
13092,71,5,477.83,95.566,289,2010-12-15 12:27:00,2011-09-30 11:18:00,United Kingdom,1,Loyal Customers,477.83,603.4877162629758
13093,276,8,7832.47,979.05875,98,2010-12-01 15:00:00,2011-03-09 12:14:00,United Kingdom,1,Loyal Customers,7832.47,29171.954591836737
13094,22,12,1927.32,160.61,347,2010-12-06 10:34:00,2011-11-18 14:07:00,United Kingdom,3,Champions,1927.32,2027.2962536023053
13095,71,1,74.4,74.4,0,2011-09-30 12:03:00,2011-09-30 12:03:00,United Kingdom,2,At-Risk/Dormant Customers,74.4,74.4
13097,33,10,6003.22,600.322,328,2010-12-14 15:13:00,2011-11-07 10:43:00,United Kingdom,3,Champions,6003.22,6680.4125
13098,2,28,28882.44,1031.5157142857142,316,2011-01-26 13:46:00,2011-12-08 14:14:00,United Kingdom,3,Champions,28882.44,33361.046202531645
13099,100,1,207.36,207.36,0,2011-09-01 17:40:00,2011-09-01 17:40:00,United Kingdom,2,At-Risk/Dormant Customers,207.36,207.36
13101,235,1,101.19,101.19,0,2011-04-19 14:37:00,2011-04-19 14:37:00,United Kingdom,2,At-Risk/Dormant Customers,101.19,101.19
13102,2,24,6424.09,267.67041666666665,364,2010-12-09 13:38:00,2011-12-08 12:52:00,United Kingdom,3,Champions,6424.09,6441.738598901099
13103,40,1,243.94,243.94,0,2011-10-31 09:38:00,2011-10-31 09:38:00,United Kingdom,0,Recent/Emerging Customers,243.94,243.94
13104,4,6,1098.48,183.08,351,2010-12-20 11:58:00,2011-12-06 13:10:00,United Kingdom,3,Champions,1098.48,1142.2940170940171
13106,134,1,76.5,76.5,0,2011-07-29 15:12:00,2011-07-29 15:12:00,United Kingdom,2,At-Risk/Dormant Customers,76.5,76.5
13107,45,4,1531.62,382.905,289,2011-01-10 12:28:00,2011-10-26 14:52:00,United Kingdom,1,Loyal Customers,1531.62,1934.3989619377162
13108,373,1,350.06,350.06,0,2010-12-02 10:35:00,2010-12-02 10:35:00,United Kingdom,2,At-Risk/Dormant Customers,350.06,350.06
13109,60,2,786.54,393.27,98,2011-07-05 14:56:00,2011-10-11 10:16:00,United Kingdom,1,Loyal Customers,786.54,2929.4602040816326
13110,32,7,1488.67,212.66714285714284,280,2011-02-01 15:24:00,2011-11-08 14:30:00,United Kingdom,1,Loyal Customers,1488.67,1940.5876785714288
13113,1,24,12245.96,510.2483333333333,366,2010-12-08 13:21:00,2011-12-09 12:49:00,United Kingdom,3,Champions,12245.96,12212.501092896175
13115,12,4,2294.78,573.695,173,2011-06-08 16:15:00,2011-11-28 12:38:00,United Kingdom,1,Loyal Customers,2294.78,4841.587861271676
13116,139,1,501.14,501.14,0,2011-07-24 14:33:00,2011-07-24 14:33:00,United Kingdom,2,At-Risk/Dormant Customers,501.14,501.14
13117,22,8,984.91,123.11375,351,2010-12-02 13:11:00,2011-11-18 12:02:00,United Kingdom,1,Loyal Customers,984.91,1024.1941595441594
13118,20,5,1197.81,239.562,269,2011-02-24 12:32:00,2011-11-20 12:46:00,United Kingdom,1,Loyal Customers,1197.81,1625.2812267657991
13120,239,1,30.6,30.6,0,2011-04-15 10:19:00,2011-04-15 10:19:00,United Kingdom,2,At-Risk/Dormant Customers,30.6,30.6
13121,270,1,283.73,283.73,0,2011-03-15 16:47:00,2011-03-15 16:47:00,United Kingdom,2,At-Risk/Dormant Customers,283.73,283.73
13122,95,2,922.39,461.195,146,2011-04-13 14:12:00,2011-09-06 15:53:00,United Kingdom,1,Loyal Customers,922.39,2305.975
13124,90,3,3756.33,1252.11,270,2010-12-15 15:00:00,2011-09-11 12:45:00,United Kingdom,1,Loyal Customers,3756.33,5078.001666666667
13126,5,8,2099.64,262.455,362,2010-12-08 11:42:00,2011-12-05 10:00:00,United Kingdom,3,Champions,2099.64,2117.0403314917125
13127,78,1,259.17,259.17,0,2011-09-23 10:26:00,2011-09-23 10:26:00,United Kingdom,2,At-Risk/Dormant Customers,259.17,259.17
13130,95,1,64.0,64.0,0,2011-09-06 15:30:00,2011-09-06 15:30:00,United Kingdom,2,At-Risk/Dormant Customers,64.0,64.0
13131,24,3,1073.3,357.76666666666665,164,2011-06-05 10:54:00,2011-11-16 13:21:00,United Kingdom,1,Loyal Customers,1073.3,2388.746951219512
13132,262,1,77.3,77.3,0,2011-03-23 12:44:00,2011-03-23 12:44:00,United Kingdom,2,At-Risk/Dormant Customers,77.3,77.3
13133,274,2,109.8,54.9,31,2011-02-08 15:48:00,2011-03-11 10:31:00,United Kingdom,2,At-Risk/Dormant Customers,109.8,1292.8064516129032
13134,86,4,1793.58,448.395,155,2011-04-13 12:57:00,2011-09-15 10:35:00,United Kingdom,1,Loyal Customers,1793.58,4223.591612903226
13135,197,1,3096.0,3096.0,0,2011-05-27 10:52:00,2011-05-27 10:52:00,United Kingdom,1,Loyal Customers,3096.0,3096.0
13136,57,5,2607.61,521.522,156,2011-05-11 12:47:00,2011-10-14 13:41:00,United Kingdom,1,Loyal Customers,2607.61,6101.138782051283
13137,11,8,3603.29,450.41125,298,2011-02-04 11:54:00,2011-11-29 12:09:00,United Kingdom,3,Champions,3603.29,4413.42567114094
13138,23,6,962.39,160.3983333333333,350,2010-12-02 15:03:00,2011-11-17 16:51:00,United Kingdom,1,Loyal Customers,962.39,1003.6352857142857
13139,17,7,5064.94,723.5628571428571,243,2011-03-25 11:57:00,2011-11-23 13:54:00,United Kingdom,3,Champions,5064.94,7607.831687242798
13140,109,3,422.47,140.82333333333332,258,2010-12-08 15:12:00,2011-08-23 15:33:00,United Kingdom,2,At-Risk/Dormant Customers,422.47,597.6804263565892
13141,85,5,2388.75,477.75,231,2011-01-28 13:04:00,2011-09-16 09:54:00,United Kingdom,1,Loyal Customers,2388.75,3774.431818181818
13142,20,1,307.09,307.09,0,2011-11-20 16:07:00,2011-11-20 16:07:00,United Kingdom,0,Recent/Emerging Customers,307.09,307.09
13144,333,1,110.95,110.95,0,2011-01-11 11:15:00,2011-01-11 11:15:00,United Kingdom,2,At-Risk/Dormant Customers,110.95,110.95
13145,40,4,618.52,154.63,333,2010-12-02 18:06:00,2011-10-31 12:45:00,United Kingdom,1,Loyal Customers,618.52,677.9573573573574
13146,27,1,228.91,228.91,0,2011-11-13 15:29:00,2011-11-13 15:29:00,United Kingdom,0,Recent/Emerging Customers,228.91,228.91
13147,11,4,712.8,178.2,89,2011-09-01 12:28:00,2011-11-29 13:59:00,United Kingdom,0,Recent/Emerging Customers,712.8,2923.280898876404
13148,30,12,3683.26,306.93833333333333,335,2010-12-10 13:06:00,2011-11-10 15:23:00,United Kingdom,3,Champions,3683.26,4013.104179104478
13149,15,4,1676.06,419.015,275,2011-02-23 13:57:00,2011-11-25 13:09:00,United Kingdom,1,Loyal Customers,1676.06,2224.5887272727273
13151,296,1,1257.87,1257.87,0,2011-02-17 12:29:00,2011-02-17 12:29:00,United Kingdom,2,At-Risk/Dormant Customers,1257.87,1257.87
13153,6,1,486.22,486.22,0,2011-12-04 12:14:00,2011-12-04 12:14:00,United Kingdom,0,Recent/Emerging Customers,486.22,486.22
13155,34,4,971.76,242.94,335,2010-12-06 12:44:00,2011-11-06 15:41:00,United Kingdom,1,Loyal Customers,971.76,1058.7832835820896
13157,50,4,1741.22,435.305,249,2011-02-14 14:03:00,2011-10-21 13:50:00,United Kingdom,1,Loyal Customers,1741.22,2552.390763052209
13158,95,4,1201.06,300.265,224,2011-01-25 09:58:00,2011-09-06 11:58:00,United Kingdom,1,Loyal Customers,1201.06,1957.0843750000001
13159,9,4,1429.35,357.3375,107,2011-08-16 11:44:00,2011-12-01 11:20:00,United Kingdom,1,Loyal Customers,1429.35,4875.820093457944
13160,23,1,91.8,91.8,0,2011-11-17 13:07:00,2011-11-17 13:07:00,United Kingdom,0,Recent/Emerging Customers,91.8,91.8
13161,314,1,112.75,112.75,0,2011-01-30 14:03:00,2011-01-30 14:03:00,United Kingdom,2,At-Risk/Dormant Customers,112.75,112.75
13162,123,4,1688.29,422.0725,212,2011-01-09 10:43:00,2011-08-09 15:59:00,United Kingdom,1,Loyal Customers,1688.29,2906.7257075471693
13165,47,2,1021.48,510.74,305,2010-12-23 14:06:00,2011-10-24 15:05:00,United Kingdom,1,Loyal Customers,1021.48,1222.4268852459018
13166,284,1,417.2,417.2,0,2011-03-01 15:16:00,2011-03-01 15:16:00,United Kingdom,2,At-Risk/Dormant Customers,417.2,417.2
13167,19,4,791.33,197.8325,125,2011-07-19 12:13:00,2011-11-21 12:24:00,United Kingdom,1,Loyal Customers,791.33,2310.6836
13168,37,4,1299.59,324.8975,282,2011-01-25 13:55:00,2011-11-03 12:56:00,United Kingdom,1,Loyal Customers,1299.59,1682.093439716312
13169,64,2,712.88,356.44,189,2011-04-01 14:24:00,2011-10-07 12:11:00,United Kingdom,1,Loyal Customers,712.88,1376.7259259259258
13170,27,1,108.81,108.81,0,2011-11-13 12:19:00,2011-11-13 12:19:00,United Kingdom,0,Recent/Emerging Customers,108.81,108.81
13171,22,3,468.41,156.13666666666666,278,2011-02-13 14:16:00,2011-11-18 10:27:00,United Kingdom,0,Recent/Emerging Customers,468.41,614.9987410071943
13173,5,2,353.65,176.825,363,2010-12-07 14:30:00,2011-12-05 15:51:00,United Kingdom,0,Recent/Emerging Customers,353.65,355.5984848484849
13174,17,3,2742.82,914.2733333333331,353,2010-12-05 16:24:00,2011-11-23 14:35:00,United Kingdom,1,Loyal Customers,2742.82,2836.0603399433426
13176,47,1,481.49,481.49,0,2011-10-24 15:43:00,2011-10-24 15:43:00,United Kingdom,0,Recent/Emerging Customers,481.49,481.49
13177,65,1,282.45,282.45,0,2011-10-06 09:56:00,2011-10-06 09:56:00,United Kingdom,2,At-Risk/Dormant Customers,282.45,282.45
13178,27,11,5725.47,520.4972727272727,334,2010-12-14 12:22:00,2011-11-13 16:14:00,United Kingdom,3,Champions,5725.47,6256.875898203592
13182,46,1,121.18,121.18,0,2011-10-25 13:46:00,2011-10-25 13:46:00,United Kingdom,2,At-Risk/Dormant Customers,121.18,121.18
13183,8,9,3957.78,439.7533333333333,327,2011-01-09 10:50:00,2011-12-02 10:30:00,United Kingdom,3,Champions,3957.78,4417.705504587157
13184,15,10,1668.95,166.895,276,2011-02-22 17:25:00,2011-11-25 12:02:00,United Kingdom,3,Champions,1668.95,2207.1259057971015
13185,268,1,71.4,71.4,0,2011-03-17 11:56:00,2011-03-17 11:56:00,United Kingdom,2,At-Risk/Dormant Customers,71.4,71.4
13186,40,3,1575.89,525.2966666666666,89,2011-08-03 09:09:00,2011-10-31 11:40:00,United Kingdom,1,Loyal Customers,1575.89,6462.919662921348
13187,338,1,236.02,236.02,0,2011-01-06 18:57:00,2011-01-06 18:57:00,United Kingdom,2,At-Risk/Dormant Customers,236.02,236.02
13188,12,1,114.6,114.6,0,2011-11-28 15:28:00,2011-11-28 15:28:00,United Kingdom,0,Recent/Emerging Customers,114.6,114.6
13189,19,2,260.68,130.34,97,2011-08-16 13:12:00,2011-11-21 10:39:00,United Kingdom,0,Recent/Emerging Customers,260.68,980.9092783505155
13192,96,2,911.94,455.97,110,2011-05-18 14:57:00,2011-09-05 14:13:00,United Kingdom,1,Loyal Customers,911.94,3025.9827272727275
13193,62,1,112.08,112.08,0,2011-10-09 14:30:00,2011-10-09 14:30:00,United Kingdom,2,At-Risk/Dormant Customers,112.08,112.08
13194,136,1,60.7,60.7,0,2011-07-27 09:01:00,2011-07-27 09:01:00,United Kingdom,2,At-Risk/Dormant Customers,60.7,60.7
13196,12,4,1797.78,449.445,251,2011-03-22 14:24:00,2011-11-28 13:54:00,United Kingdom,1,Loyal Customers,1797.78,2614.301593625498
13198,11,6,3401.24,566.8733333333333,351,2010-12-13 09:29:00,2011-11-29 15:17:00,United Kingdom,3,Champions,3401.24,3536.901994301994
13199,4,38,9817.12,258.34526315789475,363,2010-12-08 10:51:00,2011-12-06 12:30:00,United Kingdom,3,Champions,9817.12,9871.208815426999
13200,20,4,870.09,217.5225,107,2011-08-05 14:50:00,2011-11-20 15:35:00,United Kingdom,1,Loyal Customers,870.09,2968.064018691589
13203,10,4,869.46,217.365,233,2011-04-11 14:40:00,2011-11-30 10:45:00,United Kingdom,0,Recent/Emerging Customers,869.46,1362.0296137339055
13207,16,2,250.26,125.13,135,2011-07-12 11:35:00,2011-11-24 14:52:00,United Kingdom,0,Recent/Emerging Customers,250.26,676.6288888888889
13208,59,6,1217.65,202.94166666666663,251,2011-02-03 19:32:00,2011-10-12 09:54:00,United Kingdom,1,Loyal Customers,1217.65,1770.6862549800799
13209,31,8,5891.61,736.45125,331,2010-12-13 10:31:00,2011-11-09 13:54:00,United Kingdom,3,Champions,5891.61,6496.790483383686
13210,94,1,353.48,353.48,0,2011-09-07 08:18:00,2011-09-07 08:18:00,United Kingdom,2,At-Risk/Dormant Customers,353.48,353.48
13211,11,3,1095.42,365.14,351,2010-12-13 16:17:00,2011-11-29 14:43:00,United Kingdom,0,Recent/Emerging Customers,1095.42,1139.111965811966
13212,20,3,786.83,262.27666666666664,42,2011-10-09 14:48:00,2011-11-20 12:40:00,United Kingdom,0,Recent/Emerging Customers,786.83,6837.927380952381
13213,57,5,1520.58,304.116,143,2011-05-24 12:22:00,2011-10-14 11:42:00,United Kingdom,1,Loyal Customers,1520.58,3881.2006993006994
13216,268,1,333.74,333.74,0,2011-03-17 12:18:00,2011-03-17 12:18:00,United Kingdom,2,At-Risk/Dormant Customers,333.74,333.74
13217,123,3,533.98,177.9933333333333,34,2011-07-06 12:08:00,2011-08-09 15:32:00,United Kingdom,2,At-Risk/Dormant Customers,533.98,5732.432352941176
13218,128,1,62.64,62.64,0,2011-08-04 16:59:00,2011-08-04 16:59:00,United Kingdom,2,At-Risk/Dormant Customers,62.64,62.64
13220,79,4,819.29,204.8225,158,2011-04-17 10:59:00,2011-09-22 13:38:00,United Kingdom,1,Loyal Customers,819.29,1892.6636075949366
13221,241,2,847.41,423.705,119,2010-12-15 13:24:00,2011-04-13 16:58:00,United Kingdom,2,At-Risk/Dormant Customers,847.41,2599.1987394957982
13223,201,2,163.2,81.6,32,2011-04-21 15:16:00,2011-05-23 13:03:00,United Kingdom,2,At-Risk/Dormant Customers,163.2,1861.4999999999998
13224,61,2,2155.95,1077.975,91,2011-07-11 14:10:00,2011-10-10 14:55:00,United Kingdom,1,Loyal Customers,2155.95,8647.491758241757
13225,4,7,6463.84,923.4057142857142,358,2010-12-13 09:49:00,2011-12-06 13:29:00,United Kingdom,3,Champions,6463.84,6590.227932960894
13226,274,1,108.21,108.21,0,2011-03-11 14:35:00,2011-03-11 14:35:00,United Kingdom,2,At-Risk/Dormant Customers,108.21,108.21
13227,202,1,257.7,257.7,0,2011-05-22 11:47:00,2011-05-22 11:47:00,United Kingdom,2,At-Risk/Dormant Customers,257.7,257.7
13228,82,1,358.0,358.0,0,2011-09-19 14:28:00,2011-09-19 14:28:00,United Kingdom,2,At-Risk/Dormant Customers,358.0,358.0
13229,226,1,160.95,160.95,0,2011-04-28 12:07:00,2011-04-28 12:07:00,United Kingdom,2,At-Risk/Dormant Customers,160.95,160.95
13230,5,14,2755.63,196.8307142857143,361,2010-12-09 19:28:00,2011-12-05 16:03:00,United Kingdom,3,Champions,2755.63,2786.163296398892
13232,13,7,1328.35,189.76428571428568,231,2011-04-10 13:48:00,2011-11-27 10:39:00,United Kingdom,3,Champions,1328.35,2098.9080086580084
13233,75,2,605.12,302.56,262,2011-01-07 14:49:00,2011-09-26 13:25:00,United Kingdom,2,At-Risk/Dormant Customers,605.12,843.0106870229008
13235,213,1,1031.07,1031.07,0,2011-05-11 17:13:00,2011-05-11 17:13:00,United Kingdom,2,At-Risk/Dormant Customers,1031.07,1031.07
13236,25,2,744.85,372.425,82,2011-08-25 08:58:00,2011-11-15 12:50:00,United Kingdom,0,Recent/Emerging Customers,744.85,3315.4908536585367
13238,18,4,700.73,175.1825,343,2010-12-14 14:37:00,2011-11-22 15:37:00,United Kingdom,1,Loyal Customers,700.73,745.6747813411079
13239,262,1,329.56,329.56,0,2011-03-23 10:25:00,2011-03-23 10:25:00,United Kingdom,2,At-Risk/Dormant Customers,329.56,329.56
13240,97,4,663.65,165.9125,269,2010-12-09 12:49:00,2011-09-04 14:08:00,United Kingdom,1,Loyal Customers,663.65,900.4916356877324
13242,113,3,270.4,90.13333333333331,101,2011-05-10 12:26:00,2011-08-19 12:53:00,United Kingdom,2,At-Risk/Dormant Customers,270.4,977.1881188118812
13243,204,1,585.12,585.12,0,2011-05-20 13:14:00,2011-05-20 13:14:00,United Kingdom,2,At-Risk/Dormant Customers,585.12,585.12
13244,93,1,121.74,121.74,0,2011-09-08 11:46:00,2011-09-08 11:46:00,United Kingdom,2,At-Risk/Dormant Customers,121.74,121.74
13245,51,1,430.5,430.5,0,2011-10-20 11:40:00,2011-10-20 11:40:00,United Kingdom,0,Recent/Emerging Customers,430.5,430.5
13246,19,6,1961.52,326.92,312,2011-01-13 13:36:00,2011-11-21 16:50:00,United Kingdom,1,Loyal Customers,1961.52,2294.726923076923
13247,18,4,501.12,125.28,65,2011-09-18 11:31:00,2011-11-22 10:59:00,United Kingdom,0,Recent/Emerging Customers,501.12,2813.981538461538
13248,125,2,465.68,232.84,65,2011-06-03 13:05:00,2011-08-07 12:40:00,United Kingdom,2,At-Risk/Dormant Customers,465.68,2614.9723076923074
13249,93,3,711.41,237.13666666666663,169,2011-03-23 15:26:00,2011-09-08 13:26:00,United Kingdom,1,Loyal Customers,711.41,1536.4772189349112
13253,157,2,1030.4,515.2,183,2011-01-04 15:43:00,2011-07-06 10:09:00,United Kingdom,2,At-Risk/Dormant Customers,1030.4,2055.169398907104
13255,10,2,399.51,199.755,364,2010-12-01 11:58:00,2011-11-30 13:14:00,United Kingdom,0,Recent/Emerging Customers,399.51,400.6075549450549
13258,12,3,672.83,224.27666666666664,194,2011-05-18 13:11:00,2011-11-28 09:31:00,United Kingdom,0,Recent/Emerging Customers,672.83,1265.891494845361
13259,62,1,283.18,283.18,0,2011-10-09 10:48:00,2011-10-09 10:48:00,United Kingdom,2,At-Risk/Dormant Customers,283.18,283.18
13260,62,1,557.62,557.62,0,2011-10-09 13:21:00,2011-10-09 13:21:00,United Kingdom,2,At-Risk/Dormant Customers,557.62,557.62
13261,269,2,944.1,472.05,17,2011-02-27 10:41:00,2011-03-16 12:22:00,United Kingdom,2,At-Risk/Dormant Customers,944.1,944.1
13262,264,1,200.29,200.29,0,2011-03-21 15:06:00,2011-03-21 15:06:00,United Kingdom,2,At-Risk/Dormant Customers,200.29,200.29
13263,2,35,7436.93,212.48371428571429,324,2011-01-18 16:31:00,2011-12-08 13:59:00,United Kingdom,3,Champions,7436.93,8378.02299382716
13265,54,5,2092.66,418.532,220,2011-03-11 09:54:00,2011-10-17 15:02:00,United Kingdom,1,Loyal Customers,2092.66,3471.913181818182
13266,12,12,3834.26,319.52166666666665,245,2011-03-28 10:14:00,2011-11-28 14:39:00,United Kingdom,3,Champions,3834.26,5712.264897959184
13267,3,19,4521.49,237.97315789473683,364,2010-12-08 09:20:00,2011-12-07 11:12:00,United Kingdom,3,Champions,4521.49,4533.911675824175
13268,18,11,3174.75,288.6136363636364,250,2011-03-17 13:20:00,2011-11-22 11:51:00,United Kingdom,3,Champions,3174.75,4635.135
13269,2,15,5343.28,356.21866666666665,368,2010-12-05 11:51:00,2011-12-08 14:53:00,United Kingdom,3,Champions,5343.28,5299.720652173913
13270,367,1,590.0,590.0,0,2010-12-08 14:53:00,2010-12-08 14:53:00,United Kingdom,2,At-Risk/Dormant Customers,590.0,590.0
13271,38,1,211.49,211.49,0,2011-11-02 14:31:00,2011-11-02 14:31:00,United Kingdom,0,Recent/Emerging Customers,211.49,211.49
13272,32,2,276.56,138.28,58,2011-09-11 12:06:00,2011-11-08 14:00:00,United Kingdom,0,Recent/Emerging Customers,276.56,1740.4206896551725
13273,114,1,138.98,138.98,0,2011-08-18 14:02:00,2011-08-18 14:02:00,United Kingdom,2,At-Risk/Dormant Customers,138.98,138.98
13276,64,2,590.93,295.465,36,2011-09-01 10:03:00,2011-10-07 12:44:00,United Kingdom,0,Recent/Emerging Customers,590.93,5991.373611111111
13277,16,4,258.4,64.6,118,2011-07-29 10:06:00,2011-11-24 09:21:00,United Kingdom,0,Recent/Emerging Customers,258.4,799.2881355932203
13278,41,1,542.73,542.73,0,2011-10-30 11:49:00,2011-10-30 11:49:00,United Kingdom,0,Recent/Emerging Customers,542.73,542.73
13279,79,1,137.75,137.75,0,2011-09-22 17:24:00,2011-09-22 17:24:00,United Kingdom,2,At-Risk/Dormant Customers,137.75,137.75
13280,123,3,798.46,266.1533333333333,215,2011-01-06 17:10:00,2011-08-09 13:14:00,United Kingdom,1,Loyal Customers,798.46,1355.5251162790698
13282,19,3,1132.14,377.38,202,2011-05-03 12:03:00,2011-11-21 15:33:00,United Kingdom,1,Loyal Customers,1132.14,2045.6985148514855
13283,60,2,93.66,46.83,126,2011-06-07 12:39:00,2011-10-11 09:50:00,United Kingdom,2,At-Risk/Dormant Customers,93.66,271.31666666666666
13284,331,1,201.19,201.19,0,2011-01-13 09:23:00,2011-01-13 09:23:00,United Kingdom,2,At-Risk/Dormant Customers,201.19,201.19
13285,24,4,2709.12,677.28,267,2011-02-22 17:13:00,2011-11-16 13:19:00,United Kingdom,1,Loyal Customers,2709.12,3703.4786516853933
13291,156,1,361.11,361.11,0,2011-07-07 10:36:00,2011-07-07 10:36:00,United Kingdom,2,At-Risk/Dormant Customers,361.11,361.11
13292,39,2,578.94,289.47,246,2011-02-28 15:00:00,2011-11-01 10:04:00,United Kingdom,0,Recent/Emerging Customers,578.94,858.9963414634146
13294,190,2,873.74,436.87,60,2011-04-04 12:37:00,2011-06-03 08:54:00,United Kingdom,2,At-Risk/Dormant Customers,873.74,5315.251666666666
13295,360,1,201.2,201.2,0,2010-12-15 11:21:00,2010-12-15 11:21:00,United Kingdom,2,At-Risk/Dormant Customers,201.2,201.2
13296,138,1,87.4,87.4,0,2011-07-25 13:46:00,2011-07-25 13:46:00,United Kingdom,2,At-Risk/Dormant Customers,87.4,87.4
13297,8,4,2089.85,522.4625,60,2011-10-03 15:08:00,2011-12-02 09:32:00,United Kingdom,1,Loyal Customers,2089.85,12713.254166666666
13298,2,1,360.0,360.0,0,2011-12-08 13:11:00,2011-12-08 13:11:00,United Kingdom,0,Recent/Emerging Customers,360.0,360.0
13299,269,1,142.5,142.5,0,2011-03-16 12:55:00,2011-03-16 12:55:00,United Kingdom,2,At-Risk/Dormant Customers,142.5,142.5
13300,170,1,371.89,371.89,0,2011-06-23 13:09:00,2011-06-23 13:09:00,United Kingdom,2,At-Risk/Dormant Customers,371.89,371.89
13301,104,4,618.09,154.5225,189,2011-02-20 13:13:00,2011-08-28 11:25:00,United Kingdom,1,Loyal Customers,618.09,1193.665873015873
13302,156,1,63.75,63.75,0,2011-07-07 17:56:00,2011-07-07 17:56:00,United Kingdom,2,At-Risk/Dormant Customers,63.75,63.75
13304,352,1,300.42,300.42,0,2010-12-23 14:35:00,2010-12-23 14:35:00,United Kingdom,2,At-Risk/Dormant Customers,300.42,300.42
13305,5,10,2000.86,200.086,368,2010-12-02 12:10:00,2011-12-05 15:15:00,United Kingdom,3,Champions,2000.86,1984.5486413043477
13307,121,1,15.0,15.0,0,2011-08-11 17:14:00,2011-08-11 17:14:00,United Kingdom,2,At-Risk/Dormant Customers,15.0,15.0
13308,23,3,1385.51,461.83666666666664,181,2011-05-20 13:13:00,2011-11-17 09:31:00,United Kingdom,1,Loyal Customers,1385.51,2793.9842541436465
13309,8,5,1456.79,291.358,301,2011-02-04 12:29:00,2011-12-02 16:34:00,United Kingdom,3,Champions,1456.79,1766.5393687707642
13310,29,3,1132.03,377.3433333333333,296,2011-01-19 14:50:00,2011-11-11 17:23:00,United Kingdom,1,Loyal Customers,1132.03,1395.9153716216215
13311,5,2,598.57,299.285,146,2011-07-12 14:26:00,2011-12-05 12:55:00,United Kingdom,0,Recent/Emerging Customers,598.57,1496.4250000000002
13313,23,5,1555.32,311.064,317,2011-01-04 10:00:00,2011-11-17 16:48:00,United Kingdom,1,Loyal Customers,1555.32,1790.8258675078862
13314,2,3,775.94,258.64666666666665,72,2011-09-27 10:20:00,2011-12-08 12:29:00,United Kingdom,0,Recent/Emerging Customers,775.94,3933.584722222223
13316,38,4,5732.93,1433.2325,217,2011-03-30 13:01:00,2011-11-02 13:40:00,United Kingdom,1,Loyal Customers,5732.93,9642.946774193548
13317,67,6,2273.68,378.94666666666666,292,2010-12-16 09:22:00,2011-10-04 13:35:00,United Kingdom,1,Loyal Customers,2273.68,2842.1
13318,2,3,640.76,213.58666666666664,36,2011-11-02 13:26:00,2011-12-08 18:51:00,United Kingdom,0,Recent/Emerging Customers,640.76,6496.594444444445
13319,6,26,10845.55,417.13653846153846,360,2010-12-09 10:04:00,2011-12-04 13:34:00,United Kingdom,3,Champions,10845.55,10996.182638888888
13320,79,4,1532.2,383.05,135,2011-05-10 10:29:00,2011-09-22 18:07:00,United Kingdom,1,Loyal Customers,1532.2,4142.614814814815
13321,73,2,567.36,283.68,14,2011-09-14 15:18:00,2011-09-28 15:24:00,United Kingdom,2,At-Risk/Dormant Customers,567.36,567.36
13322,18,1,199.48,199.48,0,2011-11-22 14:21:00,2011-11-22 14:21:00,United Kingdom,0,Recent/Emerging Customers,199.48,199.48
13323,4,5,787.85,157.57,81,2011-09-16 13:23:00,2011-12-06 17:12:00,United Kingdom,0,Recent/Emerging Customers,787.85,3550.188271604938
13324,37,10,7121.95,712.195,324,2010-12-14 09:50:00,2011-11-03 16:28:00,United Kingdom,3,Champions,7121.95,8023.184413580246
13325,82,1,675.3,675.3,0,2011-09-19 10:36:00,2011-09-19 10:36:00,United Kingdom,2,At-Risk/Dormant Customers,675.3,675.3
13327,39,8,3627.77,453.47125,327,2010-12-09 15:32:00,2011-11-01 10:21:00,United Kingdom,1,Loyal Customers,3627.77,4049.345718654434
13328,317,1,1308.48,1308.48,0,2011-01-27 15:22:00,2011-01-27 15:22:00,United Kingdom,2,At-Risk/Dormant Customers,1308.48,1308.48
13329,32,2,789.0,394.5,335,2010-12-08 10:11:00,2011-11-08 10:29:00,United Kingdom,0,Recent/Emerging Customers,789.0,859.6567164179105
13330,93,3,1140.93,380.31,223,2011-01-28 10:08:00,2011-09-08 12:27:00,United Kingdom,1,Loyal Customers,1140.93,1867.441479820628
13332,15,1,350.9,350.9,0,2011-11-25 13:30:00,2011-11-25 13:30:00,United Kingdom,0,Recent/Emerging Customers,350.9,350.9
13334,83,3,3502.32,1167.44,223,2011-02-07 11:42:00,2011-09-18 15:21:00,United Kingdom,1,Loyal Customers,3502.32,5732.496860986547
13336,78,1,795.12,795.12,0,2011-09-23 14:05:00,2011-09-23 14:05:00,United Kingdom,2,At-Risk/Dormant Customers,795.12,795.12
13338,158,1,487.02,487.02,0,2011-07-05 09:06:00,2011-07-05 09:06:00,United Kingdom,2,At-Risk/Dormant Customers,487.02,487.02
13339,201,1,860.12,860.12,0,2011-05-23 08:31:00,2011-05-23 08:31:00,United Kingdom,2,At-Risk/Dormant Customers,860.12,860.12
13340,46,7,10736.48,1533.7828571428572,231,2011-03-08 11:39:00,2011-10-25 13:15:00,United Kingdom,3,Champions,10736.48,16964.567965367965
13341,261,1,775.85,775.85,0,2011-03-24 09:50:00,2011-03-24 09:50:00,United Kingdom,2,At-Risk/Dormant Customers,775.85,775.85
13343,178,1,353.43,353.43,0,2011-06-15 12:24:00,2011-06-15 12:24:00,United Kingdom,2,At-Risk/Dormant Customers,353.43,353.43
13344,68,3,2511.69,837.23,210,2011-03-07 10:28:00,2011-10-03 09:45:00,United Kingdom,1,Loyal Customers,2511.69,4365.556428571429
13345,288,1,389.5,389.5,0,2011-02-25 09:01:00,2011-02-25 09:01:00,United Kingdom,2,At-Risk/Dormant Customers,389.5,389.5
13347,71,1,341.36,341.36,0,2011-09-30 13:28:00,2011-09-30 13:28:00,United Kingdom,2,At-Risk/Dormant Customers,341.36,341.36
13348,65,1,233.76,233.76,0,2011-10-06 17:28:00,2011-10-06 17:28:00,United Kingdom,2,At-Risk/Dormant Customers,233.76,233.76
13349,11,1,247.32,247.32,0,2011-11-29 08:07:00,2011-11-29 08:07:00,United Kingdom,0,Recent/Emerging Customers,247.32,247.32
13350,17,2,979.12,489.56,63,2011-09-21 13:33:00,2011-11-23 16:33:00,United Kingdom,0,Recent/Emerging Customers,979.12,5672.679365079365
13351,67,1,373.94,373.94,0,2011-10-04 12:55:00,2011-10-04 12:55:00,United Kingdom,2,At-Risk/Dormant Customers,373.94,373.94
13352,61,1,397.98,397.98,0,2011-10-10 13:55:00,2011-10-10 13:55:00,United Kingdom,2,At-Risk/Dormant Customers,397.98,397.98
13354,72,1,743.53,743.53,0,2011-09-29 13:17:00,2011-09-29 13:17:00,United Kingdom,2,At-Risk/Dormant Customers,743.53,743.53
13355,123,1,674.7,674.7,0,2011-08-09 14:48:00,2011-08-09 14:48:00,United Kingdom,2,At-Risk/Dormant Customers,674.7,674.7
13356,81,1,768.24,768.24,0,2011-09-20 14:33:00,2011-09-20 14:33:00,United Kingdom,2,At-Risk/Dormant Customers,768.24,768.24
13357,258,1,609.4,609.4,0,2011-03-27 13:56:00,2011-03-27 13:56:00,United Kingdom,2,At-Risk/Dormant Customers,609.4,609.4
13358,269,1,439.03,439.03,0,2011-03-16 11:52:00,2011-03-16 11:52:00,United Kingdom,2,At-Risk/Dormant Customers,439.03,439.03
13359,64,1,439.56,439.56,0,2011-10-07 09:30:00,2011-10-07 09:30:00,United Kingdom,2,At-Risk/Dormant Customers,439.56,439.56
13362,10,4,3090.74,772.685,278,2011-02-25 11:33:00,2011-11-30 14:41:00,United Kingdom,3,Champions,3090.74,4057.9859712230214
13363,18,2,992.5,496.25,26,2011-10-27 10:46:00,2011-11-22 12:40:00,United Kingdom,0,Recent/Emerging Customers,992.5,992.5
13364,72,1,134.96,134.96,0,2011-09-29 18:13:00,2011-09-29 18:13:00,United Kingdom,2,At-Risk/Dormant Customers,134.96,134.96
13365,34,2,2225.37,1112.685,184,2011-05-06 12:00:00,2011-11-06 12:36:00,United Kingdom,1,Loyal Customers,2225.37,4414.456793478261
13366,51,1,56.16,56.16,0,2011-10-20 13:37:00,2011-10-20 13:37:00,United Kingdom,2,At-Risk/Dormant Customers,56.16,56.16
13368,257,2,623.4,311.7,81,2011-01-06 12:32:00,2011-03-28 09:59:00,United Kingdom,2,At-Risk/Dormant Customers,623.4,2809.148148148148
13369,366,1,308.28,308.28,0,2010-12-09 11:30:00,2010-12-09 11:30:00,United Kingdom,2,At-Risk/Dormant Customers,308.28,308.28
13370,372,1,754.87,754.87,0,2010-12-03 10:26:00,2010-12-03 10:26:00,United Kingdom,2,At-Risk/Dormant Customers,754.87,754.87
13372,90,1,378.64,378.64,0,2011-09-11 12:46:00,2011-09-11 12:46:00,United Kingdom,2,At-Risk/Dormant Customers,378.64,378.64
13373,61,3,3312.25,1104.0833333333333,216,2011-03-08 14:35:00,2011-10-10 10:51:00,United Kingdom,1,Loyal Customers,3312.25,5597.08912037037
13375,89,1,778.65,778.65,0,2011-09-12 10:19:00,2011-09-12 10:19:00,United Kingdom,2,At-Risk/Dormant Customers,778.65,778.65
13376,100,3,1019.76,339.92,135,2011-04-19 13:03:00,2011-09-01 16:16:00,United Kingdom,1,Loyal Customers,1019.76,2757.128888888889
13379,27,3,572.56,190.85333333333332,110,2011-07-26 12:26:00,2011-11-13 13:45:00,United Kingdom,0,Recent/Emerging Customers,572.56,1899.8581818181817
13381,32,6,3639.31,606.5516666666666,267,2011-02-14 10:10:00,2011-11-08 11:58:00,United Kingdom,1,Loyal Customers,3639.31,4975.08670411985
13382,281,1,222.99,222.99,0,2011-03-04 10:03:00,2011-03-04 10:03:00,United Kingdom,2,At-Risk/Dormant Customers,222.99,222.99
13384,31,7,4151.93,593.1328571428571,148,2011-06-14 12:47:00,2011-11-09 11:04:00,United Kingdom,3,Champions,4151.93,10239.557094594595
13385,330,1,534.57,534.57,0,2011-01-14 09:52:00,2011-01-14 09:52:00,United Kingdom,2,At-Risk/Dormant Customers,534.57,534.57
13388,132,2,677.1,338.55,0,2011-07-31 12:52:00,2011-07-31 12:52:00,United Kingdom,2,At-Risk/Dormant Customers,677.1,677.1
13389,12,3,797.96,265.9866666666666,221,2011-04-21 12:12:00,2011-11-28 14:01:00,United Kingdom,0,Recent/Emerging Customers,797.96,1317.897737556561
13390,75,1,544.08,544.08,0,2011-09-26 08:38:00,2011-09-26 08:38:00,United Kingdom,2,At-Risk/Dormant Customers,544.08,544.08
13391,204,1,59.8,59.8,0,2011-05-20 10:50:00,2011-05-20 10:50:00,United Kingdom,2,At-Risk/Dormant Customers,59.8,59.8
13394,2,8,2520.02,315.0025,308,2011-02-03 10:39:00,2011-12-08 11:36:00,United Kingdom,3,Champions,2520.02,2986.387337662338
13395,186,1,307.72,307.72,0,2011-06-07 15:04:00,2011-06-07 15:04:00,United Kingdom,2,At-Risk/Dormant Customers,307.72,307.72
13396,30,2,1360.99,680.495,290,2011-01-24 13:37:00,2011-11-10 16:59:00,United Kingdom,1,Loyal Customers,1360.99,1712.970172413793
13397,73,5,1544.13,308.826,267,2011-01-04 13:50:00,2011-09-28 10:56:00,United Kingdom,1,Loyal Customers,1544.13,2110.889325842697
13398,193,1,457.34,457.34,0,2011-05-31 13:17:00,2011-05-31 13:17:00,United Kingdom,2,At-Risk/Dormant Customers,457.34,457.34
13402,128,2,621.23,310.615,245,2010-12-02 17:12:00,2011-08-04 15:51:00,United Kingdom,2,At-Risk/Dormant Customers,621.23,925.505918367347
13403,18,1,75.0,75.0,0,2011-11-22 08:28:00,2011-11-22 08:28:00,United Kingdom,0,Recent/Emerging Customers,75.0,75.0
13404,2,2,252.49,126.245,211,2011-05-11 11:57:00,2011-12-08 15:37:00,United Kingdom,0,Recent/Emerging Customers,252.49,436.7718009478673
13405,75,3,572.45,190.81666666666663,243,2011-01-26 09:27:00,2011-09-26 17:01:00,United Kingdom,1,Loyal Customers,572.45,859.8528806584362
13408,2,62,28117.04,453.5006451612903,372,2010-12-01 10:39:00,2011-12-08 09:05:00,United Kingdom,3,Champions,28117.04,27587.955913978494
13410,25,5,1003.06,200.612,267,2011-02-21 14:38:00,2011-11-15 15:33:00,United Kingdom,1,Loyal Customers,1003.06,1371.2243445692884
13411,108,1,213.55,213.55,0,2011-08-24 13:57:00,2011-08-24 13:57:00,United Kingdom,2,At-Risk/Dormant Customers,213.55,213.55
13414,134,3,1390.5,463.5,163,2011-02-16 12:13:00,2011-07-29 11:45:00,United Kingdom,1,Loyal Customers,1390.5,3113.6963190184047
13416,44,2,712.5,356.25,38,2011-09-19 14:43:00,2011-10-27 08:56:00,United Kingdom,0,Recent/Emerging Customers,712.5,6843.75
13417,5,2,640.83,320.415,201,2011-05-18 16:26:00,2011-12-05 08:49:00,United Kingdom,0,Recent/Emerging Customers,640.83,1163.6962686567165
13418,12,18,6127.43,340.41277777777776,361,2010-12-02 10:45:00,2011-11-28 10:23:00,United Kingdom,3,Champions,6127.43,6195.323961218836
13419,64,1,221.06,221.06,0,2011-10-07 12:49:00,2011-10-07 12:49:00,United Kingdom,2,At-Risk/Dormant Customers,221.06,221.06
13420,150,2,159.85,79.925,21,2011-06-22 11:35:00,2011-07-13 08:48:00,United Kingdom,2,At-Risk/Dormant Customers,159.85,159.85
13421,41,2,1833.71,916.855,250,2011-02-22 15:46:00,2011-10-30 14:21:00,United Kingdom,1,Loyal Customers,1833.71,2677.2166
13422,65,1,2626.3,2626.3,0,2011-10-06 13:42:00,2011-10-06 13:42:00,United Kingdom,1,Loyal Customers,2626.3,2626.3
13425,109,3,1624.21,541.4033333333333,186,2011-02-18 08:34:00,2011-08-23 17:13:00,United Kingdom,1,Loyal Customers,1624.21,3187.2938172043014
13426,1,10,3641.32,364.132,359,2010-12-15 12:43:00,2011-12-09 08:59:00,United Kingdom,3,Champions,3641.32,3702.1777158774375
13427,20,3,582.6,194.2,196,2011-05-08 15:58:00,2011-11-20 13:02:00,United Kingdom,0,Recent/Emerging Customers,582.6,1084.9438775510205
13428,11,1,201.78,201.78,0,2011-11-29 14:20:00,2011-11-29 14:20:00,United Kingdom,0,Recent/Emerging Customers,201.78,201.78
13429,11,4,1006.8,251.7,65,2011-09-25 15:59:00,2011-11-29 09:10:00,United Kingdom,1,Loyal Customers,1006.8,5653.56923076923
13430,19,2,679.45,339.725,68,2011-09-14 14:26:00,2011-11-21 08:19:00,United Kingdom,0,Recent/Emerging Customers,679.45,3647.047794117647
13431,68,2,1269.1,634.55,21,2011-09-12 11:25:00,2011-10-03 13:49:00,United Kingdom,1,Loyal Customers,1269.1,1269.1
13434,75,2,534.24,267.12,22,2011-09-04 10:35:00,2011-09-26 14:30:00,United Kingdom,2,At-Risk/Dormant Customers,534.24,534.24
13435,6,7,3809.89,544.27,184,2011-06-03 17:07:00,2011-12-04 14:45:00,United Kingdom,3,Champions,3809.89,7557.66222826087
13436,2,1,196.89,196.89,0,2011-12-08 10:33:00,2011-12-08 10:33:00,United Kingdom,0,Recent/Emerging Customers,196.89,196.89
13437,15,7,3408.06,486.8657142857143,176,2011-06-02 14:30:00,2011-11-25 14:00:00,United Kingdom,3,Champions,3408.06,7067.851704545454
13439,256,1,283.71,283.71,0,2011-03-29 14:20:00,2011-03-29 14:20:00,United Kingdom,2,At-Risk/Dormant Customers,283.71,283.71
13441,92,1,296.64,296.64,0,2011-09-09 09:38:00,2011-09-09 09:38:00,United Kingdom,2,At-Risk/Dormant Customers,296.64,296.64
13447,24,3,1129.14,376.38,12,2011-11-04 10:10:00,2011-11-16 13:38:00,United Kingdom,1,Loyal Customers,1129.14,1129.14
13448,17,6,3534.69,589.115,357,2010-12-01 10:52:00,2011-11-23 12:33:00,United Kingdom,3,Champions,3534.69,3613.898739495798
13449,24,1,291.88,291.88,0,2011-11-16 08:28:00,2011-11-16 08:28:00,United Kingdom,0,Recent/Emerging Customers,291.88,291.88
13450,27,6,2043.72,340.62,192,2011-05-05 19:48:00,2011-11-13 11:54:00,United Kingdom,1,Loyal Customers,2043.72,3885.196875
13451,27,5,2898.26,579.652,308,2011-01-09 15:35:00,2011-11-13 15:58:00,United Kingdom,1,Loyal Customers,2898.26,3434.626298701299
13452,260,2,590.0,295.0,11,2011-03-14 11:38:00,2011-03-25 14:19:00,United Kingdom,2,At-Risk/Dormant Customers,590.0,590.0
13453,166,2,356.98,178.49,124,2011-02-23 09:44:00,2011-06-27 09:34:00,United Kingdom,2,At-Risk/Dormant Customers,356.98,1050.7879032258065
13455,25,2,1058.34,529.17,342,2010-12-08 13:11:00,2011-11-15 11:21:00,United Kingdom,0,Recent/Emerging Customers,1058.34,1129.5149122807015
13456,18,6,1766.72,294.4533333333333,190,2011-05-16 15:34:00,2011-11-22 09:18:00,United Kingdom,1,Loyal Customers,1766.72,3393.962105263158
13458,8,14,9646.57,689.0407142857143,352,2010-12-15 12:05:00,2011-12-02 15:29:00,United Kingdom,3,Champions,9646.57,10002.835369318182
13460,30,2,183.44,91.72,20,2011-10-21 09:50:00,2011-11-10 17:17:00,United Kingdom,0,Recent/Emerging Customers,183.44,183.44
13461,39,3,1445.0,481.66666666666663,125,2011-06-29 10:23:00,2011-11-01 09:01:00,United Kingdom,1,Loyal Customers,1445.0,4219.4
13462,253,1,151.5,151.5,0,2011-04-01 11:20:00,2011-04-01 11:20:00,United Kingdom,2,At-Risk/Dormant Customers,151.5,151.5
13464,59,1,674.68,674.68,0,2011-10-12 15:01:00,2011-10-12 15:01:00,United Kingdom,2,At-Risk/Dormant Customers,674.68,674.68
13466,185,1,307.9,307.9,0,2011-06-08 16:39:00,2011-06-08 16:39:00,United Kingdom,2,At-Risk/Dormant Customers,307.9,307.9
13467,11,2,1071.91,535.955,26,2011-11-03 16:56:00,2011-11-29 10:01:00,United Kingdom,0,Recent/Emerging Customers,1071.91,1071.91
13468,2,37,5704.97,154.18837837837836,372,2010-12-01 15:08:00,2011-12-08 10:39:00,United Kingdom,3,Champions,5704.97,5597.618413978495
13470,100,2,165.0,82.5,16,2011-08-16 17:06:00,2011-09-01 14:57:00,United Kingdom,2,At-Risk/Dormant Customers,165.0,165.0
13471,2,4,2501.84,625.46,46,2011-10-23 13:10:00,2011-12-08 15:44:00,United Kingdom,3,Champions,2501.84,19851.55652173913
13473,61,2,422.64,211.32,272,2011-01-11 08:45:00,2011-10-10 11:20:00,United Kingdom,2,At-Risk/Dormant Customers,422.64,567.1455882352941
13474,237,1,226.84,226.84,0,2011-04-17 13:53:00,2011-04-17 13:53:00,United Kingdom,2,At-Risk/Dormant Customers,226.84,226.84
13475,192,4,1431.78,357.945,107,2011-02-14 12:36:00,2011-06-01 13:52:00,United Kingdom,1,Loyal Customers,1431.78,4884.1093457943925
13476,179,2,1238.47,619.235,103,2011-03-03 14:43:00,2011-06-14 12:00:00,United Kingdom,1,Loyal Customers,1238.47,4388.752912621359
13477,38,6,1454.58,242.43,254,2011-02-21 12:29:00,2011-11-02 12:04:00,United Kingdom,1,Loyal Customers,1454.58,2090.2429133858263
13479,201,2,300.95,150.475,34,2011-04-19 11:27:00,2011-05-23 10:45:00,United Kingdom,2,At-Risk/Dormant Customers,300.95,3230.786764705882
13481,46,5,1804.56,360.912,211,2011-03-28 09:07:00,2011-10-25 09:07:00,United Kingdom,1,Loyal Customers,1804.56,3121.6322274881513
13482,233,1,184.64,184.64,0,2011-04-21 17:03:00,2011-04-21 17:03:00,United Kingdom,2,At-Risk/Dormant Customers,184.64,184.64
13483,66,1,140.34,140.34,0,2011-10-05 11:53:00,2011-10-05 11:53:00,United Kingdom,2,At-Risk/Dormant Customers,140.34,140.34
13484,242,1,313.8,313.8,0,2011-04-12 16:30:00,2011-04-12 16:30:00,United Kingdom,2,At-Risk/Dormant Customers,313.8,313.8
13485,234,1,454.24,454.24,0,2011-04-20 13:58:00,2011-04-20 13:58:00,United Kingdom,2,At-Risk/Dormant Customers,454.24,454.24
13486,79,3,1122.41,374.13666666666666,77,2011-07-07 17:19:00,2011-09-22 13:13:00,United Kingdom,1,Loyal Customers,1122.41,5320.514935064936
13487,58,3,575.4,191.8,296,2010-12-21 14:54:00,2011-10-13 12:07:00,United Kingdom,1,Loyal Customers,575.4,709.5304054054054
13488,18,13,8968.31,689.87,350,2010-12-07 13:01:00,2011-11-22 14:41:00,United Kingdom,3,Champions,8968.31,9352.666142857142
13489,106,4,449.52,112.38,189,2011-02-18 10:42:00,2011-08-26 13:16:00,United Kingdom,1,Loyal Customers,449.52,868.1206349206349
13491,52,10,1215.82,121.582,321,2010-12-02 14:30:00,2011-10-19 08:32:00,United Kingdom,1,Loyal Customers,1215.82,1382.4744548286603
13492,137,3,1269.84,423.28,78,2011-05-09 10:06:00,2011-07-26 14:25:00,Switzerland,1,Loyal Customers,1269.84,5942.2
13493,276,2,618.63,309.315,12,2011-02-25 16:42:00,2011-03-09 15:35:00,Switzerland,2,At-Risk/Dormant Customers,618.63,618.63
13494,312,1,316.26,316.26,0,2011-02-01 11:58:00,2011-02-01 11:58:00,United Kingdom,2,At-Risk/Dormant Customers,316.26,316.26
13495,8,5,2044.87,408.974,361,2010-12-06 15:14:00,2011-12-02 11:21:00,United Kingdom,3,Champions,2044.87,2067.5278393351796
13496,11,2,653.33,326.665,349,2010-12-15 10:17:00,2011-11-29 10:58:00,United Kingdom,0,Recent/Emerging Customers,653.33,683.2820916905443
13497,283,2,348.05,174.025,86,2010-12-06 11:37:00,2011-03-02 09:04:00,United Kingdom,2,At-Risk/Dormant Customers,348.05,1477.1889534883724
13499,18,5,1159.11,231.822,252,2011-03-15 08:52:00,2011-11-22 11:21:00,United Kingdom,1,Loyal Customers,1159.11,1678.8696428571427
13500,24,3,1166.77,388.9233333333333,99,2011-08-09 12:20:00,2011-11-16 15:35:00,United Kingdom,1,Loyal Customers,1166.77,4301.727777777778
13501,289,1,1340.32,1340.32,0,2011-02-24 18:59:00,2011-02-24 18:59:00,Switzerland,2,At-Risk/Dormant Customers,1340.32,1340.32
13502,17,3,292.0,97.33333333333331,307,2011-01-20 09:03:00,2011-11-23 10:39:00,United Kingdom,0,Recent/Emerging Customers,292.0,347.1661237785016
13503,72,1,216.85,216.85,0,2011-09-29 13:23:00,2011-09-29 13:23:00,United Kingdom,2,At-Risk/Dormant Customers,216.85,216.85
13504,65,1,295.93,295.93,0,2011-10-06 13:20:00,2011-10-06 13:20:00,United Kingdom,2,At-Risk/Dormant Customers,295.93,295.93
13505,73,4,4393.63,1098.4075,160,2011-04-21 12:07:00,2011-09-28 11:56:00,Switzerland,1,Loyal Customers,4393.63,10022.9684375
13506,317,2,458.52,229.26,53,2010-12-05 12:15:00,2011-01-27 13:53:00,United Kingdom,2,At-Risk/Dormant Customers,458.52,3157.732075471698
13507,4,4,2479.16,619.79,142,2011-07-17 11:50:00,2011-12-06 13:13:00,United Kingdom,3,Champions,2479.16,6372.488732394366
13508,244,1,110.97,110.97,0,2011-04-10 11:58:00,2011-04-10 11:58:00,United Kingdom,2,At-Risk/Dormant Customers,110.97,110.97
13509,9,7,979.72,139.96,276,2011-02-28 13:27:00,2011-12-01 10:10:00,United Kingdom,3,Champions,979.72,1295.644202898551
13510,2,4,1791.56,447.89,182,2011-06-09 09:32:00,2011-12-08 13:46:00,United Kingdom,3,Champions,1791.56,3592.9637362637363
13512,261,1,251.21,251.21,0,2011-03-24 10:03:00,2011-03-24 10:03:00,United Kingdom,2,At-Risk/Dormant Customers,251.21,251.21
13513,127,1,205.1,205.1,0,2011-08-05 11:50:00,2011-08-05 11:50:00,United Kingdom,2,At-Risk/Dormant Customers,205.1,205.1
13514,74,1,152.2,152.2,0,2011-09-27 09:39:00,2011-09-27 09:39:00,United Kingdom,2,At-Risk/Dormant Customers,152.2,152.2
13515,73,4,891.12,222.78,175,2011-04-06 10:33:00,2011-09-28 11:26:00,United Kingdom,1,Loyal Customers,891.12,1858.6217142857145
13516,22,3,1389.41,463.13666666666666,217,2011-04-15 11:06:00,2011-11-18 13:15:00,United Kingdom,1,Loyal Customers,1389.41,2337.0260368663594
13517,60,3,2128.42,709.4733333333332,120,2011-06-13 08:44:00,2011-10-11 11:43:00,United Kingdom,1,Loyal Customers,2128.42,6473.944166666666
13518,86,1,627.16,627.16,0,2011-09-15 10:29:00,2011-09-15 10:29:00,United Kingdom,2,At-Risk/Dormant Customers,627.16,627.16
13519,79,1,122.75,122.75,0,2011-09-22 18:24:00,2011-09-22 18:24:00,United Kingdom,2,At-Risk/Dormant Customers,122.75,122.75
13520,59,6,3624.35,604.0583333333333,313,2010-12-03 10:36:00,2011-10-12 10:20:00,Switzerland,1,Loyal Customers,3624.35,4226.478434504792
13521,2,3,1071.73,357.24333333333334,9,2011-11-29 15:09:00,2011-12-08 13:50:00,United Kingdom,0,Recent/Emerging Customers,1071.73,1071.73
13522,31,1,125.8,125.8,0,2011-11-09 15:11:00,2011-11-09 15:11:00,United Kingdom,0,Recent/Emerging Customers,125.8,125.8
13523,34,5,3964.88,792.976,333,2010-12-08 14:22:00,2011-11-06 15:11:00,United Kingdom,1,Loyal Customers,3964.88,4345.88948948949
13524,41,5,680.18,136.036,179,2011-05-04 12:26:00,2011-10-30 12:34:00,United Kingdom,1,Loyal Customers,680.18,1386.9592178770947
13525,15,2,628.78,314.39,234,2011-04-05 15:36:00,2011-11-25 12:01:00,United Kingdom,0,Recent/Emerging Customers,628.78,980.7893162393162
13527,34,7,2242.36,320.33714285714285,293,2011-01-17 11:17:00,2011-11-06 12:04:00,United Kingdom,1,Loyal Customers,2242.36,2793.3836177474404
13529,79,2,307.76,153.88,126,2011-05-19 11:50:00,2011-09-22 09:15:00,United Kingdom,2,At-Risk/Dormant Customers,307.76,891.5269841269841
13531,206,2,483.8,241.9,161,2010-12-08 15:03:00,2011-05-18 16:56:00,United Kingdom,2,At-Risk/Dormant Customers,483.8,1096.8136645962734
13532,34,1,210.31,210.31,0,2011-11-06 12:25:00,2011-11-06 12:25:00,United Kingdom,0,Recent/Emerging Customers,210.31,210.31
13533,183,3,269.09,89.69666666666666,85,2011-03-17 12:47:00,2011-06-10 11:54:00,United Kingdom,2,At-Risk/Dormant Customers,269.09,1155.5041176470586
13534,3,25,5870.08,234.8032,356,2010-12-16 15:23:00,2011-12-07 14:52:00,United Kingdom,3,Champions,5870.08,6018.480898876403
13536,2,7,3444.39,492.0557142857143,74,2011-09-25 13:30:00,2011-12-08 16:38:00,United Kingdom,3,Champions,3444.39,16989.220945945945
13538,44,7,1280.85,182.97857142857143,272,2011-01-28 10:40:00,2011-10-27 16:34:00,United Kingdom,1,Loyal Customers,1280.85,1718.787683823529
13539,86,3,631.34,210.44666666666663,224,2011-02-03 15:23:00,2011-09-15 10:18:00,United Kingdom,1,Loyal Customers,631.34,1028.7459821428572
13544,40,2,276.06,138.03,201,2011-04-13 12:09:00,2011-10-31 11:57:00,United Kingdom,0,Recent/Emerging Customers,276.06,501.30298507462686
13546,13,3,621.09,207.03,188,2011-05-23 12:14:00,2011-11-27 14:50:00,United Kingdom,0,Recent/Emerging Customers,621.09,1205.8396276595745
13548,97,2,678.16,339.08,147,2011-04-10 11:35:00,2011-09-04 14:50:00,United Kingdom,2,At-Risk/Dormant Customers,678.16,1683.8666666666666
13549,26,7,918.2,131.17142857142855,217,2011-04-11 13:42:00,2011-11-14 09:20:00,United Kingdom,1,Loyal Customers,918.2,1544.4377880184331
13551,320,1,91.8,91.8,0,2011-01-24 14:46:00,2011-01-24 14:46:00,United Kingdom,2,At-Risk/Dormant Customers,91.8,91.8
13552,67,12,3740.07,311.6725,249,2011-01-28 10:10:00,2011-10-04 15:19:00,United Kingdom,3,Champions,3740.07,5482.431927710843
13555,74,4,4098.88,1024.72,128,2011-05-22 11:06:00,2011-09-27 12:36:00,United Kingdom,1,Loyal Customers,4098.88,11688.2125
13557,29,2,584.06,292.03,252,2011-03-04 12:14:00,2011-11-11 15:24:00,United Kingdom,0,Recent/Emerging Customers,584.06,845.9599206349205
13558,6,4,594.52,148.63,63,2011-10-02 13:01:00,2011-12-04 11:24:00,United Kingdom,0,Recent/Emerging Customers,594.52,3444.44126984127
13560,8,1,171.42,171.42,0,2011-12-02 13:11:00,2011-12-02 13:11:00,United Kingdom,0,Recent/Emerging Customers,171.42,171.42
13561,216,1,141.86,141.86,0,2011-05-08 12:39:00,2011-05-08 12:39:00,United Kingdom,2,At-Risk/Dormant Customers,141.86,141.86
13562,82,3,1799.33,599.7766666666666,164,2011-04-08 12:42:00,2011-09-19 10:51:00,United Kingdom,1,Loyal Customers,1799.33,4004.6064024390244
13563,85,2,777.53,388.765,56,2011-07-22 17:21:00,2011-09-16 14:45:00,United Kingdom,1,Loyal Customers,777.53,5067.8294642857145
13564,145,3,1724.67,574.89,224,2010-12-06 17:26:00,2011-07-18 14:33:00,United Kingdom,1,Loyal Customers,1724.67,2810.2881696428576
13565,20,2,240.22,120.11,315,2011-01-09 14:28:00,2011-11-20 14:33:00,United Kingdom,0,Recent/Emerging Customers,240.22,278.35015873015874
13566,41,2,856.84,428.42,42,2011-09-18 12:40:00,2011-10-30 11:59:00,United Kingdom,1,Loyal Customers,856.84,7446.3476190476185
13568,174,1,187.05,187.05,0,2011-06-19 14:42:00,2011-06-19 14:42:00,United Kingdom,2,At-Risk/Dormant Customers,187.05,187.05
13569,18,2,338.62,169.31,350,2010-12-07 12:29:00,2011-11-22 13:07:00,United Kingdom,0,Recent/Emerging Customers,338.62,353.13228571428573
13570,244,1,239.49,239.49,0,2011-04-10 13:36:00,2011-04-10 13:36:00,United Kingdom,2,At-Risk/Dormant Customers,239.49,239.49
13571,13,12,2088.94,174.07833333333332,241,2011-03-31 12:43:00,2011-11-27 10:47:00,United Kingdom,3,Champions,2088.94,3163.747302904564
13572,206,1,1384.25,1384.25,0,2011-05-18 11:59:00,2011-05-18 11:59:00,United Kingdom,2,At-Risk/Dormant Customers,1384.25,1384.25
13573,51,2,290.25,145.125,203,2011-03-31 14:47:00,2011-10-20 14:33:00,United Kingdom,0,Recent/Emerging Customers,290.25,521.8780788177339
13575,24,5,732.07,146.414,153,2011-06-16 14:24:00,2011-11-16 13:14:00,United Kingdom,1,Loyal Customers,732.07,1746.441503267974
13576,11,18,6717.34,373.1855555555556,363,2010-12-01 17:24:00,2011-11-29 15:34:00,United Kingdom,3,Champions,6717.34,6754.350137741048
13577,26,4,1687.6,421.9,216,2011-04-12 10:33:00,2011-11-14 15:19:00,United Kingdom,1,Loyal Customers,1687.6,2851.7314814814813
13579,15,2,467.04,233.52,355,2010-12-05 16:10:00,2011-11-25 08:41:00,United Kingdom,0,Recent/Emerging Customers,467.04,480.1960563380282
13581,310,1,118.0,118.0,0,2011-02-03 14:41:00,2011-02-03 14:41:00,United Kingdom,2,At-Risk/Dormant Customers,118.0,118.0
13583,156,1,781.03,781.03,0,2011-07-07 10:40:00,2011-07-07 10:40:00,United Kingdom,2,At-Risk/Dormant Customers,781.03,781.03
13584,307,1,142.4,142.4,0,2011-02-06 12:49:00,2011-02-06 12:49:00,United Kingdom,2,At-Risk/Dormant Customers,142.4,142.4
13587,64,1,712.4,712.4,0,2011-10-07 12:31:00,2011-10-07 12:31:00,United Kingdom,2,At-Risk/Dormant Customers,712.4,712.4
13588,16,9,2478.95,275.43888888888887,240,2011-03-29 15:53:00,2011-11-24 10:42:00,United Kingdom,3,Champions,2478.95,3770.0697916666663
13589,15,2,379.65,189.825,165,2011-06-13 12:44:00,2011-11-25 12:10:00,United Kingdom,0,Recent/Emerging Customers,379.65,839.8318181818181
13590,12,6,1981.92,330.32,292,2011-02-09 13:25:00,2011-11-28 12:54:00,United Kingdom,3,Champions,1981.92,2477.4
13591,65,3,1117.13,372.37666666666667,202,2011-03-18 12:18:00,2011-10-06 12:26:00,United Kingdom,1,Loyal Customers,1117.13,2018.576485148515
13592,36,4,247.96,61.99,229,2011-03-20 14:01:00,2011-11-04 09:49:00,United Kingdom,0,Recent/Emerging Customers,247.96,395.22008733624455
13593,109,5,2011.88,402.376,228,2011-01-07 16:32:00,2011-08-23 13:35:00,United Kingdom,1,Loyal Customers,2011.88,3220.772807017544
13594,53,1,396.97,396.97,0,2011-10-18 10:19:00,2011-10-18 10:19:00,United Kingdom,2,At-Risk/Dormant Customers,396.97,396.97
13596,6,2,664.11,332.055,7,2011-11-27 11:57:00,2011-12-04 12:01:00,United Kingdom,0,Recent/Emerging Customers,664.11,664.11
13598,48,1,160.04,160.04,0,2011-10-23 14:28:00,2011-10-23 14:28:00,United Kingdom,2,At-Risk/Dormant Customers,160.04,160.04
13599,2,21,5149.92,245.23428571428568,365,2010-12-08 10:11:00,2011-12-08 16:10:00,United Kingdom,3,Champions,5149.92,5149.92
13600,313,1,219.52,219.52,0,2011-01-31 15:27:00,2011-01-31 15:27:00,United Kingdom,2,At-Risk/Dormant Customers,219.52,219.52
13601,46,2,693.32,346.66,166,2011-05-12 16:52:00,2011-10-25 17:31:00,United Kingdom,0,Recent/Emerging Customers,693.32,1524.4686746987952
13602,65,1,428.89,428.89,0,2011-10-06 11:47:00,2011-10-06 11:47:00,United Kingdom,2,At-Risk/Dormant Customers,428.89,428.89
13603,27,1,164.34,164.34,0,2011-11-13 15:57:00,2011-11-13 15:57:00,United Kingdom,0,Recent/Emerging Customers,164.34,164.34
13606,30,3,276.75,92.25,282,2011-02-01 11:42:00,2011-11-10 17:46:00,United Kingdom,0,Recent/Emerging Customers,276.75,358.20478723404256
13607,41,1,675.51,675.51,0,2011-10-30 16:17:00,2011-10-30 16:17:00,United Kingdom,0,Recent/Emerging Customers,675.51,675.51
13610,13,7,1082.33,154.6185714285714,273,2011-02-27 14:44:00,2011-11-27 15:38:00,United Kingdom,1,Loyal Customers,1082.33,1447.0712454212453
13611,90,3,1154.4,384.8,270,2010-12-15 10:31:00,2011-09-11 14:51:00,United Kingdom,1,Loyal Customers,1154.4,1560.577777777778
13614,25,4,1585.46,396.365,306,2011-01-13 12:37:00,2011-11-15 14:47:00,United Kingdom,1,Loyal Customers,1585.46,1891.1532679738561
13615,319,1,417.69,417.69,0,2011-01-25 08:21:00,2011-01-25 08:21:00,United Kingdom,2,At-Risk/Dormant Customers,417.69,417.69
13617,41,3,544.18,181.39333333333332,140,2011-06-12 12:55:00,2011-10-30 13:50:00,United Kingdom,1,Loyal Customers,544.18,1418.7549999999999
13618,174,1,177.34,177.34,0,2011-06-19 11:09:00,2011-06-19 11:09:00,United Kingdom,2,At-Risk/Dormant Customers,177.34,177.34
13621,117,1,213.85,213.85,0,2011-08-15 08:26:00,2011-08-15 08:26:00,United Kingdom,2,At-Risk/Dormant Customers,213.85,213.85
13623,31,5,727.74,145.548,267,2011-02-15 13:08:00,2011-11-09 12:00:00,United Kingdom,1,Loyal Customers,727.74,994.8505617977528
13626,253,1,257.23,257.23,0,2011-04-01 10:05:00,2011-04-01 10:05:00,United Kingdom,2,At-Risk/Dormant Customers,257.23,257.23
13627,60,5,1638.47,327.694,298,2010-12-17 09:52:00,2011-10-11 14:20:00,United Kingdom,1,Loyal Customers,1638.47,2006.8508389261747
13629,24,11,7792.36,708.3963636363636,315,2011-01-05 12:09:00,2011-11-16 13:21:00,United Kingdom,3,Champions,7792.36,9029.24253968254
13630,6,7,2031.78,290.2542857142857,280,2011-02-27 12:49:00,2011-12-04 15:16:00,United Kingdom,3,Champions,2031.78,2648.570357142857
13631,100,11,3070.42,279.1290909090909,168,2011-03-17 17:13:00,2011-09-01 09:57:00,United Kingdom,1,Loyal Customers,3070.42,6670.852976190476
13632,25,5,2118.93,423.786,219,2011-04-10 15:07:00,2011-11-15 10:51:00,United Kingdom,1,Loyal Customers,2118.93,3531.5499999999997
13634,34,5,1547.36,309.472,294,2011-01-16 15:30:00,2011-11-06 13:40:00,United Kingdom,1,Loyal Customers,1547.36,1921.042176870748
13635,68,1,1071.03,1071.03,0,2011-10-03 10:55:00,2011-10-03 10:55:00,United Kingdom,2,At-Risk/Dormant Customers,1071.03,1071.03
13636,37,5,949.12,189.824,249,2011-02-27 14:29:00,2011-11-03 10:30:00,United Kingdom,1,Loyal Customers,949.12,1391.2803212851406
13637,53,3,804.3,268.1,174,2011-04-27 13:06:00,2011-10-18 13:32:00,United Kingdom,1,Loyal Customers,804.3,1687.1810344827586
13638,16,1,122.64,122.64,0,2011-11-24 10:38:00,2011-11-24 10:38:00,United Kingdom,0,Recent/Emerging Customers,122.64,122.64
13639,75,1,1033.34,1033.34,0,2011-09-26 13:36:00,2011-09-26 13:36:00,United Kingdom,2,At-Risk/Dormant Customers,1033.34,1033.34
13642,216,1,312.28,312.28,0,2011-05-08 12:34:00,2011-05-08 12:34:00,United Kingdom,2,At-Risk/Dormant Customers,312.28,312.28
13643,32,3,519.44,173.14666666666665,154,2011-06-07 11:40:00,2011-11-08 15:37:00,United Kingdom,0,Recent/Emerging Customers,519.44,1231.14025974026
13644,17,4,2624.26,656.065,89,2011-08-26 11:53:00,2011-11-23 14:07:00,United Kingdom,1,Loyal Customers,2624.26,10762.414606741573
13645,121,1,252.1,252.1,0,2011-08-11 16:11:00,2011-08-11 16:11:00,United Kingdom,2,At-Risk/Dormant Customers,252.1,252.1
13647,10,4,1648.12,412.03,225,2011-04-19 09:49:00,2011-11-30 12:00:00,United Kingdom,1,Loyal Customers,1648.12,2673.6168888888888
13649,257,2,346.6,173.3,110,2010-12-08 14:46:00,2011-03-28 11:51:00,United Kingdom,2,At-Risk/Dormant Customers,346.6,1150.0818181818183
13650,17,6,1836.34,306.0566666666666,251,2011-03-17 12:37:00,2011-11-23 12:22:00,United Kingdom,1,Loyal Customers,1836.34,2670.374900398406
13651,36,2,94.2,47.1,4,2011-10-31 12:11:00,2011-11-04 14:59:00,United Kingdom,0,Recent/Emerging Customers,94.2,94.2
13652,46,3,1095.08,365.02666666666664,323,2010-12-06 09:21:00,2011-10-25 08:51:00,United Kingdom,1,Loyal Customers,1095.08,1237.4743034055725
13654,44,6,2707.33,451.22166666666664,230,2011-03-11 12:54:00,2011-10-27 16:24:00,United Kingdom,1,Loyal Customers,2707.33,4296.415
13655,115,2,932.97,466.485,127,2011-04-12 09:53:00,2011-08-17 14:25:00,United Kingdom,1,Loyal Customers,932.97,2681.370472440945
13656,165,2,379.65,189.825,173,2011-01-06 15:42:00,2011-06-28 10:31:00,United Kingdom,2,At-Risk/Dormant Customers,379.65,800.9956647398843
13657,11,2,382.14,191.07,191,2011-05-22 12:35:00,2011-11-29 12:32:00,United Kingdom,0,Recent/Emerging Customers,382.14,730.2675392670156
13658,10,5,2639.17,527.834,195,2011-05-19 17:15:00,2011-11-30 10:13:00,United Kingdom,3,Champions,2639.17,4939.984871794872
13659,206,2,1563.0,781.5,115,2011-01-23 12:08:00,2011-05-18 12:37:00,United Kingdom,1,Loyal Customers,1563.0,4960.826086956522
13662,86,3,881.26,293.75333333333333,174,2011-03-25 13:23:00,2011-09-15 12:04:00,United Kingdom,1,Loyal Customers,881.26,1848.6201149425287
13663,180,1,189.47,189.47,0,2011-06-13 15:44:00,2011-06-13 15:44:00,United Kingdom,2,At-Risk/Dormant Customers,189.47,189.47
13666,61,3,84.65,28.216666666666665,227,2011-02-25 13:05:00,2011-10-10 15:39:00,United Kingdom,2,At-Risk/Dormant Customers,84.65,136.11123348017622
13667,150,1,299.05,299.05,0,2011-07-13 15:42:00,2011-07-13 15:42:00,United Kingdom,2,At-Risk/Dormant Customers,299.05,299.05
13668,3,21,6309.83,300.46809523809526,360,2010-12-12 12:35:00,2011-12-07 12:11:00,United Kingdom,3,Champions,6309.83,6397.466527777778
13669,51,2,218.55,109.275,99,2011-07-13 11:44:00,2011-10-20 09:32:00,United Kingdom,0,Recent/Emerging Customers,218.55,805.7651515151515
13670,76,1,349.7,349.7,0,2011-09-25 15:25:00,2011-09-25 15:25:00,United Kingdom,2,At-Risk/Dormant Customers,349.7,349.7
13672,302,2,186.39,93.195,31,2011-01-11 13:54:00,2011-02-11 13:53:00,United Kingdom,2,At-Risk/Dormant Customers,186.39,2194.5919354838707
13673,19,2,387.44,193.72,14,2011-11-07 15:40:00,2011-11-21 12:11:00,United Kingdom,0,Recent/Emerging Customers,387.44,387.44
13675,152,2,486.82,243.41,133,2011-02-28 12:14:00,2011-07-11 12:57:00,United Kingdom,2,At-Risk/Dormant Customers,486.82,1336.00977443609
13678,152,1,232.6,232.6,0,2011-07-11 10:14:00,2011-07-11 10:14:00,United Kingdom,2,At-Risk/Dormant Customers,232.6,232.6
13680,2,4,3719.12,929.78,338,2011-01-04 14:12:00,2011-12-08 13:47:00,United Kingdom,3,Champions,3719.12,4016.2094674556215
13681,18,4,827.83,206.9575,138,2011-07-07 15:21:00,2011-11-22 11:13:00,United Kingdom,1,Loyal Customers,827.83,2189.550362318841
13682,188,1,59.5,59.5,0,2011-06-05 14:06:00,2011-06-05 14:06:00,United Kingdom,2,At-Risk/Dormant Customers,59.5,59.5
13684,286,1,65.13,65.13,0,2011-02-27 10:13:00,2011-02-27 10:13:00,United Kingdom,2,At-Risk/Dormant Customers,65.13,65.13
13685,3,7,3119.44,445.6342857142857,58,2011-10-10 12:59:00,2011-12-07 11:41:00,United Kingdom,3,Champions,3119.44,19630.958620689657
13686,183,1,72.0,72.0,0,2011-06-10 09:10:00,2011-06-10 09:10:00,United Kingdom,2,At-Risk/Dormant Customers,72.0,72.0
13689,64,1,910.0,910.0,0,2011-10-07 13:21:00,2011-10-07 13:21:00,United Kingdom,2,At-Risk/Dormant Customers,910.0,910.0
13690,60,1,172.25,172.25,0,2011-10-11 15:03:00,2011-10-11 15:03:00,United Kingdom,2,At-Risk/Dormant Customers,172.25,172.25
13692,25,3,1488.32,496.1066666666666,212,2011-04-17 12:57:00,2011-11-15 11:17:00,United Kingdom,1,Loyal Customers,1488.32,2562.4377358490565
13694,4,50,65039.62,1300.7924,370,2010-12-01 12:12:00,2011-12-06 09:32:00,United Kingdom,3,Champions,65039.62,64160.70621621622
13695,32,15,2504.13,166.942,228,2011-03-25 11:31:00,2011-11-08 14:26:00,United Kingdom,3,Champions,2504.13,4008.804605263158
13697,39,1,151.3,151.3,0,2011-11-01 09:14:00,2011-11-01 09:14:00,United Kingdom,0,Recent/Emerging Customers,151.3,151.3
13699,156,1,308.58,308.58,0,2011-07-07 16:51:00,2011-07-07 16:51:00,United Kingdom,2,At-Risk/Dormant Customers,308.58,308.58
13700,27,10,2248.63,224.863,301,2011-01-16 13:18:00,2011-11-13 13:00:00,United Kingdom,3,Champions,2248.63,2726.744019933555
13703,319,1,99.5,99.5,0,2011-01-25 13:10:00,2011-01-25 13:10:00,United Kingdom,2,At-Risk/Dormant Customers,99.5,99.5
13704,6,9,2308.06,256.4511111111111,83,2011-09-12 14:40:00,2011-12-04 15:13:00,United Kingdom,3,Champions,2308.06,10149.902409638553
13705,8,3,711.86,237.28666666666663,366,2010-12-01 10:29:00,2011-12-02 12:32:00,United Kingdom,0,Recent/Emerging Customers,711.86,709.9150273224044
13706,303,1,330.79,330.79,0,2011-02-10 09:21:00,2011-02-10 09:21:00,United Kingdom,2,At-Risk/Dormant Customers,330.79,330.79
13707,268,2,806.41,403.205,48,2011-01-28 13:27:00,2011-03-17 18:03:00,United Kingdom,2,At-Risk/Dormant Customers,806.41,6132.076041666666
13708,272,1,285.33,285.33,0,2011-03-13 13:46:00,2011-03-13 13:46:00,United Kingdom,2,At-Risk/Dormant Customers,285.33,285.33
13709,4,13,6307.65,485.20384615384614,312,2011-01-28 14:57:00,2011-12-06 10:28:00,United Kingdom,3,Champions,6307.65,7379.141826923077
13710,32,1,180.48,180.48,0,2011-11-08 08:16:00,2011-11-08 08:16:00,United Kingdom,0,Recent/Emerging Customers,180.48,180.48
13711,219,2,252.06,126.03,0,2011-05-05 10:29:00,2011-05-05 10:31:00,United Kingdom,2,At-Risk/Dormant Customers,252.06,252.06
13712,247,1,228.84,228.84,0,2011-04-07 12:33:00,2011-04-07 12:33:00,United Kingdom,2,At-Risk/Dormant Customers,228.84,228.84
13715,282,5,1077.39,215.478,91,2010-12-02 08:52:00,2011-03-03 19:21:00,United Kingdom,1,Loyal Customers,1077.39,4321.399450549451
13716,270,1,138.28,138.28,0,2011-03-15 13:49:00,2011-03-15 13:49:00,United Kingdom,2,At-Risk/Dormant Customers,138.28,138.28
13717,33,6,1445.01,240.835,266,2011-02-14 13:21:00,2011-11-07 14:13:00,United Kingdom,1,Loyal Customers,1445.01,1982.8144736842105
13718,247,2,306.55,153.275,49,2011-02-17 11:58:00,2011-04-07 13:24:00,United Kingdom,2,At-Risk/Dormant Customers,306.55,2283.4846938775513
13719,16,5,1041.68,208.336,219,2011-04-19 13:56:00,2011-11-24 15:26:00,United Kingdom,1,Loyal Customers,1041.68,1736.1333333333334
13720,117,4,799.9,199.975,138,2011-03-30 09:17:00,2011-08-15 12:46:00,United Kingdom,1,Loyal Customers,799.9,2115.677536231884
13721,37,1,524.14,524.14,0,2011-11-03 14:05:00,2011-11-03 14:05:00,United Kingdom,0,Recent/Emerging Customers,524.14,524.14
13722,132,3,2375.41,791.8033333333333,151,2011-03-02 11:43:00,2011-07-31 12:44:00,United Kingdom,1,Loyal Customers,2375.41,5741.885099337748
13723,218,1,199.85,199.85,0,2011-05-06 17:04:00,2011-05-06 17:04:00,United Kingdom,2,At-Risk/Dormant Customers,199.85,199.85
13725,50,8,1980.56,247.57,259,2011-02-04 12:18:00,2011-10-21 10:03:00,United Kingdom,1,Loyal Customers,1980.56,2791.13667953668
13726,39,2,1079.66,539.83,62,2011-08-31 11:06:00,2011-11-01 10:49:00,United Kingdom,1,Loyal Customers,1079.66,6356.062903225807
13727,29,2,333.48,166.74,5,2011-11-06 12:16:00,2011-11-11 09:46:00,United Kingdom,0,Recent/Emerging Customers,333.48,333.48
13728,37,6,1016.14,169.35666666666665,274,2011-02-02 12:09:00,2011-11-03 10:49:00,United Kingdom,1,Loyal Customers,1016.14,1353.6171532846715
13730,136,2,752.6,376.3,26,2011-07-01 12:47:00,2011-07-27 08:35:00,United Kingdom,2,At-Risk/Dormant Customers,752.6,752.6
13731,220,2,610.59,305.295,27,2011-04-07 10:10:00,2011-05-04 14:33:00,United Kingdom,2,At-Risk/Dormant Customers,610.59,610.59
13732,29,1,491.86,491.86,0,2011-11-11 15:49:00,2011-11-11 15:49:00,United Kingdom,0,Recent/Emerging Customers,491.86,491.86
13735,25,4,2883.54,720.885,210,2011-04-19 13:49:00,2011-11-15 11:14:00,United Kingdom,1,Loyal Customers,2883.54,5011.867142857143
13736,6,2,729.8,364.9,255,2011-03-24 13:04:00,2011-12-04 15:19:00,United Kingdom,0,Recent/Emerging Customers,729.8,1044.6156862745097
13737,201,1,339.6,339.6,0,2011-05-23 16:32:00,2011-05-23 16:32:00,United Kingdom,2,At-Risk/Dormant Customers,339.6,339.6
13739,19,1,216.9,216.9,0,2011-11-21 13:35:00,2011-11-21 13:35:00,United Kingdom,0,Recent/Emerging Customers,216.9,216.9
13740,241,1,350.75,350.75,0,2011-04-13 10:32:00,2011-04-13 10:32:00,United Kingdom,2,At-Risk/Dormant Customers,350.75,350.75
13741,72,3,668.43,222.81,146,2011-05-06 13:43:00,2011-09-29 09:19:00,United Kingdom,1,Loyal Customers,668.43,1671.0749999999998
13742,17,12,3107.87,258.9891666666666,304,2011-01-23 14:59:00,2011-11-23 11:07:00,United Kingdom,3,Champions,3107.87,3731.488651315789
13743,3,7,1341.6,191.65714285714284,257,2011-03-25 14:46:00,2011-12-07 10:09:00,United Kingdom,3,Champions,1341.6,1905.385214007782
13744,96,2,1080.52,540.26,197,2011-02-20 14:08:00,2011-09-05 15:19:00,United Kingdom,1,Loyal Customers,1080.52,2001.9786802030455
13745,163,1,300.04,300.04,0,2011-06-30 16:43:00,2011-06-30 16:43:00,United Kingdom,2,At-Risk/Dormant Customers,300.04,300.04
13747,374,1,79.6,79.6,0,2010-12-01 10:37:00,2010-12-01 10:37:00,United Kingdom,2,At-Risk/Dormant Customers,79.6,79.6
13748,96,5,948.25,189.65,278,2010-12-01 09:00:00,2011-09-05 09:45:00,United Kingdom,1,Loyal Customers,948.25,1245.0044964028777
13750,54,5,1647.26,329.452,283,2011-01-07 11:49:00,2011-10-17 12:16:00,United Kingdom,1,Loyal Customers,1647.26,2124.557950530035
13751,289,1,296.25,296.25,0,2011-02-24 15:56:00,2011-02-24 15:56:00,United Kingdom,2,At-Risk/Dormant Customers,296.25,296.25
13752,125,6,1175.38,195.89666666666665,122,2011-04-07 12:04:00,2011-08-07 14:16:00,United Kingdom,1,Loyal Customers,1175.38,3516.5057377049184
13753,288,1,741.26,741.26,0,2011-02-25 12:48:00,2011-02-25 12:48:00,United Kingdom,2,At-Risk/Dormant Customers,741.26,741.26
13754,152,2,282.6,141.3,166,2011-01-26 14:58:00,2011-07-11 11:51:00,United Kingdom,2,At-Risk/Dormant Customers,282.6,621.3795180722891
13755,4,9,2108.06,234.2288888888889,60,2011-10-07 15:45:00,2011-12-06 12:26:00,United Kingdom,3,Champions,2108.06,12824.031666666666
13756,3,14,5189.52,370.68,365,2010-12-07 11:41:00,2011-12-07 16:44:00,United Kingdom,3,Champions,5189.52,5189.52
13758,12,7,3190.55,455.79285714285714,362,2010-12-01 12:08:00,2011-11-28 11:11:00,United Kingdom,3,Champions,3190.55,3216.991022099448
13759,34,2,659.41,329.705,38,2011-09-29 15:40:00,2011-11-06 14:47:00,United Kingdom,0,Recent/Emerging Customers,659.41,6333.806578947368
13760,55,2,286.79,143.395,202,2011-03-28 12:52:00,2011-10-16 16:13:00,United Kingdom,0,Recent/Emerging Customers,286.79,518.2096534653466
13761,51,2,1070.65,535.325,129,2011-06-13 08:43:00,2011-10-20 14:01:00,United Kingdom,1,Loyal Customers,1070.65,3029.3585271317834
13762,219,1,306.72,306.72,0,2011-05-05 09:15:00,2011-05-05 09:15:00,United Kingdom,2,At-Risk/Dormant Customers,306.72,306.72
13763,64,1,1714.96,1714.96,0,2011-10-07 15:13:00,2011-10-07 15:13:00,United Kingdom,1,Loyal Customers,1714.96,1714.96
13764,71,3,1519.42,506.4733333333333,267,2011-01-06 14:53:00,2011-09-30 12:03:00,United Kingdom,1,Loyal Customers,1519.42,2077.1097378277154
13767,3,37,17220.36,465.41513513513513,371,2010-12-01 10:47:00,2011-12-07 15:00:00,United Kingdom,3,Champions,17220.36,16941.86361185984
13769,3,10,2796.51,279.651,365,2010-12-07 13:28:00,2011-12-07 15:08:00,United Kingdom,3,Champions,2796.51,2796.51
13771,65,4,2634.45,658.6125,183,2011-04-06 15:47:00,2011-10-06 14:18:00,United Kingdom,1,Loyal Customers,2634.45,5254.504098360655
13772,34,3,1122.63,374.21,206,2011-04-14 12:31:00,2011-11-06 11:43:00,United Kingdom,1,Loyal Customers,1122.63,1989.1259708737866
13774,82,1,345.0,345.0,0,2011-09-19 12:06:00,2011-09-19 12:06:00,United Kingdom,2,At-Risk/Dormant Customers,345.0,345.0
13777,1,33,25977.16,787.1866666666666,373,2010-12-01 16:01:00,2011-12-09 12:25:00,United Kingdom,3,Champions,25977.16,25420.0091152815
13778,104,1,178.7,178.7,0,2011-08-28 15:25:00,2011-08-28 15:25:00,United Kingdom,2,At-Risk/Dormant Customers,178.7,178.7
13780,8,2,360.01,180.005,163,2011-06-22 11:43:00,2011-12-02 13:49:00,United Kingdom,0,Recent/Emerging Customers,360.01,806.1573619631902
13781,251,1,127.84,127.84,0,2011-04-03 12:08:00,2011-04-03 12:08:00,United Kingdom,2,At-Risk/Dormant Customers,127.84,127.84
13782,13,6,908.86,151.47666666666666,315,2011-01-16 11:08:00,2011-11-27 11:54:00,United Kingdom,1,Loyal Customers,908.86,1053.1234920634922
13784,10,11,2462.79,223.89,323,2011-01-11 14:38:00,2011-11-30 09:33:00,United Kingdom,3,Champions,2462.79,2783.028947368421
13786,368,1,230.4,230.4,0,2010-12-07 13:53:00,2010-12-07 13:53:00,United Kingdom,2,At-Risk/Dormant Customers,230.4,230.4
13787,76,2,309.04,154.52,289,2010-12-10 14:45:00,2011-09-25 12:06:00,United Kingdom,2,At-Risk/Dormant Customers,309.04,390.31003460207614
13790,5,1,348.8,348.8,0,2011-12-05 15:48:00,2011-12-05 15:48:00,United Kingdom,0,Recent/Emerging Customers,348.8,348.8
13791,128,2,1516.0,758.0,41,2011-06-24 16:38:00,2011-08-04 11:44:00,United Kingdom,1,Loyal Customers,1516.0,13496.09756097561
13792,67,2,195.55,97.775,221,2011-02-25 14:03:00,2011-10-04 14:31:00,United Kingdom,2,At-Risk/Dormant Customers,195.55,322.96719457013575
13798,2,57,37153.85,651.8219298245615,371,2010-12-02 17:24:00,2011-12-08 15:51:00,United Kingdom,3,Champions,37153.85,36552.97911051213
13799,117,2,688.86,344.43,178,2011-02-18 14:18:00,2011-08-15 12:07:00,United Kingdom,2,At-Risk/Dormant Customers,688.86,1412.55
13800,310,1,558.32,558.32,0,2011-02-03 12:27:00,2011-02-03 12:27:00,United Kingdom,2,At-Risk/Dormant Customers,558.32,558.32
13801,67,1,324.8,324.8,0,2011-10-04 10:15:00,2011-10-04 10:15:00,United Kingdom,2,At-Risk/Dormant Customers,324.8,324.8
13802,139,3,4599.42,1533.14,173,2011-02-01 12:03:00,2011-07-24 10:54:00,United Kingdom,1,Loyal Customers,4599.42,9703.978612716763
13803,256,1,277.07,277.07,0,2011-03-29 12:57:00,2011-03-29 12:57:00,United Kingdom,2,At-Risk/Dormant Customers,277.07,277.07
13804,31,7,2588.39,369.77,259,2011-02-23 09:09:00,2011-11-09 12:32:00,United Kingdom,1,Loyal Customers,2588.39,3647.731081081081
13805,53,2,924.6,462.3,77,2011-08-02 15:29:00,2011-10-18 14:50:00,United Kingdom,1,Loyal Customers,924.6,4382.844155844156
13806,64,1,256.38,256.38,0,2011-10-07 11:43:00,2011-10-07 11:43:00,United Kingdom,2,At-Risk/Dormant Customers,256.38,256.38
13807,368,1,112.6,112.6,0,2010-12-07 15:48:00,2010-12-07 15:48:00,United Kingdom,2,At-Risk/Dormant Customers,112.6,112.6
13808,6,5,1747.66,349.532,91,2011-09-04 12:07:00,2011-12-04 12:18:00,United Kingdom,3,Champions,1747.66,7009.845054945055
13809,306,1,155.05,155.05,0,2011-02-07 13:15:00,2011-02-07 13:15:00,Cyprus,2,At-Risk/Dormant Customers,155.05,155.05
13810,29,3,1499.01,499.67,28,2011-10-14 12:57:00,2011-11-11 08:33:00,Germany,1,Loyal Customers,1499.01,1499.01
13811,184,3,814.5,271.5,56,2011-04-14 18:40:00,2011-06-09 09:54:00,Germany,1,Loyal Customers,814.5,5308.794642857143
13812,43,3,539.0,179.66666666666666,63,2011-08-26 12:54:00,2011-10-28 14:27:00,Germany,1,Loyal Customers,539.0,3122.777777777778
13813,40,4,1366.86,341.715,95,2011-07-28 10:33:00,2011-10-31 10:38:00,Germany,1,Loyal Customers,1366.86,5251.62
13814,93,2,1579.12,789.56,45,2011-07-25 13:54:00,2011-09-08 13:48:00,Germany,1,Loyal Customers,1579.12,12808.417777777777
13815,23,4,4027.36,1006.84,296,2011-01-25 12:16:00,2011-11-17 14:19:00,Germany,1,Loyal Customers,4027.36,4966.1702702702705
13816,24,2,571.67,285.835,41,2011-10-06 14:37:00,2011-11-16 08:38:00,Germany,0,Recent/Emerging Customers,571.67,5089.25731707317
13817,30,2,382.98,191.49,322,2010-12-23 11:46:00,2011-11-10 17:49:00,Germany,0,Recent/Emerging Customers,382.98,434.1232919254659
13819,302,3,1140.35,380.1166666666666,18,2011-01-24 10:38:00,2011-02-11 10:38:00,United Kingdom,1,Loyal Customers,1140.35,1140.35
13821,145,2,385.64,192.82,117,2011-03-23 11:30:00,2011-07-18 09:49:00,United Kingdom,2,At-Risk/Dormant Customers,385.64,1203.0649572649572
13822,6,2,632.0,316.0,35,2011-10-30 15:55:00,2011-12-04 12:13:00,United Kingdom,0,Recent/Emerging Customers,632.0,6590.857142857143
13823,19,2,957.66,478.83,73,2011-09-09 10:42:00,2011-11-21 10:22:00,United Kingdom,0,Recent/Emerging Customers,957.66,4788.3
13824,33,5,1698.94,339.788,278,2011-02-02 13:07:00,2011-11-07 12:41:00,United Kingdom,1,Loyal Customers,1698.94,2230.6226618705036
13826,177,1,189.5,189.5,0,2011-06-16 13:48:00,2011-06-16 13:48:00,United Kingdom,2,At-Risk/Dormant Customers,189.5,189.5
13827,58,3,409.8,136.6,86,2011-07-19 15:38:00,2011-10-13 12:38:00,United Kingdom,0,Recent/Emerging Customers,409.8,1739.2674418604654
13828,23,1,209.49,209.49,0,2011-11-17 16:02:00,2011-11-17 16:02:00,United Kingdom,0,Recent/Emerging Customers,209.49,209.49
13831,17,6,2198.45,366.4083333333333,353,2010-12-05 12:13:00,2011-11-23 15:41:00,United Kingdom,1,Loyal Customers,2198.45,2273.184844192634
13832,20,1,52.2,52.2,0,2011-11-20 15:36:00,2011-11-20 15:36:00,United Kingdom,0,Recent/Emerging Customers,52.2,52.2
13833,160,1,383.85,383.85,0,2011-07-03 13:27:00,2011-07-03 13:27:00,United Kingdom,2,At-Risk/Dormant Customers,383.85,383.85
13835,26,4,834.57,208.6425,190,2011-05-08 15:22:00,2011-11-14 15:37:00,United Kingdom,1,Loyal Customers,834.57,1603.252894736842
13837,212,2,266.59,133.295,106,2011-01-26 12:15:00,2011-05-12 12:10:00,United Kingdom,2,At-Risk/Dormant Customers,266.59,917.9749999999999
13838,6,4,674.82,168.705,364,2010-12-05 10:45:00,2011-12-04 11:00:00,United Kingdom,0,Recent/Emerging Customers,674.82,676.6739010989012
13841,253,1,85.0,85.0,0,2011-04-01 12:10:00,2011-04-01 12:10:00,United Kingdom,2,At-Risk/Dormant Customers,85.0,85.0
13842,59,9,3385.62,376.18,308,2010-12-08 10:39:00,2011-10-12 10:51:00,United Kingdom,1,Loyal Customers,3385.62,4012.1795454545454
13844,12,1,361.62,361.62,0,2011-11-28 13:21:00,2011-11-28 13:21:00,United Kingdom,0,Recent/Emerging Customers,361.62,361.62
13845,65,1,312.98,312.98,0,2011-10-06 08:25:00,2011-10-06 08:25:00,United Kingdom,2,At-Risk/Dormant Customers,312.98,312.98
13846,25,3,865.06,288.3533333333333,336,2010-12-14 16:07:00,2011-11-15 12:07:00,United Kingdom,1,Loyal Customers,865.06,939.7229166666665
13848,93,3,1255.0,418.33333333333326,274,2010-12-08 15:10:00,2011-09-08 12:58:00,United Kingdom,1,Loyal Customers,1255.0,1671.8065693430658
13849,52,2,1537.95,768.975,119,2011-06-22 10:11:00,2011-10-19 10:59:00,United Kingdom,1,Loyal Customers,1537.95,4717.241596638656
13850,130,1,1595.48,1595.48,0,2011-08-02 14:04:00,2011-08-02 14:04:00,United Kingdom,2,At-Risk/Dormant Customers,1595.48,1595.48
13851,96,3,2651.46,883.82,193,2011-02-24 17:18:00,2011-09-05 12:36:00,United Kingdom,1,Loyal Customers,2651.46,5014.419170984456
13853,58,1,1090.14,1090.14,0,2011-10-13 14:18:00,2011-10-13 14:18:00,United Kingdom,0,Recent/Emerging Customers,1090.14,1090.14
13854,9,25,8109.52,324.3808,357,2010-12-09 10:48:00,2011-12-01 09:06:00,United Kingdom,3,Champions,8109.52,8291.24593837535
13856,169,3,388.5,129.5,35,2011-05-20 13:13:00,2011-06-24 10:03:00,United Kingdom,2,At-Risk/Dormant Customers,388.5,4051.5
13858,58,1,216.17,216.17,0,2011-10-13 16:17:00,2011-10-13 16:17:00,United Kingdom,2,At-Risk/Dormant Customers,216.17,216.17
13859,327,1,201.16,201.16,0,2011-01-17 16:14:00,2011-01-17 16:14:00,United Kingdom,2,At-Risk/Dormant Customers,201.16,201.16
13860,2,5,1245.9,249.18,85,2011-09-14 09:27:00,2011-12-08 12:57:00,United Kingdom,3,Champions,1245.9,5350.041176470589
13862,19,8,2209.36,276.17,314,2011-01-11 15:13:00,2011-11-21 16:24:00,United Kingdom,3,Champions,2209.36,2568.2050955414015
13863,248,1,305.78,305.78,0,2011-04-06 10:20:00,2011-04-06 10:20:00,United Kingdom,2,At-Risk/Dormant Customers,305.78,305.78
13865,59,4,501.56,125.39,231,2011-02-23 12:04:00,2011-10-12 13:31:00,United Kingdom,1,Loyal Customers,501.56,792.508225108225
13866,75,1,145.67,145.67,0,2011-09-26 14:54:00,2011-09-26 14:54:00,United Kingdom,2,At-Risk/Dormant Customers,145.67,145.67
13867,32,3,1005.09,335.03,187,2011-05-05 17:28:00,2011-11-08 15:48:00,United Kingdom,1,Loyal Customers,1005.09,1961.8066844919788
13868,8,2,3192.54,1596.27,31,2011-11-01 12:45:00,2011-12-02 16:32:00,United Kingdom,1,Loyal Customers,3192.54,37589.58387096774
13869,124,4,3083.65,770.9125,234,2010-12-17 15:14:00,2011-08-08 13:53:00,United Kingdom,1,Loyal Customers,3083.65,4809.966880341881
13870,3,8,2770.94,346.3675,285,2011-02-25 09:09:00,2011-12-07 13:23:00,United Kingdom,3,Champions,2770.94,3548.7477192982456
13871,23,13,6403.25,492.5576923076923,286,2011-02-04 09:30:00,2011-11-17 10:49:00,United Kingdom,3,Champions,6403.25,8171.979895104895
13873,120,3,389.6,129.86666666666665,190,2011-02-03 09:37:00,2011-08-12 10:08:00,United Kingdom,2,At-Risk/Dormant Customers,389.6,748.4421052631579
13874,359,1,540.45,540.45,0,2010-12-16 18:20:00,2010-12-16 18:20:00,United Kingdom,2,At-Risk/Dormant Customers,540.45,540.45
13875,54,5,1786.79,357.358,248,2011-02-11 15:39:00,2011-10-17 09:36:00,United Kingdom,1,Loyal Customers,1786.79,2629.7514112903223
13876,64,1,122.7,122.7,0,2011-10-07 10:22:00,2011-10-07 10:22:00,United Kingdom,2,At-Risk/Dormant Customers,122.7,122.7
13877,87,1,117.24,117.24,0,2011-09-14 15:49:00,2011-09-14 15:49:00,United Kingdom,2,At-Risk/Dormant Customers,117.24,117.24
13878,55,1,1271.57,1271.57,0,2011-10-16 12:19:00,2011-10-16 12:19:00,United Kingdom,1,Loyal Customers,1271.57,1271.57
13880,22,13,3219.77,247.67461538461535,346,2010-12-07 14:00:00,2011-11-18 13:44:00,United Kingdom,3,Champions,3219.77,3396.578179190751
13881,4,20,17159.52,857.976,308,2011-02-01 10:14:00,2011-12-06 12:50:00,United Kingdom,3,Champions,17159.52,20335.145454545458
13882,3,5,1191.13,238.226,62,2011-10-06 15:28:00,2011-12-07 11:16:00,United Kingdom,3,Champions,1191.13,7012.297580645161
13883,11,5,2674.48,534.896,243,2011-03-31 17:17:00,2011-11-29 10:45:00,United Kingdom,3,Champions,2674.48,4017.2230452674894
13884,8,5,787.6,157.52,276,2011-03-01 13:40:00,2011-12-02 16:30:00,United Kingdom,0,Recent/Emerging Customers,787.6,1041.572463768116
13885,190,2,506.8,253.4,11,2011-05-23 08:52:00,2011-06-03 15:07:00,United Kingdom,2,At-Risk/Dormant Customers,506.8,506.8
13886,72,1,243.56,243.56,0,2011-09-29 13:17:00,2011-09-29 13:17:00,United Kingdom,2,At-Risk/Dormant Customers,243.56,243.56
13887,205,1,349.55,349.55,0,2011-05-19 17:22:00,2011-05-19 17:22:00,United Kingdom,2,At-Risk/Dormant Customers,349.55,349.55
13888,120,2,595.67,297.835,99,2011-05-05 14:41:00,2011-08-12 10:13:00,United Kingdom,2,At-Risk/Dormant Customers,595.67,2196.1570707070705
13889,93,1,416.9,416.9,0,2011-09-08 09:13:00,2011-09-08 09:13:00,United Kingdom,2,At-Risk/Dormant Customers,416.9,416.9
13890,2,10,1883.81,188.381,357,2010-12-16 09:31:00,2011-12-08 15:36:00,United Kingdom,3,Champions,1883.81,1926.0242296918766
13892,27,4,632.97,158.2425,220,2011-04-07 12:04:00,2011-11-13 11:50:00,United Kingdom,1,Loyal Customers,632.97,1050.1547727272728
13893,298,1,821.1,821.1,0,2011-02-15 11:30:00,2011-02-15 11:30:00,United Kingdom,2,At-Risk/Dormant Customers,821.1,821.1
13894,24,3,564.62,188.20666666666665,287,2011-02-02 12:54:00,2011-11-16 09:44:00,United Kingdom,0,Recent/Emerging Customers,564.62,718.0707317073171
13895,29,4,2593.07,648.2675,136,2011-06-28 10:17:00,2011-11-11 16:57:00,United Kingdom,1,Loyal Customers,2593.07,6959.342279411765
13897,51,1,311.16,311.16,0,2011-10-20 14:30:00,2011-10-20 14:30:00,United Kingdom,2,At-Risk/Dormant Customers,311.16,311.16
13898,326,1,155.93,155.93,0,2011-01-18 10:28:00,2011-01-18 10:28:00,United Kingdom,2,At-Risk/Dormant Customers,155.93,155.93
13899,17,2,388.52,194.26,258,2011-03-10 09:30:00,2011-11-23 13:40:00,United Kingdom,0,Recent/Emerging Customers,388.52,549.6503875968992
13900,184,3,740.95,246.98333333333332,79,2011-03-22 10:13:00,2011-06-09 19:26:00,United Kingdom,2,At-Risk/Dormant Customers,740.95,3423.3765822784812
13901,73,5,2867.2,573.44,246,2011-01-25 09:01:00,2011-09-28 14:48:00,United Kingdom,1,Loyal Customers,2867.2,4254.178861788618
13904,38,2,332.64,166.32,257,2011-02-18 11:18:00,2011-11-02 13:41:00,United Kingdom,0,Recent/Emerging Customers,332.64,472.4264591439689
13908,80,4,2369.55,592.3875,197,2011-03-08 12:04:00,2011-09-21 11:49:00,United Kingdom,1,Loyal Customers,2369.55,4390.282994923858
13911,58,9,2580.91,286.7677777777778,251,2011-02-04 14:46:00,2011-10-13 15:43:00,United Kingdom,1,Loyal Customers,2580.91,3753.1161354581673
13914,12,2,626.45,313.225,25,2011-11-03 16:28:00,2011-11-28 10:35:00,United Kingdom,0,Recent/Emerging Customers,626.45,626.45
13917,50,2,272.04,136.02,142,2011-06-01 12:46:00,2011-10-21 09:56:00,United Kingdom,0,Recent/Emerging Customers,272.04,699.2577464788733
13918,50,2,1212.84,606.42,204,2011-03-31 18:05:00,2011-10-21 12:25:00,United Kingdom,1,Loyal Customers,1212.84,2170.032352941176
13919,60,2,384.81,192.405,62,2011-08-10 10:15:00,2011-10-11 14:24:00,Denmark,2,At-Risk/Dormant Customers,384.81,2265.4137096774193
13922,352,1,172.25,172.25,0,2010-12-23 10:38:00,2010-12-23 10:38:00,United Kingdom,2,At-Risk/Dormant Customers,172.25,172.25
13923,54,1,351.13,351.13,0,2011-10-17 12:33:00,2011-10-17 12:33:00,United Kingdom,2,At-Risk/Dormant Customers,351.13,351.13
13924,2,6,1838.85,306.475,71,2011-09-28 15:07:00,2011-12-08 09:39:00,United Kingdom,3,Champions,1838.85,9453.242957746477
13925,93,4,678.25,169.5625,42,2011-07-28 12:09:00,2011-09-08 12:47:00,United Kingdom,1,Loyal Customers,678.25,5894.315476190476
13926,24,1,223.85,223.85,0,2011-11-16 13:16:00,2011-11-16 13:16:00,United Kingdom,0,Recent/Emerging Customers,223.85,223.85
13927,75,1,348.99,348.99,0,2011-09-26 12:00:00,2011-09-26 12:00:00,United Kingdom,2,At-Risk/Dormant Customers,348.99,348.99
13928,11,4,464.57,116.1425,123,2011-07-29 15:59:00,2011-11-29 10:33:00,United Kingdom,0,Recent/Emerging Customers,464.57,1378.602032520325
13929,170,2,842.65,421.325,157,2011-01-17 15:11:00,2011-06-23 15:26:00,United Kingdom,2,At-Risk/Dormant Customers,842.65,1959.0270700636943
13930,58,2,337.34,168.67,79,2011-07-26 11:00:00,2011-10-13 09:45:00,United Kingdom,0,Recent/Emerging Customers,337.34,1558.5962025316453
13931,96,2,1237.53,618.765,185,2011-03-04 08:43:00,2011-09-05 10:12:00,United Kingdom,1,Loyal Customers,1237.53,2441.6132432432432
13932,295,1,307.4,307.4,0,2011-02-18 12:02:00,2011-02-18 12:02:00,United Kingdom,2,At-Risk/Dormant Customers,307.4,307.4
13933,110,2,608.79,304.395,39,2011-07-14 13:35:00,2011-08-22 14:03:00,United Kingdom,2,At-Risk/Dormant Customers,608.79,5697.65
13934,264,1,922.1,922.1,0,2011-03-21 08:39:00,2011-03-21 08:39:00,United Kingdom,2,At-Risk/Dormant Customers,922.1,922.1
13936,180,1,376.58,376.58,0,2011-06-13 08:47:00,2011-06-13 08:47:00,United Kingdom,2,At-Risk/Dormant Customers,376.58,376.58
13937,170,1,158.85,158.85,0,2011-06-23 16:35:00,2011-06-23 16:35:00,United Kingdom,2,At-Risk/Dormant Customers,158.85,158.85
13938,36,1,71.66,71.66,0,2011-11-04 14:37:00,2011-11-04 14:37:00,United Kingdom,0,Recent/Emerging Customers,71.66,71.66
13939,24,3,568.55,189.51666666666665,288,2011-02-01 11:30:00,2011-11-16 13:33:00,United Kingdom,0,Recent/Emerging Customers,568.55,720.5581597222222
13940,18,4,839.14,209.785,127,2011-07-18 16:05:00,2011-11-22 15:15:00,United Kingdom,1,Loyal Customers,839.14,2411.7015748031495
13941,22,5,5112.96,1022.592,351,2010-12-02 10:17:00,2011-11-18 09:43:00,United Kingdom,1,Loyal Customers,5112.96,5316.895726495726
13946,80,3,561.57,187.19,188,2011-03-17 10:02:00,2011-09-21 13:33:00,United Kingdom,1,Loyal Customers,561.57,1090.282180851064
13947,66,1,90.6,90.6,0,2011-10-05 14:42:00,2011-10-05 14:42:00,United Kingdom,2,At-Risk/Dormant Customers,90.6,90.6
13948,361,1,102.0,102.0,0,2010-12-14 10:18:00,2010-12-14 10:18:00,United Kingdom,2,At-Risk/Dormant Customers,102.0,102.0
13949,3,6,2427.32,404.5533333333333,92,2011-09-06 11:55:00,2011-12-07 09:35:00,United Kingdom,3,Champions,2427.32,9630.128260869566
13950,12,4,745.06,186.265,235,2011-04-07 11:29:00,2011-11-28 14:44:00,United Kingdom,0,Recent/Emerging Customers,745.06,1157.2208510638297
13951,177,3,674.45,224.81666666666663,118,2011-02-18 15:21:00,2011-06-16 16:43:00,United Kingdom,2,At-Risk/Dormant Customers,674.45,2086.2224576271187
13952,218,2,3251.07,1625.535,21,2011-04-15 09:27:00,2011-05-06 09:00:00,United Kingdom,1,Loyal Customers,3251.07,3251.07
13953,8,7,3515.68,502.24,345,2010-12-22 10:29:00,2011-12-02 16:04:00,United Kingdom,3,Champions,3515.68,3719.487536231884
13954,2,2,439.92,219.96,69,2011-09-30 10:52:00,2011-12-08 12:50:00,United Kingdom,0,Recent/Emerging Customers,439.92,2327.1130434782613
13955,155,2,322.96,161.48,151,2011-02-07 12:24:00,2011-07-08 17:19:00,United Kingdom,2,At-Risk/Dormant Customers,322.96,780.6649006622516
13956,6,5,1019.27,203.854,266,2011-03-13 12:51:00,2011-12-04 13:20:00,United Kingdom,3,Champions,1019.27,1398.6223684210527
13959,80,3,594.04,198.01333333333332,283,2010-12-12 13:56:00,2011-09-21 15:06:00,United Kingdom,1,Loyal Customers,594.04,766.1646643109541
13960,22,2,230.22,115.11,50,2011-09-29 12:39:00,2011-11-18 15:27:00,United Kingdom,0,Recent/Emerging Customers,230.22,1680.606
13962,22,2,169.55,84.775,224,2011-04-08 11:21:00,2011-11-18 08:47:00,United Kingdom,0,Recent/Emerging Customers,169.55,276.27566964285717
13963,309,4,664.54,166.135,59,2010-12-07 09:21:00,2011-02-04 14:43:00,United Kingdom,2,At-Risk/Dormant Customers,664.54,4111.137288135593
13967,146,1,80.7,80.7,0,2011-07-17 12:02:00,2011-07-17 12:02:00,United Kingdom,2,At-Risk/Dormant Customers,80.7,80.7
13969,8,18,9024.17,501.34277777777777,358,2010-12-09 19:32:00,2011-12-02 15:11:00,United Kingdom,3,Champions,9024.17,9200.620251396647
13971,19,8,2758.26,344.7825,267,2011-02-27 12:27:00,2011-11-21 12:06:00,United Kingdom,3,Champions,2758.26,3770.655056179776
13972,71,2,190.25,95.125,131,2011-05-22 11:34:00,2011-09-30 11:54:00,United Kingdom,2,At-Risk/Dormant Customers,190.25,530.0858778625955
13973,288,1,264.7,264.7,0,2011-02-25 15:21:00,2011-02-25 15:21:00,United Kingdom,2,At-Risk/Dormant Customers,264.7,264.7
13974,50,1,413.59,413.59,0,2011-10-21 14:41:00,2011-10-21 14:41:00,United Kingdom,0,Recent/Emerging Customers,413.59,413.59
13975,32,6,2461.24,410.20666666666665,245,2011-03-08 12:19:00,2011-11-08 13:19:00,United Kingdom,1,Loyal Customers,2461.24,3666.7453061224487
13976,207,1,357.98,357.98,0,2011-05-17 09:13:00,2011-05-17 09:13:00,United Kingdom,2,At-Risk/Dormant Customers,357.98,357.98
13978,15,2,196.79,98.395,31,2011-10-25 15:04:00,2011-11-25 11:36:00,United Kingdom,0,Recent/Emerging Customers,196.79,2317.0435483870965
13979,74,1,869.87,869.87,0,2011-09-27 13:32:00,2011-09-27 13:32:00,United Kingdom,2,At-Risk/Dormant Customers,869.87,869.87
13980,61,1,200.14,200.14,0,2011-10-10 13:34:00,2011-10-10 13:34:00,United Kingdom,2,At-Risk/Dormant Customers,200.14,200.14
13982,40,4,1871.81,467.9525,326,2010-12-09 13:57:00,2011-10-31 16:24:00,United Kingdom,1,Loyal Customers,1871.81,2095.738190184049
13983,30,12,2603.43,216.9525,337,2010-12-08 10:38:00,2011-11-10 11:06:00,United Kingdom,3,Champions,2603.43,2819.738724035608
13984,27,5,920.51,184.102,340,2010-12-08 15:58:00,2011-11-13 12:38:00,United Kingdom,1,Loyal Customers,920.51,988.1945588235294
13985,5,15,7060.13,470.6753333333333,260,2011-03-20 13:48:00,2011-12-05 17:06:00,United Kingdom,3,Champions,7060.13,9911.336346153845
13986,18,1,320.46,320.46,0,2011-11-22 15:00:00,2011-11-22 15:00:00,United Kingdom,0,Recent/Emerging Customers,320.46,320.46
13988,20,6,4147.96,691.3266666666666,235,2011-03-30 11:48:00,2011-11-20 10:15:00,United Kingdom,3,Champions,4147.96,6442.576170212766
13989,66,2,1266.08,633.04,174,2011-04-14 15:39:00,2011-10-05 09:47:00,United Kingdom,1,Loyal Customers,1266.08,2655.857471264368
13990,214,1,311.3,311.3,0,2011-05-10 15:19:00,2011-05-10 15:19:00,United Kingdom,2,At-Risk/Dormant Customers,311.3,311.3
13991,13,6,852.88,142.14666666666665,131,2011-07-19 12:58:00,2011-11-27 16:18:00,United Kingdom,1,Loyal Customers,852.88,2376.345038167939
13992,31,1,76.8,76.8,0,2011-11-09 15:23:00,2011-11-09 15:23:00,United Kingdom,0,Recent/Emerging Customers,76.8,76.8
13993,43,9,3466.36,385.1511111111111,288,2011-01-13 10:43:00,2011-10-28 09:06:00,United Kingdom,3,Champions,3466.36,4393.1298611111115
13994,4,6,2274.14,379.02333333333326,145,2011-07-14 18:28:00,2011-12-06 11:05:00,United Kingdom,3,Champions,2274.14,5724.559310344827
13995,16,5,1393.69,278.738,230,2011-04-08 08:20:00,2011-11-24 14:22:00,United Kingdom,1,Loyal Customers,1393.69,2211.7254347826088
13999,11,12,3901.81,325.1508333333333,351,2010-12-13 11:23:00,2011-11-29 13:40:00,United Kingdom,3,Champions,3901.81,4057.4377492877493
14000,212,1,635.66,635.66,0,2011-05-12 16:50:00,2011-05-12 16:50:00,United Kingdom,2,At-Risk/Dormant Customers,635.66,635.66
14001,46,3,2043.08,681.0266666666666,328,2010-12-01 12:58:00,2011-10-25 10:31:00,United Kingdom,1,Loyal Customers,2043.08,2273.5493902439025
14002,135,2,529.73,264.865,22,2011-07-06 14:59:00,2011-07-28 15:55:00,United Kingdom,2,At-Risk/Dormant Customers,529.73,529.73
14004,44,7,4582.64,654.6628571428571,245,2011-02-24 09:28:00,2011-10-27 14:40:00,United Kingdom,1,Loyal Customers,4582.64,6827.198367346939
14005,10,5,2874.72,574.944,206,2011-05-08 10:33:00,2011-11-30 12:41:00,United Kingdom,3,Champions,2874.72,5093.557281553398
14006,116,3,962.19,320.73,197,2011-01-31 15:11:00,2011-08-16 09:39:00,United Kingdom,1,Loyal Customers,962.19,1782.7378172588833
14009,199,2,695.61,347.805,7,2011-05-18 13:00:00,2011-05-25 15:47:00,United Kingdom,2,At-Risk/Dormant Customers,695.61,695.61
14012,278,1,328.8,328.8,0,2011-03-07 12:26:00,2011-03-07 12:26:00,United Kingdom,2,At-Risk/Dormant Customers,328.8,328.8
14013,111,3,473.02,157.67333333333332,165,2011-03-09 08:59:00,2011-08-21 15:01:00,United Kingdom,2,At-Risk/Dormant Customers,473.02,1046.3775757575756
14014,78,1,505.18,505.18,0,2011-09-23 13:18:00,2011-09-23 13:18:00,United Kingdom,2,At-Risk/Dormant Customers,505.18,505.18
14015,53,1,917.34,917.34,0,2011-10-18 10:02:00,2011-10-18 10:02:00,United Kingdom,0,Recent/Emerging Customers,917.34,917.34
14016,162,4,4341.21,1085.3025,196,2010-12-17 14:21:00,2011-07-01 11:29:00,EIRE,1,Loyal Customers,4341.21,8084.396173469388
14019,47,3,1421.61,473.87,92,2011-07-24 15:39:00,2011-10-24 10:13:00,United Kingdom,1,Loyal Customers,1421.61,5640.083152173913
14020,17,2,642.8,321.4,72,2011-09-12 15:32:00,2011-11-23 09:22:00,United Kingdom,0,Recent/Emerging Customers,642.8,3258.6388888888887
14021,156,3,631.9,210.63333333333333,101,2011-03-28 15:10:00,2011-07-07 15:46:00,United Kingdom,2,At-Risk/Dormant Customers,631.9,2283.59900990099
14022,226,1,440.0,440.0,0,2011-04-28 14:39:00,2011-04-28 14:39:00,United Kingdom,2,At-Risk/Dormant Customers,440.0,440.0
14023,8,2,584.07,292.035,243,2011-04-03 15:50:00,2011-12-02 13:58:00,United Kingdom,0,Recent/Emerging Customers,584.07,877.3067901234568
14024,122,2,327.7,163.85,3,2011-08-07 13:31:00,2011-08-10 11:30:00,United Kingdom,2,At-Risk/Dormant Customers,327.7,327.7
14027,61,1,104.82,104.82,0,2011-10-10 09:01:00,2011-10-10 09:01:00,United Kingdom,2,At-Risk/Dormant Customers,104.82,104.82
14029,64,2,467.66,233.83,81,2011-07-18 16:57:00,2011-10-07 14:46:00,United Kingdom,2,At-Risk/Dormant Customers,467.66,2107.356790123457
14030,19,8,2358.84,294.855,348,2010-12-08 16:11:00,2011-11-21 16:48:00,United Kingdom,3,Champions,2358.84,2474.070689655173
14031,8,19,17286.86,909.8347368421053,365,2010-12-02 16:34:00,2011-12-02 17:13:00,United Kingdom,3,Champions,17286.86,17286.86
14032,3,11,2975.59,270.5081818181818,364,2010-12-08 10:53:00,2011-12-07 15:23:00,United Kingdom,3,Champions,2975.59,2983.764697802198
14034,23,3,648.89,216.29666666666665,135,2011-07-05 13:06:00,2011-11-17 14:02:00,United Kingdom,0,Recent/Emerging Customers,648.89,1754.4062962962962
14035,29,5,1428.02,285.604,269,2011-02-15 12:48:00,2011-11-11 10:03:00,United Kingdom,1,Loyal Customers,1428.02,1937.6479553903346
14036,285,1,626.65,626.65,0,2011-02-28 09:26:00,2011-02-28 09:26:00,United Kingdom,2,At-Risk/Dormant Customers,626.65,626.65
14037,177,2,147.2,73.6,188,2010-12-10 11:39:00,2011-06-16 13:57:00,United Kingdom,2,At-Risk/Dormant Customers,147.2,285.78723404255317
14038,79,3,1560.38,520.1266666666667,129,2011-05-16 14:05:00,2011-09-22 13:37:00,United Kingdom,1,Loyal Customers,1560.38,4415.028682170543
14039,34,1,152.2,152.2,0,2011-11-06 13:48:00,2011-11-06 13:48:00,United Kingdom,0,Recent/Emerging Customers,152.2,152.2
14040,41,12,3560.32,296.6933333333333,291,2011-01-12 14:57:00,2011-10-30 12:42:00,United Kingdom,3,Champions,3560.32,4465.693470790378
14041,267,1,141.41,141.41,0,2011-03-18 13:25:00,2011-03-18 13:25:00,United Kingdom,2,At-Risk/Dormant Customers,141.41,141.41
14044,27,4,646.42,161.605,283,2011-02-03 11:39:00,2011-11-13 12:05:00,United Kingdom,1,Loyal Customers,646.42,833.7219081272085
14045,110,4,1659.75,414.9375,264,2010-12-01 11:32:00,2011-08-22 15:27:00,United Kingdom,1,Loyal Customers,1659.75,2294.7301136363635
14046,285,1,154.99,154.99,0,2011-02-28 14:48:00,2011-02-28 14:48:00,United Kingdom,2,At-Risk/Dormant Customers,154.99,154.99
14047,9,5,1308.61,261.722,364,2010-12-02 10:09:00,2011-12-01 11:43:00,United Kingdom,1,Loyal Customers,1308.61,1312.2050824175824
14048,306,1,409.93,409.93,0,2011-02-07 14:53:00,2011-02-07 14:53:00,United Kingdom,2,At-Risk/Dormant Customers,409.93,409.93
14049,17,4,5578.72,1394.68,301,2011-01-26 11:27:00,2011-11-23 12:20:00,United Kingdom,1,Loyal Customers,5578.72,6764.893023255815
14050,32,2,746.36,373.18,75,2011-08-25 13:46:00,2011-11-08 10:00:00,United Kingdom,0,Recent/Emerging Customers,746.36,3632.2853333333333
14051,1,23,15610.39,678.7126086956522,366,2010-12-08 12:49:00,2011-12-09 10:20:00,United Kingdom,3,Champions,15610.39,15567.738661202186
14052,20,1,225.36,225.36,0,2011-11-20 12:30:00,2011-11-20 12:30:00,United Kingdom,0,Recent/Emerging Customers,225.36,225.36
14053,125,2,260.25,130.125,35,2011-07-03 12:21:00,2011-08-07 14:27:00,United Kingdom,2,At-Risk/Dormant Customers,260.25,2714.035714285714
14054,66,1,92.46,92.46,0,2011-10-05 15:49:00,2011-10-05 15:49:00,United Kingdom,2,At-Risk/Dormant Customers,92.46,92.46
14055,107,1,725.64,725.64,0,2011-08-25 15:04:00,2011-08-25 15:04:00,United Kingdom,2,At-Risk/Dormant Customers,725.64,725.64
14056,2,23,8152.71,354.46565217391304,283,2011-02-28 15:19:00,2011-12-08 13:36:00,United Kingdom,3,Champions,8152.71,10514.979328621908
14057,24,17,6211.66,365.3917647058824,337,2010-12-14 12:11:00,2011-11-16 10:32:00,United Kingdom,3,Champions,6211.66,6727.762314540059
14059,267,1,183.6,183.6,0,2011-03-18 10:06:00,2011-03-18 10:06:00,United Kingdom,2,At-Risk/Dormant Customers,183.6,183.6
14060,5,19,6140.42,323.18,368,2010-12-02 12:11:00,2011-12-05 12:29:00,United Kingdom,3,Champions,6140.42,6090.362228260869
14062,10,12,10464.85,872.0708333333333,355,2010-12-10 15:56:00,2011-11-30 10:04:00,United Kingdom,3,Champions,10464.85,10759.634507042254
14064,30,5,1334.34,266.868,245,2011-03-10 12:59:00,2011-11-10 13:14:00,United Kingdom,1,Loyal Customers,1334.34,1987.8942857142856
14066,267,1,152.55,152.55,0,2011-03-18 12:21:00,2011-03-18 12:21:00,United Kingdom,2,At-Risk/Dormant Customers,152.55,152.55
14067,64,2,374.7,187.35,33,2011-09-04 12:00:00,2011-10-07 10:21:00,United Kingdom,2,At-Risk/Dormant Customers,374.7,4144.409090909091
14068,321,1,265.85,265.85,0,2011-01-23 16:02:00,2011-01-23 16:02:00,United Kingdom,2,At-Risk/Dormant Customers,265.85,265.85
14071,4,8,1437.57,179.69625,261,2011-03-20 11:33:00,2011-12-06 12:27:00,United Kingdom,3,Champions,1437.57,2010.394827586207
14073,33,1,151.04,151.04,0,2011-11-07 15:49:00,2011-11-07 15:49:00,United Kingdom,0,Recent/Emerging Customers,151.04,151.04
14075,5,3,942.26,314.08666666666664,257,2011-03-23 16:35:00,2011-12-05 08:38:00,United Kingdom,0,Recent/Emerging Customers,942.26,1338.2291828793775
14076,130,1,118.67,118.67,0,2011-08-02 15:19:00,2011-08-02 15:19:00,United Kingdom,2,At-Risk/Dormant Customers,118.67,118.67
14077,41,5,499.42,99.884,234,2011-03-10 15:52:00,2011-10-30 12:35:00,United Kingdom,1,Loyal Customers,499.42,779.0098290598291
14078,102,6,1049.37,174.895,272,2010-12-01 12:54:00,2011-08-30 12:16:00,United Kingdom,1,Loyal Customers,1049.37,1408.1619485294116
14079,125,1,375.1,375.1,0,2011-08-07 12:10:00,2011-08-07 12:10:00,United Kingdom,2,At-Risk/Dormant Customers,375.1,375.1
14080,33,1,45.6,45.6,0,2011-11-07 11:09:00,2011-11-07 11:09:00,United Kingdom,0,Recent/Emerging Customers,45.6,45.6
14081,303,2,921.62,460.81,67,2010-12-05 15:47:00,2011-02-10 16:17:00,United Kingdom,2,At-Risk/Dormant Customers,921.62,5020.765671641791
14082,365,1,182.25,182.25,0,2010-12-10 11:02:00,2010-12-10 11:02:00,United Kingdom,2,At-Risk/Dormant Customers,182.25,182.25
14083,5,9,1002.9,111.43333333333332,367,2010-12-03 12:24:00,2011-12-05 13:14:00,United Kingdom,3,Champions,1002.9,997.4346049046321
14085,3,18,4421.29,245.62722222222223,366,2010-12-06 12:39:00,2011-12-07 13:46:00,United Kingdom,3,Champions,4421.29,4409.209972677596
14087,3,1,191.47,191.47,0,2011-12-07 12:41:00,2011-12-07 12:41:00,United Kingdom,0,Recent/Emerging Customers,191.47,191.47
14088,11,13,50491.81,3883.9853846153846,312,2011-01-21 13:07:00,2011-11-29 16:16:00,United Kingdom,3,Champions,50491.81,59068.944391025645
14089,57,1,158.75,158.75,0,2011-10-14 10:38:00,2011-10-14 10:38:00,United Kingdom,2,At-Risk/Dormant Customers,158.75,158.75
14090,325,1,76.32,76.32,0,2011-01-19 10:51:00,2011-01-19 10:51:00,United Kingdom,2,At-Risk/Dormant Customers,76.32,76.32
14092,8,14,4076.91,291.20785714285716,351,2010-12-16 15:47:00,2011-12-02 12:13:00,United Kingdom,3,Champions,4076.91,4239.521794871795
14093,13,1,433.86,433.86,0,2011-11-27 16:27:00,2011-11-27 16:27:00,United Kingdom,0,Recent/Emerging Customers,433.86,433.86
14096,5,17,65164.79,3833.222941176471,97,2011-08-30 10:49:00,2011-12-05 17:17:00,United Kingdom,3,Champions,65164.79,245207.71494845362
14098,37,1,147.35,147.35,0,2011-11-03 10:13:00,2011-11-03 10:13:00,United Kingdom,0,Recent/Emerging Customers,147.35,147.35
14099,17,11,3104.17,282.1972727272727,338,2010-12-20 11:14:00,2011-11-23 13:53:00,United Kingdom,3,Champions,3104.17,3352.1362426035507
14100,138,1,191.95,191.95,0,2011-07-25 11:01:00,2011-07-25 11:01:00,United Kingdom,2,At-Risk/Dormant Customers,191.95,191.95
14101,74,6,5976.79,996.1316666666665,253,2011-01-17 13:09:00,2011-09-27 12:28:00,United Kingdom,1,Loyal Customers,5976.79,8622.641699604743
14102,6,5,1105.88,221.176,39,2011-10-26 12:46:00,2011-12-04 15:38:00,United Kingdom,3,Champions,1105.88,10349.902564102566
14104,155,2,216.21,108.105,11,2011-06-27 12:49:00,2011-07-08 12:50:00,United Kingdom,2,At-Risk/Dormant Customers,216.21,216.21
14105,240,1,1266.23,1266.23,0,2011-04-14 17:58:00,2011-04-14 17:58:00,United Kingdom,2,At-Risk/Dormant Customers,1266.23,1266.23
14107,52,7,2703.23,386.1757142857143,313,2010-12-10 13:29:00,2011-10-19 12:12:00,United Kingdom,1,Loyal Customers,2703.23,3152.328913738019
14108,31,2,597.91,298.955,71,2011-08-30 11:32:00,2011-11-09 10:41:00,United Kingdom,0,Recent/Emerging Customers,597.91,3073.7626760563376
14109,73,1,144.2,144.2,0,2011-09-28 10:18:00,2011-09-28 10:18:00,United Kingdom,2,At-Risk/Dormant Customers,144.2,144.2
14110,4,12,5683.15,473.5958333333333,263,2011-03-18 09:59:00,2011-12-06 12:26:00,United Kingdom,3,Champions,5683.15,7887.261406844106
14111,15,4,692.85,173.2125,227,2011-04-12 11:36:00,2011-11-25 13:44:00,United Kingdom,0,Recent/Emerging Customers,692.85,1114.0539647577093
14112,23,7,2915.15,416.45,253,2011-03-09 11:28:00,2011-11-17 12:30:00,United Kingdom,3,Champions,2915.15,4205.651185770751
14113,4,4,1840.42,460.105,351,2010-12-20 12:14:00,2011-12-06 12:18:00,United Kingdom,3,Champions,1840.42,1913.8270655270655
14114,274,2,386.53,193.265,57,2011-01-13 11:05:00,2011-03-11 09:42:00,United Kingdom,2,At-Risk/Dormant Customers,386.53,2475.1482456140347
14116,20,5,1382.74,276.548,102,2011-08-10 12:44:00,2011-11-20 10:29:00,United Kingdom,1,Loyal Customers,1382.74,4948.040196078432
14117,144,1,90.0,90.0,0,2011-07-19 09:49:00,2011-07-19 09:49:00,United Kingdom,2,At-Risk/Dormant Customers,90.0,90.0
14121,4,4,2780.15,695.0375,56,2011-10-11 10:39:00,2011-12-06 12:19:00,United Kingdom,3,Champions,2780.15,18120.620535714286
14124,85,1,419.58,419.58,0,2011-09-16 13:32:00,2011-09-16 13:32:00,United Kingdom,2,At-Risk/Dormant Customers,419.58,419.58
14125,11,3,2720.63,906.8766666666666,68,2011-09-22 15:40:00,2011-11-29 12:47:00,United Kingdom,1,Loyal Customers,2720.63,14603.38161764706
14126,8,3,706.13,235.37666666666664,3,2011-11-29 12:21:00,2011-12-02 11:45:00,United Kingdom,0,Recent/Emerging Customers,706.13,706.13
14127,123,3,709.71,236.57,188,2011-02-02 12:26:00,2011-08-09 10:49:00,United Kingdom,1,Loyal Customers,709.71,1377.894414893617
14128,61,2,637.5,318.75,195,2011-03-29 10:49:00,2011-10-10 12:00:00,United Kingdom,1,Loyal Customers,637.5,1193.2692307692307
14129,2,5,1123.86,224.772,259,2011-03-24 08:44:00,2011-12-08 11:02:00,United Kingdom,3,Champions,1123.86,1583.8181467181466
14130,320,1,480.91,480.91,0,2011-01-24 16:05:00,2011-01-24 16:05:00,United Kingdom,2,At-Risk/Dormant Customers,480.91,480.91
14132,3,11,3586.03,326.00272727272727,181,2011-06-09 12:04:00,2011-12-07 13:35:00,United Kingdom,3,Champions,3586.03,7231.496961325967
14133,130,3,605.64,201.88,186,2011-01-28 11:27:00,2011-08-02 11:34:00,United Kingdom,1,Loyal Customers,605.64,1188.4870967741936
14135,2,15,4690.31,312.6873333333333,371,2010-12-02 10:27:00,2011-12-08 11:38:00,United Kingdom,3,Champions,4690.31,4614.455929919138
14138,2,2,965.88,482.94,62,2011-10-07 09:38:00,2011-12-08 12:44:00,United Kingdom,0,Recent/Emerging Customers,965.88,5686.229032258064
14139,47,1,415.82,415.82,0,2011-10-24 13:34:00,2011-10-24 13:34:00,United Kingdom,0,Recent/Emerging Customers,415.82,415.82
14140,4,2,935.05,467.525,28,2011-11-08 11:20:00,2011-12-06 09:05:00,United Kingdom,0,Recent/Emerging Customers,935.05,935.05
14141,3,4,915.13,228.7825,103,2011-08-26 14:40:00,2011-12-07 09:53:00,United Kingdom,0,Recent/Emerging Customers,915.13,3242.9364077669907
14142,374,1,311.81,311.81,0,2010-12-01 16:33:00,2010-12-01 16:33:00,United Kingdom,2,At-Risk/Dormant Customers,311.81,311.81
14143,134,1,115.8,115.8,0,2011-07-29 09:48:00,2011-07-29 09:48:00,United Kingdom,2,At-Risk/Dormant Customers,115.8,115.8
14145,47,4,3742.2,935.55,171,2011-05-06 13:01:00,2011-10-24 12:10:00,United Kingdom,1,Loyal Customers,3742.2,7987.736842105262
14146,9,5,4191.0,838.2,349,2010-12-17 15:52:00,2011-12-01 10:18:00,United Kingdom,3,Champions,4191.0,4383.137535816619
14147,79,2,483.4,241.7,207,2011-02-27 11:42:00,2011-09-22 18:10:00,United Kingdom,2,At-Risk/Dormant Customers,483.4,852.3719806763285
14148,234,1,157.2,157.2,0,2011-04-20 12:02:00,2011-04-20 12:02:00,United Kingdom,2,At-Risk/Dormant Customers,157.2,157.2
14149,221,1,446.62,446.62,0,2011-05-03 09:44:00,2011-05-03 09:44:00,United Kingdom,2,At-Risk/Dormant Customers,446.62,446.62
14150,36,2,658.64,329.32,324,2010-12-15 10:04:00,2011-11-04 10:05:00,United Kingdom,0,Recent/Emerging Customers,658.64,741.9864197530864
14152,76,2,621.29,310.645,159,2011-04-19 15:46:00,2011-09-25 12:54:00,United Kingdom,2,At-Risk/Dormant Customers,621.29,1426.2317610062894
14154,240,2,1345.62,672.81,0,2011-04-14 15:58:00,2011-04-14 16:26:00,United Kingdom,2,At-Risk/Dormant Customers,1345.62,1345.62
14155,267,1,118.75,118.75,0,2011-03-18 14:13:00,2011-03-18 14:13:00,United Kingdom,2,At-Risk/Dormant Customers,118.75,118.75
14156,10,55,117210.08,2131.092363636364,362,2010-12-03 11:48:00,2011-11-30 10:54:00,EIRE,3,Champions,117210.08,118181.43425414365
14157,20,2,424.89,212.445,266,2011-02-27 13:04:00,2011-11-20 11:32:00,United Kingdom,0,Recent/Emerging Customers,424.89,583.0257518796992
14158,41,1,507.66,507.66,0,2011-10-30 15:08:00,2011-10-30 15:08:00,United Kingdom,0,Recent/Emerging Customers,507.66,507.66
14159,20,11,4630.35,420.94090909090903,343,2010-12-12 11:17:00,2011-11-20 12:36:00,United Kingdom,3,Champions,4630.35,4927.340379008747
14161,216,3,1097.62,365.8733333333333,154,2010-12-05 13:18:00,2011-05-08 11:41:00,United Kingdom,1,Loyal Customers,1097.62,2601.501948051948
14162,174,2,289.36,144.68,119,2011-02-20 12:32:00,2011-06-19 11:36:00,United Kingdom,2,At-Risk/Dormant Customers,289.36,887.5327731092437
14163,88,4,2445.91,611.4775,152,2011-04-14 17:33:00,2011-09-13 15:18:00,United Kingdom,1,Loyal Customers,2445.91,5873.402302631578
14164,71,2,1631.77,815.885,10,2011-09-20 12:18:00,2011-09-30 12:24:00,United Kingdom,1,Loyal Customers,1631.77,1631.77
14165,276,1,120.44,120.44,0,2011-03-09 12:39:00,2011-03-09 12:39:00,United Kingdom,2,At-Risk/Dormant Customers,120.44,120.44
14167,40,4,562.59,140.6475,292,2011-01-12 15:44:00,2011-10-31 14:29:00,United Kingdom,1,Loyal Customers,562.59,703.2375000000001
14171,99,1,363.79,363.79,0,2011-09-02 16:43:00,2011-09-02 16:43:00,United Kingdom,2,At-Risk/Dormant Customers,363.79,363.79
14173,11,4,450.84,112.71,209,2011-05-04 14:03:00,2011-11-29 11:54:00,United Kingdom,0,Recent/Emerging Customers,450.84,787.3521531100478
14174,34,1,134.46,134.46,0,2011-11-06 13:17:00,2011-11-06 13:17:00,United Kingdom,0,Recent/Emerging Customers,134.46,134.46
14175,60,3,3222.3,1074.1,270,2011-01-14 12:22:00,2011-10-11 11:55:00,United Kingdom,1,Loyal Customers,3222.3,4356.072222222222
14176,298,4,576.9,144.225,70,2010-12-07 11:45:00,2011-02-15 13:12:00,United Kingdom,2,At-Risk/Dormant Customers,576.9,3008.1214285714286
14177,87,4,549.46,137.365,93,2011-06-13 11:10:00,2011-09-14 15:11:00,United Kingdom,1,Loyal Customers,549.46,2156.4827956989247
14178,9,7,1600.26,228.60857142857145,174,2011-06-10 12:51:00,2011-12-01 12:01:00,United Kingdom,3,Champions,1600.26,3356.8672413793106
14179,41,2,701.57,350.785,12,2011-10-18 14:00:00,2011-10-30 12:07:00,United Kingdom,0,Recent/Emerging Customers,701.57,701.57
14180,11,25,4748.52,189.9408,362,2010-12-02 13:08:00,2011-11-29 10:56:00,United Kingdom,3,Champions,4748.52,4787.872375690608
14184,67,1,452.89,452.89,0,2011-10-04 12:43:00,2011-10-04 12:43:00,United Kingdom,2,At-Risk/Dormant Customers,452.89,452.89
14185,332,1,197.65,197.65,0,2011-01-12 13:52:00,2011-01-12 13:52:00,United Kingdom,2,At-Risk/Dormant Customers,197.65,197.65
14188,31,6,2054.36,342.3933333333333,280,2011-02-02 13:46:00,2011-11-09 12:45:00,United Kingdom,1,Loyal Customers,2054.36,2678.005
14189,3,15,4654.08,310.272,366,2010-12-06 11:42:00,2011-12-07 15:55:00,United Kingdom,3,Champions,4654.08,4641.363934426229
14191,2,13,4684.76,360.36615384615374,219,2011-05-03 10:30:00,2011-12-08 09:23:00,United Kingdom,3,Champions,4684.76,7807.933333333334
14193,68,2,853.39,426.695,202,2011-03-15 11:38:00,2011-10-03 09:34:00,United Kingdom,1,Loyal Customers,853.39,1542.0165841584158
14194,5,21,11349.52,540.4533333333333,304,2011-02-04 14:51:00,2011-12-05 10:38:00,United Kingdom,3,Champions,11349.52,13626.890789473684
14195,202,2,1012.0,506.0,51,2011-04-01 16:50:00,2011-05-22 10:29:00,United Kingdom,2,At-Risk/Dormant Customers,1012.0,7242.745098039216
14196,107,1,335.52,335.52,0,2011-08-25 10:25:00,2011-08-25 10:25:00,United Kingdom,2,At-Risk/Dormant Customers,335.52,335.52
14198,19,4,701.4,175.35,221,2011-04-14 14:54:00,2011-11-21 16:35:00,United Kingdom,1,Loyal Customers,701.4,1158.420814479638
14199,219,1,185.4,185.4,0,2011-05-05 13:44:00,2011-05-05 13:44:00,United Kingdom,2,At-Risk/Dormant Customers,185.4,185.4
14201,61,7,747.44,106.77714285714283,299,2010-12-15 13:25:00,2011-10-10 13:27:00,United Kingdom,1,Loyal Customers,747.44,912.4267558528429
14204,3,1,150.61,150.61,0,2011-12-07 13:38:00,2011-12-07 13:38:00,United Kingdom,0,Recent/Emerging Customers,150.61,150.61
14205,17,2,466.7,233.35,248,2011-03-20 15:07:00,2011-11-23 10:55:00,United Kingdom,0,Recent/Emerging Customers,466.7,686.8770161290322
14206,240,1,328.16,328.16,0,2011-04-14 16:38:00,2011-04-14 16:38:00,United Kingdom,2,At-Risk/Dormant Customers,328.16,328.16
14208,95,1,151.74,151.74,0,2011-09-06 12:48:00,2011-09-06 12:48:00,United Kingdom,2,At-Risk/Dormant Customers,151.74,151.74
14209,11,6,2073.43,345.57166666666666,322,2011-01-11 12:56:00,2011-11-29 10:18:00,United Kingdom,3,Champions,2073.43,2350.3166149068325
14210,106,6,1905.84,317.64,266,2010-12-03 12:43:00,2011-08-26 12:36:00,United Kingdom,1,Loyal Customers,1905.84,2615.1563909774436
14211,54,9,2241.1,249.01111111111112,242,2011-02-17 15:50:00,2011-10-17 13:23:00,United Kingdom,1,Loyal Customers,2241.1,3380.1714876033056
14212,90,1,1070.48,1070.48,0,2011-09-11 12:45:00,2011-09-11 12:45:00,United Kingdom,2,At-Risk/Dormant Customers,1070.48,1070.48
14214,31,5,1004.38,200.876,247,2011-03-07 12:26:00,2011-11-09 10:31:00,United Kingdom,1,Loyal Customers,1004.38,1484.2052631578947
14215,12,6,1789.72,298.28666666666663,357,2010-12-06 15:34:00,2011-11-28 12:19:00,United Kingdom,3,Champions,1789.72,1829.825770308123
14216,4,4,1839.3,459.825,34,2011-11-02 10:51:00,2011-12-06 14:56:00,United Kingdom,3,Champions,1839.3,19745.426470588234
14217,2,17,2004.98,117.94,365,2010-12-08 13:28:00,2011-12-08 11:53:00,United Kingdom,3,Champions,2004.98,2004.98
14218,43,1,169.48,169.48,0,2011-10-28 10:00:00,2011-10-28 10:00:00,United Kingdom,0,Recent/Emerging Customers,169.48,169.48
14219,5,1,89.94,89.94,0,2011-12-05 16:23:00,2011-12-05 16:23:00,United Kingdom,0,Recent/Emerging Customers,89.94,89.94
14220,248,2,632.4,316.2,111,2010-12-16 18:18:00,2011-04-06 13:23:00,United Kingdom,2,At-Risk/Dormant Customers,632.4,2079.5135135135133
14221,43,9,3432.8,381.4222222222222,297,2011-01-04 15:33:00,2011-10-28 13:42:00,United Kingdom,3,Champions,3432.8,4218.760942760943
14222,178,1,683.17,683.17,0,2011-06-15 16:42:00,2011-06-15 16:42:00,United Kingdom,2,At-Risk/Dormant Customers,683.17,683.17
14223,93,3,991.13,330.37666666666667,172,2011-03-20 16:02:00,2011-09-08 13:38:00,United Kingdom,1,Loyal Customers,991.13,2103.270058139535
14224,111,4,1009.73,252.4325,210,2011-01-23 13:58:00,2011-08-21 13:24:00,United Kingdom,1,Loyal Customers,1009.73,1755.006904761905
14226,29,5,2214.79,442.958,241,2011-03-15 15:36:00,2011-11-11 11:34:00,United Kingdom,1,Loyal Customers,2214.79,3354.35
14227,27,10,3350.96,335.096,258,2011-02-28 12:27:00,2011-11-13 15:48:00,United Kingdom,3,Champions,3350.96,4740.6992248062015
14229,52,3,1547.2,515.7333333333332,282,2011-01-10 12:03:00,2011-10-19 10:04:00,United Kingdom,1,Loyal Customers,1547.2,2002.581560283688
14231,184,3,925.71,308.57,105,2011-02-24 11:55:00,2011-06-09 11:05:00,United Kingdom,1,Loyal Customers,925.71,3217.944285714286
14232,43,5,2048.07,409.614,222,2011-03-20 12:44:00,2011-10-28 11:09:00,United Kingdom,1,Loyal Customers,2048.07,3367.3222972972976
14233,50,4,1462.72,365.68,268,2011-01-26 12:43:00,2011-10-21 15:54:00,United Kingdom,1,Loyal Customers,1462.72,1992.1373134328358
14234,23,4,754.12,188.53,35,2011-10-13 13:58:00,2011-11-17 17:53:00,United Kingdom,1,Loyal Customers,754.12,7864.394285714286
14235,76,5,3144.86,628.972,185,2011-03-24 13:23:00,2011-09-25 14:37:00,United Kingdom,1,Loyal Customers,3144.86,6204.723783783784
14236,81,2,490.86,245.43,292,2010-12-02 18:49:00,2011-09-20 09:13:00,United Kingdom,2,At-Risk/Dormant Customers,490.86,613.575
14237,374,1,161.0,161.0,0,2010-12-01 13:20:00,2010-12-01 13:20:00,United Kingdom,2,At-Risk/Dormant Customers,161.0,161.0
14238,327,1,146.85,146.85,0,2011-01-17 14:40:00,2011-01-17 14:40:00,United Kingdom,2,At-Risk/Dormant Customers,146.85,146.85
14239,44,11,2380.85,216.4409090909091,273,2011-01-27 14:45:00,2011-10-27 14:40:00,United Kingdom,3,Champions,2380.85,3183.1877289377285
14240,31,2,890.34,445.17,195,2011-04-28 11:40:00,2011-11-09 13:45:00,United Kingdom,0,Recent/Emerging Customers,890.34,1666.5338461538463
14241,184,1,213.7,213.7,0,2011-06-09 11:46:00,2011-06-09 11:46:00,United Kingdom,2,At-Risk/Dormant Customers,213.7,213.7
14242,235,2,280.55,140.275,91,2011-01-18 08:53:00,2011-04-19 11:46:00,United Kingdom,2,At-Risk/Dormant Customers,280.55,1125.282967032967
14243,9,10,2588.77,258.877,357,2010-12-09 08:34:00,2011-12-01 11:12:00,United Kingdom,3,Champions,2588.77,2646.781652661064
14245,220,2,1693.45,846.725,44,2011-03-21 10:41:00,2011-05-04 08:40:00,United Kingdom,1,Loyal Customers,1693.45,14047.9375
14246,111,3,1474.06,491.3533333333333,135,2011-04-08 08:25:00,2011-08-21 11:50:00,United Kingdom,1,Loyal Customers,1474.06,3985.4214814814814
14247,279,1,136.77,136.77,0,2011-03-06 15:21:00,2011-03-06 15:21:00,United Kingdom,2,At-Risk/Dormant Customers,136.77,136.77
14248,319,1,302.58,302.58,0,2011-01-25 14:45:00,2011-01-25 14:45:00,United Kingdom,2,At-Risk/Dormant Customers,302.58,302.58
14250,8,3,1904.05,634.6833333333333,82,2011-09-11 13:44:00,2011-12-02 14:30:00,United Kingdom,1,Loyal Customers,1904.05,8475.34451219512
14251,2,5,2879.7,575.94,56,2011-10-13 12:46:00,2011-12-08 08:32:00,United Kingdom,3,Champions,2879.7,18769.473214285714
14256,261,2,969.06,484.53,104,2010-12-10 11:44:00,2011-03-24 13:17:00,United Kingdom,2,At-Risk/Dormant Customers,969.06,3401.027884615384
14257,65,5,3099.72,619.944,254,2011-01-25 10:49:00,2011-10-06 16:54:00,United Kingdom,1,Loyal Customers,3099.72,4454.3220472440935
14258,10,9,12669.98,1407.7755555555557,328,2011-01-06 12:18:00,2011-11-30 15:27:00,United Kingdom,3,Champions,12669.98,14099.215548780487
14259,142,1,120.0,120.0,0,2011-07-21 10:44:00,2011-07-21 10:44:00,United Kingdom,2,At-Risk/Dormant Customers,120.0,120.0
14261,51,2,1163.45,581.725,28,2011-09-22 10:47:00,2011-10-20 10:04:00,United Kingdom,1,Loyal Customers,1163.45,1163.45
14262,9,8,2618.23,327.27875,232,2011-04-13 12:23:00,2011-12-01 14:17:00,United Kingdom,3,Champions,2618.23,4119.198060344827
14264,155,2,333.97,166.985,91,2011-04-08 12:20:00,2011-07-08 10:20:00,United Kingdom,2,At-Risk/Dormant Customers,333.97,1339.5500000000002
14265,110,2,530.18,265.09,39,2011-07-14 09:10:00,2011-08-22 13:32:00,Unspecified,2,At-Risk/Dormant Customers,530.18,4961.941025641026
14267,163,3,1516.24,505.4133333333333,98,2011-03-24 11:38:00,2011-06-30 10:09:00,United Kingdom,1,Loyal Customers,1516.24,5647.220408163265
14270,332,1,492.65,492.65,0,2011-01-12 09:33:00,2011-01-12 09:33:00,United Kingdom,2,At-Risk/Dormant Customers,492.65,492.65
14271,226,1,112.32,112.32,0,2011-04-28 12:47:00,2011-04-28 12:47:00,United Kingdom,2,At-Risk/Dormant Customers,112.32,112.32
14272,74,2,437.96,218.98,181,2011-03-30 13:57:00,2011-09-27 10:08:00,United Kingdom,2,At-Risk/Dormant Customers,437.96,883.1790055248619
14273,52,4,559.97,139.9925,191,2011-04-11 13:24:00,2011-10-19 13:20:00,United Kingdom,1,Loyal Customers,559.97,1070.0997382198952
14276,99,3,1119.74,373.2466666666666,191,2011-02-23 09:38:00,2011-09-02 09:45:00,United Kingdom,1,Loyal Customers,1119.74,2139.817277486911
14277,16,3,4188.0,1396.0,197,2011-05-11 13:20:00,2011-11-24 15:01:00,France,1,Loyal Customers,4188.0,7759.492385786802
14280,197,1,134.04,134.04,0,2011-05-27 10:37:00,2011-05-27 10:37:00,United Kingdom,2,At-Risk/Dormant Customers,134.04,134.04
14282,4,15,3701.44,246.76266666666663,364,2010-12-07 12:21:00,2011-12-06 17:04:00,United Kingdom,3,Champions,3701.44,3711.6087912087914
14284,31,2,595.25,297.625,56,2011-09-14 13:04:00,2011-11-09 08:11:00,United Kingdom,0,Recent/Emerging Customers,595.25,3879.7544642857147
14285,22,4,1910.01,477.5025,155,2011-06-16 12:36:00,2011-11-18 14:50:00,United Kingdom,1,Loyal Customers,1910.01,4497.765483870968
14286,24,3,4628.75,1542.9166666666665,219,2011-04-11 08:16:00,2011-11-16 10:34:00,United Kingdom,1,Loyal Customers,4628.75,7714.583333333334
14287,9,3,176.63,58.876666666666665,190,2011-05-25 11:41:00,2011-12-01 13:25:00,United Kingdom,0,Recent/Emerging Customers,176.63,339.31552631578944
14288,214,1,426.6,426.6,0,2011-05-10 13:22:00,2011-05-10 13:22:00,United Kingdom,2,At-Risk/Dormant Customers,426.6,426.6
14289,9,6,911.26,151.87666666666667,281,2011-02-23 12:33:00,2011-12-01 11:44:00,United Kingdom,1,Loyal Customers,911.26,1183.66512455516
14290,12,5,2314.65,462.93,350,2010-12-13 10:24:00,2011-11-28 14:02:00,United Kingdom,3,Champions,2314.65,2413.849285714286
14291,2,11,3883.25,353.02272727272725,274,2011-03-09 15:20:00,2011-12-08 10:26:00,United Kingdom,3,Champions,3883.25,5172.9425182481755
14292,8,9,4871.93,541.3255555555556,275,2011-03-02 08:26:00,2011-12-02 11:50:00,United Kingdom,3,Champions,4871.93,6466.379818181819
14293,4,4,1046.56,261.64,365,2010-12-06 10:18:00,2011-12-06 15:17:00,United Kingdom,0,Recent/Emerging Customers,1046.56,1046.56
14295,41,1,166.2,166.2,0,2011-10-30 15:50:00,2011-10-30 15:50:00,United Kingdom,0,Recent/Emerging Customers,166.2,166.2
14297,18,4,1305.33,326.3325,257,2011-03-10 08:31:00,2011-11-22 09:06:00,United Kingdom,1,Loyal Customers,1305.33,1853.8733463035019
14298,9,44,51527.3,1171.075,352,2010-12-14 12:59:00,2011-12-01 13:12:00,United Kingdom,3,Champions,51527.3,53430.296875
14299,9,9,3965.62,440.62444444444446,357,2010-12-09 10:30:00,2011-12-01 16:05:00,United Kingdom,3,Champions,3965.62,4054.485434173669
14300,19,1,43.2,43.2,0,2011-11-21 08:57:00,2011-11-21 08:57:00,United Kingdom,0,Recent/Emerging Customers,43.2,43.2
14301,118,1,640.14,640.14,0,2011-08-14 15:33:00,2011-08-14 15:33:00,United Kingdom,2,At-Risk/Dormant Customers,640.14,640.14
14304,223,1,383.45,383.45,0,2011-05-01 11:50:00,2011-05-01 11:50:00,United Kingdom,2,At-Risk/Dormant Customers,383.45,383.45
14305,72,3,1858.96,619.6533333333333,64,2011-07-27 14:14:00,2011-09-29 15:29:00,United Kingdom,1,Loyal Customers,1858.96,10601.88125
14306,52,2,2093.32,1046.66,34,2011-09-15 10:31:00,2011-10-19 13:23:00,United Kingdom,1,Loyal Customers,2093.32,22472.40588235294
14307,89,6,2995.72,499.28666666666663,285,2010-12-01 11:41:00,2011-09-12 09:38:00,United Kingdom,1,Loyal Customers,2995.72,3836.6238596491226
14309,9,9,2352.53,261.39222222222224,350,2010-12-16 13:05:00,2011-12-01 13:33:00,United Kingdom,3,Champions,2352.53,2453.3527142857147
14311,243,1,310.26,310.26,0,2011-04-11 10:14:00,2011-04-11 10:14:00,United Kingdom,2,At-Risk/Dormant Customers,310.26,310.26
14312,47,6,1611.59,268.5983333333333,291,2011-01-06 16:35:00,2011-10-24 09:46:00,United Kingdom,1,Loyal Customers,1611.59,2021.4101374570446
14314,107,1,120.0,120.0,0,2011-08-25 10:39:00,2011-08-25 10:39:00,United Kingdom,2,At-Risk/Dormant Customers,120.0,120.0
14315,45,6,2481.13,413.52166666666665,222,2011-03-18 12:59:00,2011-10-26 12:06:00,United Kingdom,1,Loyal Customers,2481.13,4079.335360360361
14317,65,1,508.58,508.58,0,2011-10-06 10:44:00,2011-10-06 10:44:00,United Kingdom,2,At-Risk/Dormant Customers,508.58,508.58
14320,207,2,477.79,238.895,126,2011-01-11 09:12:00,2011-05-17 09:24:00,United Kingdom,2,At-Risk/Dormant Customers,477.79,1384.0742063492064
14321,11,5,1530.75,306.15,323,2011-01-10 11:35:00,2011-11-29 09:47:00,United Kingdom,1,Loyal Customers,1530.75,1729.7948916408668
14323,115,2,605.06,302.53,124,2011-04-15 11:44:00,2011-08-17 11:37:00,United Kingdom,2,At-Risk/Dormant Customers,605.06,1781.0233870967738
14326,243,1,183.85,183.85,0,2011-04-11 15:04:00,2011-04-11 15:04:00,United Kingdom,2,At-Risk/Dormant Customers,183.85,183.85
14327,164,1,311.65,311.65,0,2011-06-29 13:58:00,2011-06-29 13:58:00,United Kingdom,2,At-Risk/Dormant Customers,311.65,311.65
14329,18,7,4975.24,710.7485714285714,312,2011-01-14 13:42:00,2011-11-22 15:50:00,United Kingdom,3,Champions,4975.24,5820.3929487179485
14331,125,2,462.66,231.33,11,2011-07-27 15:14:00,2011-08-07 13:17:00,United Kingdom,2,At-Risk/Dormant Customers,462.66,462.66
14332,23,3,840.21,280.07,125,2011-07-15 10:33:00,2011-11-17 11:54:00,United Kingdom,1,Loyal Customers,840.21,2453.4132
14333,68,1,415.2,415.2,0,2011-10-03 10:38:00,2011-10-03 10:38:00,United Kingdom,2,At-Risk/Dormant Customers,415.2,415.2
14334,17,8,2552.21,319.02625,342,2010-12-16 17:37:00,2011-11-23 10:01:00,United Kingdom,3,Champions,2552.21,2723.8498538011695
14335,17,2,454.86,227.43,80,2011-09-04 13:07:00,2011-11-23 13:41:00,Germany,0,Recent/Emerging Customers,454.86,2075.29875
14336,17,4,1614.91,403.7275,260,2011-03-08 16:48:00,2011-11-23 11:40:00,United Kingdom,1,Loyal Customers,1614.91,2267.085192307692
14338,162,2,588.22,294.11,35,2011-05-27 13:30:00,2011-07-01 14:08:00,United Kingdom,2,At-Risk/Dormant Customers,588.22,6134.294285714286
14339,243,1,309.52,309.52,0,2011-04-11 11:06:00,2011-04-11 11:06:00,United Kingdom,2,At-Risk/Dormant Customers,309.52,309.52
14340,219,1,134.7,134.7,0,2011-05-05 09:44:00,2011-05-05 09:44:00,United Kingdom,2,At-Risk/Dormant Customers,134.7,134.7
14341,46,8,2166.98,270.8725,273,2011-01-25 13:55:00,2011-10-25 15:48:00,United Kingdom,1,Loyal Customers,2166.98,2897.244322344322
14342,22,4,668.56,167.14,189,2011-05-13 13:50:00,2011-11-18 13:21:00,United Kingdom,1,Loyal Customers,668.56,1291.1343915343914
14344,128,8,889.93,111.24125,241,2010-12-06 11:58:00,2011-08-04 13:51:00,United Kingdom,1,Loyal Customers,889.93,1347.819294605809
14345,39,1,108.98,108.98,0,2011-11-01 09:51:00,2011-11-01 09:51:00,United Kingdom,0,Recent/Emerging Customers,108.98,108.98
14346,121,2,1021.58,510.79,177,2011-02-15 13:52:00,2011-08-11 09:47:00,United Kingdom,1,Loyal Customers,1021.58,2106.6480225988703
14348,261,1,409.57,409.57,0,2011-03-24 16:23:00,2011-03-24 16:23:00,United Kingdom,2,At-Risk/Dormant Customers,409.57,409.57
14349,11,1,133.5,133.5,0,2011-11-29 15:39:00,2011-11-29 15:39:00,United Kingdom,0,Recent/Emerging Customers,133.5,133.5
14350,275,1,282.93,282.93,0,2011-03-10 14:14:00,2011-03-10 14:14:00,United Kingdom,2,At-Risk/Dormant Customers,282.93,282.93
14351,165,1,51.0,51.0,0,2011-06-28 11:56:00,2011-06-28 11:56:00,United Kingdom,2,At-Risk/Dormant Customers,51.0,51.0
14352,158,4,1078.96,269.74,116,2011-03-11 14:58:00,2011-07-05 15:41:00,United Kingdom,1,Loyal Customers,1078.96,3395.0034482758624
14353,216,1,90.6,90.6,0,2011-05-08 16:06:00,2011-05-08 16:06:00,United Kingdom,2,At-Risk/Dormant Customers,90.6,90.6
14354,6,2,163.62,81.81,25,2011-11-09 15:36:00,2011-12-04 11:32:00,United Kingdom,0,Recent/Emerging Customers,163.62,163.62
14355,366,1,174.4,174.4,0,2010-12-09 12:16:00,2010-12-09 12:16:00,United Kingdom,2,At-Risk/Dormant Customers,174.4,174.4
14356,80,2,701.23,350.615,2,2011-09-19 14:43:00,2011-09-21 09:18:00,United Kingdom,1,Loyal Customers,701.23,701.23
14357,44,1,225.12,225.12,0,2011-10-27 16:23:00,2011-10-27 16:23:00,United Kingdom,0,Recent/Emerging Customers,225.12,225.12
14359,20,3,912.18,304.06,68,2011-09-13 09:03:00,2011-11-20 13:17:00,United Kingdom,1,Loyal Customers,912.18,4896.2602941176465
14360,32,4,2118.03,529.5075,63,2011-09-06 11:58:00,2011-11-08 09:12:00,United Kingdom,1,Loyal Customers,2118.03,12271.12619047619
14362,23,1,151.5,151.5,0,2011-11-17 15:08:00,2011-11-17 15:08:00,United Kingdom,0,Recent/Emerging Customers,151.5,151.5
14364,109,8,3717.35,464.66875,103,2011-05-12 12:56:00,2011-08-23 11:01:00,United Kingdom,1,Loyal Customers,3717.35,13173.133495145632
14367,9,16,9227.82,576.73875,268,2011-03-08 14:12:00,2011-12-01 13:19:00,United Kingdom,3,Champions,9227.82,12567.739925373135
14368,320,1,155.0,155.0,0,2011-01-24 09:52:00,2011-01-24 09:52:00,United Kingdom,2,At-Risk/Dormant Customers,155.0,155.0
14371,296,1,100.5,100.5,0,2011-02-17 16:35:00,2011-02-17 16:35:00,United Kingdom,2,At-Risk/Dormant Customers,100.5,100.5
14373,359,1,76.55,76.55,0,2010-12-16 15:40:00,2010-12-16 15:40:00,United Kingdom,2,At-Risk/Dormant Customers,76.55,76.55
14375,186,1,235.56,235.56,0,2011-06-07 13:44:00,2011-06-07 13:44:00,United Kingdom,2,At-Risk/Dormant Customers,235.56,235.56
14377,192,2,617.05,308.525,71,2011-03-22 13:38:00,2011-06-01 13:32:00,United Kingdom,2,At-Risk/Dormant Customers,617.05,3172.158450704225
14379,45,2,348.1,174.05,251,2011-02-17 15:03:00,2011-10-26 16:43:00,United Kingdom,0,Recent/Emerging Customers,348.1,506.2011952191236
14381,53,1,202.68,202.68,0,2011-10-18 17:10:00,2011-10-18 17:10:00,United Kingdom,2,At-Risk/Dormant Customers,202.68,202.68
14382,27,1,615.49,615.49,0,2011-11-13 16:18:00,2011-11-13 16:18:00,United Kingdom,0,Recent/Emerging Customers,615.49,615.49
14383,39,3,1247.69,415.89666666666665,125,2011-06-29 10:18:00,2011-11-01 15:53:00,United Kingdom,1,Loyal Customers,1247.69,3643.2548
14385,10,3,202.11,67.37,14,2011-11-16 11:55:00,2011-11-30 15:36:00,United Kingdom,0,Recent/Emerging Customers,202.11,202.11
14386,297,1,142.4,142.4,0,2011-02-16 09:45:00,2011-02-16 09:45:00,United Kingdom,2,At-Risk/Dormant Customers,142.4,142.4
14387,33,3,1727.6,575.8666666666667,77,2011-08-22 14:13:00,2011-11-07 12:29:00,United Kingdom,1,Loyal Customers,1727.6,8189.272727272727
14388,11,8,3212.84,401.605,362,2010-12-02 11:02:00,2011-11-29 13:32:00,United Kingdom,3,Champions,3212.84,3239.465745856354
14389,66,2,1043.46,521.73,125,2011-06-02 12:04:00,2011-10-05 15:17:00,United Kingdom,1,Loyal Customers,1043.46,3046.9032
14390,11,9,4642.57,515.8411111111111,362,2010-12-02 11:57:00,2011-11-29 13:49:00,United Kingdom,3,Champions,4642.57,4681.044337016575
14393,219,1,67.95,67.95,0,2011-05-05 18:16:00,2011-05-05 18:16:00,United Kingdom,2,At-Risk/Dormant Customers,67.95,67.95
14395,3,9,3479.91,386.65666666666664,370,2010-12-02 18:15:00,2011-12-07 14:34:00,United Kingdom,3,Champions,3479.91,3432.8841891891893
14396,66,2,487.99,243.995,306,2010-12-03 15:19:00,2011-10-05 16:09:00,United Kingdom,2,At-Risk/Dormant Customers,487.99,582.0795751633987
14397,3,19,2612.96,137.52421052631578,211,2011-05-10 12:25:00,2011-12-07 09:22:00,United Kingdom,3,Champions,2612.96,4520.0492890995265
14400,150,1,574.7,574.7,0,2011-07-13 15:50:00,2011-07-13 15:50:00,United Kingdom,2,At-Risk/Dormant Customers,574.7,574.7
14401,5,13,4051.48,311.65230769230766,355,2010-12-15 09:07:00,2011-12-05 13:30:00,United Kingdom,3,Champions,4051.48,4165.606197183099
14403,131,4,1475.81,368.9525,117,2011-04-06 14:23:00,2011-08-01 12:57:00,United Kingdom,1,Loyal Customers,1475.81,4604.022649572649
14404,34,6,1449.32,241.5533333333333,336,2010-12-05 16:00:00,2011-11-06 12:30:00,United Kingdom,1,Loyal Customers,1449.32,1574.4101190476188
14406,120,1,156.75,156.75,0,2011-08-12 16:54:00,2011-08-12 16:54:00,United Kingdom,2,At-Risk/Dormant Customers,156.75,156.75
14407,108,6,2157.73,359.6216666666666,169,2011-03-08 11:59:00,2011-08-24 14:02:00,United Kingdom,1,Loyal Customers,2157.73,4660.186094674556
14408,11,7,2599.03,371.29,254,2011-03-20 14:41:00,2011-11-29 11:41:00,United Kingdom,3,Champions,2599.03,3734.8265748031495
14409,72,6,2059.45,343.2416666666666,297,2010-12-06 15:03:00,2011-09-29 18:18:00,United Kingdom,1,Loyal Customers,2059.45,2530.973905723906
14410,93,9,1100.27,122.25222222222222,213,2011-02-07 09:36:00,2011-09-08 15:08:00,United Kingdom,1,Loyal Customers,1100.27,1885.4392018779342
14411,311,1,1063.0,1063.0,0,2011-02-02 10:56:00,2011-02-02 10:56:00,United Kingdom,2,At-Risk/Dormant Customers,1063.0,1063.0
14412,43,2,770.03,385.015,30,2011-09-28 08:48:00,2011-10-28 10:45:00,United Kingdom,0,Recent/Emerging Customers,770.03,9368.698333333332
14413,363,1,121.05,121.05,0,2010-12-12 13:37:00,2010-12-12 13:37:00,United Kingdom,2,At-Risk/Dormant Customers,121.05,121.05
14414,92,7,1496.98,213.85428571428568,267,2010-12-16 11:11:00,2011-09-09 12:09:00,United Kingdom,1,Loyal Customers,1496.98,2046.4333333333334
14415,2,13,5855.57,450.42846153846153,359,2010-12-14 13:31:00,2011-12-08 14:38:00,United Kingdom,3,Champions,5855.57,5953.434679665737
14416,23,2,490.22,245.11,20,2011-10-28 15:10:00,2011-11-17 15:22:00,United Kingdom,0,Recent/Emerging Customers,490.22,490.22
14418,4,3,1937.25,645.75,105,2011-08-23 17:18:00,2011-12-06 11:39:00,United Kingdom,0,Recent/Emerging Customers,1937.25,6734.25
14419,11,6,1051.79,175.29833333333332,354,2010-12-10 10:56:00,2011-11-29 11:22:00,United Kingdom,1,Loyal Customers,1051.79,1084.4727401129944
14420,100,1,387.52,387.52,0,2011-09-01 18:07:00,2011-09-01 18:07:00,United Kingdom,2,At-Risk/Dormant Customers,387.52,387.52
14421,58,2,813.11,406.555,154,2011-05-12 10:49:00,2011-10-13 13:24:00,United Kingdom,1,Loyal Customers,813.11,1927.176298701299
14422,1,6,4263.64,710.6066666666667,267,2011-03-17 17:26:00,2011-12-09 11:26:00,United Kingdom,3,Champions,4263.64,5828.571535580525
14423,219,1,265.2,265.2,0,2011-05-05 15:12:00,2011-05-05 15:12:00,United Kingdom,2,At-Risk/Dormant Customers,265.2,265.2
14424,18,1,322.08,322.08,0,2011-11-22 11:48:00,2011-11-22 11:48:00,United Kingdom,0,Recent/Emerging Customers,322.08,322.08
14426,24,10,4481.67,448.167,289,2011-01-31 09:51:00,2011-11-16 12:25:00,United Kingdom,3,Champions,4481.67,5660.240657439446
14427,51,2,363.34,181.67,13,2011-10-07 09:10:00,2011-10-20 14:23:00,United Kingdom,0,Recent/Emerging Customers,363.34,363.34
14428,8,5,1224.06,244.812,318,2011-01-18 16:39:00,2011-12-02 13:17:00,United Kingdom,1,Loyal Customers,1224.06,1404.9745283018867
14431,303,1,470.36,470.36,0,2011-02-10 10:40:00,2011-02-10 10:40:00,United Kingdom,2,At-Risk/Dormant Customers,470.36,470.36
14432,10,6,2248.5,374.75,80,2011-09-11 14:09:00,2011-11-30 08:04:00,United Kingdom,3,Champions,2248.5,10258.78125
14434,22,6,1372.8,228.8,51,2011-09-28 15:31:00,2011-11-18 08:56:00,United Kingdom,1,Loyal Customers,1372.8,9824.94117647059
14436,99,1,89.06,89.06,0,2011-09-02 10:13:00,2011-09-02 10:13:00,United Kingdom,2,At-Risk/Dormant Customers,89.06,89.06
14437,366,1,63.0,63.0,0,2010-12-09 09:27:00,2010-12-09 09:27:00,United Kingdom,2,At-Risk/Dormant Customers,63.0,63.0
14438,307,1,131.9,131.9,0,2011-02-06 14:56:00,2011-02-06 14:56:00,United Kingdom,2,At-Risk/Dormant Customers,131.9,131.9
14439,320,1,2661.24,2661.24,0,2011-01-24 11:39:00,2011-01-24 11:39:00,Greece,2,At-Risk/Dormant Customers,2661.24,2661.24
14440,9,5,2357.68,471.536,357,2010-12-09 12:49:00,2011-12-01 15:42:00,United Kingdom,3,Champions,2357.68,2410.513165266106
14441,1,4,1712.89,428.2225,255,2011-03-29 12:01:00,2011-12-09 09:07:00,United Kingdom,3,Champions,1712.89,2451.783725490196
14442,205,2,1589.82,794.91,112,2011-01-27 09:33:00,2011-05-19 11:36:00,Channel Islands,1,Loyal Customers,1589.82,5181.109821428571
14443,54,4,1420.2,355.05,315,2010-12-06 11:03:00,2011-10-17 10:10:00,United Kingdom,1,Loyal Customers,1420.2,1645.6285714285716
14446,1,4,1010.35,252.5875,246,2011-04-07 12:10:00,2011-12-09 11:34:00,United Kingdom,3,Champions,1010.35,1499.0965447154472
14447,19,5,1163.23,232.646,262,2011-03-04 10:49:00,2011-11-21 08:28:00,United Kingdom,1,Loyal Customers,1163.23,1620.5303435114504
14448,10,2,375.35,187.675,355,2010-12-10 17:26:00,2011-11-30 13:50:00,United Kingdom,0,Recent/Emerging Customers,375.35,385.9232394366197
14449,19,4,885.8,221.45,354,2010-12-02 14:09:00,2011-11-21 12:06:00,United Kingdom,1,Loyal Customers,885.8,913.3248587570621
14450,181,3,483.25,161.08333333333331,140,2011-01-23 11:53:00,2011-06-12 10:46:00,United Kingdom,2,At-Risk/Dormant Customers,483.25,1259.9017857142858
14451,61,2,643.9,321.95,134,2011-05-29 12:35:00,2011-10-10 13:38:00,United Kingdom,1,Loyal Customers,643.9,1753.9067164179103
14452,11,2,259.05,129.525,83,2011-09-07 11:32:00,2011-11-29 12:06:00,United Kingdom,0,Recent/Emerging Customers,259.05,1139.19578313253
14453,191,1,119.93,119.93,0,2011-06-02 14:15:00,2011-06-02 14:15:00,United Kingdom,2,At-Risk/Dormant Customers,119.93,119.93
14456,6,9,3017.28,335.25333333333333,137,2011-07-20 13:06:00,2011-12-04 13:59:00,United Kingdom,3,Champions,3017.28,8038.738686131388
14457,311,1,113.64,113.64,0,2011-02-02 09:39:00,2011-02-02 09:39:00,United Kingdom,2,At-Risk/Dormant Customers,113.64,113.64
14459,156,1,1837.92,1837.92,0,2011-07-07 13:35:00,2011-07-07 13:35:00,United Kingdom,2,At-Risk/Dormant Customers,1837.92,1837.92
14460,111,3,434.34,144.78,200,2011-02-02 11:55:00,2011-08-21 14:19:00,United Kingdom,2,At-Risk/Dormant Customers,434.34,792.6705
14461,149,3,2103.06,701.02,113,2011-03-23 12:15:00,2011-07-14 17:11:00,United Kingdom,1,Loyal Customers,2103.06,6793.069911504424
14462,67,11,1980.57,180.0518181818182,273,2011-01-04 12:45:00,2011-10-04 15:55:00,United Kingdom,1,Loyal Customers,1980.57,2648.014835164835
14463,99,3,529.62,176.54,107,2011-05-18 14:42:00,2011-09-02 15:20:00,United Kingdom,1,Loyal Customers,529.62,1806.6476635514018
14465,247,3,1038.44,346.14666666666665,56,2011-02-10 12:13:00,2011-04-07 12:38:00,United Kingdom,1,Loyal Customers,1038.44,6768.403571428572
14466,30,7,2272.4,324.62857142857143,343,2010-12-02 13:36:00,2011-11-10 14:07:00,United Kingdom,1,Loyal Customers,2272.4,2418.151603498542
14467,18,4,596.26,149.065,295,2011-01-31 12:35:00,2011-11-22 12:48:00,United Kingdom,0,Recent/Emerging Customers,596.26,737.7454237288135
14470,12,2,461.19,230.595,276,2011-02-25 11:56:00,2011-11-28 10:31:00,United Kingdom,0,Recent/Emerging Customers,461.19,609.9070652173914
14472,104,8,1852.67,231.58375,252,2010-12-19 14:03:00,2011-08-28 11:01:00,United Kingdom,1,Loyal Customers,1852.67,2683.430753968254
14473,75,2,234.34,117.17,208,2011-03-02 13:56:00,2011-09-26 15:10:00,United Kingdom,2,At-Risk/Dormant Customers,234.34,411.22163461538463
14474,47,1,547.66,547.66,0,2011-10-24 13:26:00,2011-10-24 13:26:00,United Kingdom,0,Recent/Emerging Customers,547.66,547.66
14475,72,3,925.85,308.6166666666666,233,2011-02-08 10:12:00,2011-09-29 10:46:00,United Kingdom,1,Loyal Customers,925.85,1450.3658798283261
14476,258,1,193.0,193.0,0,2011-03-27 15:39:00,2011-03-27 15:39:00,United Kingdom,2,At-Risk/Dormant Customers,193.0,193.0
14477,20,4,1309.6,327.4,278,2011-02-15 15:44:00,2011-11-20 11:11:00,United Kingdom,1,Loyal Customers,1309.6,1719.4388489208632
14479,254,2,316.25,158.125,112,2010-12-09 12:59:00,2011-03-31 09:07:00,United Kingdom,2,At-Risk/Dormant Customers,316.25,1030.6361607142858
14480,12,1,279.05,279.05,0,2011-11-28 16:35:00,2011-11-28 16:35:00,United Kingdom,0,Recent/Emerging Customers,279.05,279.05
14481,165,2,636.51,318.255,123,2011-02-25 13:53:00,2011-06-28 10:38:00,United Kingdom,2,At-Risk/Dormant Customers,636.51,1888.830487804878
14482,19,6,2022.81,337.135,221,2011-04-14 16:41:00,2011-11-21 13:14:00,United Kingdom,1,Loyal Customers,2022.81,3340.8400452488686
14483,282,1,137.1,137.1,0,2011-03-03 10:26:00,2011-03-03 10:26:00,United Kingdom,2,At-Risk/Dormant Customers,137.1,137.1
14484,51,1,321.92,321.92,0,2011-10-20 14:11:00,2011-10-20 14:11:00,United Kingdom,2,At-Risk/Dormant Customers,321.92,321.92
14485,39,1,162.8,162.8,0,2011-11-01 12:25:00,2011-11-01 12:25:00,United Kingdom,0,Recent/Emerging Customers,162.8,162.8
14487,27,6,1165.48,194.24666666666664,342,2010-12-06 13:22:00,2011-11-13 12:17:00,United Kingdom,1,Loyal Customers,1165.48,1243.8602339181286
14488,68,1,1064.28,1064.28,0,2011-10-03 09:30:00,2011-10-03 09:30:00,United Kingdom,2,At-Risk/Dormant Customers,1064.28,1064.28
14489,208,1,463.38,463.38,0,2011-05-16 14:51:00,2011-05-16 14:51:00,United Kingdom,2,At-Risk/Dormant Customers,463.38,463.38
14491,176,2,340.93,170.465,197,2010-12-02 12:10:00,2011-06-17 15:22:00,United Kingdom,2,At-Risk/Dormant Customers,340.93,631.6723350253807
14493,8,5,2383.24,476.648,148,2011-07-07 16:59:00,2011-12-02 16:14:00,United Kingdom,3,Champions,2383.24,5877.585135135135
14494,26,1,139.56,139.56,0,2011-11-14 09:21:00,2011-11-14 09:21:00,United Kingdom,0,Recent/Emerging Customers,139.56,139.56
14495,51,2,123.8,61.9,71,2011-08-10 14:13:00,2011-10-20 12:28:00,United Kingdom,2,At-Risk/Dormant Customers,123.8,636.4366197183098
14496,312,2,538.81,269.405,62,2010-12-01 15:35:00,2011-02-01 09:01:00,United Kingdom,2,At-Risk/Dormant Customers,538.81,3172.026612903225
14497,310,1,475.37,475.37,0,2011-02-03 17:01:00,2011-02-03 17:01:00,United Kingdom,2,At-Risk/Dormant Customers,475.37,475.37
14498,43,5,1957.32,391.464,319,2010-12-13 11:29:00,2011-10-28 12:09:00,United Kingdom,1,Loyal Customers,1957.32,2239.566771159875
14499,27,3,808.44,269.48,252,2011-03-06 11:55:00,2011-11-13 13:01:00,United Kingdom,1,Loyal Customers,808.44,1170.9547619047619
14500,89,3,356.85,118.95,101,2011-06-03 10:08:00,2011-09-12 16:45:00,United Kingdom,2,At-Risk/Dormant Customers,356.85,1289.6064356435645
14501,184,2,251.21,125.605,136,2011-01-24 10:43:00,2011-06-09 12:02:00,United Kingdom,2,At-Risk/Dormant Customers,251.21,674.2033088235294
14502,20,11,2429.83,220.8936363636364,294,2011-01-30 15:52:00,2011-11-20 11:50:00,United Kingdom,3,Champions,2429.83,3016.6256802721086
14503,4,6,3543.26,590.5433333333333,175,2011-06-14 10:00:00,2011-12-06 13:30:00,United Kingdom,3,Champions,3543.26,7390.228000000001
14504,48,4,673.26,168.315,231,2011-03-06 14:38:00,2011-10-23 16:00:00,United Kingdom,1,Loyal Customers,673.26,1063.8090909090909
14505,18,8,5859.43,732.42875,345,2010-12-12 16:14:00,2011-11-22 15:45:00,United Kingdom,3,Champions,5859.43,6199.107101449275
14506,18,5,1960.65,392.13,352,2010-12-05 14:25:00,2011-11-22 13:02:00,United Kingdom,1,Loyal Customers,1960.65,2033.0603693181818
14507,24,6,1367.88,227.98,253,2011-03-08 17:23:00,2011-11-16 12:21:00,United Kingdom,1,Loyal Customers,1367.88,1973.42371541502
14508,23,2,268.05,134.025,67,2011-09-11 11:29:00,2011-11-17 19:48:00,United Kingdom,0,Recent/Emerging Customers,268.05,1460.2723880597016
14511,12,5,1314.81,262.962,122,2011-07-29 12:13:00,2011-11-28 17:05:00,United Kingdom,1,Loyal Customers,1314.81,3933.652868852459
14512,188,2,275.28,137.64,45,2011-04-21 19:05:00,2011-06-05 12:39:00,United Kingdom,2,At-Risk/Dormant Customers,275.28,2232.8266666666664
14513,101,3,455.59,151.86333333333332,188,2011-02-24 09:36:00,2011-08-31 11:25:00,United Kingdom,2,At-Risk/Dormant Customers,455.59,884.5231382978723
14514,62,3,990.2,330.06666666666666,270,2011-01-12 15:22:00,2011-10-09 16:05:00,United Kingdom,1,Loyal Customers,990.2,1338.6037037037038
14515,18,6,2076.89,346.1483333333333,201,2011-05-05 12:13:00,2011-11-22 11:37:00,United Kingdom,1,Loyal Customers,2076.89,3771.4669154228854
14517,34,2,330.45,165.225,108,2011-07-21 11:42:00,2011-11-06 14:20:00,United Kingdom,0,Recent/Emerging Customers,330.45,1116.798611111111
14518,65,1,174.37,174.37,0,2011-10-06 14:43:00,2011-10-06 14:43:00,United Kingdom,2,At-Risk/Dormant Customers,174.37,174.37
14520,2,2,270.6,135.3,289,2011-02-22 09:15:00,2011-12-08 09:46:00,United Kingdom,0,Recent/Emerging Customers,270.6,341.7612456747405
14522,25,4,974.54,243.635,174,2011-05-25 16:01:00,2011-11-15 13:24:00,United Kingdom,1,Loyal Customers,974.54,2044.2936781609196
14523,109,1,241.09,241.09,0,2011-08-23 13:13:00,2011-08-23 13:13:00,United Kingdom,2,At-Risk/Dormant Customers,241.09,241.09
14524,32,9,1843.83,204.87,329,2010-12-14 11:01:00,2011-11-08 12:29:00,United Kingdom,1,Loyal Customers,1843.83,2045.5864741641335
14525,20,9,4215.9,468.4333333333333,342,2010-12-13 17:40:00,2011-11-20 11:37:00,United Kingdom,3,Champions,4215.9,4499.4254385964905
14527,3,55,8507.13,154.6750909090909,367,2010-12-05 13:17:00,2011-12-07 12:19:00,United Kingdom,3,Champions,8507.13,8460.76961852861
14528,38,1,364.22,364.22,0,2011-11-02 17:09:00,2011-11-02 17:09:00,United Kingdom,0,Recent/Emerging Customers,364.22,364.22
14529,61,3,578.61,192.87,50,2011-08-21 14:10:00,2011-10-10 15:27:00,United Kingdom,1,Loyal Customers,578.61,4223.853
14530,26,6,2862.11,477.01833333333326,271,2011-02-16 10:47:00,2011-11-14 10:38:00,United Kingdom,1,Loyal Customers,2862.11,3854.871402214022
14532,237,4,932.85,233.2125,116,2010-12-22 13:48:00,2011-04-17 13:05:00,United Kingdom,1,Loyal Customers,932.85,2935.260775862069
14533,25,7,1949.72,278.53142857142853,328,2010-12-22 11:07:00,2011-11-15 12:05:00,United Kingdom,1,Loyal Customers,1949.72,2169.6579268292685
14534,3,18,4397.3,244.29444444444445,316,2011-01-25 12:33:00,2011-12-07 12:19:00,United Kingdom,3,Champions,4397.3,5079.159810126583
14535,61,3,2854.84,951.6133333333331,188,2011-04-05 12:50:00,2011-10-10 15:39:00,United Kingdom,1,Loyal Customers,2854.84,5542.641489361702
14536,260,1,170.95,170.95,0,2011-03-25 12:21:00,2011-03-25 12:21:00,United Kingdom,2,At-Risk/Dormant Customers,170.95,170.95
14537,58,1,355.56,355.56,0,2011-10-13 10:54:00,2011-10-13 10:54:00,United Kingdom,2,At-Risk/Dormant Customers,355.56,355.56
14538,65,2,388.25,194.125,192,2011-03-28 14:57:00,2011-10-06 10:31:00,United Kingdom,2,At-Risk/Dormant Customers,388.25,738.0794270833334
14539,16,2,537.48,268.74,29,2011-10-26 12:03:00,2011-11-24 09:50:00,United Kingdom,0,Recent/Emerging Customers,537.48,537.48
14540,10,3,952.66,317.55333333333334,300,2011-02-03 15:02:00,2011-11-30 10:15:00,United Kingdom,0,Recent/Emerging Customers,952.66,1159.0696666666665
14541,59,8,1453.35,181.66875,261,2011-01-24 14:16:00,2011-10-12 10:08:00,United Kingdom,1,Loyal Customers,1453.35,2032.462643678161
14542,186,1,103.25,103.25,0,2011-06-07 08:19:00,2011-06-07 08:19:00,United Kingdom,2,At-Risk/Dormant Customers,103.25,103.25
14543,29,16,3599.73,224.983125,336,2010-12-10 11:51:00,2011-11-11 12:45:00,United Kingdom,3,Champions,3599.73,3910.4209821428567
14544,25,2,2004.3,1002.15,337,2010-12-13 12:50:00,2011-11-15 15:06:00,United Kingdom,1,Loyal Customers,2004.3,2170.829376854599
14546,6,5,2573.93,514.786,243,2011-04-05 12:37:00,2011-12-04 13:00:00,United Kingdom,3,Champions,2573.93,3866.191152263374
14547,4,8,3974.75,496.84375,51,2011-10-16 14:35:00,2011-12-06 11:06:00,United Kingdom,3,Champions,3974.75,28446.740196078434
14548,151,2,652.8,326.4,167,2011-01-26 08:38:00,2011-07-12 12:19:00,United Kingdom,2,At-Risk/Dormant Customers,652.8,1426.7784431137723
14549,312,1,289.24,289.24,0,2011-02-01 13:47:00,2011-02-01 13:47:00,United Kingdom,2,At-Risk/Dormant Customers,289.24,289.24
14550,11,2,757.37,378.685,34,2011-10-26 12:14:00,2011-11-29 12:12:00,United Kingdom,0,Recent/Emerging Customers,757.37,8130.589705882352
14551,19,2,186.23,93.115,186,2011-05-19 18:21:00,2011-11-21 13:36:00,United Kingdom,0,Recent/Emerging Customers,186.23,365.4513440860215
14552,152,1,164.22,164.22,0,2011-07-11 12:49:00,2011-07-11 12:49:00,United Kingdom,2,At-Risk/Dormant Customers,164.22,164.22
14553,20,5,859.27,171.854,320,2011-01-04 15:40:00,2011-11-20 13:20:00,United Kingdom,1,Loyal Customers,859.27,980.10484375
14554,11,4,2279.49,569.8725,42,2011-10-18 13:04:00,2011-11-29 16:44:00,United Kingdom,1,Loyal Customers,2279.49,19809.853571428568
14555,58,2,312.54,156.27,245,2011-02-10 17:19:00,2011-10-13 16:24:00,United Kingdom,2,At-Risk/Dormant Customers,312.54,465.6208163265307
14557,86,1,788.38,788.38,0,2011-09-15 15:48:00,2011-09-15 15:48:00,United Kingdom,2,At-Risk/Dormant Customers,788.38,788.38
14560,8,22,2237.77,101.71681818181818,350,2010-12-17 09:22:00,2011-12-02 15:22:00,United Kingdom,3,Champions,2237.77,2333.6744285714285
14561,76,3,1080.76,360.25333333333333,109,2011-06-08 13:26:00,2011-09-25 12:39:00,United Kingdom,1,Loyal Customers,1080.76,3619.0587155963303
14562,4,18,5006.77,278.1538888888889,301,2011-02-08 14:45:00,2011-12-06 11:05:00,United Kingdom,3,Champions,5006.77,6071.332392026579
14565,96,4,3099.12,774.78,266,2010-12-13 13:25:00,2011-09-05 09:07:00,United Kingdom,1,Loyal Customers,3099.12,4252.551879699248
14566,111,1,1432.0,1432.0,0,2011-08-21 11:05:00,2011-08-21 11:05:00,Channel Islands,2,At-Risk/Dormant Customers,1432.0,1432.0
14567,57,2,1530.36,765.18,74,2011-08-01 13:48:00,2011-10-14 10:21:00,United Kingdom,1,Loyal Customers,1530.36,7548.397297297297
14569,2,1,227.39,227.39,0,2011-12-08 14:58:00,2011-12-08 14:58:00,United Kingdom,0,Recent/Emerging Customers,227.39,227.39
14570,281,2,218.06,109.03,0,2011-03-04 10:39:00,2011-03-04 10:58:00,United Kingdom,2,At-Risk/Dormant Customers,218.06,218.06
14572,4,7,2804.54,400.64857142857136,321,2011-01-19 17:23:00,2011-12-06 14:40:00,United Kingdom,3,Champions,2804.54,3188.96292834891
14573,180,9,1639.82,182.20222222222225,193,2010-12-02 19:59:00,2011-06-13 11:15:00,United Kingdom,1,Loyal Customers,1639.82,3101.2139896373055
14576,373,1,35.4,35.4,0,2010-12-02 17:51:00,2010-12-02 17:51:00,United Kingdom,2,At-Risk/Dormant Customers,35.4,35.4
14577,13,4,859.71,214.9275,350,2010-12-12 11:26:00,2011-11-27 12:47:00,United Kingdom,1,Loyal Customers,859.71,896.5547142857143
14578,4,1,168.63,168.63,0,2011-12-06 17:18:00,2011-12-06 17:18:00,United Kingdom,0,Recent/Emerging Customers,168.63,168.63
14581,17,1,138.6,138.6,0,2011-11-23 12:39:00,2011-11-23 12:39:00,United Kingdom,0,Recent/Emerging Customers,138.6,138.6
14582,41,1,114.11,114.11,0,2011-10-30 11:56:00,2011-10-30 11:56:00,United Kingdom,0,Recent/Emerging Customers,114.11,114.11
14583,6,5,986.96,197.392,200,2011-05-18 11:28:00,2011-12-04 12:32:00,United Kingdom,3,Champions,986.96,1801.202
14584,170,4,1033.06,258.265,29,2011-05-25 17:31:00,2011-06-23 18:33:00,United Kingdom,1,Loyal Customers,1033.06,1033.06
14585,51,1,157.05,157.05,0,2011-10-20 14:33:00,2011-10-20 14:33:00,United Kingdom,2,At-Risk/Dormant Customers,157.05,157.05
14586,277,1,237.36,237.36,0,2011-03-08 10:04:00,2011-03-08 10:04:00,United Kingdom,2,At-Risk/Dormant Customers,237.36,237.36
14587,19,9,1580.29,175.58777777777777,313,2011-01-12 13:16:00,2011-11-21 11:34:00,United Kingdom,3,Champions,1580.29,1842.8301916932905
14589,372,1,39.75,39.75,0,2010-12-03 11:42:00,2010-12-03 11:42:00,United Kingdom,2,At-Risk/Dormant Customers,39.75,39.75
14591,16,4,1320.21,330.0525,198,2011-05-10 14:09:00,2011-11-24 13:57:00,United Kingdom,1,Loyal Customers,1320.21,2433.7204545454547
14592,36,3,557.94,185.98,29,2011-10-06 18:08:00,2011-11-04 16:35:00,United Kingdom,0,Recent/Emerging Customers,557.94,557.94
14593,22,3,617.15,205.71666666666664,177,2011-05-25 11:14:00,2011-11-18 12:48:00,United Kingdom,0,Recent/Emerging Customers,617.15,1272.65395480226
14594,8,2,363.33,181.665,366,2010-12-01 13:54:00,2011-12-02 13:28:00,United Kingdom,0,Recent/Emerging Customers,363.33,362.33729508196717
14595,20,6,1740.6,290.1,294,2011-01-30 13:36:00,2011-11-20 12:12:00,United Kingdom,1,Loyal Customers,1740.6,2160.9489795918366
14597,12,2,866.24,433.12,180,2011-06-01 12:33:00,2011-11-28 13:13:00,United Kingdom,0,Recent/Emerging Customers,866.24,1756.542222222222
14598,45,1,221.97,221.97,0,2011-10-26 13:19:00,2011-10-26 13:19:00,United Kingdom,0,Recent/Emerging Customers,221.97,221.97
14600,306,1,393.33,393.33,0,2011-02-07 09:48:00,2011-02-07 09:48:00,United Kingdom,2,At-Risk/Dormant Customers,393.33,393.33
14601,11,1,213.96,213.96,0,2011-11-29 09:48:00,2011-11-29 09:48:00,United Kingdom,0,Recent/Emerging Customers,213.96,213.96
14603,275,1,660.0,660.0,0,2011-03-10 10:27:00,2011-03-10 10:27:00,United Kingdom,2,At-Risk/Dormant Customers,660.0,660.0
14606,2,93,12076.15,129.8510752688172,372,2010-12-01 16:57:00,2011-12-08 19:28:00,United Kingdom,3,Champions,12076.15,11848.91061827957
14607,16,14,16209.5,1157.8214285714284,246,2011-03-23 15:22:00,2011-11-24 10:35:00,United Kingdom,3,Champions,16209.5,24050.68089430894
14608,5,4,1785.15,446.2875,358,2010-12-12 14:49:00,2011-12-05 16:52:00,United Kingdom,3,Champions,1785.15,1820.0551675977654
14609,73,4,601.56,150.39,224,2011-02-16 12:10:00,2011-09-28 12:54:00,United Kingdom,1,Loyal Customers,601.56,980.2205357142857
14616,243,3,406.08,135.36,75,2011-01-26 12:42:00,2011-04-11 09:54:00,United Kingdom,2,At-Risk/Dormant Customers,406.08,1976.2559999999999
14618,10,3,553.44,184.48,328,2011-01-06 11:59:00,2011-11-30 13:45:00,United Kingdom,0,Recent/Emerging Customers,553.44,615.8707317073171
14619,246,1,394.44,394.44,0,2011-04-08 07:37:00,2011-04-08 07:37:00,United Kingdom,2,At-Risk/Dormant Customers,394.44,394.44
14620,206,2,412.78,206.39,78,2011-03-01 08:30:00,2011-05-18 11:58:00,United Kingdom,2,At-Risk/Dormant Customers,412.78,1931.5987179487179
14621,2,5,1788.36,357.672,357,2010-12-16 13:00:00,2011-12-08 16:22:00,United Kingdom,3,Champions,1788.36,1828.435294117647
14622,185,1,320.58,320.58,0,2011-06-08 12:42:00,2011-06-08 12:42:00,United Kingdom,2,At-Risk/Dormant Customers,320.58,320.58
14623,33,5,886.7,177.34,203,2011-04-18 13:54:00,2011-11-07 13:56:00,United Kingdom,1,Loyal Customers,886.7,1594.3128078817733
14624,58,2,225.85,112.925,2,2011-10-11 14:39:00,2011-10-13 13:44:00,United Kingdom,2,At-Risk/Dormant Customers,225.85,225.85
14625,197,2,899.63,449.815,165,2010-12-13 15:36:00,2011-05-27 15:32:00,United Kingdom,2,At-Risk/Dormant Customers,899.63,1990.090606060606
14626,24,4,2791.27,697.8175,210,2011-04-20 13:18:00,2011-11-16 10:37:00,United Kingdom,1,Loyal Customers,2791.27,4851.4930952380955
14628,92,2,671.96,335.98,151,2011-04-11 14:43:00,2011-09-09 14:58:00,United Kingdom,2,At-Risk/Dormant Customers,671.96,1624.2741721854306
14629,5,2,955.26,477.63,43,2011-10-23 16:13:00,2011-12-05 16:55:00,United Kingdom,0,Recent/Emerging Customers,955.26,8108.602325581396
14631,51,3,1006.98,335.66,248,2011-02-14 09:31:00,2011-10-20 11:17:00,United Kingdom,1,Loyal Customers,1006.98,1482.0471774193547
14632,263,1,114.56,114.56,0,2011-03-22 08:49:00,2011-03-22 08:49:00,United Kingdom,2,At-Risk/Dormant Customers,114.56,114.56
14633,267,1,344.9,344.9,0,2011-03-18 17:07:00,2011-03-18 17:07:00,United Kingdom,2,At-Risk/Dormant Customers,344.9,344.9
14636,37,2,609.85,304.925,232,2011-03-16 09:52:00,2011-11-03 16:12:00,United Kingdom,0,Recent/Emerging Customers,609.85,959.4622844827586
14638,51,1,443.6,443.6,0,2011-10-20 10:10:00,2011-10-20 10:10:00,United Kingdom,0,Recent/Emerging Customers,443.6,443.6
14639,53,6,2984.49,497.415,309,2010-12-13 13:50:00,2011-10-18 15:06:00,United Kingdom,1,Loyal Customers,2984.49,3525.3684466019417
14640,25,6,2107.38,351.23,203,2011-04-26 12:31:00,2011-11-15 13:07:00,United Kingdom,1,Loyal Customers,2107.38,3789.131527093596
14641,22,1,110.46,110.46,0,2011-11-18 10:42:00,2011-11-18 10:42:00,United Kingdom,0,Recent/Emerging Customers,110.46,110.46
14642,59,1,96.12,96.12,0,2011-10-12 11:08:00,2011-10-12 11:08:00,United Kingdom,2,At-Risk/Dormant Customers,96.12,96.12
14643,171,2,693.81,346.905,188,2010-12-16 17:53:00,2011-06-22 14:41:00,United Kingdom,2,At-Risk/Dormant Customers,693.81,1347.024734042553
14644,68,2,830.76,415.38,231,2011-02-14 14:14:00,2011-10-03 08:30:00,United Kingdom,1,Loyal Customers,830.76,1312.6727272727271
14645,157,2,597.09,298.545,119,2011-03-09 09:52:00,2011-07-06 09:15:00,United Kingdom,2,At-Risk/Dormant Customers,597.09,1831.4105042016809
14646,2,73,280206.02,3838.4386301369855,353,2010-12-20 10:09:00,2011-12-08 12:12:00,Netherlands,3,Champions,280206.02,289731.4371104816
14647,202,1,236.04,236.04,0,2011-05-22 13:40:00,2011-05-22 13:40:00,United Kingdom,2,At-Risk/Dormant Customers,236.04,236.04
14649,5,4,1402.59,350.6475,208,2011-05-11 14:37:00,2011-12-05 12:30:00,United Kingdom,3,Champions,1402.59,2461.275721153846
14651,68,2,653.75,326.875,144,2011-05-12 16:29:00,2011-10-03 15:52:00,United Kingdom,1,Loyal Customers,653.75,1657.0746527777778
14652,78,1,114.18,114.18,0,2011-09-23 14:21:00,2011-09-23 14:21:00,United Kingdom,2,At-Risk/Dormant Customers,114.18,114.18
14653,2,7,1926.65,275.23571428571427,337,2011-01-05 13:40:00,2011-12-08 13:45:00,United Kingdom,3,Champions,1926.65,2086.727744807122
14655,9,4,1932.23,483.0575,214,2011-05-01 14:59:00,2011-12-01 16:28:00,United Kingdom,1,Loyal Customers,1932.23,3295.625934579439
14656,170,2,291.05,145.525,114,2011-03-01 13:19:00,2011-06-23 13:51:00,United Kingdom,2,At-Risk/Dormant Customers,291.05,931.8706140350878
14657,18,4,848.22,212.055,309,2011-01-17 15:19:00,2011-11-22 12:47:00,United Kingdom,1,Loyal Customers,848.22,1001.942718446602
14658,6,2,247.15,123.575,112,2011-08-14 15:42:00,2011-12-04 15:35:00,United Kingdom,0,Recent/Emerging Customers,247.15,805.4441964285714
14659,9,9,2529.93,281.1033333333333,307,2011-01-28 12:43:00,2011-12-01 12:17:00,United Kingdom,3,Champions,2529.93,3007.897231270358
14660,87,2,285.74,142.87,14,2011-08-31 10:40:00,2011-09-14 11:34:00,United Kingdom,2,At-Risk/Dormant Customers,285.74,285.74
14661,27,1,107.95,107.95,0,2011-11-13 11:51:00,2011-11-13 11:51:00,United Kingdom,0,Recent/Emerging Customers,107.95,107.95
14662,29,4,741.37,185.3425,288,2011-01-27 17:41:00,2011-11-11 12:13:00,United Kingdom,1,Loyal Customers,741.37,939.5835069444445
14664,20,2,636.24,318.12,14,2011-11-06 14:56:00,2011-11-20 10:59:00,United Kingdom,0,Recent/Emerging Customers,636.24,636.24
14665,61,5,1835.7,367.14,250,2011-02-02 09:08:00,2011-10-10 09:14:00,United Kingdom,1,Loyal Customers,1835.7,2680.122
14666,25,1,195.25,195.25,0,2011-11-15 12:57:00,2011-11-15 12:57:00,United Kingdom,0,Recent/Emerging Customers,195.25,195.25
14667,11,25,9175.04,367.0016,358,2010-12-06 13:13:00,2011-11-29 11:30:00,United Kingdom,3,Champions,9175.04,9354.440223463687
14669,242,3,1259.24,419.7466666666666,91,2011-01-11 12:30:00,2011-04-12 11:43:00,United Kingdom,1,Loyal Customers,1259.24,5050.797802197802
14670,281,2,392.86,196.43,0,2011-03-04 13:58:00,2011-03-04 14:13:00,United Kingdom,2,At-Risk/Dormant Customers,392.86,392.86
14672,235,2,765.55,382.775,102,2011-01-07 15:48:00,2011-04-19 10:19:00,United Kingdom,2,At-Risk/Dormant Customers,765.55,2739.468137254902
14673,4,5,1736.4,347.28,364,2010-12-07 12:49:00,2011-12-06 14:31:00,United Kingdom,3,Champions,1736.4,1741.1703296703297
14675,17,1,596.36,596.36,0,2011-11-23 12:58:00,2011-11-23 12:58:00,United Kingdom,0,Recent/Emerging Customers,596.36,596.36
14676,32,6,2548.24,424.70666666666665,252,2011-03-01 14:26:00,2011-11-08 13:29:00,United Kingdom,1,Loyal Customers,2548.24,3690.903174603174
14680,26,16,28754.11,1797.131875,346,2010-12-03 12:05:00,2011-11-14 16:59:00,United Kingdom,3,Champions,28754.11,30333.092919075145
14681,72,3,498.95,166.31666666666666,140,2011-05-12 10:45:00,2011-09-29 15:52:00,United Kingdom,1,Loyal Customers,498.95,1300.8339285714285
14682,188,2,52.0,26.0,14,2011-05-22 12:51:00,2011-06-05 12:12:00,United Kingdom,2,At-Risk/Dormant Customers,52.0,52.0
14684,26,5,1201.51,240.302,337,2010-12-12 12:44:00,2011-11-14 11:33:00,United Kingdom,1,Loyal Customers,1201.51,1301.3387240356083
14687,107,1,628.38,628.38,0,2011-08-25 11:59:00,2011-08-25 11:59:00,United Kingdom,2,At-Risk/Dormant Customers,628.38,628.38
14688,8,21,5579.1,265.6714285714286,366,2010-12-01 09:37:00,2011-12-02 12:26:00,United Kingdom,3,Champions,5579.1,5563.856557377049
14689,209,1,112.8,112.8,0,2011-05-15 11:22:00,2011-05-15 11:22:00,United Kingdom,2,At-Risk/Dormant Customers,112.8,112.8
14690,45,2,355.05,177.525,107,2011-07-11 11:58:00,2011-10-26 15:39:00,United Kingdom,0,Recent/Emerging Customers,355.05,1211.1518691588785
14691,31,5,2114.33,422.866,182,2011-05-11 09:55:00,2011-11-09 12:30:00,United Kingdom,1,Loyal Customers,2114.33,4240.277197802197
14692,138,4,591.55,147.8875,185,2011-01-21 13:47:00,2011-07-25 15:08:00,United Kingdom,1,Loyal Customers,591.55,1167.1121621621621
14693,265,1,172.9,172.9,0,2011-03-20 12:50:00,2011-03-20 12:50:00,United Kingdom,2,At-Risk/Dormant Customers,172.9,172.9
14696,5,7,2078.95,296.99285714285713,369,2010-12-01 15:37:00,2011-12-05 13:43:00,United Kingdom,3,Champions,2078.95,2056.4139566395665
14697,219,2,188.61,94.305,0,2011-05-05 15:29:00,2011-05-05 15:39:00,United Kingdom,2,At-Risk/Dormant Customers,188.61,188.61
14698,2,5,1217.27,243.454,50,2011-10-19 12:54:00,2011-12-08 12:26:00,United Kingdom,3,Champions,1217.27,8886.071
14699,215,1,109.13,109.13,0,2011-05-09 14:54:00,2011-05-09 14:54:00,United Kingdom,2,At-Risk/Dormant Customers,109.13,109.13
14700,33,3,2195.1,731.7,206,2011-04-15 13:16:00,2011-11-07 14:40:00,United Kingdom,1,Loyal Customers,2195.1,3889.376213592233
14701,11,9,2526.09,280.6766666666666,306,2011-01-27 12:40:00,2011-11-29 12:38:00,United Kingdom,3,Champions,2526.09,3013.146568627451
14702,2,17,3251.79,191.28176470588235,364,2010-12-09 19:23:00,2011-12-08 19:29:00,United Kingdom,3,Champions,3251.79,3260.723489010989
14703,15,1,318.17,318.17,0,2011-11-25 09:23:00,2011-11-25 09:23:00,United Kingdom,0,Recent/Emerging Customers,318.17,318.17
14704,12,9,1493.96,165.99555555555557,169,2011-06-12 13:59:00,2011-11-28 12:51:00,United Kingdom,3,Champions,1493.96,3226.6000000000004
14705,199,1,179.0,179.0,0,2011-05-25 12:39:00,2011-05-25 12:39:00,United Kingdom,2,At-Risk/Dormant Customers,179.0,179.0
14708,3,3,1126.37,375.45666666666665,366,2010-12-06 12:23:00,2011-12-07 08:21:00,United Kingdom,0,Recent/Emerging Customers,1126.37,1123.2924863387977
14709,16,13,4921.04,378.5415384615385,343,2010-12-16 13:43:00,2011-11-24 15:41:00,United Kingdom,3,Champions,4921.04,5236.675218658892
14710,15,4,599.48,149.87,45,2011-10-11 13:49:00,2011-11-25 14:53:00,United Kingdom,0,Recent/Emerging Customers,599.48,4862.448888888889
14711,11,11,2839.62,258.1472727272727,252,2011-03-22 13:32:00,2011-11-29 14:58:00,United Kingdom,3,Champions,2839.62,4112.941666666667
14712,30,3,917.07,305.69,83,2011-08-19 13:33:00,2011-11-10 12:59:00,United Kingdom,1,Loyal Customers,917.07,4032.8981927710843
14713,10,11,2662.2,242.0181818181818,356,2010-12-09 18:58:00,2011-11-30 16:26:00,United Kingdom,3,Champions,2662.2,2729.5028089887637
14714,25,1,160.19,160.19,0,2011-11-15 13:07:00,2011-11-15 13:07:00,United Kingdom,0,Recent/Emerging Customers,160.19,160.19
14715,25,4,867.38,216.845,307,2011-01-12 13:27:00,2011-11-15 12:10:00,United Kingdom,1,Loyal Customers,867.38,1031.2498371335505
14716,44,2,307.51,153.755,105,2011-07-14 12:42:00,2011-10-27 17:29:00,United Kingdom,0,Recent/Emerging Customers,307.51,1068.9633333333334
14719,2,5,1581.84,316.368,248,2011-04-04 14:17:00,2011-12-08 12:43:00,United Kingdom,3,Champions,1581.84,2328.1112903225803
14720,6,3,663.81,221.27,121,2011-08-05 12:06:00,2011-12-04 12:02:00,United Kingdom,0,Recent/Emerging Customers,663.81,2002.4020661157024
14722,148,1,180.42,180.42,0,2011-07-15 14:58:00,2011-07-15 14:58:00,United Kingdom,2,At-Risk/Dormant Customers,180.42,180.42
14723,11,6,1122.36,187.06,361,2010-12-03 14:18:00,2011-11-29 15:23:00,United Kingdom,1,Loyal Customers,1122.36,1134.7961218836563
14725,25,1,655.58,655.58,0,2011-11-15 12:42:00,2011-11-15 12:42:00,United Kingdom,0,Recent/Emerging Customers,655.58,655.58
14727,275,1,268.58,268.58,0,2011-03-10 14:45:00,2011-03-10 14:45:00,United Kingdom,2,At-Risk/Dormant Customers,268.58,268.58
14729,374,1,313.49,313.49,0,2010-12-01 12:43:00,2010-12-01 12:43:00,United Kingdom,2,At-Risk/Dormant Customers,313.49,313.49
14730,2,8,1897.57,237.19625,275,2011-03-08 12:49:00,2011-12-08 14:39:00,United Kingdom,3,Champions,1897.57,2518.5929090909094
14731,48,3,380.02,126.67333333333332,165,2011-05-11 13:06:00,2011-10-23 15:54:00,United Kingdom,0,Recent/Emerging Customers,380.02,840.6503030303029
14732,9,8,2702.49,337.81125,331,2011-01-04 14:40:00,2011-12-01 14:34:00,United Kingdom,3,Champions,2702.49,2980.087160120846
14733,17,12,9585.91,798.8258333333333,351,2010-12-07 11:30:00,2011-11-23 15:39:00,United Kingdom,3,Champions,9585.91,9968.253988603989
14735,4,32,6065.69,189.5528125,355,2010-12-16 16:05:00,2011-12-06 12:09:00,United Kingdom,3,Champions,6065.69,6236.554507042253
14737,4,3,1164.55,388.1833333333333,350,2010-12-21 13:49:00,2011-12-06 10:16:00,United Kingdom,0,Recent/Emerging Customers,1164.55,1214.4592857142857
14738,43,7,1314.45,187.77857142857144,274,2011-01-27 14:10:00,2011-10-28 08:56:00,United Kingdom,1,Loyal Customers,1314.45,1751.0009124087594
14739,5,7,3902.28,557.4685714285714,363,2010-12-07 14:58:00,2011-12-05 16:54:00,United Kingdom,3,Champions,3902.28,3923.7801652892567
14740,198,3,1448.21,482.7366666666666,86,2011-03-01 08:35:00,2011-05-26 18:17:00,United Kingdom,1,Loyal Customers,1448.21,6146.4726744186055
14741,12,6,1400.34,233.39,361,2010-12-02 08:43:00,2011-11-28 08:48:00,United Kingdom,1,Loyal Customers,1400.34,1415.8562326869803
14744,17,7,1099.98,157.14,350,2010-12-08 10:21:00,2011-11-23 12:51:00,United Kingdom,1,Loyal Customers,1099.98,1147.122
14745,113,5,1220.26,244.052,173,2011-02-27 15:25:00,2011-08-19 10:05:00,United Kingdom,1,Loyal Customers,1220.26,2574.536994219653
14747,250,1,328.2,328.2,0,2011-04-04 14:09:00,2011-04-04 14:09:00,United Kingdom,2,At-Risk/Dormant Customers,328.2,328.2
14748,30,5,1415.75,283.15,339,2010-12-06 10:19:00,2011-11-10 18:33:00,United Kingdom,1,Loyal Customers,1415.75,1524.3325958702064
14752,44,1,389.64,389.64,0,2011-10-27 11:55:00,2011-10-27 11:55:00,United Kingdom,0,Recent/Emerging Customers,389.64,389.64
14753,88,1,563.15,563.15,0,2011-09-13 14:50:00,2011-09-13 14:50:00,United Kingdom,2,At-Risk/Dormant Customers,563.15,563.15
14754,45,2,638.05,319.025,251,2011-02-17 12:21:00,2011-10-26 12:01:00,United Kingdom,0,Recent/Emerging Customers,638.05,927.8416334661354
14755,10,11,5010.28,455.48,325,2011-01-09 14:02:00,2011-11-30 11:24:00,United Kingdom,3,Champions,5010.28,5626.929846153846
14756,16,1,738.96,738.96,0,2011-11-24 18:13:00,2011-11-24 18:13:00,United Kingdom,0,Recent/Emerging Customers,738.96,738.96
14757,76,1,420.5,420.5,0,2011-09-25 14:36:00,2011-09-25 14:36:00,United Kingdom,2,At-Risk/Dormant Customers,420.5,420.5
14758,145,4,1484.06,371.015,115,2011-03-25 12:10:00,2011-07-18 08:21:00,United Kingdom,1,Loyal Customers,1484.06,4710.2773913043475
14759,5,3,1625.97,541.99,228,2011-04-21 10:55:00,2011-12-05 12:03:00,United Kingdom,0,Recent/Emerging Customers,1625.97,2602.978289473684
14760,298,1,89.2,89.2,0,2011-02-15 16:27:00,2011-02-15 16:27:00,United Kingdom,2,At-Risk/Dormant Customers,89.2,89.2
14761,59,2,255.9,127.95,276,2011-01-09 12:03:00,2011-10-12 12:10:00,United Kingdom,2,At-Risk/Dormant Customers,255.9,338.4184782608696
14762,264,1,300.52,300.52,0,2011-03-21 08:20:00,2011-03-21 08:20:00,United Kingdom,2,At-Risk/Dormant Customers,300.52,300.52
14764,47,1,278.3,278.3,0,2011-10-24 11:54:00,2011-10-24 11:54:00,United Kingdom,0,Recent/Emerging Customers,278.3,278.3
14765,30,3,254.11,84.70333333333333,147,2011-06-16 19:49:00,2011-11-10 19:53:00,United Kingdom,0,Recent/Emerging Customers,254.11,630.9534013605443
14766,9,6,2473.37,412.2283333333333,358,2010-12-08 15:33:00,2011-12-01 16:05:00,United Kingdom,3,Champions,2473.37,2521.731983240223
14768,18,2,192.6,96.3,110,2011-08-04 13:25:00,2011-11-22 12:54:00,United Kingdom,0,Recent/Emerging Customers,192.6,639.0818181818182
14769,3,8,10416.98,1302.1225,355,2010-12-17 11:40:00,2011-12-07 10:24:00,United Kingdom,3,Champions,10416.98,10710.416056338026
14770,233,2,876.42,438.21,91,2011-01-20 15:00:00,2011-04-21 14:21:00,United Kingdom,2,At-Risk/Dormant Customers,876.42,3515.310989010989
14772,113,1,139.26,139.26,0,2011-08-19 15:04:00,2011-08-19 15:04:00,United Kingdom,2,At-Risk/Dormant Customers,139.26,139.26
14775,59,3,1011.9,337.3,314,2010-12-02 16:38:00,2011-10-12 15:27:00,United Kingdom,1,Loyal Customers,1011.9,1176.253184713376
14776,52,11,2538.3,230.75454545454545,261,2011-01-31 13:17:00,2011-10-19 15:34:00,United Kingdom,1,Loyal Customers,2538.3,3549.7298850574716
14778,128,2,730.86,365.43,181,2011-02-04 11:43:00,2011-08-04 15:23:00,United Kingdom,2,At-Risk/Dormant Customers,730.86,1473.8337016574587
14779,281,3,386.15,128.71666666666667,43,2011-01-20 12:04:00,2011-03-04 12:42:00,United Kingdom,2,At-Risk/Dormant Customers,386.15,3277.7848837209303
14780,55,2,447.68,223.84,25,2011-09-21 15:15:00,2011-10-16 12:46:00,United Kingdom,0,Recent/Emerging Customers,447.68,447.68
14782,320,1,200.1,200.1,0,2011-01-24 11:12:00,2011-01-24 11:12:00,United Kingdom,2,At-Risk/Dormant Customers,200.1,200.1
14784,27,2,289.99,144.995,297,2011-01-20 09:25:00,2011-11-13 13:30:00,United Kingdom,0,Recent/Emerging Customers,289.99,356.38501683501687
14785,11,2,77.4,38.7,5,2011-11-24 13:40:00,2011-11-29 13:21:00,United Kingdom,0,Recent/Emerging Customers,77.4,77.4
14788,8,2,679.44,339.72,19,2011-11-13 15:52:00,2011-12-02 17:06:00,United Kingdom,0,Recent/Emerging Customers,679.44,679.44
14789,29,1,197.64,197.64,0,2011-11-11 08:59:00,2011-11-11 08:59:00,United Kingdom,0,Recent/Emerging Customers,197.64,197.64
14790,17,4,745.06,186.265,237,2011-03-31 11:49:00,2011-11-23 09:28:00,United Kingdom,1,Loyal Customers,745.06,1147.4552742616033
14792,64,1,6.2,6.2,0,2011-10-07 09:19:00,2011-10-07 09:19:00,United Kingdom,2,At-Risk/Dormant Customers,6.2,6.2
14793,22,1,228.99,228.99,0,2011-11-18 14:50:00,2011-11-18 14:50:00,United Kingdom,0,Recent/Emerging Customers,228.99,228.99
14794,3,7,1319.91,188.55857142857144,332,2011-01-09 16:11:00,2011-12-07 10:11:00,United Kingdom,3,Champions,1319.91,1451.1058734939759
14795,167,1,131.45,131.45,0,2011-06-26 13:04:00,2011-06-26 13:04:00,United Kingdom,2,At-Risk/Dormant Customers,131.45,131.45
14796,2,17,7975.49,469.1464705882353,365,2010-12-08 10:40:00,2011-12-08 15:31:00,United Kingdom,3,Champions,7975.49,7975.49
14798,53,3,173.74,57.91333333333333,258,2011-02-02 15:26:00,2011-10-18 10:58:00,United Kingdom,0,Recent/Emerging Customers,173.74,245.7949612403101
14799,52,1,157.7,157.7,0,2011-10-19 16:16:00,2011-10-19 16:16:00,United Kingdom,2,At-Risk/Dormant Customers,157.7,157.7
14800,48,12,4331.79,360.9825,322,2010-12-05 11:10:00,2011-10-23 12:46:00,United Kingdom,3,Champions,4331.79,4910.258850931677
14801,62,1,189.34,189.34,0,2011-10-09 15:24:00,2011-10-09 15:24:00,United Kingdom,2,At-Risk/Dormant Customers,189.34,189.34
14803,163,3,845.55,281.85,130,2011-02-20 13:21:00,2011-06-30 13:58:00,United Kingdom,1,Loyal Customers,845.55,2374.0442307692306
14804,9,1,353.27,353.27,0,2011-12-01 11:20:00,2011-12-01 11:20:00,United Kingdom,0,Recent/Emerging Customers,353.27,353.27
14805,16,4,546.4,136.6,298,2011-01-30 10:43:00,2011-11-24 16:20:00,United Kingdom,0,Recent/Emerging Customers,546.4,669.248322147651
14806,76,1,193.39,193.39,0,2011-09-25 15:32:00,2011-09-25 15:32:00,United Kingdom,2,At-Risk/Dormant Customers,193.39,193.39
14808,40,8,2718.6,339.825,133,2011-06-20 12:53:00,2011-10-31 12:21:00,United Kingdom,1,Loyal Customers,2718.6,7460.81954887218
14810,41,11,2085.33,189.57545454545453,329,2010-12-05 12:08:00,2011-10-30 11:19:00,United Kingdom,3,Champions,2085.33,2313.5120060790273
14813,370,2,152.88,76.44,0,2010-12-05 11:54:00,2010-12-05 11:57:00,United Kingdom,2,At-Risk/Dormant Customers,152.88,152.88
14815,37,2,778.5,389.25,31,2011-10-03 11:36:00,2011-11-03 11:36:00,United Kingdom,0,Recent/Emerging Customers,778.5,9166.209677419354
14816,198,1,271.85,271.85,0,2011-05-26 13:16:00,2011-05-26 13:16:00,United Kingdom,2,At-Risk/Dormant Customers,271.85,271.85
14817,201,2,1110.34,555.17,77,2011-03-07 13:51:00,2011-05-23 13:35:00,United Kingdom,2,At-Risk/Dormant Customers,1110.34,5263.3
14818,74,3,657.8,219.26666666666665,180,2011-03-31 12:28:00,2011-09-27 11:01:00,United Kingdom,1,Loyal Customers,657.8,1333.872222222222
14819,65,2,272.07,136.035,128,2011-05-31 13:50:00,2011-10-06 13:41:00,United Kingdom,2,At-Risk/Dormant Customers,272.07,775.824609375
14820,22,4,507.29,126.8225,152,2011-06-19 14:56:00,2011-11-18 15:41:00,United Kingdom,0,Recent/Emerging Customers,507.29,1218.1634868421052
14821,367,1,48.8,48.8,0,2010-12-08 08:43:00,2010-12-08 08:43:00,United Kingdom,2,At-Risk/Dormant Customers,48.8,48.8
14823,181,3,321.43,107.14333333333332,14,2011-05-29 12:48:00,2011-06-12 13:12:00,United Kingdom,2,At-Risk/Dormant Customers,321.43,321.43
14824,11,4,1127.71,281.9275,81,2011-09-09 14:12:00,2011-11-29 14:20:00,United Kingdom,1,Loyal Customers,1127.71,5081.656172839505
14825,4,12,2221.01,185.08416666666665,365,2010-12-06 12:30:00,2011-12-06 11:38:00,United Kingdom,3,Champions,2221.01,2221.01
14828,197,3,2139.76,713.2533333333333,140,2011-01-07 09:50:00,2011-05-27 10:16:00,United Kingdom,1,Loyal Customers,2139.76,5578.660000000001
14829,30,4,697.55,174.3875,343,2010-12-02 16:12:00,2011-11-10 16:16:00,United Kingdom,1,Loyal Customers,697.55,742.2908163265305
14830,54,1,188.88,188.88,0,2011-10-17 14:29:00,2011-10-17 14:29:00,United Kingdom,2,At-Risk/Dormant Customers,188.88,188.88
14834,18,6,1720.3,286.71666666666664,223,2011-04-13 15:00:00,2011-11-22 10:30:00,United Kingdom,1,Loyal Customers,1720.3,2815.737668161435
14836,11,3,102.45,34.15,20,2011-11-09 13:26:00,2011-11-29 16:45:00,United Kingdom,0,Recent/Emerging Customers,102.45,102.45
14837,90,4,1649.5,412.375,112,2011-05-22 12:49:00,2011-09-11 10:58:00,United Kingdom,1,Loyal Customers,1649.5,5375.602678571428
14840,268,1,62.85,62.85,0,2011-03-17 12:00:00,2011-03-17 12:00:00,United Kingdom,2,At-Risk/Dormant Customers,62.85,62.85
14841,54,6,3295.76,549.2933333333333,305,2010-12-16 10:28:00,2011-10-17 15:03:00,United Kingdom,1,Loyal Customers,3295.76,3944.106229508197
14842,44,4,2824.69,706.1725,265,2011-02-04 15:32:00,2011-10-27 12:37:00,United Kingdom,1,Loyal Customers,2824.69,3890.610754716981
14844,64,4,3189.81,797.4525,178,2011-04-12 13:10:00,2011-10-07 10:41:00,United Kingdom,1,Loyal Customers,3189.81,6540.902528089887
14847,149,1,309.4,309.4,0,2011-07-14 10:52:00,2011-07-14 10:52:00,United Kingdom,2,At-Risk/Dormant Customers,309.4,309.4
14849,22,25,7930.54,317.2216,352,2010-12-01 12:22:00,2011-11-18 10:58:00,United Kingdom,3,Champions,7930.54,8223.429261363635
14850,312,1,325.75,325.75,0,2011-02-01 11:21:00,2011-02-01 11:21:00,United Kingdom,2,At-Risk/Dormant Customers,325.75,325.75
14851,24,2,511.35,255.675,233,2011-03-28 14:59:00,2011-11-16 14:20:00,United Kingdom,0,Recent/Emerging Customers,511.35,801.0418454935622
14852,59,6,2836.69,472.78166666666664,194,2011-04-01 13:22:00,2011-10-12 13:20:00,United Kingdom,1,Loyal Customers,2836.69,5337.071391752577
14853,25,2,475.8,237.9,187,2011-05-12 15:17:00,2011-11-15 16:56:00,United Kingdom,0,Recent/Emerging Customers,475.8,928.7005347593583
14854,79,7,2740.03,391.43285714285713,196,2011-03-10 12:22:00,2011-09-22 17:00:00,United Kingdom,1,Loyal Customers,2740.03,5102.606887755102
14855,120,2,645.65,322.825,15,2011-07-28 12:06:00,2011-08-12 14:02:00,United Kingdom,2,At-Risk/Dormant Customers,645.65,645.65
14856,37,3,1290.53,430.1766666666666,20,2011-10-14 09:35:00,2011-11-03 14:53:00,United Kingdom,1,Loyal Customers,1290.53,1290.53
14857,60,2,1173.12,586.56,89,2011-07-14 15:03:00,2011-10-11 09:23:00,United Kingdom,1,Loyal Customers,1173.12,4811.11011235955
14859,13,4,1353.74,338.435,192,2011-05-19 14:42:00,2011-11-27 11:18:00,United Kingdom,1,Loyal Customers,1353.74,2573.5161458333337
14860,20,1,170.32,170.32,0,2011-11-20 14:17:00,2011-11-20 14:17:00,United Kingdom,0,Recent/Emerging Customers,170.32,170.32
14861,53,1,125.79,125.79,0,2011-10-18 12:54:00,2011-10-18 12:54:00,United Kingdom,2,At-Risk/Dormant Customers,125.79,125.79
14862,26,2,841.2,420.6,123,2011-07-14 11:20:00,2011-11-14 10:01:00,United Kingdom,0,Recent/Emerging Customers,841.2,2496.243902439024
14863,30,1,266.76,266.76,0,2011-11-10 15:04:00,2011-11-10 15:04:00,United Kingdom,0,Recent/Emerging Customers,266.76,266.76
14865,8,2,52.2,26.1,365,2010-12-02 18:23:00,2011-12-02 16:25:00,United Kingdom,0,Recent/Emerging Customers,52.2,52.2
14866,11,12,14389.9,1199.1583333333333,356,2010-12-08 14:58:00,2011-11-29 11:45:00,United Kingdom,3,Champions,14389.9,14753.689606741571
14867,186,3,710.28,236.76,151,2011-01-07 16:34:00,2011-06-07 11:39:00,United Kingdom,2,At-Risk/Dormant Customers,710.28,1716.9019867549669
14868,4,8,2953.59,369.19875,230,2011-04-20 13:36:00,2011-12-06 14:49:00,United Kingdom,3,Champions,2953.59,4687.218913043478
14869,9,2,721.45,360.725,95,2011-08-28 16:09:00,2011-12-01 12:36:00,United Kingdom,0,Recent/Emerging Customers,721.45,2771.8868421052634
14870,262,1,327.25,327.25,0,2011-03-23 10:51:00,2011-03-23 10:51:00,United Kingdom,2,At-Risk/Dormant Customers,327.25,327.25
14871,4,4,501.28,125.32,357,2010-12-14 12:18:00,2011-12-06 13:42:00,United Kingdom,0,Recent/Emerging Customers,501.28,512.5131652661064
14873,211,1,519.68,519.68,0,2011-05-13 13:52:00,2011-05-13 13:52:00,United Kingdom,2,At-Risk/Dormant Customers,519.68,519.68
14875,108,2,1465.32,732.66,155,2011-03-22 11:53:00,2011-08-24 12:20:00,United Kingdom,1,Loyal Customers,1465.32,3450.592258064516
14878,13,9,1476.09,164.01,346,2010-12-16 12:11:00,2011-11-27 11:15:00,United Kingdom,3,Champions,1476.09,1557.146965317919
14880,78,3,690.59,230.19666666666663,211,2011-02-24 12:27:00,2011-09-23 13:42:00,United Kingdom,1,Loyal Customers,690.59,1194.6225118483412
14881,20,1,255.4,255.4,0,2011-11-20 11:06:00,2011-11-20 11:06:00,United Kingdom,0,Recent/Emerging Customers,255.4,255.4
14882,27,2,589.7,294.85,7,2011-11-06 10:15:00,2011-11-13 12:47:00,United Kingdom,0,Recent/Emerging Customers,589.7,589.7
14883,19,6,761.59,126.93166666666666,193,2011-05-12 09:49:00,2011-11-21 10:23:00,United Kingdom,1,Loyal Customers,761.59,1440.3126943005182
14885,132,1,765.32,765.32,0,2011-07-31 12:05:00,2011-07-31 12:05:00,United Kingdom,2,At-Risk/Dormant Customers,765.32,765.32
14886,253,1,364.8,364.8,0,2011-04-01 08:56:00,2011-04-01 08:56:00,United Kingdom,2,At-Risk/Dormant Customers,364.8,364.8
14887,80,1,1862.0,1862.0,0,2011-09-21 15:32:00,2011-09-21 15:32:00,United Kingdom,1,Loyal Customers,1862.0,1862.0
14888,208,1,369.2,369.2,0,2011-05-16 14:58:00,2011-05-16 14:58:00,United Kingdom,2,At-Risk/Dormant Customers,369.2,369.2
14889,337,1,135.9,135.9,0,2011-01-07 15:19:00,2011-01-07 15:19:00,United Kingdom,2,At-Risk/Dormant Customers,135.9,135.9
14890,254,1,125.65,125.65,0,2011-03-31 11:57:00,2011-03-31 11:57:00,United Kingdom,2,At-Risk/Dormant Customers,125.65,125.65
14891,149,2,554.38,277.19,39,2011-06-05 10:58:00,2011-07-14 18:08:00,United Kingdom,2,At-Risk/Dormant Customers,554.38,5188.428205128205
14893,10,2,1237.85,618.925,2,2011-11-28 10:49:00,2011-11-30 12:31:00,United Kingdom,0,Recent/Emerging Customers,1237.85,1237.85
14894,86,1,655.75,655.75,0,2011-09-15 13:51:00,2011-09-15 13:51:00,United Kingdom,2,At-Risk/Dormant Customers,655.75,655.75
14895,8,20,11138.71,556.9355,283,2011-02-22 13:08:00,2011-12-02 09:23:00,United Kingdom,3,Champions,11138.71,14366.18074204947
14896,205,2,468.77,234.385,161,2010-12-09 12:24:00,2011-05-19 10:20:00,United Kingdom,2,At-Risk/Dormant Customers,468.77,1062.7394409937888
14897,8,4,1366.38,341.595,289,2011-02-16 08:37:00,2011-12-02 10:32:00,United Kingdom,1,Loyal Customers,1366.38,1725.7048442906575
14898,24,6,1269.31,211.55166666666665,348,2010-12-03 15:25:00,2011-11-16 14:54:00,United Kingdom,1,Loyal Customers,1269.31,1331.3165229885058
14901,12,9,1421.29,157.92111111111112,361,2010-12-02 11:20:00,2011-11-28 17:09:00,United Kingdom,3,Champions,1421.29,1437.0383656509694
14902,26,1,332.66,332.66,0,2011-11-14 10:34:00,2011-11-14 10:34:00,United Kingdom,0,Recent/Emerging Customers,332.66,332.66
14903,22,5,2795.33,559.066,257,2011-03-06 11:50:00,2011-11-18 16:07:00,United Kingdom,1,Loyal Customers,2795.33,3970.021206225681
14904,3,2,1025.44,512.72,23,2011-11-14 09:13:00,2011-12-07 12:55:00,United Kingdom,0,Recent/Emerging Customers,1025.44,1025.44
14905,158,2,616.15,308.075,76,2011-04-20 10:48:00,2011-07-05 12:41:00,United Kingdom,2,At-Risk/Dormant Customers,616.15,2959.141447368421
14907,4,7,3501.1,500.1571428571429,364,2010-12-07 10:14:00,2011-12-06 14:14:00,United Kingdom,3,Champions,3501.1,3510.7184065934066
14908,75,1,277.8,277.8,0,2011-09-26 12:56:00,2011-09-26 12:56:00,United Kingdom,2,At-Risk/Dormant Customers,277.8,277.8
14910,3,4,434.35,108.5875,52,2011-10-16 11:06:00,2011-12-07 10:06:00,United Kingdom,0,Recent/Emerging Customers,434.35,3048.8028846153848
14911,2,201,143711.17,714.9809452736318,372,2010-12-01 14:05:00,2011-12-08 15:54:00,EIRE,3,Champions,143711.17,141006.92755376347
14912,17,2,867.85,433.925,230,2011-04-07 11:06:00,2011-11-23 09:20:00,Italy,0,Recent/Emerging Customers,867.85,1377.2402173913044
14913,36,4,1227.43,306.8575,324,2010-12-15 14:35:00,2011-11-04 08:29:00,United Kingdom,1,Loyal Customers,1227.43,1382.7529320987653
14915,92,2,307.48,153.74,186,2011-03-07 09:39:00,2011-09-09 13:34:00,United Kingdom,2,At-Risk/Dormant Customers,307.48,603.3881720430109
14916,71,4,1268.98,317.245,254,2011-01-19 15:30:00,2011-09-30 09:20:00,United Kingdom,1,Loyal Customers,1268.98,1823.534251968504
14918,116,2,1610.15,805.075,39,2011-07-08 12:50:00,2011-08-16 11:50:00,United Kingdom,1,Loyal Customers,1610.15,15069.352564102566
14920,213,2,977.77,488.885,0,2011-05-11 10:31:00,2011-05-11 10:32:00,United Kingdom,2,At-Risk/Dormant Customers,977.77,977.77
14921,31,2,1316.07,658.035,171,2011-05-22 12:51:00,2011-11-09 13:17:00,United Kingdom,1,Loyal Customers,1316.07,2809.1552631578943
14923,51,1,749.1,749.1,0,2011-10-20 11:51:00,2011-10-20 11:51:00,United Kingdom,0,Recent/Emerging Customers,749.1,749.1
14924,246,1,310.05,310.05,0,2011-04-08 09:25:00,2011-04-08 09:25:00,United Kingdom,2,At-Risk/Dormant Customers,310.05,310.05
14929,33,1,223.88,223.88,0,2011-11-07 17:21:00,2011-11-07 17:21:00,United Kingdom,0,Recent/Emerging Customers,223.88,223.88
14930,109,3,2362.96,787.6533333333333,166,2011-03-10 14:42:00,2011-08-23 10:31:00,Channel Islands,1,Loyal Customers,2362.96,5195.665060240964
14931,5,5,1257.68,251.536,236,2011-04-13 09:32:00,2011-12-05 10:19:00,Channel Islands,3,Champions,1257.68,1945.140677966102
14932,366,1,363.53,363.53,0,2010-12-09 11:48:00,2010-12-09 11:48:00,Channel Islands,2,At-Risk/Dormant Customers,363.53,363.53
14934,82,2,1890.94,945.47,201,2011-03-02 11:48:00,2011-09-19 10:10:00,Channel Islands,1,Loyal Customers,1890.94,3433.7965174129354
14935,298,1,1784.71,1784.71,0,2011-02-15 14:44:00,2011-02-15 14:44:00,Channel Islands,2,At-Risk/Dormant Customers,1784.71,1784.71
14936,34,8,8137.02,1017.1275,242,2011-03-09 11:53:00,2011-11-06 10:30:00,Channel Islands,3,Champions,8137.02,12272.778099173554
14937,57,3,1621.88,540.6266666666667,74,2011-08-01 14:16:00,2011-10-14 12:29:00,Channel Islands,1,Loyal Customers,1621.88,7999.813513513514
14944,30,12,5900.25,491.6875,267,2011-02-16 12:47:00,2011-11-10 09:10:00,United Kingdom,3,Champions,5900.25,8065.884831460674
14946,15,1,100.9,100.9,0,2011-11-25 13:33:00,2011-11-25 13:33:00,United Kingdom,0,Recent/Emerging Customers,100.9,100.9
14947,73,2,290.82,145.41,58,2011-08-01 09:31:00,2011-09-28 15:48:00,United Kingdom,2,At-Risk/Dormant Customers,290.82,1830.1603448275862
14948,24,6,1101.97,183.66166666666663,196,2011-05-04 14:52:00,2011-11-16 17:16:00,United Kingdom,1,Loyal Customers,1101.97,2052.1380102040816
14950,20,1,371.2,371.2,0,2011-11-20 13:48:00,2011-11-20 13:48:00,United Kingdom,0,Recent/Emerging Customers,371.2,371.2
14951,80,1,311.69,311.69,0,2011-09-21 15:15:00,2011-09-21 15:15:00,United Kingdom,2,At-Risk/Dormant Customers,311.69,311.69
14952,60,11,8099.49,736.3172727272727,305,2010-12-10 12:48:00,2011-10-11 10:33:00,United Kingdom,3,Champions,8099.49,9692.832295081967
14953,26,1,285.67,285.67,0,2011-11-14 14:59:00,2011-11-14 14:59:00,United Kingdom,0,Recent/Emerging Customers,285.67,285.67
14954,13,1,294.85,294.85,0,2011-11-27 14:30:00,2011-11-27 14:30:00,United Kingdom,0,Recent/Emerging Customers,294.85,294.85
14957,254,1,58.49,58.49,0,2011-03-31 17:59:00,2011-03-31 17:59:00,United Kingdom,2,At-Risk/Dormant Customers,58.49,58.49
14958,148,3,483.73,161.2433333333333,98,2011-04-08 11:28:00,2011-07-15 14:20:00,United Kingdom,2,At-Risk/Dormant Customers,483.73,1801.647448979592
14959,65,4,695.42,173.855,232,2011-02-16 13:00:00,2011-10-06 18:23:00,United Kingdom,1,Loyal Customers,695.42,1094.0874999999999
14960,9,2,221.27,110.635,163,2011-06-21 13:38:00,2011-12-01 12:54:00,United Kingdom,0,Recent/Emerging Customers,221.27,495.4819018404908
14961,11,9,7044.68,782.7422222222223,350,2010-12-14 11:38:00,2011-11-29 09:42:00,United Kingdom,3,Champions,7044.68,7346.594857142858
14962,271,1,126.7,126.7,0,2011-03-14 09:42:00,2011-03-14 09:42:00,United Kingdom,2,At-Risk/Dormant Customers,126.7,126.7
14963,10,5,1472.34,294.468,174,2011-06-09 12:30:00,2011-11-30 12:16:00,United Kingdom,1,Loyal Customers,1472.34,3088.5293103448275
14964,248,1,206.21,206.21,0,2011-04-06 14:13:00,2011-04-06 14:13:00,United Kingdom,2,At-Risk/Dormant Customers,206.21,206.21
14965,97,2,596.09,298.045,0,2011-09-04 13:15:00,2011-09-04 13:20:00,United Kingdom,2,At-Risk/Dormant Customers,596.09,596.09
14966,15,1,183.02,183.02,0,2011-11-25 12:20:00,2011-11-25 12:20:00,United Kingdom,0,Recent/Emerging Customers,183.02,183.02
14967,50,1,463.8,463.8,0,2011-10-21 11:06:00,2011-10-21 11:06:00,United Kingdom,0,Recent/Emerging Customers,463.8,463.8
14968,31,1,147.59,147.59,0,2011-11-09 13:58:00,2011-11-09 13:58:00,United Kingdom,0,Recent/Emerging Customers,147.59,147.59
14970,69,4,1592.06,398.015,248,2011-01-27 12:23:00,2011-10-02 13:44:00,United Kingdom,1,Loyal Customers,1592.06,2343.152822580645
14971,36,3,1097.98,365.9933333333333,8,2011-10-27 13:33:00,2011-11-04 17:07:00,United Kingdom,1,Loyal Customers,1097.98,1097.98
14972,129,1,114.77,114.77,0,2011-08-03 14:54:00,2011-08-03 14:54:00,United Kingdom,2,At-Risk/Dormant Customers,114.77,114.77
14973,108,3,1314.45,438.15,118,2011-04-28 12:22:00,2011-08-24 15:51:00,United Kingdom,1,Loyal Customers,1314.45,4065.8834745762715
14974,38,1,89.94,89.94,0,2011-11-02 13:01:00,2011-11-02 13:01:00,United Kingdom,0,Recent/Emerging Customers,89.94,89.94
14975,58,1,279.94,279.94,0,2011-10-13 14:08:00,2011-10-13 14:08:00,United Kingdom,2,At-Risk/Dormant Customers,279.94,279.94
14976,58,7,790.86,112.98,269,2011-01-17 11:09:00,2011-10-13 16:37:00,United Kingdom,1,Loyal Customers,790.86,1073.1000000000001
14978,73,5,1921.37,384.274,258,2011-01-13 12:03:00,2011-09-28 13:07:00,United Kingdom,1,Loyal Customers,1921.37,2718.2172480620156
14981,247,1,102.12,102.12,0,2011-04-07 13:45:00,2011-04-07 13:45:00,United Kingdom,2,At-Risk/Dormant Customers,102.12,102.12
14984,20,2,202.37,101.185,161,2011-06-12 11:04:00,2011-11-20 14:28:00,United Kingdom,0,Recent/Emerging Customers,202.37,458.78913043478263
14985,199,2,292.01,146.005,160,2010-12-16 19:51:00,2011-05-25 14:29:00,United Kingdom,2,At-Risk/Dormant Customers,292.01,666.1478125
14987,16,2,326.4,163.2,350,2010-12-09 12:13:00,2011-11-24 09:59:00,United Kingdom,0,Recent/Emerging Customers,326.4,340.3885714285714
14988,212,1,334.54,334.54,0,2011-05-12 12:05:00,2011-05-12 12:05:00,United Kingdom,2,At-Risk/Dormant Customers,334.54,334.54
14995,39,2,231.98,115.99,242,2011-03-04 13:14:00,2011-11-01 11:39:00,United Kingdom,0,Recent/Emerging Customers,231.98,349.8871900826446
14997,47,3,546.2,182.06666666666663,132,2011-06-14 16:52:00,2011-10-24 13:28:00,United Kingdom,1,Loyal Customers,546.2,1510.3257575757577
14998,171,2,414.87,207.435,71,2011-04-12 16:28:00,2011-06-22 17:30:00,United Kingdom,2,At-Risk/Dormant Customers,414.87,2132.782394366197
15000,48,1,490.52,490.52,0,2011-10-23 11:42:00,2011-10-23 11:42:00,United Kingdom,0,Recent/Emerging Customers,490.52,490.52
15002,116,4,1641.76,410.44,252,2010-12-07 13:16:00,2011-08-16 10:44:00,United Kingdom,1,Loyal Customers,1641.76,2377.9460317460316
15004,148,1,1220.77,1220.77,0,2011-07-15 14:05:00,2011-07-15 14:05:00,United Kingdom,2,At-Risk/Dormant Customers,1220.77,1220.77
15005,16,28,6295.37,224.83464285714285,351,2010-12-08 14:36:00,2011-11-24 12:25:00,United Kingdom,3,Champions,6295.37,6546.4673789173785
15006,52,1,480.38,480.38,0,2011-10-19 15:08:00,2011-10-19 15:08:00,United Kingdom,0,Recent/Emerging Customers,480.38,480.38
15007,160,1,156.91,156.91,0,2011-07-03 16:00:00,2011-07-03 16:00:00,United Kingdom,2,At-Risk/Dormant Customers,156.91,156.91
15009,13,3,1259.43,419.81,13,2011-11-14 17:40:00,2011-11-27 13:35:00,United Kingdom,1,Loyal Customers,1259.43,1259.43
15010,36,1,308.94,308.94,0,2011-11-04 12:42:00,2011-11-04 12:42:00,United Kingdom,0,Recent/Emerging Customers,308.94,308.94
15012,54,2,405.04,202.52,320,2010-12-01 12:49:00,2011-10-17 12:22:00,United Kingdom,0,Recent/Emerging Customers,405.04,461.99875000000003
15014,44,2,257.67,128.835,133,2011-06-16 19:40:00,2011-10-27 20:07:00,United Kingdom,0,Recent/Emerging Customers,257.67,707.1394736842105
15016,173,1,170.04,170.04,0,2011-06-20 12:06:00,2011-06-20 12:06:00,United Kingdom,2,At-Risk/Dormant Customers,170.04,170.04
15017,34,1,125.58,125.58,0,2011-11-06 10:33:00,2011-11-06 10:33:00,United Kingdom,0,Recent/Emerging Customers,125.58,125.58
15018,39,3,496.21,165.4033333333333,329,2010-12-07 10:47:00,2011-11-01 12:47:00,United Kingdom,0,Recent/Emerging Customers,496.21,550.5065349544072
15019,267,1,252.81,252.81,0,2011-03-18 12:35:00,2011-03-18 12:35:00,United Kingdom,2,At-Risk/Dormant Customers,252.81,252.81
15021,9,9,1871.77,207.97444444444443,358,2010-12-08 12:17:00,2011-12-01 11:53:00,United Kingdom,3,Champions,1871.77,1908.3688547486033
15022,12,4,852.39,213.0975,36,2011-10-23 15:47:00,2011-11-28 12:35:00,United Kingdom,0,Recent/Emerging Customers,852.39,8642.2875
15023,4,11,6720.41,610.9463636363636,366,2010-12-05 13:49:00,2011-12-06 17:23:00,United Kingdom,3,Champions,6720.41,6702.048224043716
15024,10,10,1636.43,163.643,358,2010-12-07 13:20:00,2011-11-30 12:06:00,United Kingdom,3,Champions,1636.43,1668.4272346368714
15025,34,1,361.96,361.96,0,2011-11-06 15:20:00,2011-11-06 15:20:00,United Kingdom,0,Recent/Emerging Customers,361.96,361.96
15026,81,3,469.0,156.33333333333331,197,2011-03-07 13:45:00,2011-09-20 13:52:00,United Kingdom,1,Loyal Customers,469.0,868.9593908629441
15027,31,4,1066.15,266.5375,208,2011-04-15 14:14:00,2011-11-09 10:16:00,United Kingdom,1,Loyal Customers,1066.15,1870.8882211538462
15028,9,4,627.13,156.7825,360,2010-12-06 12:47:00,2011-12-01 14:06:00,United Kingdom,0,Recent/Emerging Customers,627.13,635.8401388888889
15030,72,2,518.28,259.14,197,2011-03-16 15:34:00,2011-09-29 10:50:00,United Kingdom,2,At-Risk/Dormant Customers,518.28,960.2649746192892
15031,5,4,653.19,163.2975,278,2011-03-02 14:46:00,2011-12-05 14:19:00,United Kingdom,0,Recent/Emerging Customers,653.19,857.6055755395685
15032,257,3,4959.1,1653.0333333333333,110,2010-12-08 12:57:00,2011-03-28 15:03:00,United Kingdom,1,Loyal Customers,4959.1,16455.195454545457
15033,5,10,2557.18,255.718,325,2011-01-14 13:28:00,2011-12-05 12:40:00,United Kingdom,3,Champions,2557.18,2871.909846153846
15034,16,8,4274.16,534.27,338,2010-12-21 09:47:00,2011-11-24 12:11:00,United Kingdom,3,Champions,4274.16,4615.586982248521
15035,90,1,252.73,252.73,0,2011-09-11 11:08:00,2011-09-11 11:08:00,United Kingdom,2,At-Risk/Dormant Customers,252.73,252.73
15036,73,3,429.56,143.18666666666667,107,2011-06-13 12:19:00,2011-09-28 15:42:00,United Kingdom,1,Loyal Customers,429.56,1465.3214953271029
15038,59,6,685.74,114.29,311,2010-12-05 10:54:00,2011-10-12 11:33:00,United Kingdom,1,Loyal Customers,685.74,804.8073954983923
15039,10,47,19766.59,420.56574468085114,359,2010-12-06 11:26:00,2011-11-30 11:31:00,United Kingdom,3,Champions,19766.59,20096.950835654596
15041,171,1,179.93,179.93,0,2011-06-22 16:16:00,2011-06-22 16:16:00,United Kingdom,2,At-Risk/Dormant Customers,179.93,179.93
15042,200,1,135.93,135.93,0,2011-05-24 16:25:00,2011-05-24 16:25:00,United Kingdom,2,At-Risk/Dormant Customers,135.93,135.93
15043,32,1,537.0,537.0,0,2011-11-08 14:26:00,2011-11-08 14:26:00,United Kingdom,0,Recent/Emerging Customers,537.0,537.0
15044,20,17,7634.73,449.1017647058824,343,2010-12-12 14:27:00,2011-11-20 13:20:00,United Kingdom,3,Champions,7634.73,8124.421137026238
15045,152,2,735.66,367.83,106,2011-03-27 11:44:00,2011-07-11 11:33:00,United Kingdom,2,At-Risk/Dormant Customers,735.66,2533.168867924528
15046,10,15,5090.42,339.36133333333333,329,2011-01-05 15:30:00,2011-11-30 15:50:00,United Kingdom,3,Champions,5090.42,5647.426443768996
15047,270,1,343.62,343.62,0,2011-03-15 10:49:00,2011-03-15 10:49:00,United Kingdom,2,At-Risk/Dormant Customers,343.62,343.62
15048,66,4,381.0,95.25,303,2010-12-06 12:15:00,2011-10-05 14:55:00,United Kingdom,1,Loyal Customers,381.0,458.96039603960395
15049,274,1,121.17,121.17,0,2011-03-11 12:13:00,2011-03-11 12:13:00,United Kingdom,2,At-Risk/Dormant Customers,121.17,121.17
15050,26,3,1737.69,579.23,46,2011-09-29 13:22:00,2011-11-14 16:17:00,United Kingdom,1,Loyal Customers,1737.69,13788.192391304348
15051,24,3,1383.36,461.12,127,2011-07-12 15:29:00,2011-11-16 15:38:00,United Kingdom,1,Loyal Customers,1383.36,3975.7984251968496
15052,320,1,207.73,207.73,0,2011-01-24 15:52:00,2011-01-24 15:52:00,United Kingdom,2,At-Risk/Dormant Customers,207.73,207.73
15053,5,3,693.95,231.31666666666663,277,2011-03-03 12:06:00,2011-12-05 12:08:00,United Kingdom,0,Recent/Emerging Customers,693.95,914.4106498194947
15054,13,2,302.1,151.05,28,2011-10-30 14:33:00,2011-11-27 15:02:00,United Kingdom,0,Recent/Emerging Customers,302.1,302.1
15057,276,2,1489.5,744.75,40,2011-01-28 09:09:00,2011-03-09 15:17:00,United Kingdom,2,At-Risk/Dormant Customers,1489.5,13591.6875
15058,26,11,2102.54,191.14,287,2011-01-31 15:35:00,2011-11-14 14:57:00,United Kingdom,3,Champions,2102.54,2673.962020905923
15059,41,9,1337.72,148.63555555555556,294,2011-01-09 11:54:00,2011-10-30 11:35:00,United Kingdom,1,Loyal Customers,1337.72,1660.7748299319728
15060,9,4,294.25,73.5625,1,2011-11-30 14:03:00,2011-12-01 13:47:00,United Kingdom,0,Recent/Emerging Customers,294.25,294.25
15061,4,48,54534.14,1136.1279166666666,369,2010-12-02 15:19:00,2011-12-06 12:06:00,United Kingdom,3,Champions,54534.14,53942.98401084011
15062,72,4,987.86,246.965,288,2010-12-15 15:37:00,2011-09-29 16:51:00,United Kingdom,1,Loyal Customers,987.86,1251.9753472222224
15063,214,1,370.8,370.8,0,2011-05-10 13:25:00,2011-05-10 13:25:00,United Kingdom,2,At-Risk/Dormant Customers,370.8,370.8
15065,38,4,3158.13,789.5325,254,2011-02-21 12:54:00,2011-11-02 09:45:00,United Kingdom,1,Loyal Customers,3158.13,4538.257677165354
15066,54,1,893.59,893.59,0,2011-10-17 13:25:00,2011-10-17 13:25:00,United Kingdom,0,Recent/Emerging Customers,893.59,893.59
15067,79,3,1744.76,581.5866666666666,204,2011-03-02 12:10:00,2011-09-22 13:20:00,United Kingdom,1,Loyal Customers,1744.76,3121.7519607843137
15068,47,2,553.36,276.68,210,2011-03-28 14:27:00,2011-10-24 14:47:00,United Kingdom,0,Recent/Emerging Customers,553.36,961.792380952381
15069,180,1,1109.53,1109.53,0,2011-06-13 14:16:00,2011-06-13 14:16:00,United Kingdom,2,At-Risk/Dormant Customers,1109.53,1109.53
15070,373,1,106.2,106.2,0,2010-12-02 11:23:00,2010-12-02 11:23:00,United Kingdom,2,At-Risk/Dormant Customers,106.2,106.2
15071,94,2,982.07,491.035,182,2011-03-09 10:19:00,2011-09-07 11:43:00,United Kingdom,1,Loyal Customers,982.07,1969.5359890109892
15073,10,3,1043.41,347.80333333333334,177,2011-06-06 09:59:00,2011-11-30 10:44:00,United Kingdom,0,Recent/Emerging Customers,1043.41,2151.6646892655367
15074,106,1,735.67,735.67,0,2011-08-26 14:45:00,2011-08-26 14:45:00,United Kingdom,2,At-Risk/Dormant Customers,735.67,735.67
15075,78,1,773.03,773.03,0,2011-09-23 12:27:00,2011-09-23 12:27:00,United Kingdom,2,At-Risk/Dormant Customers,773.03,773.03
15076,173,1,880.85,880.85,0,2011-06-20 08:23:00,2011-06-20 08:23:00,United Kingdom,2,At-Risk/Dormant Customers,880.85,880.85
15078,8,32,9743.11,304.4721875,361,2010-12-06 12:38:00,2011-12-02 15:41:00,United Kingdom,3,Champions,9743.11,9851.066897506926
15079,213,4,895.61,223.9025,153,2010-12-09 09:25:00,2011-05-11 12:45:00,United Kingdom,1,Loyal Customers,895.61,2136.585947712418
15081,23,5,504.8,100.96,345,2010-12-07 16:20:00,2011-11-17 17:08:00,United Kingdom,1,Loyal Customers,504.8,534.063768115942
15083,257,1,88.2,88.2,0,2011-03-28 12:18:00,2011-03-28 12:18:00,United Kingdom,2,At-Risk/Dormant Customers,88.2,88.2
15087,282,1,306.94,306.94,0,2011-03-03 10:34:00,2011-03-03 10:34:00,United Kingdom,2,At-Risk/Dormant Customers,306.94,306.94
15088,22,2,1160.07,580.035,46,2011-10-03 14:05:00,2011-11-18 13:14:00,United Kingdom,0,Recent/Emerging Customers,1160.07,9204.903260869565
15089,11,6,2420.84,403.4733333333333,118,2011-08-03 14:14:00,2011-11-29 16:31:00,United Kingdom,3,Champions,2420.84,7488.19152542373
15090,309,1,381.32,381.32,0,2011-02-04 14:03:00,2011-02-04 14:03:00,United Kingdom,2,At-Risk/Dormant Customers,381.32,381.32
15091,68,1,480.71,480.71,0,2011-10-03 12:47:00,2011-10-03 12:47:00,United Kingdom,2,At-Risk/Dormant Customers,480.71,480.71
15092,216,2,457.81,228.905,68,2011-03-01 12:24:00,2011-05-08 14:10:00,United Kingdom,2,At-Risk/Dormant Customers,457.81,2457.3624999999997
15093,19,6,4597.02,766.17,354,2010-12-02 18:25:00,2011-11-21 13:09:00,United Kingdom,3,Champions,4597.02,4739.865254237288
15095,104,4,1370.6,342.65,100,2011-05-20 14:27:00,2011-08-28 12:01:00,United Kingdom,1,Loyal Customers,1370.6,5002.69
15096,43,1,219.39,219.39,0,2011-10-28 10:27:00,2011-10-28 10:27:00,United Kingdom,0,Recent/Emerging Customers,219.39,219.39
15097,5,1,248.08,248.08,0,2011-12-05 14:03:00,2011-12-05 14:03:00,United Kingdom,0,Recent/Emerging Customers,248.08,248.08
15098,183,3,39916.5,13305.5,0,2011-06-10 15:22:00,2011-06-10 15:33:00,United Kingdom,1,Loyal Customers,39916.5,39916.5
15099,85,1,410.48,410.48,0,2011-09-16 13:13:00,2011-09-16 13:13:00,United Kingdom,2,At-Risk/Dormant Customers,410.48,410.48
15100,334,3,876.0,292.0,40,2010-12-01 09:09:00,2011-01-10 10:35:00,United Kingdom,2,At-Risk/Dormant Customers,876.0,7993.5
15101,9,2,317.53,158.765,351,2010-12-15 12:54:00,2011-12-01 10:18:00,United Kingdom,0,Recent/Emerging Customers,317.53,330.1950142450142
15103,32,2,703.36,351.68,55,2011-09-14 13:54:00,2011-11-08 14:53:00,United Kingdom,0,Recent/Emerging Customers,703.36,4667.7527272727275
15104,197,2,993.54,496.77,86,2011-03-02 14:16:00,2011-05-27 12:29:00,United Kingdom,2,At-Risk/Dormant Customers,993.54,4216.7686046511635
15105,19,7,2298.93,328.41857142857145,116,2011-07-28 10:09:00,2011-11-21 16:54:00,United Kingdom,3,Champions,2298.93,7233.702155172413
15106,18,5,1422.52,284.504,252,2011-03-15 12:52:00,2011-11-22 09:16:00,United Kingdom,1,Loyal Customers,1422.52,2060.3960317460314
15107,312,6,319.5,53.25,61,2010-12-02 13:45:00,2011-02-01 14:46:00,United Kingdom,2,At-Risk/Dormant Customers,319.5,1911.7622950819673
15108,142,4,1300.25,325.0625,86,2011-04-26 10:54:00,2011-07-21 10:24:00,European Community,1,Loyal Customers,1300.25,5518.502906976745
15109,246,1,484.95,484.95,0,2011-04-08 09:58:00,2011-04-08 09:58:00,United Kingdom,2,At-Risk/Dormant Customers,484.95,484.95
15110,24,4,996.1,249.025,295,2011-01-25 11:41:00,2011-11-16 11:16:00,United Kingdom,1,Loyal Customers,996.1,1232.4627118644069
15111,30,3,1567.48,522.4933333333332,343,2010-12-02 11:45:00,2011-11-10 16:58:00,United Kingdom,1,Loyal Customers,1567.48,1668.018075801749
15113,10,3,3509.43,1169.81,45,2011-10-16 15:27:00,2011-11-30 08:23:00,United Kingdom,1,Loyal Customers,3509.43,28465.376666666663
15114,31,10,2760.56,276.056,271,2011-02-11 08:45:00,2011-11-09 15:05:00,United Kingdom,3,Champions,2760.56,3718.0974169741694
15115,19,1,340.11,340.11,0,2011-11-21 14:59:00,2011-11-21 14:59:00,United Kingdom,0,Recent/Emerging Customers,340.11,340.11
15116,18,4,1352.75,338.1875,187,2011-05-19 08:50:00,2011-11-22 12:25:00,United Kingdom,1,Loyal Customers,1352.75,2640.394385026738
15117,15,5,1551.78,310.356,201,2011-05-08 12:38:00,2011-11-25 08:12:00,United Kingdom,1,Loyal Customers,1551.78,2817.9089552238806
15118,135,1,244.8,244.8,0,2011-07-28 14:54:00,2011-07-28 14:54:00,United Kingdom,2,At-Risk/Dormant Customers,244.8,244.8
15119,246,1,266.4,266.4,0,2011-04-08 09:08:00,2011-04-08 09:08:00,United Kingdom,2,At-Risk/Dormant Customers,266.4,266.4
15120,134,1,358.82,358.82,0,2011-07-29 09:48:00,2011-07-29 09:48:00,United Kingdom,2,At-Risk/Dormant Customers,358.82,358.82
15121,51,2,457.72,228.86,238,2011-02-24 12:41:00,2011-10-20 14:51:00,United Kingdom,0,Recent/Emerging Customers,457.72,701.9655462184875
15122,115,3,1633.78,544.5933333333332,183,2011-02-15 09:59:00,2011-08-17 16:48:00,United Kingdom,1,Loyal Customers,1633.78,3258.6322404371585
15123,8,2,2199.31,1099.655,199,2011-05-17 14:57:00,2011-12-02 13:12:00,United Kingdom,0,Recent/Emerging Customers,2199.31,4033.9103015075375
15124,23,2,184.19,92.095,169,2011-06-01 09:06:00,2011-11-17 10:09:00,United Kingdom,0,Recent/Emerging Customers,184.19,397.80680473372786
15125,26,15,11528.48,768.5653333333332,245,2011-03-14 09:59:00,2011-11-14 13:57:00,United Kingdom,3,Champions,11528.48,17175.082448979592
15127,66,1,406.53,406.53,0,2011-10-05 10:30:00,2011-10-05 10:30:00,United Kingdom,2,At-Risk/Dormant Customers,406.53,406.53
15128,61,4,1471.0,367.75,159,2011-05-04 12:32:00,2011-10-10 13:54:00,United Kingdom,1,Loyal Customers,1471.0,3376.8238993710693
15129,51,11,3447.4,313.4,241,2011-02-21 09:09:00,2011-10-20 14:40:00,United Kingdom,3,Champions,3447.4,5221.165975103734
15130,170,1,330.11,330.11,0,2011-06-23 10:15:00,2011-06-23 10:15:00,United Kingdom,2,At-Risk/Dormant Customers,330.11,330.11
15132,19,5,977.93,195.586,244,2011-03-22 12:02:00,2011-11-21 17:10:00,United Kingdom,1,Loyal Customers,977.93,1462.8870901639343
15133,128,3,982.42,327.4733333333333,174,2011-02-11 10:38:00,2011-08-04 10:44:00,United Kingdom,1,Loyal Customers,982.42,2060.823563218391
15134,15,8,1387.99,173.49875,226,2011-04-13 11:05:00,2011-11-25 08:55:00,United Kingdom,3,Champions,1387.99,2241.6652654867257
15135,240,1,139.05,139.05,0,2011-04-14 19:16:00,2011-04-14 19:16:00,United Kingdom,2,At-Risk/Dormant Customers,139.05,139.05
15136,3,4,1286.7,321.675,94,2011-09-04 16:05:00,2011-12-07 12:26:00,United Kingdom,3,Champions,1286.7,4996.228723404255
15139,240,2,178.96,89.48,97,2011-01-07 12:44:00,2011-04-14 11:39:00,United Kingdom,2,At-Risk/Dormant Customers,178.96,673.4061855670103
15140,53,7,2354.25,336.32142857142856,212,2011-03-20 14:37:00,2011-10-18 14:07:00,United Kingdom,1,Loyal Customers,2354.25,4053.3077830188677
15142,47,1,498.74,498.74,0,2011-10-24 12:51:00,2011-10-24 12:51:00,United Kingdom,0,Recent/Emerging Customers,498.74,498.74
15143,226,1,259.45,259.45,0,2011-04-28 12:03:00,2011-04-28 12:03:00,United Kingdom,2,At-Risk/Dormant Customers,259.45,259.45
15144,9,17,6580.44,387.084705882353,304,2011-01-31 13:17:00,2011-12-01 15:12:00,United Kingdom,3,Champions,6580.44,7900.857236842105
15145,5,4,1194.73,298.6825,244,2011-04-05 15:20:00,2011-12-05 17:21:00,United Kingdom,0,Recent/Emerging Customers,1194.73,1787.1985655737706
15146,165,2,1327.16,663.58,127,2011-02-21 13:07:00,2011-06-28 12:09:00,United Kingdom,1,Loyal Customers,1327.16,3814.27874015748
15147,241,1,623.5,623.5,0,2011-04-13 15:57:00,2011-04-13 15:57:00,United Kingdom,2,At-Risk/Dormant Customers,623.5,623.5
15148,11,1,301.29,301.29,0,2011-11-29 08:21:00,2011-11-29 08:21:00,United Kingdom,0,Recent/Emerging Customers,301.29,301.29
15149,134,1,520.8,520.8,0,2011-07-29 10:58:00,2011-07-29 10:58:00,United Kingdom,2,At-Risk/Dormant Customers,520.8,520.8
15150,18,10,5291.33,529.133,252,2011-03-15 14:21:00,2011-11-22 12:52:00,United Kingdom,3,Champions,5291.33,7664.029563492063
15152,10,13,4745.69,365.0530769230769,178,2011-06-05 15:36:00,2011-11-30 12:32:00,United Kingdom,3,Champions,4745.69,9731.330617977526
15153,32,1,329.25,329.25,0,2011-11-08 17:09:00,2011-11-08 17:09:00,United Kingdom,0,Recent/Emerging Customers,329.25,329.25
15154,76,1,254.28,254.28,0,2011-09-25 16:05:00,2011-09-25 16:05:00,United Kingdom,2,At-Risk/Dormant Customers,254.28,254.28
15156,2,3,961.49,320.4966666666666,32,2011-11-06 12:41:00,2011-12-08 18:22:00,United Kingdom,0,Recent/Emerging Customers,961.49,10966.9953125
15157,4,3,1936.07,645.3566666666667,355,2010-12-16 13:44:00,2011-12-06 11:28:00,United Kingdom,0,Recent/Emerging Customers,1936.07,1990.6071830985913
15158,46,1,401.4,401.4,0,2011-10-25 13:53:00,2011-10-25 13:53:00,United Kingdom,0,Recent/Emerging Customers,401.4,401.4
15159,2,30,18641.01,621.367,360,2010-12-13 15:44:00,2011-12-08 12:05:00,United Kingdom,3,Champions,18641.01,18899.912916666664
15160,358,1,158.16,158.16,0,2010-12-17 14:15:00,2010-12-17 14:15:00,United Kingdom,2,At-Risk/Dormant Customers,158.16,158.16
15163,19,2,304.47,152.235,174,2011-05-31 15:22:00,2011-11-21 13:10:00,United Kingdom,0,Recent/Emerging Customers,304.47,638.6870689655174
15164,69,3,824.58,274.86,271,2011-01-04 14:21:00,2011-10-02 12:05:00,United Kingdom,1,Loyal Customers,824.58,1110.5966789667898
15165,374,1,487.75,487.75,0,2010-12-01 14:03:00,2010-12-01 14:03:00,United Kingdom,2,At-Risk/Dormant Customers,487.75,487.75
15167,321,1,158.8,158.8,0,2011-01-23 12:41:00,2011-01-23 12:41:00,United Kingdom,2,At-Risk/Dormant Customers,158.8,158.8
15168,26,1,106.56,106.56,0,2011-11-14 11:26:00,2011-11-14 11:26:00,United Kingdom,0,Recent/Emerging Customers,106.56,106.56
15171,332,1,1289.5,1289.5,0,2011-01-12 15:36:00,2011-01-12 15:36:00,United Kingdom,2,At-Risk/Dormant Customers,1289.5,1289.5
15172,9,5,1624.05,324.81,228,2011-04-17 11:56:00,2011-12-01 11:51:00,United Kingdom,3,Champions,1624.05,2599.904605263158
15174,323,1,135.75,135.75,0,2011-01-21 09:06:00,2011-01-21 09:06:00,United Kingdom,2,At-Risk/Dormant Customers,135.75,135.75
15175,72,1,224.14,224.14,0,2011-09-29 11:31:00,2011-09-29 11:31:00,United Kingdom,2,At-Risk/Dormant Customers,224.14,224.14
15178,261,1,40.5,40.5,0,2011-03-24 15:12:00,2011-03-24 15:12:00,United Kingdom,2,At-Risk/Dormant Customers,40.5,40.5
15179,19,5,2206.95,441.39,301,2011-01-24 13:48:00,2011-11-21 12:53:00,United Kingdom,1,Loyal Customers,2206.95,2676.201827242525
15180,368,1,87.5,87.5,0,2010-12-07 14:57:00,2010-12-07 14:57:00,United Kingdom,2,At-Risk/Dormant Customers,87.5,87.5
15181,67,3,689.48,229.82666666666665,203,2011-03-15 12:03:00,2011-10-04 13:58:00,United Kingdom,1,Loyal Customers,689.48,1239.7054187192118
15182,155,2,622.85,311.425,114,2011-03-16 12:42:00,2011-07-08 13:37:00,United Kingdom,2,At-Risk/Dormant Customers,622.85,1994.2127192982457
15184,30,2,402.2,201.1,161,2011-06-02 12:06:00,2011-11-10 13:41:00,United Kingdom,0,Recent/Emerging Customers,402.2,911.8198757763976
15185,71,1,310.62,310.62,0,2011-09-30 14:06:00,2011-09-30 14:06:00,United Kingdom,2,At-Risk/Dormant Customers,310.62,310.62
15186,15,2,411.41,205.705,154,2011-06-24 14:54:00,2011-11-25 14:58:00,United Kingdom,0,Recent/Emerging Customers,411.41,975.09512987013
15187,2,16,4777.18,298.57375,211,2011-05-11 13:49:00,2011-12-08 11:56:00,United Kingdom,3,Champions,4777.18,8263.842180094787
15189,2,41,16225.39,395.74121951219513,331,2011-01-11 12:29:00,2011-12-08 13:22:00,United Kingdom,3,Champions,16225.39,17892.046374622358
15192,120,3,1044.32,348.1066666666666,246,2010-12-09 14:56:00,2011-08-12 11:41:00,United Kingdom,1,Loyal Customers,1044.32,1549.4991869918697
15193,61,1,499.32,499.32,0,2011-10-10 08:23:00,2011-10-10 08:23:00,United Kingdom,2,At-Risk/Dormant Customers,499.32,499.32
15194,4,15,7616.53,507.76866666666666,365,2010-12-06 15:00:00,2011-12-06 15:10:00,United Kingdom,3,Champions,7616.53,7616.53
15195,3,1,3861.0,3861.0,0,2011-12-07 12:20:00,2011-12-07 12:20:00,United Kingdom,0,Recent/Emerging Customers,3861.0,3861.0
15197,11,3,1079.61,359.87,348,2010-12-16 18:01:00,2011-11-29 10:00:00,United Kingdom,0,Recent/Emerging Customers,1079.61,1132.3495689655172
15198,93,2,193.64,96.82,32,2011-08-07 15:16:00,2011-09-08 14:42:00,United Kingdom,2,At-Risk/Dormant Customers,193.64,2208.7062499999997
15199,60,4,1268.7,317.175,249,2011-02-04 14:04:00,2011-10-11 15:12:00,United Kingdom,1,Loyal Customers,1268.7,1859.7409638554218
15201,88,5,1236.54,247.308,160,2011-04-06 14:02:00,2011-09-13 14:53:00,United Kingdom,1,Loyal Customers,1236.54,2820.856875
15203,26,6,1827.8,304.6333333333333,286,2011-02-01 12:29:00,2011-11-14 08:16:00,United Kingdom,1,Loyal Customers,1827.8,2332.681818181818
15204,358,1,316.58,316.58,0,2010-12-17 13:49:00,2010-12-17 13:49:00,United Kingdom,2,At-Risk/Dormant Customers,316.58,316.58
15205,86,2,653.24,326.62,42,2011-08-04 16:07:00,2011-09-15 19:36:00,United Kingdom,2,At-Risk/Dormant Customers,653.24,5676.966666666666
15206,11,4,420.3,105.075,265,2011-03-09 08:59:00,2011-11-29 13:41:00,United Kingdom,0,Recent/Emerging Customers,420.3,578.9037735849056
15208,2,5,870.12,174.024,352,2010-12-21 13:03:00,2011-12-08 17:24:00,United Kingdom,3,Champions,870.12,902.2551136363636
15210,226,1,331.18,331.18,0,2011-04-28 16:11:00,2011-04-28 16:11:00,United Kingdom,2,At-Risk/Dormant Customers,331.18,331.18
15211,61,2,894.41,447.205,305,2010-12-09 16:08:00,2011-10-10 13:31:00,United Kingdom,1,Loyal Customers,894.41,1070.3595081967212
15212,242,1,101.8,101.8,0,2011-04-12 13:45:00,2011-04-12 13:45:00,United Kingdom,2,At-Risk/Dormant Customers,101.8,101.8
15213,319,2,328.35,164.175,11,2011-01-14 11:05:00,2011-01-25 12:21:00,United Kingdom,2,At-Risk/Dormant Customers,328.35,328.35
15214,2,8,1661.44,207.68,241,2011-04-11 09:46:00,2011-12-08 12:07:00,United Kingdom,3,Champions,1661.44,2516.288796680498
15215,47,3,734.94,244.98,50,2011-09-04 12:24:00,2011-10-24 11:41:00,United Kingdom,1,Loyal Customers,734.94,5365.062
15216,88,1,96.6,96.6,0,2011-09-13 11:41:00,2011-09-13 11:41:00,United Kingdom,2,At-Risk/Dormant Customers,96.6,96.6
15218,11,11,5756.89,523.3536363636364,308,2011-01-25 11:20:00,2011-11-29 11:48:00,United Kingdom,3,Champions,5756.89,6822.288474025975
15219,177,1,305.75,305.75,0,2011-06-16 16:57:00,2011-06-16 16:57:00,United Kingdom,2,At-Risk/Dormant Customers,305.75,305.75
15220,52,6,1778.96,296.49333333333334,229,2011-03-04 10:24:00,2011-10-19 12:39:00,United Kingdom,1,Loyal Customers,1778.96,2835.460262008734
15221,367,1,403.25,403.25,0,2010-12-08 13:08:00,2010-12-08 13:08:00,United Kingdom,2,At-Risk/Dormant Customers,403.25,403.25
15222,319,1,585.0,585.0,0,2011-01-25 08:03:00,2011-01-25 08:03:00,United Kingdom,2,At-Risk/Dormant Customers,585.0,585.0
15223,226,2,755.75,377.875,24,2011-04-04 12:17:00,2011-04-28 11:31:00,United Kingdom,2,At-Risk/Dormant Customers,755.75,755.75
15224,359,2,322.08,161.04,4,2010-12-12 12:34:00,2010-12-16 15:02:00,United Kingdom,2,At-Risk/Dormant Customers,322.08,322.08
15225,235,1,409.4,409.4,0,2011-04-19 14:51:00,2011-04-19 14:51:00,United Kingdom,2,At-Risk/Dormant Customers,409.4,409.4
15226,311,1,154.41,154.41,0,2011-02-02 11:41:00,2011-02-02 11:41:00,United Kingdom,2,At-Risk/Dormant Customers,154.41,154.41
15227,37,5,1219.4,243.88,281,2011-01-26 15:31:00,2011-11-03 11:59:00,United Kingdom,1,Loyal Customers,1219.4,1583.9181494661923
15228,67,4,3386.71,846.6775,228,2011-02-18 09:04:00,2011-10-04 13:56:00,United Kingdom,1,Loyal Customers,3386.71,5421.706798245614
15230,240,2,429.6,214.8,1,2011-04-13 11:04:00,2011-04-14 14:39:00,United Kingdom,2,At-Risk/Dormant Customers,429.6,429.6
15232,114,2,612.06,306.03,27,2011-07-22 12:21:00,2011-08-18 16:27:00,United Kingdom,2,At-Risk/Dormant Customers,612.06,612.06
15234,277,1,197.0,197.0,0,2011-03-08 08:53:00,2011-03-08 08:53:00,United Kingdom,2,At-Risk/Dormant Customers,197.0,197.0
15235,218,12,2247.51,187.2925,156,2010-12-01 17:22:00,2011-05-06 09:44:00,United Kingdom,1,Loyal Customers,2247.51,5258.597115384616
15236,299,1,321.05,321.05,0,2011-02-14 10:52:00,2011-02-14 10:52:00,United Kingdom,2,At-Risk/Dormant Customers,321.05,321.05
15237,2,4,1412.32,353.08,226,2011-04-26 15:04:00,2011-12-08 09:46:00,United Kingdom,3,Champions,1412.32,2280.959292035398
15238,30,3,1071.99,357.33,155,2011-06-08 16:00:00,2011-11-10 14:28:00,United Kingdom,1,Loyal Customers,1071.99,2524.363548387097
15239,11,2,780.59,390.295,68,2011-09-22 09:53:00,2011-11-29 14:14:00,United Kingdom,0,Recent/Emerging Customers,780.59,4189.931617647058
15240,45,5,1706.57,341.314,267,2011-02-01 08:23:00,2011-10-26 09:50:00,United Kingdom,1,Loyal Customers,1706.57,2332.9514981273405
15241,67,8,1756.44,219.555,217,2011-03-01 11:02:00,2011-10-04 09:05:00,United Kingdom,1,Loyal Customers,1756.44,2954.3806451612904
15243,75,1,316.68,316.68,0,2011-09-26 14:12:00,2011-09-26 14:12:00,United Kingdom,2,At-Risk/Dormant Customers,316.68,316.68
15244,66,2,631.57,315.785,183,2011-04-05 15:12:00,2011-10-05 13:19:00,United Kingdom,1,Loyal Customers,631.57,1259.6887978142076
15245,135,3,2515.84,838.6133333333332,127,2011-03-23 13:42:00,2011-07-28 18:56:00,United Kingdom,1,Loyal Customers,2515.84,7230.563779527559
15246,239,2,514.15,257.075,120,2010-12-16 09:46:00,2011-04-15 14:45:00,United Kingdom,2,At-Risk/Dormant Customers,514.15,1563.8729166666665
15247,123,1,356.0,356.0,0,2011-08-09 12:52:00,2011-08-09 12:52:00,United Kingdom,2,At-Risk/Dormant Customers,356.0,356.0
15249,32,13,6688.46,514.4969230769232,225,2011-03-28 12:49:00,2011-11-08 11:45:00,United Kingdom,3,Champions,6688.46,10850.168444444445
15251,10,11,10484.99,953.1809090909092,232,2011-04-12 10:38:00,2011-11-30 15:02:00,United Kingdom,3,Champions,10484.99,16495.78168103448
15252,37,2,740.78,370.39,147,2011-06-09 14:15:00,2011-11-03 13:30:00,United Kingdom,0,Recent/Emerging Customers,740.78,1839.351700680272
15253,17,5,918.2,183.64,153,2011-06-23 12:19:00,2011-11-23 16:22:00,United Kingdom,1,Loyal Customers,918.2,2190.4771241830067
15254,128,1,300.36,300.36,0,2011-08-04 15:04:00,2011-08-04 15:04:00,United Kingdom,2,At-Risk/Dormant Customers,300.36,300.36
15255,67,1,890.85,890.85,0,2011-10-04 12:43:00,2011-10-04 12:43:00,United Kingdom,2,At-Risk/Dormant Customers,890.85,890.85
15256,149,1,98.45,98.45,0,2011-07-14 11:47:00,2011-07-14 11:47:00,United Kingdom,2,At-Risk/Dormant Customers,98.45,98.45
15257,284,1,317.15,317.15,0,2011-03-01 12:58:00,2011-03-01 12:58:00,United Kingdom,2,At-Risk/Dormant Customers,317.15,317.15
15258,169,2,623.16,311.58,49,2011-05-06 14:16:00,2011-06-24 12:30:00,United Kingdom,2,At-Risk/Dormant Customers,623.16,4641.90612244898
15260,101,7,1810.77,258.68142857142857,272,2010-12-02 12:09:00,2011-08-31 13:55:00,United Kingdom,1,Loyal Customers,1810.77,2429.8935661764704
15261,136,1,254.82,254.82,0,2011-07-27 15:20:00,2011-07-27 15:20:00,United Kingdom,2,At-Risk/Dormant Customers,254.82,254.82
15262,324,1,178.95,178.95,0,2011-01-20 12:16:00,2011-01-20 12:16:00,United Kingdom,2,At-Risk/Dormant Customers,178.95,178.95
15263,107,1,156.51,156.51,0,2011-08-25 10:26:00,2011-08-25 10:26:00,United Kingdom,2,At-Risk/Dormant Customers,156.51,156.51
15264,65,1,393.74,393.74,0,2011-10-06 13:49:00,2011-10-06 13:49:00,United Kingdom,2,At-Risk/Dormant Customers,393.74,393.74
15265,152,2,1506.12,753.06,84,2011-04-18 12:16:00,2011-07-11 14:46:00,United Kingdom,1,Loyal Customers,1506.12,6544.449999999999
15266,339,1,119.3,119.3,0,2011-01-05 13:40:00,2011-01-05 13:40:00,United Kingdom,2,At-Risk/Dormant Customers,119.3,119.3
15267,23,5,1717.36,343.472,160,2011-06-10 10:24:00,2011-11-17 15:59:00,United Kingdom,1,Loyal Customers,1717.36,3917.7275
15269,24,1,408.8,408.8,0,2011-11-16 09:32:00,2011-11-16 09:32:00,United Kingdom,0,Recent/Emerging Customers,408.8,408.8
15270,16,7,2379.49,339.9271428571428,295,2011-02-02 13:25:00,2011-11-24 09:24:00,United Kingdom,3,Champions,2379.49,2944.1147457627117
15271,8,15,2493.34,166.22266666666667,358,2010-12-09 13:47:00,2011-12-02 14:11:00,United Kingdom,3,Champions,2493.34,2542.092458100559
15272,58,2,721.94,360.97,29,2011-09-14 16:36:00,2011-10-13 12:59:00,United Kingdom,1,Loyal Customers,721.94,721.94
15274,5,2,716.57,358.285,14,2011-11-21 14:17:00,2011-12-05 16:57:00,United Kingdom,0,Recent/Emerging Customers,716.57,716.57
15275,38,1,615.14,615.14,0,2011-11-02 11:20:00,2011-11-02 11:20:00,United Kingdom,0,Recent/Emerging Customers,615.14,615.14
15276,67,1,128.63,128.63,0,2011-10-04 16:39:00,2011-10-04 16:39:00,United Kingdom,2,At-Risk/Dormant Customers,128.63,128.63
15277,47,1,255.9,255.9,0,2011-10-24 10:08:00,2011-10-24 10:08:00,United Kingdom,0,Recent/Emerging Customers,255.9,255.9
15279,355,1,290.51,290.51,0,2010-12-20 10:48:00,2010-12-20 10:48:00,United Kingdom,2,At-Risk/Dormant Customers,290.51,290.51
15280,173,1,113.12,113.12,0,2011-06-20 17:14:00,2011-06-20 17:14:00,United Kingdom,2,At-Risk/Dormant Customers,113.12,113.12
15281,59,9,2332.15,259.12777777777774,275,2011-01-10 15:51:00,2011-10-12 09:10:00,United Kingdom,1,Loyal Customers,2332.15,3095.3990909090912
15286,50,1,240.55,240.55,0,2011-10-21 11:08:00,2011-10-21 11:08:00,United Kingdom,2,At-Risk/Dormant Customers,240.55,240.55
15287,23,2,486.69,243.345,48,2011-09-30 12:30:00,2011-11-17 15:34:00,United Kingdom,0,Recent/Emerging Customers,486.69,3700.8718750000003
15288,44,5,2306.52,461.304,322,2010-12-09 13:59:00,2011-10-27 16:58:00,United Kingdom,1,Loyal Customers,2306.52,2614.533540372671
15289,30,3,939.78,313.26,220,2011-04-04 12:44:00,2011-11-10 13:49:00,United Kingdom,1,Loyal Customers,939.78,1559.1804545454545
15290,5,18,7943.22,441.29,355,2010-12-15 16:03:00,2011-12-05 11:39:00,United Kingdom,3,Champions,7943.22,8166.972676056338
15291,26,15,4668.3,311.22,348,2010-12-01 09:32:00,2011-11-14 11:02:00,United Kingdom,3,Champions,4668.3,4896.349137931035
15292,202,1,178.39,178.39,0,2011-05-22 15:00:00,2011-05-22 15:00:00,United Kingdom,2,At-Risk/Dormant Customers,178.39,178.39
15296,51,6,3672.86,612.1433333333333,276,2011-01-17 11:57:00,2011-10-20 11:47:00,United Kingdom,1,Loyal Customers,3672.86,4857.2242753623195
15297,11,3,641.94,213.98,53,2011-10-07 09:42:00,2011-11-29 16:32:00,United Kingdom,0,Recent/Emerging Customers,641.94,4420.907547169812
15298,3,12,4799.9,399.9916666666666,364,2010-12-08 13:55:00,2011-12-07 17:17:00,United Kingdom,3,Champions,4799.9,4813.086538461538
15299,68,7,4507.01,643.8585714285714,305,2010-12-02 16:48:00,2011-10-03 14:19:00,United Kingdom,1,Loyal Customers,4507.01,5393.634918032787
15300,65,1,496.44,496.44,0,2011-10-06 17:08:00,2011-10-06 17:08:00,United Kingdom,2,At-Risk/Dormant Customers,496.44,496.44
15301,51,12,5049.95,420.82916666666665,318,2010-12-06 12:21:00,2011-10-20 09:57:00,United Kingdom,3,Champions,5049.95,5796.326257861635
15303,291,1,574.02,574.02,0,2011-02-22 13:59:00,2011-02-22 13:59:00,United Kingdom,2,At-Risk/Dormant Customers,574.02,574.02
15304,61,8,694.4,86.8,308,2010-12-06 11:42:00,2011-10-10 10:23:00,United Kingdom,1,Loyal Customers,694.4,822.909090909091
15306,65,3,1174.35,391.45,84,2011-07-14 15:22:00,2011-10-06 12:56:00,United Kingdom,1,Loyal Customers,1174.35,5102.830357142856
15307,96,1,205.3,205.3,0,2011-09-05 11:38:00,2011-09-05 11:38:00,United Kingdom,2,At-Risk/Dormant Customers,205.3,205.3
15308,275,1,310.47,310.47,0,2011-03-10 13:08:00,2011-03-10 13:08:00,United Kingdom,2,At-Risk/Dormant Customers,310.47,310.47
15311,1,91,60632.75,666.293956043956,373,2010-12-01 09:41:00,2011-12-09 12:00:00,United Kingdom,3,Champions,60632.75,59332.31568364611
15312,76,4,924.85,231.2125,279,2010-12-20 12:51:00,2011-09-25 13:10:00,United Kingdom,1,Loyal Customers,924.85,1209.929211469534
15313,111,1,52.0,52.0,0,2011-08-21 16:02:00,2011-08-21 16:02:00,United Kingdom,2,At-Risk/Dormant Customers,52.0,52.0
15314,200,1,327.97,327.97,0,2011-05-24 14:39:00,2011-05-24 14:39:00,United Kingdom,2,At-Risk/Dormant Customers,327.97,327.97
15315,65,2,570.5,285.25,52,2011-08-15 15:17:00,2011-10-06 12:51:00,United Kingdom,2,At-Risk/Dormant Customers,570.5,4004.471153846154
15316,327,1,165.0,165.0,0,2011-01-17 11:34:00,2011-01-17 11:34:00,United Kingdom,2,At-Risk/Dormant Customers,165.0,165.0
15318,4,1,312.62,312.62,0,2011-12-06 11:30:00,2011-12-06 11:30:00,United Kingdom,0,Recent/Emerging Customers,312.62,312.62
15319,284,1,204.5,204.5,0,2011-03-01 12:48:00,2011-03-01 12:48:00,United Kingdom,2,At-Risk/Dormant Customers,204.5,204.5
15320,45,1,267.13,267.13,0,2011-10-26 13:27:00,2011-10-26 13:27:00,United Kingdom,0,Recent/Emerging Customers,267.13,267.13
15321,71,3,2748.31,916.1033333333331,221,2011-02-21 11:10:00,2011-09-30 09:40:00,United Kingdom,1,Loyal Customers,2748.31,4539.064027149321
15322,86,1,679.68,679.68,0,2011-09-15 09:34:00,2011-09-15 09:34:00,United Kingdom,2,At-Risk/Dormant Customers,679.68,679.68
15325,104,1,161.74,161.74,0,2011-08-28 11:55:00,2011-08-28 11:55:00,United Kingdom,2,At-Risk/Dormant Customers,161.74,161.74
15326,334,1,311.71,311.71,0,2011-01-10 11:38:00,2011-01-10 11:38:00,United Kingdom,2,At-Risk/Dormant Customers,311.71,311.71
15327,53,1,208.75,208.75,0,2011-10-18 11:55:00,2011-10-18 11:55:00,United Kingdom,2,At-Risk/Dormant Customers,208.75,208.75
15329,40,3,1049.7,349.9,132,2011-06-21 10:37:00,2011-10-31 15:36:00,United Kingdom,1,Loyal Customers,1049.7,2902.5795454545455
15330,33,2,714.96,357.48,28,2011-10-10 12:30:00,2011-11-07 17:50:00,United Kingdom,0,Recent/Emerging Customers,714.96,714.96
15332,367,4,1661.06,415.265,3,2010-12-05 12:00:00,2010-12-08 14:43:00,Lithuania,1,Loyal Customers,1661.06,1661.06
15333,209,1,1028.56,1028.56,0,2011-05-15 13:27:00,2011-05-15 13:27:00,United Kingdom,2,At-Risk/Dormant Customers,1028.56,1028.56
15334,157,3,350.82,116.94,17,2011-06-19 13:51:00,2011-07-06 11:22:00,United Kingdom,2,At-Risk/Dormant Customers,350.82,350.82
15335,54,1,170.22,170.22,0,2011-10-17 12:50:00,2011-10-17 12:50:00,United Kingdom,2,At-Risk/Dormant Customers,170.22,170.22
15339,67,2,574.07,287.035,252,2011-01-25 13:15:00,2011-10-04 12:51:00,United Kingdom,2,At-Risk/Dormant Customers,574.07,831.4902777777778
15341,81,1,2020.52,2020.52,0,2011-09-20 09:40:00,2011-09-20 09:40:00,United Kingdom,1,Loyal Customers,2020.52,2020.52
15342,130,1,406.09,406.09,0,2011-08-02 10:19:00,2011-08-02 10:19:00,United Kingdom,2,At-Risk/Dormant Customers,406.09,406.09
15343,88,1,364.5,364.5,0,2011-09-13 13:55:00,2011-09-13 13:55:00,United Kingdom,2,At-Risk/Dormant Customers,364.5,364.5
15344,1,3,563.94,187.98,74,2011-09-26 14:48:00,2011-12-09 10:45:00,United Kingdom,0,Recent/Emerging Customers,563.94,2781.5959459459464
15345,46,1,393.54,393.54,0,2011-10-25 11:28:00,2011-10-25 11:28:00,United Kingdom,0,Recent/Emerging Customers,393.54,393.54
15346,333,1,252.42,252.42,0,2011-01-11 11:18:00,2011-01-11 11:18:00,United Kingdom,2,At-Risk/Dormant Customers,252.42,252.42
15347,367,1,201.6,201.6,0,2010-12-08 15:25:00,2010-12-08 15:25:00,United Kingdom,2,At-Risk/Dormant Customers,201.6,201.6
15348,73,1,158.04,158.04,0,2011-09-28 13:17:00,2011-09-28 13:17:00,United Kingdom,2,At-Risk/Dormant Customers,158.04,158.04
15349,159,2,463.91,231.955,29,2011-06-05 15:46:00,2011-07-04 16:06:00,United Kingdom,2,At-Risk/Dormant Customers,463.91,463.91
15350,374,1,115.65,115.65,0,2010-12-01 13:33:00,2010-12-01 13:33:00,United Kingdom,2,At-Risk/Dormant Customers,115.65,115.65
15351,13,7,1934.66,276.38,357,2010-12-05 11:49:00,2011-11-27 12:52:00,United Kingdom,3,Champions,1934.66,1978.013725490196
15353,255,2,770.12,385.06,113,2010-12-07 11:49:00,2011-03-30 12:15:00,United Kingdom,2,At-Risk/Dormant Customers,770.12,2487.5557522123895
15355,30,2,277.05,138.525,24,2011-10-17 15:22:00,2011-11-10 13:44:00,United Kingdom,0,Recent/Emerging Customers,277.05,277.05
15356,32,10,2718.03,271.803,337,2010-12-06 14:05:00,2011-11-08 13:11:00,United Kingdom,3,Champions,2718.03,2943.860385756677
15358,5,22,8347.2,379.4181818181818,361,2010-12-09 10:04:00,2011-12-05 09:04:00,United Kingdom,3,Champions,8347.2,8439.68975069252
15360,40,1,427.93,427.93,0,2011-10-31 09:35:00,2011-10-31 09:35:00,United Kingdom,0,Recent/Emerging Customers,427.93,427.93
15361,362,1,418.92,418.92,0,2010-12-13 09:52:00,2010-12-13 09:52:00,United Kingdom,2,At-Risk/Dormant Customers,418.92,418.92
15363,373,1,326.0,326.0,0,2010-12-02 12:28:00,2010-12-02 12:28:00,United Kingdom,2,At-Risk/Dormant Customers,326.0,326.0
15364,96,2,913.19,456.595,159,2011-03-30 13:39:00,2011-09-05 09:46:00,United Kingdom,1,Loyal Customers,913.19,2096.316666666667
15365,26,7,2314.32,330.6171428571428,290,2011-01-28 13:08:00,2011-11-14 08:29:00,United Kingdom,1,Loyal Customers,2314.32,2912.8510344827587
15366,76,2,602.51,301.255,283,2010-12-16 15:59:00,2011-09-25 15:01:00,United Kingdom,2,At-Risk/Dormant Customers,602.51,777.0888692579506
15367,58,4,1877.59,469.3975,218,2011-03-09 13:53:00,2011-10-13 14:13:00,United Kingdom,1,Loyal Customers,1877.59,3143.671330275229
15368,22,1,446.94,446.94,0,2011-11-18 14:42:00,2011-11-18 14:42:00,United Kingdom,0,Recent/Emerging Customers,446.94,446.94
15370,41,7,2386.05,340.8642857142857,292,2011-01-11 11:32:00,2011-10-30 10:58:00,United Kingdom,1,Loyal Customers,2386.05,2982.5625
15372,138,1,2007.4,2007.4,0,2011-07-25 16:39:00,2011-07-25 16:39:00,United Kingdom,1,Loyal Customers,2007.4,2007.4
15373,9,12,2415.91,201.32583333333332,363,2010-12-03 14:40:00,2011-12-01 15:05:00,United Kingdom,3,Champions,2415.91,2429.2207988980717
15374,129,1,168.0,168.0,0,2011-08-03 09:59:00,2011-08-03 09:59:00,United Kingdom,2,At-Risk/Dormant Customers,168.0,168.0
15376,41,3,1221.56,407.18666666666667,182,2011-05-01 13:45:00,2011-10-30 15:04:00,United Kingdom,1,Loyal Customers,1221.56,2449.831868131868
15379,170,7,3703.29,529.0414285714286,189,2010-12-16 13:02:00,2011-06-23 13:13:00,United Kingdom,1,Loyal Customers,3703.29,7151.856349206349
15380,9,5,1690.26,338.052,357,2010-12-09 15:01:00,2011-12-01 12:13:00,United Kingdom,3,Champions,1690.26,1728.1369747899157
15381,214,2,596.85,298.425,55,2011-03-16 13:44:00,2011-05-10 11:55:00,United Kingdom,2,At-Risk/Dormant Customers,596.85,3960.9136363636367
15382,15,6,5955.71,992.6183333333331,281,2011-02-17 12:01:00,2011-11-25 10:58:00,United Kingdom,3,Champions,5955.71,7736.064590747331
15384,170,2,642.41,321.205,190,2010-12-15 11:34:00,2011-06-23 10:57:00,United Kingdom,2,At-Risk/Dormant Customers,642.41,1234.1034210526316
15385,41,1,316.88,316.88,0,2011-10-30 15:11:00,2011-10-30 15:11:00,United Kingdom,0,Recent/Emerging Customers,316.88,316.88
15386,187,1,394.14,394.14,0,2011-06-06 13:47:00,2011-06-06 13:47:00,United Kingdom,2,At-Risk/Dormant Customers,394.14,394.14
15388,271,1,140.54,140.54,0,2011-03-14 13:53:00,2011-03-14 13:53:00,Canada,2,At-Risk/Dormant Customers,140.54,140.54
15389,173,1,500.0,500.0,0,2011-06-20 16:18:00,2011-06-20 16:18:00,United Kingdom,2,At-Risk/Dormant Customers,500.0,500.0
15392,5,4,1535.53,383.8825,356,2010-12-14 15:50:00,2011-12-05 11:01:00,United Kingdom,3,Champions,1535.53,1574.3495786516853
15393,17,2,231.86,115.93,265,2011-03-03 16:58:00,2011-11-23 16:48:00,United Kingdom,0,Recent/Emerging Customers,231.86,319.35433962264153
15394,10,4,2183.54,545.885,349,2010-12-16 12:46:00,2011-11-30 11:49:00,United Kingdom,1,Loyal Customers,2183.54,2283.644985673352
15395,326,1,107.45,107.45,0,2011-01-18 12:40:00,2011-01-18 12:40:00,United Kingdom,2,At-Risk/Dormant Customers,107.45,107.45
15396,113,1,288.18,288.18,0,2011-08-19 10:56:00,2011-08-19 10:56:00,United Kingdom,2,At-Risk/Dormant Customers,288.18,288.18
15397,290,1,94.0,94.0,0,2011-02-23 09:25:00,2011-02-23 09:25:00,United Kingdom,2,At-Risk/Dormant Customers,94.0,94.0
15398,17,2,1345.53,672.765,62,2011-09-22 14:56:00,2011-11-23 16:47:00,United Kingdom,0,Recent/Emerging Customers,1345.53,7921.265322580644
15399,2,3,815.77,271.92333333333335,78,2011-09-21 15:57:00,2011-12-08 13:04:00,United Kingdom,0,Recent/Emerging Customers,815.77,3817.3852564102567
15400,93,5,716.2,143.24,186,2011-03-06 11:27:00,2011-09-08 13:57:00,United Kingdom,1,Loyal Customers,716.2,1405.4462365591398
15402,149,2,626.77,313.385,48,2011-05-27 13:32:00,2011-07-14 12:17:00,United Kingdom,2,At-Risk/Dormant Customers,626.77,4766.063541666666
15405,190,1,349.1,349.1,0,2011-06-03 14:44:00,2011-06-03 14:44:00,United Kingdom,2,At-Risk/Dormant Customers,349.1,349.1
15406,32,2,510.71,255.355,270,2011-02-11 16:19:00,2011-11-08 13:22:00,United Kingdom,0,Recent/Emerging Customers,510.71,690.4042592592592
15407,34,4,1046.74,261.685,272,2011-02-07 13:18:00,2011-11-06 11:55:00,United Kingdom,1,Loyal Customers,1046.74,1404.632720588235
15408,265,1,267.18,267.18,0,2011-03-20 15:02:00,2011-03-20 15:02:00,United Kingdom,2,At-Risk/Dormant Customers,267.18,267.18
15410,85,8,3450.84,431.355,177,2011-03-23 10:15:00,2011-09-16 14:47:00,United Kingdom,1,Loyal Customers,3450.84,7116.138983050848
15411,27,4,1348.93,337.2325,156,2011-06-10 12:30:00,2011-11-13 15:19:00,United Kingdom,1,Loyal Customers,1348.93,3156.150320512821
15412,172,1,190.53,190.53,0,2011-06-21 15:24:00,2011-06-21 15:24:00,United Kingdom,2,At-Risk/Dormant Customers,190.53,190.53
15414,10,3,774.9,258.3,233,2011-04-11 13:45:00,2011-11-30 09:50:00,United Kingdom,0,Recent/Emerging Customers,774.9,1213.899141630901
15415,314,1,559.61,559.61,0,2011-01-30 14:13:00,2011-01-30 14:13:00,United Kingdom,2,At-Risk/Dormant Customers,559.61,559.61
15416,65,4,3984.32,996.08,218,2011-03-02 08:41:00,2011-10-06 09:38:00,United Kingdom,1,Loyal Customers,3984.32,6670.994495412844
15417,86,1,508.8,508.8,0,2011-09-15 15:26:00,2011-09-15 15:26:00,United Kingdom,2,At-Risk/Dormant Customers,508.8,508.8
15419,25,1,135.86,135.86,0,2011-11-15 09:23:00,2011-11-15 09:23:00,United Kingdom,0,Recent/Emerging Customers,135.86,135.86
15421,59,4,950.36,237.59,252,2011-02-02 14:36:00,2011-10-12 09:20:00,United Kingdom,1,Loyal Customers,950.36,1376.513492063492
15422,324,2,97.7,48.85,0,2011-01-20 14:17:00,2011-01-20 16:17:00,United Kingdom,2,At-Risk/Dormant Customers,97.7,97.7
15423,39,1,43.5,43.5,0,2011-11-01 14:01:00,2011-11-01 14:01:00,United Kingdom,2,At-Risk/Dormant Customers,43.5,43.5
15424,255,2,383.34,191.67,0,2011-03-30 13:00:00,2011-03-30 13:02:00,United Kingdom,2,At-Risk/Dormant Customers,383.34,383.34
15426,20,5,1404.07,280.814,350,2010-12-05 13:55:00,2011-11-20 15:36:00,United Kingdom,1,Loyal Customers,1404.07,1464.2444285714287
15427,34,3,1430.54,476.84666666666664,14,2011-10-23 14:47:00,2011-11-06 14:29:00,United Kingdom,1,Loyal Customers,1430.54,1430.54
15428,16,1,93.78,93.78,0,2011-11-24 16:54:00,2011-11-24 16:54:00,United Kingdom,0,Recent/Emerging Customers,93.78,93.78
15429,27,2,397.35,198.675,49,2011-09-25 13:42:00,2011-11-13 12:28:00,United Kingdom,0,Recent/Emerging Customers,397.35,2959.8520408163267
15432,24,1,171.19,171.19,0,2011-11-16 16:30:00,2011-11-16 16:30:00,United Kingdom,0,Recent/Emerging Customers,171.19,171.19
15433,214,2,533.3,266.65,54,2011-03-17 14:12:00,2011-05-10 10:45:00,United Kingdom,2,At-Risk/Dormant Customers,533.3,3604.7129629629626
15434,9,5,1041.48,208.296,192,2011-05-23 14:18:00,2011-12-01 13:33:00,United Kingdom,1,Loyal Customers,1041.48,1979.8968750000001
15435,23,1,149.29,149.29,0,2011-11-17 16:39:00,2011-11-17 16:39:00,United Kingdom,0,Recent/Emerging Customers,149.29,149.29
15436,13,3,1067.75,355.91666666666663,222,2011-04-19 16:52:00,2011-11-27 16:05:00,United Kingdom,0,Recent/Emerging Customers,1067.75,1755.53490990991
15437,263,1,200.16,200.16,0,2011-03-22 13:11:00,2011-03-22 13:11:00,United Kingdom,2,At-Risk/Dormant Customers,200.16,200.16
15438,132,1,156.58,156.58,0,2011-07-31 14:19:00,2011-07-31 14:19:00,United Kingdom,2,At-Risk/Dormant Customers,156.58,156.58
15440,55,3,383.68,127.89333333333332,154,2011-05-15 11:30:00,2011-10-16 12:16:00,United Kingdom,0,Recent/Emerging Customers,383.68,909.3714285714286
15442,249,1,594.0,594.0,0,2011-04-05 12:24:00,2011-04-05 12:24:00,United Kingdom,2,At-Risk/Dormant Customers,594.0,594.0
15443,2,7,3213.59,459.08428571428567,319,2011-01-23 13:25:00,2011-12-08 10:40:00,United Kingdom,3,Champions,3213.59,3676.991692789969
15444,10,2,1411.21,705.605,31,2011-10-30 16:12:00,2011-11-30 17:37:00,United Kingdom,0,Recent/Emerging Customers,1411.21,16615.859677419354
15445,265,1,113.5,113.5,0,2011-03-20 15:06:00,2011-03-20 15:06:00,United Kingdom,2,At-Risk/Dormant Customers,113.5,113.5
15447,331,1,155.17,155.17,0,2011-01-13 11:26:00,2011-01-13 11:26:00,United Kingdom,2,At-Risk/Dormant Customers,155.17,155.17
15448,313,1,494.64,494.64,0,2011-01-31 10:42:00,2011-01-31 10:42:00,United Kingdom,2,At-Risk/Dormant Customers,494.64,494.64
15449,27,3,974.52,324.84,235,2011-03-23 10:43:00,2011-11-13 15:02:00,United Kingdom,1,Loyal Customers,974.52,1513.6161702127658
15450,31,1,429.84,429.84,0,2011-11-09 17:11:00,2011-11-09 17:11:00,United Kingdom,0,Recent/Emerging Customers,429.84,429.84
15452,30,3,528.48,176.16,235,2011-03-20 15:21:00,2011-11-10 12:13:00,United Kingdom,0,Recent/Emerging Customers,528.48,820.8306382978723
15453,2,7,1371.77,195.96714285714285,186,2011-06-05 12:37:00,2011-12-08 10:59:00,United Kingdom,3,Champions,1371.77,2691.914247311828
15454,363,1,179.1,179.1,0,2010-12-12 14:21:00,2010-12-12 14:21:00,United Kingdom,2,At-Risk/Dormant Customers,179.1,179.1
15456,284,3,434.59,144.86333333333332,76,2010-12-15 15:34:00,2011-03-01 13:51:00,United Kingdom,2,At-Risk/Dormant Customers,434.59,2087.1756578947366
15457,263,1,237.07,237.07,0,2011-03-22 15:31:00,2011-03-22 15:31:00,United Kingdom,2,At-Risk/Dormant Customers,237.07,237.07
15458,26,1,161.64,161.64,0,2011-11-14 13:08:00,2011-11-14 13:08:00,United Kingdom,0,Recent/Emerging Customers,161.64,161.64
15460,355,1,214.26,214.26,0,2010-12-20 16:08:00,2010-12-20 16:08:00,United Kingdom,2,At-Risk/Dormant Customers,214.26,214.26
15462,95,3,234.6,78.2,93,2011-06-05 15:36:00,2011-09-06 13:11:00,United Kingdom,2,At-Risk/Dormant Customers,234.6,920.741935483871
15463,30,1,126.14,126.14,0,2011-11-10 12:57:00,2011-11-10 12:57:00,United Kingdom,0,Recent/Emerging Customers,126.14,126.14
15464,339,1,1044.65,1044.65,0,2011-01-05 15:56:00,2011-01-05 15:56:00,United Kingdom,2,At-Risk/Dormant Customers,1044.65,1044.65
15465,20,18,7354.62,408.59,350,2010-12-05 10:12:00,2011-11-20 10:11:00,United Kingdom,3,Champions,7354.62,7669.818
15466,86,1,334.53,334.53,0,2011-09-15 14:08:00,2011-09-15 14:08:00,United Kingdom,2,At-Risk/Dormant Customers,334.53,334.53
15467,10,3,524.88,174.96,143,2011-07-10 14:42:00,2011-11-30 14:17:00,United Kingdom,0,Recent/Emerging Customers,524.88,1339.7286713286715
15468,52,2,467.51,233.755,0,2011-10-19 13:38:00,2011-10-19 13:49:00,United Kingdom,0,Recent/Emerging Customers,467.51,467.51
15469,51,2,538.55,269.275,70,2011-08-11 16:54:00,2011-10-20 16:21:00,United Kingdom,0,Recent/Emerging Customers,538.55,2808.1535714285715
15471,3,1,454.48,454.48,0,2011-12-07 14:12:00,2011-12-07 14:12:00,United Kingdom,0,Recent/Emerging Customers,454.48,454.48
15472,114,1,371.56,371.56,0,2011-08-18 15:17:00,2011-08-18 15:17:00,United Kingdom,2,At-Risk/Dormant Customers,371.56,371.56
15473,15,7,1771.2,253.02857142857144,46,2011-10-10 11:12:00,2011-11-25 15:15:00,United Kingdom,3,Champions,1771.2,14054.08695652174
15475,78,1,454.11,454.11,0,2011-09-23 15:20:00,2011-09-23 15:20:00,United Kingdom,2,At-Risk/Dormant Customers,454.11,454.11
15478,41,2,1399.92,699.96,16,2011-10-14 11:09:00,2011-10-30 14:19:00,United Kingdom,1,Loyal Customers,1399.92,1399.92
15480,117,1,905.5,905.5,0,2011-08-15 14:32:00,2011-08-15 14:32:00,Malta,2,At-Risk/Dormant Customers,905.5,905.5
15482,16,12,10879.76,906.6466666666665,343,2010-12-16 10:08:00,2011-11-24 10:46:00,United Kingdom,3,Champions,10879.76,11577.587172011661
15483,162,4,225.26,56.315,105,2011-03-18 12:26:00,2011-07-01 13:07:00,United Kingdom,2,At-Risk/Dormant Customers,225.26,783.0466666666666
15484,2,4,3590.41,897.6025,77,2011-09-22 13:31:00,2011-12-08 15:03:00,United Kingdom,3,Champions,3590.41,17019.475974025976
15485,31,3,2564.5,854.8333333333333,343,2010-12-01 13:23:00,2011-11-09 14:31:00,United Kingdom,1,Loyal Customers,2564.5,2728.986880466472
15488,93,1,91.32,91.32,0,2011-09-08 10:11:00,2011-09-08 10:11:00,United Kingdom,2,At-Risk/Dormant Customers,91.32,91.32
15489,23,3,1134.28,378.0933333333333,189,2011-05-12 12:54:00,2011-11-17 08:53:00,United Kingdom,1,Loyal Customers,1134.28,2190.5407407407406
15491,96,6,3100.09,516.6816666666666,140,2011-04-18 10:04:00,2011-09-05 15:56:00,United Kingdom,1,Loyal Customers,3100.09,8082.3775000000005
15492,29,2,659.46,329.73,46,2011-09-26 14:02:00,2011-11-11 14:53:00,United Kingdom,0,Recent/Emerging Customers,659.46,5232.6717391304355
15493,33,5,1953.41,390.682,238,2011-03-14 11:44:00,2011-11-07 12:04:00,United Kingdom,1,Loyal Customers,1953.41,2995.775840336135
15494,22,2,1280.58,640.29,100,2011-08-10 15:29:00,2011-11-18 14:51:00,United Kingdom,1,Loyal Customers,1280.58,4674.116999999999
15497,18,2,1262.2,631.1,302,2011-01-24 10:01:00,2011-11-22 11:51:00,United Kingdom,0,Recent/Emerging Customers,1262.2,1525.5066225165565
15498,3,27,13316.4,493.2,364,2010-12-08 12:29:00,2011-12-07 12:48:00,United Kingdom,3,Champions,13316.4,13352.983516483517
15500,9,4,1131.56,282.89,73,2011-09-19 13:47:00,2011-12-01 13:47:00,United Kingdom,1,Loyal Customers,1131.56,5657.799999999999
15502,16,12,10384.93,865.4108333333332,354,2010-12-05 15:40:00,2011-11-24 12:48:00,United Kingdom,3,Champions,10384.93,10707.625564971751
15503,363,1,141.04,141.04,0,2010-12-12 10:57:00,2010-12-12 10:57:00,United Kingdom,2,At-Risk/Dormant Customers,141.04,141.04
15504,82,1,52.83,52.83,0,2011-09-19 13:45:00,2011-09-19 13:45:00,United Kingdom,2,At-Risk/Dormant Customers,52.83,52.83
15505,53,5,3610.96,722.192,103,2011-07-07 13:33:00,2011-10-18 07:56:00,United Kingdom,1,Loyal Customers,3610.96,12796.120388349515
15506,23,3,972.08,324.02666666666664,116,2011-07-24 11:45:00,2011-11-17 12:11:00,United Kingdom,1,Loyal Customers,972.08,3058.7000000000003
15507,172,1,475.86,475.86,0,2011-06-21 11:19:00,2011-06-21 11:19:00,United Kingdom,2,At-Risk/Dormant Customers,475.86,475.86
15508,190,6,1000.27,166.71166666666667,46,2011-04-18 15:31:00,2011-06-03 15:43:00,United Kingdom,1,Loyal Customers,1000.27,7936.925
15510,331,1,250.0,250.0,0,2011-01-13 12:10:00,2011-01-13 12:10:00,United Kingdom,2,At-Risk/Dormant Customers,250.0,250.0
15511,12,5,900.53,180.106,74,2011-09-15 15:05:00,2011-11-28 09:43:00,United Kingdom,1,Loyal Customers,900.53,4441.8033783783785
15512,156,2,121.0,60.5,204,2010-12-15 12:01:00,2011-07-07 10:20:00,United Kingdom,2,At-Risk/Dormant Customers,121.0,216.4950980392157
15513,34,19,14758.22,776.7484210526316,340,2010-12-01 11:22:00,2011-11-06 14:36:00,United Kingdom,3,Champions,14758.22,15843.383235294117
15514,13,11,4023.72,365.7927272727273,352,2010-12-10 13:50:00,2011-11-27 14:40:00,United Kingdom,3,Champions,4023.72,4172.323295454545
15516,45,3,62.43,20.81,2,2011-10-24 11:33:00,2011-10-26 10:51:00,United Kingdom,0,Recent/Emerging Customers,62.43,62.43
15517,234,1,267.03,267.03,0,2011-04-20 14:02:00,2011-04-20 14:02:00,United Kingdom,2,At-Risk/Dormant Customers,267.03,267.03
15518,65,8,1921.55,240.19375,268,2011-01-11 12:55:00,2011-10-06 13:05:00,United Kingdom,1,Loyal Customers,1921.55,2617.036380597015
15520,2,1,343.5,343.5,0,2011-12-08 10:58:00,2011-12-08 10:58:00,United Kingdom,0,Recent/Emerging Customers,343.5,343.5
15521,41,8,3000.2,375.025,214,2011-03-30 09:15:00,2011-10-30 13:42:00,United Kingdom,1,Loyal Customers,3000.2,5117.163551401869
15522,33,2,397.99,198.995,55,2011-09-13 12:26:00,2011-11-07 11:26:00,United Kingdom,0,Recent/Emerging Customers,397.99,2641.2063636363637
15523,85,1,412.01,412.01,0,2011-09-16 16:29:00,2011-09-16 16:29:00,United Kingdom,2,At-Risk/Dormant Customers,412.01,412.01
15524,25,1,440.0,440.0,0,2011-11-15 12:09:00,2011-11-15 12:09:00,United Kingdom,0,Recent/Emerging Customers,440.0,440.0
15525,3,3,734.37,244.79,371,2010-12-01 13:17:00,2011-12-07 14:43:00,United Kingdom,0,Recent/Emerging Customers,734.37,722.4933962264151
15526,34,2,148.44,74.22,0,2011-11-06 15:01:00,2011-11-06 15:04:00,United Kingdom,0,Recent/Emerging Customers,148.44,148.44
15527,19,8,2428.53,303.56625,336,2010-12-20 14:15:00,2011-11-21 12:17:00,United Kingdom,3,Champions,2428.53,2638.135267857143
15528,255,1,229.33,229.33,0,2011-03-30 16:14:00,2011-03-30 16:14:00,United Kingdom,2,At-Risk/Dormant Customers,229.33,229.33
15529,23,11,3962.6,360.23636363636365,344,2010-12-08 12:24:00,2011-11-17 11:29:00,United Kingdom,3,Champions,3962.6,4204.502906976744
15530,22,4,1497.31,374.3275,225,2011-04-07 11:16:00,2011-11-18 12:25:00,United Kingdom,1,Loyal Customers,1497.31,2428.9695555555554
15531,9,2,1972.39,986.195,22,2011-11-09 17:47:00,2011-12-01 18:43:00,United Kingdom,0,Recent/Emerging Customers,1972.39,1972.39
15532,26,4,1564.73,391.1825,333,2010-12-16 16:45:00,2011-11-14 14:51:00,United Kingdom,1,Loyal Customers,1564.73,1715.0944444444447
15533,20,3,807.57,269.19,70,2011-09-11 15:41:00,2011-11-20 15:35:00,United Kingdom,0,Recent/Emerging Customers,807.57,4210.9007142857145
15535,174,4,502.9,125.725,154,2011-01-16 12:35:00,2011-06-19 16:02:00,United Kingdom,2,At-Risk/Dormant Customers,502.9,1191.9383116883116
15537,164,1,110.92,110.92,0,2011-06-29 13:10:00,2011-06-29 13:10:00,United Kingdom,2,At-Risk/Dormant Customers,110.92,110.92
15539,8,1,538.46,538.46,0,2011-12-02 13:36:00,2011-12-02 13:36:00,United Kingdom,0,Recent/Emerging Customers,538.46,538.46
15540,12,1,213.3,213.3,0,2011-11-28 13:51:00,2011-11-28 13:51:00,United Kingdom,0,Recent/Emerging Customers,213.3,213.3
15541,115,1,85.13,85.13,0,2011-08-17 14:58:00,2011-08-17 14:58:00,United Kingdom,2,At-Risk/Dormant Customers,85.13,85.13
15543,289,1,127.86,127.86,0,2011-02-24 15:26:00,2011-02-24 15:26:00,United Kingdom,2,At-Risk/Dormant Customers,127.86,127.86
15544,10,9,3546.71,394.07888888888886,363,2010-12-02 12:47:00,2011-11-30 16:43:00,United Kingdom,3,Champions,3546.71,3566.2511019283747
15545,55,2,288.97,144.485,317,2010-12-03 17:28:00,2011-10-16 13:24:00,United Kingdom,0,Recent/Emerging Customers,288.97,332.72570977917985
15547,8,14,4910.6,350.75714285714287,355,2010-12-12 13:26:00,2011-12-02 12:52:00,United Kingdom,3,Champions,4910.6,5048.92676056338
15549,78,3,1681.46,560.4866666666667,239,2011-01-27 15:38:00,2011-09-23 16:22:00,United Kingdom,1,Loyal Customers,1681.46,2567.920083682008
15550,5,4,575.63,143.9075,297,2011-02-11 12:49:00,2011-12-05 15:38:00,United Kingdom,0,Recent/Emerging Customers,575.63,707.4240740740742
15551,37,1,436.06,436.06,0,2011-11-03 12:37:00,2011-11-03 12:37:00,United Kingdom,0,Recent/Emerging Customers,436.06,436.06
15552,218,1,90.12,90.12,0,2011-05-06 14:47:00,2011-05-06 14:47:00,United Kingdom,2,At-Risk/Dormant Customers,90.12,90.12
15553,61,1,428.93,428.93,0,2011-10-10 14:02:00,2011-10-10 14:02:00,United Kingdom,2,At-Risk/Dormant Customers,428.93,428.93
15554,278,1,217.2,217.2,0,2011-03-07 09:00:00,2011-03-07 09:00:00,United Kingdom,2,At-Risk/Dormant Customers,217.2,217.2
15555,13,16,4794.86,299.67875,357,2010-12-05 14:45:00,2011-11-27 16:19:00,United Kingdom,3,Champions,4794.86,4902.307843137254
15556,25,1,279.77,279.77,0,2011-11-15 16:08:00,2011-11-15 16:08:00,United Kingdom,0,Recent/Emerging Customers,279.77,279.77
15557,29,1,468.91,468.91,0,2011-11-11 12:46:00,2011-11-11 12:46:00,United Kingdom,0,Recent/Emerging Customers,468.91,468.91
15561,12,4,800.59,200.1475,204,2011-05-08 11:38:00,2011-11-28 11:07:00,United Kingdom,0,Recent/Emerging Customers,800.59,1432.42818627451
15562,352,1,134.55,134.55,0,2010-12-23 09:55:00,2010-12-23 09:55:00,United Kingdom,2,At-Risk/Dormant Customers,134.55,134.55
15563,23,4,1400.44,350.11,336,2010-12-16 11:27:00,2011-11-17 14:50:00,United Kingdom,1,Loyal Customers,1400.44,1521.3113095238095
15565,51,2,173.16,86.58,20,2011-09-30 10:44:00,2011-10-20 14:33:00,United Kingdom,0,Recent/Emerging Customers,173.16,173.16
15567,19,1,186.01,186.01,0,2011-11-21 10:48:00,2011-11-21 10:48:00,United Kingdom,0,Recent/Emerging Customers,186.01,186.01
15568,3,3,758.29,252.76333333333332,71,2011-09-27 14:37:00,2011-12-07 11:27:00,United Kingdom,0,Recent/Emerging Customers,758.29,3898.251408450704
15569,104,5,1375.71,275.142,229,2011-01-11 13:26:00,2011-08-28 10:15:00,United Kingdom,1,Loyal Customers,1375.71,2192.7255458515283
15570,8,12,4148.82,345.735,362,2010-12-05 12:57:00,2011-12-02 14:47:00,United Kingdom,3,Champions,4148.82,4183.202486187845
15571,12,4,650.43,162.6075,67,2011-09-22 13:15:00,2011-11-28 10:02:00,United Kingdom,0,Recent/Emerging Customers,650.43,3543.3873134328355
15572,5,7,2533.42,361.9171428571429,274,2011-03-06 14:44:00,2011-12-05 10:09:00,United Kingdom,3,Champions,2533.42,3374.8113138686135
15573,32,2,591.19,295.595,54,2011-09-15 12:16:00,2011-11-08 11:38:00,United Kingdom,0,Recent/Emerging Customers,591.19,3996.006481481482
15574,178,4,675.64,168.91,195,2010-12-02 15:46:00,2011-06-15 12:01:00,United Kingdom,1,Loyal Customers,675.64,1264.659487179487
15576,38,1,921.37,921.37,0,2011-11-02 12:03:00,2011-11-02 12:03:00,United Kingdom,0,Recent/Emerging Customers,921.37,921.37
15577,152,3,258.88,86.29333333333332,154,2011-02-07 13:32:00,2011-07-11 17:03:00,United Kingdom,2,At-Risk/Dormant Customers,258.88,613.5792207792208
15578,163,1,127.1,127.1,0,2011-06-30 13:03:00,2011-06-30 13:03:00,United Kingdom,2,At-Risk/Dormant Customers,127.1,127.1
15579,69,2,327.6,163.8,245,2011-01-30 12:09:00,2011-10-02 12:45:00,United Kingdom,2,At-Risk/Dormant Customers,327.6,488.05714285714294
15581,121,13,3675.77,282.7515384615385,246,2010-12-08 14:38:00,2011-08-11 09:38:00,United Kingdom,1,Loyal Customers,3675.77,5453.886382113821
15582,25,3,682.91,227.63666666666663,196,2011-05-03 13:36:00,2011-11-15 09:55:00,United Kingdom,0,Recent/Emerging Customers,682.91,1271.7456632653061
15584,24,4,720.86,180.215,139,2011-06-30 16:39:00,2011-11-16 10:55:00,United Kingdom,1,Loyal Customers,720.86,1892.9057553956836
15585,177,1,455.3,455.3,0,2011-06-16 08:38:00,2011-06-16 08:38:00,United Kingdom,2,At-Risk/Dormant Customers,455.3,455.3
15587,51,4,913.68,228.42,301,2010-12-23 09:59:00,2011-10-20 13:37:00,United Kingdom,1,Loyal Customers,913.68,1107.9508305647842
15589,256,3,478.53,159.51,55,2011-02-02 10:46:00,2011-03-29 09:54:00,United Kingdom,2,At-Risk/Dormant Customers,478.53,3175.699090909091
15592,47,1,388.58,388.58,0,2011-10-24 08:59:00,2011-10-24 08:59:00,United Kingdom,0,Recent/Emerging Customers,388.58,388.58
15593,71,1,199.8,199.8,0,2011-09-30 11:46:00,2011-09-30 11:46:00,United Kingdom,2,At-Risk/Dormant Customers,199.8,199.8
15594,16,5,1771.78,354.356,219,2011-04-19 10:08:00,2011-11-24 08:53:00,United Kingdom,1,Loyal Customers,1771.78,2952.9666666666667
15596,101,5,1406.59,281.318,265,2010-12-09 16:10:00,2011-08-31 10:55:00,United Kingdom,1,Loyal Customers,1406.59,1937.3786792452827
15597,36,1,324.57,324.57,0,2011-11-04 13:26:00,2011-11-04 13:26:00,United Kingdom,0,Recent/Emerging Customers,324.57,324.57
15598,54,1,240.68,240.68,0,2011-10-17 16:04:00,2011-10-17 16:04:00,United Kingdom,2,At-Risk/Dormant Customers,240.68,240.68
15599,27,2,761.74,380.87,178,2011-05-19 13:05:00,2011-11-13 11:44:00,United Kingdom,0,Recent/Emerging Customers,761.74,1561.9949438202245
15601,12,14,6776.56,484.04,361,2010-12-02 10:39:00,2011-11-28 15:15:00,United Kingdom,3,Champions,6776.56,6851.646537396122
15602,9,9,1297.87,144.20777777777775,360,2010-12-06 15:35:00,2011-12-01 14:14:00,United Kingdom,3,Champions,1297.87,1315.895972222222
15603,79,1,48.48,48.48,0,2011-09-22 10:04:00,2011-09-22 10:04:00,United Kingdom,2,At-Risk/Dormant Customers,48.48,48.48
15604,53,1,216.39,216.39,0,2011-10-18 14:47:00,2011-10-18 14:47:00,United Kingdom,2,At-Risk/Dormant Customers,216.39,216.39
15605,37,5,1198.23,239.646,337,2010-12-01 13:38:00,2011-11-03 14:17:00,United Kingdom,1,Loyal Customers,1198.23,1297.7862017804155
15606,62,9,2920.16,324.46222222222224,263,2011-01-19 12:07:00,2011-10-09 15:47:00,United Kingdom,1,Loyal Customers,2920.16,4052.693536121673
15607,337,1,104.76,104.76,0,2011-01-07 12:44:00,2011-01-07 12:44:00,United Kingdom,2,At-Risk/Dormant Customers,104.76,104.76
15608,29,4,1093.68,273.42,92,2011-08-11 09:56:00,2011-11-11 13:20:00,United Kingdom,1,Loyal Customers,1093.68,4339.05652173913
15609,185,1,298.48,298.48,0,2011-06-08 13:00:00,2011-06-08 13:00:00,United Kingdom,2,At-Risk/Dormant Customers,298.48,298.48
15610,52,1,112.46,112.46,0,2011-10-19 10:36:00,2011-10-19 10:36:00,United Kingdom,2,At-Risk/Dormant Customers,112.46,112.46
15611,10,13,1591.45,122.41923076923077,325,2011-01-09 11:32:00,2011-11-30 12:36:00,United Kingdom,3,Champions,1591.45,1787.3207692307692
15612,37,2,195.15,97.575,25,2011-10-09 12:49:00,2011-11-03 14:52:00,United Kingdom,0,Recent/Emerging Customers,195.15,195.15
15615,11,23,10399.74,452.1626086956522,349,2010-12-15 16:21:00,2011-11-29 14:42:00,United Kingdom,3,Champions,10399.74,10876.518911174784
15618,33,4,776.85,194.2125,104,2011-07-26 10:13:00,2011-11-07 08:34:00,United Kingdom,1,Loyal Customers,776.85,2726.4447115384614
15619,11,1,336.4,336.4,0,2011-11-29 08:14:00,2011-11-29 08:14:00,United Kingdom,0,Recent/Emerging Customers,336.4,336.4
15620,57,3,1553.18,517.7266666666667,302,2010-12-16 14:34:00,2011-10-14 12:41:00,United Kingdom,1,Loyal Customers,1553.18,1877.1877483443711
15621,5,4,1293.03,323.2575,17,2011-11-18 11:49:00,2011-12-05 14:01:00,United Kingdom,0,Recent/Emerging Customers,1293.03,1293.03
15622,44,9,3709.56,412.1733333333333,239,2011-03-02 13:42:00,2011-10-27 16:44:00,United Kingdom,3,Champions,3709.56,5665.227615062761
15623,142,1,301.03,301.03,0,2011-07-21 17:26:00,2011-07-21 17:26:00,United Kingdom,2,At-Risk/Dormant Customers,301.03,301.03
15624,117,4,588.13,147.0325,140,2011-03-28 13:32:00,2011-08-15 11:38:00,United Kingdom,1,Loyal Customers,588.13,1533.3389285714286
15625,104,4,1534.26,383.565,132,2011-04-18 14:01:00,2011-08-28 10:21:00,United Kingdom,1,Loyal Customers,1534.26,4242.461363636364
15626,75,2,675.8,337.9,255,2011-01-14 10:10:00,2011-09-26 10:03:00,United Kingdom,1,Loyal Customers,675.8,967.3215686274509
15628,5,9,2870.24,318.91555555555556,362,2010-12-08 09:51:00,2011-12-05 10:24:00,United Kingdom,3,Champions,2870.24,2894.0265193370165
15630,46,2,1186.35,593.175,159,2011-05-19 10:16:00,2011-10-25 15:36:00,United Kingdom,1,Loyal Customers,1186.35,2723.382075471698
15632,16,8,3285.31,410.66375,259,2011-03-10 08:29:00,2011-11-24 09:51:00,United Kingdom,3,Champions,3285.31,4629.877027027027
15634,18,1,243.55,243.55,0,2011-11-22 16:28:00,2011-11-22 16:28:00,United Kingdom,0,Recent/Emerging Customers,243.55,243.55
15636,90,2,724.76,362.38,193,2011-03-02 14:50:00,2011-09-11 11:17:00,United Kingdom,2,At-Risk/Dormant Customers,724.76,1370.660103626943
15637,53,1,223.36,223.36,0,2011-10-18 08:28:00,2011-10-18 08:28:00,United Kingdom,2,At-Risk/Dormant Customers,223.36,223.36
15639,135,1,425.32,425.32,0,2011-07-28 14:30:00,2011-07-28 14:30:00,United Kingdom,2,At-Risk/Dormant Customers,425.32,425.32
15640,5,15,12416.11,827.7406666666666,368,2010-12-02 15:40:00,2011-12-05 14:35:00,United Kingdom,3,Champions,12416.11,12314.891711956523
15641,106,4,1887.2,471.8,254,2010-12-15 14:45:00,2011-08-26 14:04:00,United Kingdom,1,Loyal Customers,1887.2,2711.9212598425197
15643,192,3,664.0,221.33333333333331,91,2011-03-02 14:34:00,2011-06-01 07:38:00,United Kingdom,2,At-Risk/Dormant Customers,664.0,2663.296703296703
15644,167,4,803.54,200.885,95,2011-03-23 15:37:00,2011-06-26 14:54:00,United Kingdom,1,Loyal Customers,803.54,3087.2852631578944
15645,19,1,612.01,612.01,0,2011-11-21 11:55:00,2011-11-21 11:55:00,United Kingdom,0,Recent/Emerging Customers,612.01,612.01
15646,158,3,447.64,149.2133333333333,215,2010-12-02 16:59:00,2011-07-05 09:53:00,United Kingdom,2,At-Risk/Dormant Customers,447.64,759.946976744186
15648,205,2,639.5,319.75,63,2011-03-17 18:59:00,2011-05-19 15:53:00,United Kingdom,2,At-Risk/Dormant Customers,639.5,3705.0396825396824
15649,337,2,816.0,408.0,31,2010-12-07 10:06:00,2011-01-07 13:34:00,United Kingdom,2,At-Risk/Dormant Customers,816.0,9607.741935483871
15651,37,3,646.3,215.4333333333333,224,2011-03-24 08:56:00,2011-11-03 08:41:00,United Kingdom,1,Loyal Customers,646.3,1053.122767857143
15652,92,1,337.74,337.74,0,2011-09-09 14:22:00,2011-09-09 14:22:00,United Kingdom,2,At-Risk/Dormant Customers,337.74,337.74
15653,93,2,877.44,438.72,23,2011-08-16 09:50:00,2011-09-08 10:49:00,United Kingdom,1,Loyal Customers,877.44,877.44
15654,10,2,922.53,461.265,17,2011-11-13 15:15:00,2011-11-30 13:08:00,United Kingdom,0,Recent/Emerging Customers,922.53,922.53
15655,244,1,560.67,560.67,0,2011-04-10 15:25:00,2011-04-10 15:25:00,United Kingdom,2,At-Risk/Dormant Customers,560.67,560.67
15656,46,4,748.5,187.125,239,2011-02-28 15:32:00,2011-10-25 14:56:00,United Kingdom,1,Loyal Customers,748.5,1143.1066945606694
15657,23,1,30.0,30.0,0,2011-11-17 12:19:00,2011-11-17 12:19:00,United Kingdom,0,Recent/Emerging Customers,30.0,30.0
15658,191,5,1024.1,204.82,182,2010-12-02 10:53:00,2011-06-02 15:22:00,United Kingdom,1,Loyal Customers,1024.1,2053.826923076923
15659,44,1,306.45,306.45,0,2011-10-27 09:23:00,2011-10-27 09:23:00,United Kingdom,0,Recent/Emerging Customers,306.45,306.45
15660,26,9,1600.86,177.8733333333333,340,2010-12-09 09:49:00,2011-11-14 16:58:00,United Kingdom,1,Loyal Customers,1600.86,1718.5702941176469
15661,318,2,309.8,154.9,21,2011-01-05 12:32:00,2011-01-26 13:56:00,United Kingdom,2,At-Risk/Dormant Customers,309.8,309.8
15663,107,1,138.14,138.14,0,2011-08-25 15:50:00,2011-08-25 15:50:00,United Kingdom,2,At-Risk/Dormant Customers,138.14,138.14
15664,51,1,386.43,386.43,0,2011-10-20 10:57:00,2011-10-20 10:57:00,United Kingdom,0,Recent/Emerging Customers,386.43,386.43
15665,169,2,2222.21,1111.105,75,2011-04-10 15:09:00,2011-06-24 14:57:00,United Kingdom,1,Loyal Customers,2222.21,10814.755333333333
15667,40,1,301.32,301.32,0,2011-10-31 10:56:00,2011-10-31 10:56:00,United Kingdom,0,Recent/Emerging Customers,301.32,301.32
15668,218,1,76.32,76.32,0,2011-05-06 10:39:00,2011-05-06 10:39:00,United Kingdom,2,At-Risk/Dormant Customers,76.32,76.32
15669,41,4,684.34,171.085,223,2011-03-21 09:13:00,2011-10-30 16:03:00,United Kingdom,1,Loyal Customers,684.34,1120.108071748879
15670,297,1,173.05,173.05,0,2011-02-16 10:50:00,2011-02-16 10:50:00,United Kingdom,2,At-Risk/Dormant Customers,173.05,173.05
15671,19,7,2657.13,379.59,252,2011-03-14 09:37:00,2011-11-21 12:43:00,United Kingdom,3,Champions,2657.13,3848.6208333333334
15673,89,4,2726.23,681.5575,239,2011-01-16 16:25:00,2011-09-12 16:12:00,United Kingdom,1,Loyal Customers,2726.23,4163.489330543933
15674,74,5,2446.6,489.32,181,2011-03-30 09:19:00,2011-09-27 15:17:00,United Kingdom,1,Loyal Customers,2446.6,4933.751381215469
15675,82,3,323.69,107.89666666666666,199,2011-03-04 14:21:00,2011-09-19 13:48:00,United Kingdom,2,At-Risk/Dormant Customers,323.69,593.7027638190955
15676,19,3,3435.76,1145.253333333333,265,2011-03-01 10:19:00,2011-11-21 12:40:00,United Kingdom,1,Loyal Customers,3435.76,4732.2732075471695
15677,50,1,657.23,657.23,0,2011-10-21 15:36:00,2011-10-21 15:36:00,United Kingdom,0,Recent/Emerging Customers,657.23,657.23
15678,53,1,352.7,352.7,0,2011-10-18 09:25:00,2011-10-18 09:25:00,United Kingdom,2,At-Risk/Dormant Customers,352.7,352.7
15679,25,4,781.28,195.32,158,2011-06-10 08:24:00,2011-11-15 16:19:00,United Kingdom,1,Loyal Customers,781.28,1804.8556962025316
15680,10,3,1333.68,444.56,357,2010-12-08 14:43:00,2011-11-30 13:46:00,United Kingdom,0,Recent/Emerging Customers,1333.68,1363.5663865546219
15681,26,5,1426.16,285.232,255,2011-03-04 13:46:00,2011-11-14 16:30:00,United Kingdom,1,Loyal Customers,1426.16,2041.366274509804
15683,118,1,193.75,193.75,0,2011-08-14 12:56:00,2011-08-14 12:56:00,United Kingdom,2,At-Risk/Dormant Customers,193.75,193.75
15687,9,9,2993.1,332.56666666666666,322,2011-01-13 15:13:00,2011-12-01 08:33:00,United Kingdom,3,Champions,2993.1,3392.799689440994
15689,120,2,254.1,127.05,242,2010-12-13 09:57:00,2011-08-12 09:37:00,United Kingdom,2,At-Risk/Dormant Customers,254.1,383.25
15690,5,2,239.76,119.88,96,2011-08-31 11:40:00,2011-12-05 15:59:00,United Kingdom,0,Recent/Emerging Customers,239.76,911.5875
15691,253,1,136.8,136.8,0,2011-04-01 15:13:00,2011-04-01 15:13:00,United Kingdom,2,At-Risk/Dormant Customers,136.8,136.8
15692,29,1,191.04,191.04,0,2011-11-11 14:12:00,2011-11-11 14:12:00,United Kingdom,0,Recent/Emerging Customers,191.04,191.04
15694,1,14,6479.4,462.8142857142857,372,2010-12-02 07:49:00,2011-12-09 09:44:00,United Kingdom,3,Champions,6479.4,6357.475806451613
15695,267,2,409.98,204.99,0,2011-03-18 08:31:00,2011-03-18 08:32:00,United Kingdom,2,At-Risk/Dormant Customers,409.98,409.98
15696,34,8,2711.11,338.88875,293,2011-01-17 11:24:00,2011-11-06 14:02:00,United Kingdom,1,Loyal Customers,2711.11,3377.321331058021
15699,18,1,309.65,309.65,0,2011-11-22 08:26:00,2011-11-22 08:26:00,United Kingdom,0,Recent/Emerging Customers,309.65,309.65
15700,173,2,696.68,348.34,1,2011-06-19 15:36:00,2011-06-20 16:53:00,United Kingdom,2,At-Risk/Dormant Customers,696.68,696.68
15701,3,4,1529.0,382.25,108,2011-08-21 12:36:00,2011-12-07 14:39:00,United Kingdom,3,Champions,1529.0,5167.4537037037035
15703,265,1,211.5,211.5,0,2011-03-20 10:51:00,2011-03-20 10:51:00,United Kingdom,2,At-Risk/Dormant Customers,211.5,211.5
15704,141,4,2293.62,573.405,75,2011-05-08 12:42:00,2011-07-22 13:35:00,United Kingdom,1,Loyal Customers,2293.62,11162.283999999998
15705,202,1,143.1,143.1,0,2011-05-22 15:37:00,2011-05-22 15:37:00,United Kingdom,2,At-Risk/Dormant Customers,143.1,143.1
15706,64,4,1060.56,265.14,53,2011-08-15 14:32:00,2011-10-07 10:09:00,United Kingdom,1,Loyal Customers,1060.56,7303.8566037735845
15707,36,4,916.98,229.245,51,2011-09-14 14:19:00,2011-11-04 14:35:00,United Kingdom,1,Loyal Customers,916.98,6562.700000000001
15708,41,7,3235.25,462.1785714285714,329,2010-12-05 11:12:00,2011-10-30 10:54:00,United Kingdom,1,Loyal Customers,3235.25,3589.2591185410333
15709,284,1,133.25,133.25,0,2011-03-01 10:38:00,2011-03-01 10:38:00,United Kingdom,2,At-Risk/Dormant Customers,133.25,133.25
15712,10,5,1072.36,214.472,278,2011-02-25 11:32:00,2011-11-30 14:09:00,United Kingdom,1,Loyal Customers,1072.36,1407.9546762589928
15713,144,2,356.7,178.35,223,2010-12-08 15:16:00,2011-07-19 13:34:00,United Kingdom,2,At-Risk/Dormant Customers,356.7,583.8363228699552
15714,12,2,330.03,165.015,66,2011-09-23 11:25:00,2011-11-28 11:26:00,United Kingdom,0,Recent/Emerging Customers,330.03,1825.1659090909088
15716,146,4,1101.11,275.2775,224,2010-12-05 12:26:00,2011-07-17 11:59:00,United Kingdom,1,Loyal Customers,1101.11,1794.219419642857
15717,235,1,150.3,150.3,0,2011-04-19 13:21:00,2011-04-19 13:21:00,United Kingdom,2,At-Risk/Dormant Customers,150.3,150.3
15719,33,13,5030.07,386.92846153846153,305,2011-01-06 12:31:00,2011-11-07 12:29:00,United Kingdom,3,Champions,5030.07,6019.591967213114
15720,25,1,598.73,598.73,0,2011-11-15 14:48:00,2011-11-15 14:48:00,United Kingdom,0,Recent/Emerging Customers,598.73,598.73
15721,12,1,471.4,471.4,0,2011-11-28 12:14:00,2011-11-28 12:14:00,United Kingdom,0,Recent/Emerging Customers,471.4,471.4
15722,36,5,2211.21,442.242,255,2011-02-22 12:24:00,2011-11-04 11:43:00,United Kingdom,1,Loyal Customers,2211.21,3165.065294117647
15723,365,1,190.7,190.7,0,2010-12-10 11:12:00,2010-12-10 11:12:00,United Kingdom,2,At-Risk/Dormant Customers,190.7,190.7
15724,202,2,218.25,109.125,83,2011-02-28 10:40:00,2011-05-22 14:40:00,United Kingdom,2,At-Risk/Dormant Customers,218.25,959.7740963855421
15725,16,1,415.25,415.25,0,2011-11-24 14:51:00,2011-11-24 14:51:00,United Kingdom,0,Recent/Emerging Customers,415.25,415.25
15727,17,7,5159.06,737.0085714285714,343,2010-12-15 15:47:00,2011-11-23 12:36:00,United Kingdom,3,Champions,5159.06,5489.961807580175
15729,213,1,85.0,85.0,0,2011-05-11 12:36:00,2011-05-11 12:36:00,United Kingdom,2,At-Risk/Dormant Customers,85.0,85.0
15730,66,3,1120.88,373.62666666666667,141,2011-05-17 12:43:00,2011-10-05 12:31:00,United Kingdom,1,Loyal Customers,1120.88,2901.5687943262415
15732,213,2,294.12,147.06,160,2010-12-02 15:00:00,2011-05-11 14:24:00,United Kingdom,2,At-Risk/Dormant Customers,294.12,670.9612500000001
15733,283,1,162.3,162.3,0,2011-03-02 09:05:00,2011-03-02 09:05:00,United Kingdom,2,At-Risk/Dormant Customers,162.3,162.3
15734,115,2,1339.45,669.725,86,2011-05-23 14:59:00,2011-08-17 10:50:00,United Kingdom,1,Loyal Customers,1339.45,5684.875000000001
15737,15,8,1188.12,148.515,228,2011-04-11 10:01:00,2011-11-25 11:21:00,United Kingdom,3,Champions,1188.12,1902.0342105263155
15738,19,16,4812.42,300.77625,354,2010-12-02 12:50:00,2011-11-21 08:26:00,United Kingdom,3,Champions,4812.42,4961.958474576271
15739,67,1,449.12,449.12,0,2011-10-04 13:42:00,2011-10-04 13:42:00,United Kingdom,2,At-Risk/Dormant Customers,449.12,449.12
15740,50,1,154.88,154.88,0,2011-10-21 14:29:00,2011-10-21 14:29:00,United Kingdom,2,At-Risk/Dormant Customers,154.88,154.88
15743,17,4,775.96,193.99,168,2011-06-08 10:14:00,2011-11-23 17:19:00,United Kingdom,1,Loyal Customers,775.96,1685.865476190476
15744,78,1,34.8,34.8,0,2011-09-23 09:52:00,2011-09-23 09:52:00,United Kingdom,2,At-Risk/Dormant Customers,34.8,34.8
15745,20,4,1094.59,273.6475,217,2011-04-17 13:04:00,2011-11-20 13:45:00,United Kingdom,1,Loyal Customers,1094.59,1841.1306451612902
15746,135,1,196.88,196.88,0,2011-07-28 15:21:00,2011-07-28 15:21:00,United Kingdom,2,At-Risk/Dormant Customers,196.88,196.88
15747,13,3,946.64,315.5466666666666,160,2011-06-20 11:30:00,2011-11-27 12:26:00,United Kingdom,0,Recent/Emerging Customers,946.64,2159.5225
15748,41,1,144.36,144.36,0,2011-10-30 12:51:00,2011-10-30 12:51:00,United Kingdom,0,Recent/Emerging Customers,144.36,144.36
15749,236,3,44534.3,14844.766666666668,97,2011-01-11 12:55:00,2011-04-18 13:20:00,United Kingdom,1,Loyal Customers,44534.3,167577.5206185567
15750,3,8,2463.05,307.88125,364,2010-12-08 10:36:00,2011-12-07 12:34:00,United Kingdom,3,Champions,2463.05,2469.816620879121
15752,40,7,2626.6,375.22857142857134,333,2010-12-02 09:43:00,2011-10-31 11:37:00,United Kingdom,1,Loyal Customers,2626.6,2879.006006006006
15753,305,1,79.2,79.2,0,2011-02-08 12:41:00,2011-02-08 12:41:00,United Kingdom,2,At-Risk/Dormant Customers,79.2,79.2
15754,52,3,458.57,152.85666666666665,195,2011-04-07 12:24:00,2011-10-19 14:40:00,United Kingdom,1,Loyal Customers,458.57,858.3489743589744
15755,11,6,2364.25,394.04166666666663,284,2011-02-18 11:53:00,2011-11-29 14:57:00,United Kingdom,3,Champions,2364.25,3038.5607394366198
15756,62,4,528.01,132.0025,188,2011-04-04 14:00:00,2011-10-09 13:30:00,United Kingdom,1,Loyal Customers,528.01,1025.1257978723404
15757,66,2,714.42,357.21,152,2011-05-06 11:40:00,2011-10-05 12:14:00,United Kingdom,1,Loyal Customers,714.42,1715.5480263157892
15758,25,1,205.25,205.25,0,2011-11-15 10:48:00,2011-11-15 10:48:00,United Kingdom,0,Recent/Emerging Customers,205.25,205.25
15759,219,3,253.04,84.34666666666665,140,2010-12-16 15:29:00,2011-05-05 15:13:00,United Kingdom,2,At-Risk/Dormant Customers,253.04,659.7114285714285
15762,66,2,583.75,291.875,12,2011-09-23 15:17:00,2011-10-05 16:15:00,United Kingdom,2,At-Risk/Dormant Customers,583.75,583.75
15763,32,2,1086.92,543.46,46,2011-09-23 12:10:00,2011-11-08 09:44:00,United Kingdom,1,Loyal Customers,1086.92,8624.47391304348
15764,89,6,3279.97,546.6616666666666,188,2011-03-08 09:23:00,2011-09-12 17:58:00,United Kingdom,1,Loyal Customers,3279.97,6368.0268617021275
15766,65,1,315.06,315.06,0,2011-10-06 17:03:00,2011-10-06 17:03:00,United Kingdom,2,At-Risk/Dormant Customers,315.06,315.06
15768,116,3,621.83,207.27666666666664,110,2011-04-28 09:20:00,2011-08-16 10:48:00,United Kingdom,1,Loyal Customers,621.83,2063.3450000000003
15769,8,26,56252.72,2163.5661538461536,364,2010-12-03 15:16:00,2011-12-02 13:52:00,United Kingdom,3,Champions,56252.72,56407.26043956044
15773,6,1,635.68,635.68,0,2011-12-04 12:48:00,2011-12-04 12:48:00,United Kingdom,0,Recent/Emerging Customers,635.68,635.68
15774,69,1,270.8,270.8,0,2011-10-02 12:04:00,2011-10-02 12:04:00,United Kingdom,2,At-Risk/Dormant Customers,270.8,270.8
15775,246,1,104.9,104.9,0,2011-04-08 12:56:00,2011-04-08 12:56:00,United Kingdom,2,At-Risk/Dormant Customers,104.9,104.9
15776,134,1,241.62,241.62,0,2011-07-29 13:46:00,2011-07-29 13:46:00,United Kingdom,2,At-Risk/Dormant Customers,241.62,241.62
15777,242,4,1047.11,261.7775,120,2010-12-13 16:38:00,2011-04-12 16:43:00,United Kingdom,1,Loyal Customers,1047.11,3184.959583333333
15780,184,3,475.28,158.42666666666665,174,2010-12-17 11:43:00,2011-06-09 12:01:00,United Kingdom,2,At-Risk/Dormant Customers,475.28,996.9954022988506
15781,26,3,345.46,115.15333333333332,280,2011-02-07 09:15:00,2011-11-14 14:57:00,United Kingdom,0,Recent/Emerging Customers,345.46,450.3317857142857
15782,10,3,2614.74,871.58,80,2011-09-11 14:29:00,2011-11-30 10:49:00,United Kingdom,1,Loyal Customers,2614.74,11929.75125
15783,11,1,246.3,246.3,0,2011-11-29 09:50:00,2011-11-29 09:50:00,United Kingdom,0,Recent/Emerging Customers,246.3,246.3
15785,33,5,2328.97,465.794,263,2011-02-17 14:17:00,2011-11-07 11:33:00,United Kingdom,1,Loyal Customers,2328.97,3232.2207224334597
15786,47,3,4919.0,1639.6666666666665,68,2011-08-17 13:33:00,2011-10-24 14:13:00,United Kingdom,1,Loyal Customers,4919.0,26403.45588235294
15787,27,3,933.26,311.08666666666664,35,2011-10-09 13:11:00,2011-11-13 14:55:00,United Kingdom,1,Loyal Customers,933.26,9732.568571428572
15789,359,1,351.3,351.3,0,2010-12-16 14:35:00,2010-12-16 14:35:00,United Kingdom,2,At-Risk/Dormant Customers,351.3,351.3
15790,11,1,218.75,218.75,0,2011-11-29 14:53:00,2011-11-29 14:53:00,United Kingdom,0,Recent/Emerging Customers,218.75,218.75
15791,44,2,1612.69,806.345,161,2011-05-19 15:15:00,2011-10-27 10:14:00,United Kingdom,1,Loyal Customers,1612.69,3656.0984472049695
15793,15,3,965.61,321.87,254,2011-03-16 10:45:00,2011-11-25 09:31:00,United Kingdom,0,Recent/Emerging Customers,965.61,1387.5891732283465
15795,150,1,610.01,610.01,0,2011-07-13 10:43:00,2011-07-13 10:43:00,United Kingdom,2,At-Risk/Dormant Customers,610.01,610.01
15796,2,8,2708.61,338.57625,301,2011-02-10 15:40:00,2011-12-08 19:55:00,United Kingdom,3,Champions,2708.61,3284.5270764119605
15797,114,4,2207.4,551.85,206,2011-01-24 15:47:00,2011-08-18 17:04:00,United Kingdom,1,Loyal Customers,2207.4,3911.1699029126216
15799,76,3,884.14,294.7133333333333,259,2011-01-09 15:13:00,2011-09-25 12:46:00,United Kingdom,1,Loyal Customers,884.14,1245.988803088803
15800,108,2,696.89,348.445,139,2011-04-07 12:39:00,2011-08-24 14:23:00,United Kingdom,2,At-Risk/Dormant Customers,696.89,1829.962949640288
15801,47,3,1063.95,354.65,63,2011-08-22 09:53:00,2011-10-24 13:52:00,United Kingdom,1,Loyal Customers,1063.95,6164.154761904762
15802,143,1,451.42,451.42,0,2011-07-20 11:38:00,2011-07-20 11:38:00,United Kingdom,2,At-Risk/Dormant Customers,451.42,451.42
15803,52,1,415.82,415.82,0,2011-10-19 14:56:00,2011-10-19 14:56:00,United Kingdom,0,Recent/Emerging Customers,415.82,415.82
15804,1,13,4206.39,323.5684615384616,198,2011-05-25 10:12:00,2011-12-09 12:31:00,United Kingdom,3,Champions,4206.39,7754.203787878789
15805,24,17,5488.18,322.8341176470588,341,2010-12-10 09:33:00,2011-11-16 16:32:00,United Kingdom,3,Champions,5488.18,5874.444868035191
15806,47,3,784.58,261.52666666666664,230,2011-03-08 09:24:00,2011-10-24 14:35:00,United Kingdom,1,Loyal Customers,784.58,1245.094347826087
15807,51,3,903.9,301.3,27,2011-09-23 14:43:00,2011-10-20 14:10:00,United Kingdom,1,Loyal Customers,903.9,903.9
15808,307,4,3651.27,912.8175,63,2010-12-05 13:05:00,2011-02-06 14:33:00,United Kingdom,1,Loyal Customers,3651.27,21154.183333333334
15809,37,5,515.77,103.154,266,2011-02-10 11:16:00,2011-11-03 16:40:00,United Kingdom,1,Loyal Customers,515.77,707.7295112781954
15810,79,4,1391.98,347.995,218,2011-02-16 09:11:00,2011-09-22 09:38:00,United Kingdom,1,Loyal Customers,1391.98,2330.6087155963305
15811,23,6,2218.62,369.77,343,2010-12-09 15:29:00,2011-11-17 15:31:00,United Kingdom,1,Loyal Customers,2218.62,2360.922157434402
15812,108,5,1801.14,360.228,210,2011-01-26 12:12:00,2011-08-24 14:19:00,United Kingdom,1,Loyal Customers,1801.14,3130.552857142857
15813,208,2,1303.91,651.955,32,2011-04-14 09:09:00,2011-05-16 08:13:00,United Kingdom,1,Loyal Customers,1303.91,14872.7234375
15814,17,4,1945.33,486.3325,34,2011-10-20 09:04:00,2011-11-23 08:17:00,United Kingdom,1,Loyal Customers,1945.33,20883.68970588235
15815,64,5,2100.6,420.12,196,2011-03-25 08:43:00,2011-10-07 12:42:00,United Kingdom,1,Loyal Customers,2100.6,3911.831632653061
15819,50,4,1905.45,476.3625,227,2011-03-08 09:45:00,2011-10-21 14:50:00,United Kingdom,1,Loyal Customers,1905.45,3063.8292951541853
15820,320,1,206.98,206.98,0,2011-01-24 12:00:00,2011-01-24 12:00:00,United Kingdom,2,At-Risk/Dormant Customers,206.98,206.98
15821,45,2,570.96,285.48,17,2011-10-09 13:28:00,2011-10-26 15:48:00,United Kingdom,0,Recent/Emerging Customers,570.96,570.96
15822,4,2,885.47,442.735,356,2010-12-15 13:38:00,2011-12-06 14:50:00,United Kingdom,0,Recent/Emerging Customers,885.47,907.8554775280899
15823,373,1,15.0,15.0,0,2010-12-02 15:08:00,2010-12-02 15:08:00,United Kingdom,2,At-Risk/Dormant Customers,15.0,15.0
15825,173,1,532.94,532.94,0,2011-06-20 13:27:00,2011-06-20 13:27:00,United Kingdom,2,At-Risk/Dormant Customers,532.94,532.94
15826,57,3,1654.31,551.4366666666666,154,2011-05-13 10:44:00,2011-10-14 16:05:00,United Kingdom,1,Loyal Customers,1654.31,3920.9295454545454
15827,74,14,1836.09,131.14928571428572,299,2010-12-02 13:06:00,2011-09-27 15:35:00,United Kingdom,1,Loyal Customers,1836.09,2241.380769230769
15829,100,2,636.14,318.07,41,2011-07-22 10:23:00,2011-09-01 16:45:00,United Kingdom,2,At-Risk/Dormant Customers,636.14,5663.19756097561
15830,38,1,576.0,576.0,0,2011-11-02 10:40:00,2011-11-02 10:40:00,United Kingdom,0,Recent/Emerging Customers,576.0,576.0
15831,59,3,794.64,264.88,266,2011-01-19 14:52:00,2011-10-12 13:14:00,United Kingdom,1,Loyal Customers,794.64,1090.3894736842105
15832,255,1,836.79,836.79,0,2011-03-30 15:29:00,2011-03-30 15:29:00,United Kingdom,2,At-Risk/Dormant Customers,836.79,836.79
15834,71,4,2225.15,556.2875,207,2011-03-07 17:52:00,2011-09-30 14:41:00,United Kingdom,1,Loyal Customers,2225.15,3923.5736714975847
15835,45,4,954.09,238.5225,286,2011-01-13 10:35:00,2011-10-26 15:47:00,United Kingdom,1,Loyal Customers,954.09,1217.6323426573426
15836,51,1,137.37,137.37,0,2011-10-20 17:13:00,2011-10-20 17:13:00,United Kingdom,2,At-Risk/Dormant Customers,137.37,137.37
15837,65,1,391.98,391.98,0,2011-10-06 09:01:00,2011-10-06 09:01:00,United Kingdom,2,At-Risk/Dormant Customers,391.98,391.98
15838,12,19,33643.08,1770.6884210526316,356,2010-12-07 11:26:00,2011-11-28 14:00:00,United Kingdom,3,Champions,33643.08,34493.60730337079
15839,34,3,1048.49,349.4966666666666,115,2011-07-14 16:35:00,2011-11-06 13:54:00,United Kingdom,1,Loyal Customers,1048.49,3327.8160869565218
15840,59,2,355.56,177.78,114,2011-06-20 11:42:00,2011-10-12 09:08:00,United Kingdom,2,At-Risk/Dormant Customers,355.56,1138.4157894736843
15841,73,4,1224.06,306.015,266,2011-01-05 11:25:00,2011-09-28 12:15:00,United Kingdom,1,Loyal Customers,1224.06,1679.6312030075187
15843,304,1,118.95,118.95,0,2011-02-09 10:19:00,2011-02-09 10:19:00,United Kingdom,2,At-Risk/Dormant Customers,118.95,118.95
15844,47,1,130.74,130.74,0,2011-10-24 15:19:00,2011-10-24 15:19:00,United Kingdom,2,At-Risk/Dormant Customers,130.74,130.74
15845,18,8,3711.77,463.97125,320,2011-01-06 17:19:00,2011-11-22 09:42:00,United Kingdom,3,Champions,3711.77,4233.73765625
15847,39,2,389.27,194.635,250,2011-02-24 16:46:00,2011-11-01 14:41:00,United Kingdom,0,Recent/Emerging Customers,389.27,568.3342
15850,20,2,234.88,117.44,149,2011-06-24 14:16:00,2011-11-20 14:14:00,United Kingdom,0,Recent/Emerging Customers,234.88,575.3771812080537
15852,187,2,160.71,80.355,11,2011-05-26 13:26:00,2011-06-06 11:22:00,United Kingdom,2,At-Risk/Dormant Customers,160.71,160.71
15853,52,1,110.8,110.8,0,2011-10-19 10:38:00,2011-10-19 10:38:00,United Kingdom,2,At-Risk/Dormant Customers,110.8,110.8
15854,5,12,2969.12,247.42666666666665,357,2010-12-13 11:47:00,2011-12-05 13:39:00,United Kingdom,3,Champions,2969.12,3035.654901960784
15855,137,5,712.24,142.448,127,2011-03-21 12:32:00,2011-07-26 10:20:00,United Kingdom,1,Loyal Customers,712.24,2046.9889763779527
15856,5,27,16143.64,597.9125925925925,361,2010-12-09 13:34:00,2011-12-05 17:09:00,United Kingdom,3,Champions,16143.64,16322.516897506923
15857,19,1,297.0,297.0,0,2011-11-21 12:18:00,2011-11-21 12:18:00,United Kingdom,0,Recent/Emerging Customers,297.0,297.0
15858,16,5,1427.57,285.514,352,2010-12-07 14:31:00,2011-11-24 12:48:00,United Kingdom,1,Loyal Customers,1427.57,1480.292755681818
15860,41,8,965.16,120.645,328,2010-12-06 11:38:00,2011-10-30 11:25:00,United Kingdom,1,Loyal Customers,965.16,1074.0347560975608
15861,13,8,3146.92,393.365,255,2011-03-17 20:12:00,2011-11-27 15:59:00,United Kingdom,3,Champions,3146.92,4504.414901960785
15862,9,4,832.88,208.22,365,2010-12-01 11:21:00,2011-12-01 13:28:00,United Kingdom,0,Recent/Emerging Customers,832.88,832.88
15863,26,2,68.84,34.42,167,2011-05-31 11:36:00,2011-11-14 12:49:00,United Kingdom,0,Recent/Emerging Customers,68.84,150.45868263473054
15864,23,6,1936.32,322.72,294,2011-01-27 16:43:00,2011-11-17 13:32:00,United Kingdom,1,Loyal Customers,1936.32,2403.9346938775507
15865,41,3,895.13,298.37666666666667,173,2011-05-10 11:44:00,2011-10-30 12:43:00,United Kingdom,1,Loyal Customers,895.13,1888.5690751445086
15866,102,1,211.89,211.89,0,2011-08-30 14:09:00,2011-08-30 14:09:00,United Kingdom,2,At-Risk/Dormant Customers,211.89,211.89
15867,6,15,3810.14,254.00933333333333,364,2010-12-05 14:17:00,2011-12-04 13:32:00,United Kingdom,3,Champions,3810.14,3820.6074175824174
15869,278,2,149.64,74.82,0,2011-03-07 17:19:00,2011-03-07 17:23:00,United Kingdom,2,At-Risk/Dormant Customers,149.64,149.64
15870,33,1,351.44,351.44,0,2011-11-07 10:58:00,2011-11-07 10:58:00,United Kingdom,0,Recent/Emerging Customers,351.44,351.44
15872,15,2,316.25,158.125,0,2011-11-25 11:54:00,2011-11-25 11:55:00,United Kingdom,0,Recent/Emerging Customers,316.25,316.25
15874,64,7,4405.88,629.4114285714286,221,2011-02-28 13:28:00,2011-10-07 12:31:00,United Kingdom,1,Loyal Customers,4405.88,7276.679638009049
15877,2,2,490.33,245.165,16,2011-11-22 11:18:00,2011-12-08 11:53:00,United Kingdom,0,Recent/Emerging Customers,490.33,490.33
15880,370,1,329.03,329.03,0,2010-12-05 13:00:00,2010-12-05 13:00:00,United Kingdom,2,At-Risk/Dormant Customers,329.03,329.03
15881,313,5,501.39,100.278,52,2010-12-10 13:32:00,2011-01-31 16:59:00,United Kingdom,2,At-Risk/Dormant Customers,501.39,3519.3721153846154
15882,199,4,516.36,129.09,170,2010-12-06 13:01:00,2011-05-25 11:35:00,United Kingdom,2,At-Risk/Dormant Customers,516.36,1108.6552941176471
15883,3,2,396.48,198.24,31,2011-11-06 14:50:00,2011-12-07 17:05:00,United Kingdom,0,Recent/Emerging Customers,396.48,4668.232258064516
15885,93,3,379.35,126.45,217,2011-02-03 15:28:00,2011-09-08 10:43:00,United Kingdom,2,At-Risk/Dormant Customers,379.35,638.0771889400921
15886,61,1,181.09,181.09,0,2011-10-10 14:25:00,2011-10-10 14:25:00,United Kingdom,2,At-Risk/Dormant Customers,181.09,181.09
15888,81,1,168.31,168.31,0,2011-09-20 12:30:00,2011-09-20 12:30:00,United Kingdom,2,At-Risk/Dormant Customers,168.31,168.31
15889,157,2,420.07,210.035,213,2010-12-05 15:12:00,2011-07-06 11:10:00,United Kingdom,2,At-Risk/Dormant Customers,420.07,719.8382629107981
15891,227,1,511.68,511.68,0,2011-04-27 12:35:00,2011-04-27 12:35:00,United Kingdom,2,At-Risk/Dormant Customers,511.68,511.68
15894,254,2,258.25,129.125,116,2010-12-05 14:06:00,2011-03-31 13:50:00,United Kingdom,2,At-Risk/Dormant Customers,258.25,812.5969827586207
15895,150,1,179.17,179.17,0,2011-07-13 10:27:00,2011-07-13 10:27:00,United Kingdom,2,At-Risk/Dormant Customers,179.17,179.17
15897,195,2,208.59,104.295,0,2011-05-29 13:32:00,2011-05-29 13:50:00,United Kingdom,2,At-Risk/Dormant Customers,208.59,208.59
15898,2,5,1383.83,276.766,367,2010-12-06 11:01:00,2011-12-08 15:23:00,United Kingdom,3,Champions,1383.83,1376.2886920980927
15899,369,1,56.25,56.25,0,2010-12-06 10:36:00,2010-12-06 10:36:00,United Kingdom,2,At-Risk/Dormant Customers,56.25,56.25
15900,24,1,337.28,337.28,0,2011-11-16 12:19:00,2011-11-16 12:19:00,United Kingdom,0,Recent/Emerging Customers,337.28,337.28
15901,17,3,351.73,117.24333333333333,138,2011-07-08 12:18:00,2011-11-23 12:43:00,United Kingdom,0,Recent/Emerging Customers,351.73,930.3003623188407
15903,10,7,5126.76,732.3942857142857,286,2011-02-17 14:04:00,2011-11-30 08:08:00,United Kingdom,3,Champions,5126.76,6542.8930069930075
15904,9,1,164.68,164.68,0,2011-12-01 14:50:00,2011-12-01 14:50:00,United Kingdom,0,Recent/Emerging Customers,164.68,164.68
15906,20,7,1567.69,223.9557142857143,236,2011-03-29 13:28:00,2011-11-20 12:24:00,United Kingdom,1,Loyal Customers,1567.69,2424.6052966101697
15907,4,3,882.72,294.24,207,2011-05-13 13:01:00,2011-12-06 12:21:00,United Kingdom,0,Recent/Emerging Customers,882.72,1556.4869565217393
15909,174,1,191.94,191.94,0,2011-06-19 10:38:00,2011-06-19 10:38:00,United Kingdom,2,At-Risk/Dormant Customers,191.94,191.94
15910,1,8,1228.88,153.61,316,2011-01-27 11:55:00,2011-12-09 10:51:00,United Kingdom,3,Champions,1228.88,1419.43417721519
15912,179,2,264.62,132.31,55,2011-04-20 17:10:00,2011-06-14 14:29:00,United Kingdom,2,At-Risk/Dormant Customers,264.62,1756.1145454545456
15916,17,8,1502.86,187.8575,350,2010-12-08 13:07:00,2011-11-23 13:46:00,United Kingdom,3,Champions,1502.86,1567.2682857142856
15917,248,1,123.1,123.1,0,2011-04-06 10:40:00,2011-04-06 10:40:00,United Kingdom,2,At-Risk/Dormant Customers,123.1,123.1
15918,191,2,334.23,167.115,81,2011-03-13 15:55:00,2011-06-02 11:42:00,United Kingdom,2,At-Risk/Dormant Customers,334.23,1506.098148148148
15919,20,2,525.69,262.845,349,2010-12-06 11:26:00,2011-11-20 11:28:00,United Kingdom,0,Recent/Emerging Customers,525.69,549.7904011461318
15920,155,4,167.5,41.875,0,2011-07-08 15:16:00,2011-07-08 15:31:00,United Kingdom,2,At-Risk/Dormant Customers,167.5,167.5
15921,173,1,323.03,323.03,0,2011-06-20 11:03:00,2011-06-20 11:03:00,United Kingdom,2,At-Risk/Dormant Customers,323.03,323.03
15922,374,1,369.5,369.5,0,2010-12-01 13:51:00,2010-12-01 13:51:00,United Kingdom,2,At-Risk/Dormant Customers,369.5,369.5
15923,373,1,127.08,127.08,0,2010-12-02 12:16:00,2010-12-02 12:16:00,United Kingdom,2,At-Risk/Dormant Customers,127.08,127.08
15925,195,1,207.15,207.15,0,2011-05-29 15:35:00,2011-05-29 15:35:00,United Kingdom,2,At-Risk/Dormant Customers,207.15,207.15
15930,68,1,426.63,426.63,0,2011-10-03 14:52:00,2011-10-03 14:52:00,United Kingdom,2,At-Risk/Dormant Customers,426.63,426.63
15932,5,8,2495.87,311.98375,285,2011-02-23 14:50:00,2011-12-05 17:13:00,United Kingdom,3,Champions,2495.87,3196.465087719298
15933,22,3,1107.46,369.1533333333333,65,2011-09-14 12:05:00,2011-11-18 13:14:00,United Kingdom,1,Loyal Customers,1107.46,6218.813846153846
15935,240,2,416.86,208.43,2,2011-04-12 09:35:00,2011-04-14 13:27:00,United Kingdom,2,At-Risk/Dormant Customers,416.86,416.86
15937,65,1,145.35,145.35,0,2011-10-06 15:48:00,2011-10-06 15:48:00,United Kingdom,2,At-Risk/Dormant Customers,145.35,145.35
15938,113,5,404.58,80.916,211,2011-01-20 10:11:00,2011-08-19 12:56:00,United Kingdom,1,Loyal Customers,404.58,699.8658767772512
15939,90,15,6115.01,407.66733333333326,242,2011-01-12 12:43:00,2011-09-11 11:30:00,United Kingdom,3,Champions,6115.01,9223.052272727273
15940,312,1,35.8,35.8,0,2011-02-01 16:18:00,2011-02-01 16:18:00,United Kingdom,2,At-Risk/Dormant Customers,35.8,35.8
15942,134,1,337.44,337.44,0,2011-07-29 09:01:00,2011-07-29 09:01:00,United Kingdom,2,At-Risk/Dormant Customers,337.44,337.44
15944,277,1,325.1,325.1,0,2011-03-08 10:33:00,2011-03-08 10:33:00,United Kingdom,2,At-Risk/Dormant Customers,325.1,325.1
15945,366,1,181.0,181.0,0,2010-12-09 13:14:00,2010-12-09 13:14:00,United Kingdom,2,At-Risk/Dormant Customers,181.0,181.0
15947,83,1,1708.24,1708.24,0,2011-09-18 10:46:00,2011-09-18 10:46:00,United Kingdom,1,Loyal Customers,1708.24,1708.24
15948,9,2,955.24,477.62,35,2011-10-27 08:35:00,2011-12-01 15:32:00,United Kingdom,0,Recent/Emerging Customers,955.24,9961.788571428571
15949,17,2,364.72,182.36,55,2011-09-29 17:34:00,2011-11-23 09:09:00,United Kingdom,0,Recent/Emerging Customers,364.72,2420.4145454545455
15950,32,4,1744.71,436.1775,328,2010-12-15 11:56:00,2011-11-08 11:09:00,United Kingdom,1,Loyal Customers,1744.71,1941.5217987804879
15951,9,2,708.22,354.11,277,2011-02-27 11:57:00,2011-12-01 08:34:00,United Kingdom,0,Recent/Emerging Customers,708.22,933.2140794223827
15952,34,4,781.91,195.4775,192,2011-04-28 12:55:00,2011-11-06 11:18:00,United Kingdom,1,Loyal Customers,781.91,1486.4434895833333
15953,16,8,1657.28,207.16,354,2010-12-05 15:15:00,2011-11-24 15:32:00,United Kingdom,3,Champions,1657.28,1708.7774011299434
15955,25,14,4416.26,315.44714285714286,348,2010-12-02 11:22:00,2011-11-15 14:15:00,United Kingdom,3,Champions,4416.26,4631.996839080461
15957,32,1,428.89,428.89,0,2011-11-08 12:14:00,2011-11-08 12:14:00,United Kingdom,0,Recent/Emerging Customers,428.89,428.89
15958,75,1,104.35,104.35,0,2011-09-26 13:41:00,2011-09-26 13:41:00,United Kingdom,2,At-Risk/Dormant Customers,104.35,104.35
15963,20,2,470.76,235.38,26,2011-10-25 13:05:00,2011-11-20 11:33:00,United Kingdom,0,Recent/Emerging Customers,470.76,470.76
15965,18,4,808.87,202.2175,350,2010-12-07 13:18:00,2011-11-22 16:44:00,United Kingdom,1,Loyal Customers,808.87,843.5358571428573
15967,24,2,397.68,198.84,295,2011-01-25 11:57:00,2011-11-16 15:41:00,United Kingdom,0,Recent/Emerging Customers,397.68,492.0447457627119
15969,3,3,666.1,222.03333333333333,183,2011-06-07 12:19:00,2011-12-07 11:06:00,United Kingdom,0,Recent/Emerging Customers,666.1,1328.5601092896175
15970,304,1,314.1,314.1,0,2011-02-09 12:08:00,2011-02-09 12:08:00,United Kingdom,2,At-Risk/Dormant Customers,314.1,314.1
15971,18,12,4199.85,349.9875,294,2011-02-01 16:47:00,2011-11-22 12:50:00,United Kingdom,3,Champions,4199.85,5214.099489795919
15973,367,1,307.82,307.82,0,2010-12-08 11:42:00,2010-12-08 11:42:00,United Kingdom,2,At-Risk/Dormant Customers,307.82,307.82
15974,40,7,3442.15,491.7357142857143,249,2011-02-24 10:10:00,2011-10-31 13:13:00,United Kingdom,1,Loyal Customers,3442.15,5045.721887550201
15975,85,1,371.01,371.01,0,2011-09-16 13:33:00,2011-09-16 13:33:00,United Kingdom,2,At-Risk/Dormant Customers,371.01,371.01
15976,166,2,427.64,213.82,55,2011-05-03 17:12:00,2011-06-27 13:00:00,United Kingdom,2,At-Risk/Dormant Customers,427.64,2837.9745454545455
15977,18,2,1054.73,527.365,22,2011-10-31 16:24:00,2011-11-22 13:29:00,United Kingdom,0,Recent/Emerging Customers,1054.73,1054.73
15978,78,1,1098.78,1098.78,0,2011-09-23 15:21:00,2011-09-23 15:21:00,United Kingdom,2,At-Risk/Dormant Customers,1098.78,1098.78
15980,89,3,2398.86,799.62,166,2011-03-30 15:05:00,2011-09-12 09:41:00,United Kingdom,1,Loyal Customers,2398.86,5274.601807228915
15981,25,8,3408.48,426.06,287,2011-02-01 13:50:00,2011-11-15 08:00:00,United Kingdom,3,Champions,3408.48,4334.826480836237
15983,23,4,1465.12,366.28,351,2010-12-01 12:15:00,2011-11-17 17:34:00,United Kingdom,1,Loyal Customers,1465.12,1523.5578347578346
15984,3,10,2780.63,278.063,366,2010-12-06 13:21:00,2011-12-07 12:16:00,United Kingdom,3,Champions,2780.63,2773.032650273224
15985,124,2,1142.42,571.21,113,2011-04-17 11:04:00,2011-08-08 16:31:00,United Kingdom,1,Loyal Customers,1142.42,3690.117699115044
15986,31,1,168.12,168.12,0,2011-11-09 15:17:00,2011-11-09 15:17:00,United Kingdom,0,Recent/Emerging Customers,168.12,168.12
15987,13,7,1432.77,204.68142857142857,356,2010-12-06 08:34:00,2011-11-27 15:38:00,United Kingdom,3,Champions,1432.77,1468.991713483146
15988,20,1,156.78,156.78,0,2011-11-20 13:23:00,2011-11-20 13:23:00,United Kingdom,0,Recent/Emerging Customers,156.78,156.78
15990,45,2,792.11,396.055,243,2011-02-25 15:35:00,2011-10-26 15:58:00,United Kingdom,1,Loyal Customers,792.11,1189.794855967078
15992,4,1,41.99,41.99,0,2011-12-06 11:00:00,2011-12-06 11:00:00,United Kingdom,0,Recent/Emerging Customers,41.99,41.99
15993,9,7,2777.67,396.81,36,2011-10-26 16:21:00,2011-12-01 10:45:00,United Kingdom,3,Champions,2777.67,28162.487500000003
15994,55,1,414.27,414.27,0,2011-10-16 12:28:00,2011-10-16 12:28:00,United Kingdom,2,At-Risk/Dormant Customers,414.27,414.27
15996,89,6,1032.58,172.09666666666666,278,2010-12-08 15:59:00,2011-09-12 15:14:00,United Kingdom,1,Loyal Customers,1032.58,1355.7255395683453
15998,37,5,3080.22,616.044,326,2010-12-12 13:32:00,2011-11-03 12:45:00,United Kingdom,1,Loyal Customers,3080.22,3448.7125766871163
16000,3,3,12393.7,4131.233333333333,0,2011-12-07 12:14:00,2011-12-07 12:17:00,United Kingdom,3,Champions,12393.7,12393.7
16003,30,5,2735.37,547.074,330,2010-12-15 12:09:00,2011-11-10 09:57:00,United Kingdom,1,Loyal Customers,2735.37,3025.4849999999997
16005,13,4,578.71,144.6775,258,2011-03-14 11:46:00,2011-11-27 13:47:00,United Kingdom,0,Recent/Emerging Customers,578.71,818.7176356589148
16006,212,1,101.4,101.4,0,2011-05-12 13:12:00,2011-05-12 13:12:00,United Kingdom,2,At-Risk/Dormant Customers,101.4,101.4
16007,48,4,1693.81,423.4525,168,2011-05-08 13:32:00,2011-10-23 11:05:00,United Kingdom,1,Loyal Customers,1693.81,3680.0038690476185
16008,24,3,478.78,159.59333333333333,181,2011-05-19 10:54:00,2011-11-16 10:32:00,United Kingdom,0,Recent/Emerging Customers,478.78,965.4955801104973
16009,23,4,972.11,243.0275,137,2011-07-03 11:26:00,2011-11-17 16:51:00,United Kingdom,1,Loyal Customers,972.11,2589.9281021897814
16010,246,3,392.4,130.8,117,2010-12-12 12:18:00,2011-04-08 10:14:00,United Kingdom,2,At-Risk/Dormant Customers,392.4,1224.1538461538462
16011,9,16,3352.96,209.56,358,2010-12-08 16:34:00,2011-12-01 16:31:00,United Kingdom,3,Champions,3352.96,3418.5206703910612
16012,36,3,1415.29,471.76333333333326,120,2011-07-07 18:02:00,2011-11-04 13:25:00,United Kingdom,1,Loyal Customers,1415.29,4304.840416666666
16013,4,47,37130.6,790.0127659574467,368,2010-12-03 13:09:00,2011-12-06 10:36:00,United Kingdom,3,Champions,37130.6,36827.904891304344
16014,38,3,646.83,215.61,254,2011-02-21 17:42:00,2011-11-02 12:04:00,United Kingdom,1,Loyal Customers,646.83,929.4998031496062
16015,4,3,704.55,234.85,46,2011-10-21 12:56:00,2011-12-06 10:58:00,United Kingdom,0,Recent/Emerging Customers,704.55,5590.451086956521
16016,4,8,1465.51,183.18875,363,2010-12-08 12:36:00,2011-12-06 14:35:00,United Kingdom,3,Champions,1465.51,1473.584435261708
16017,48,1,211.88,211.88,0,2011-10-23 12:56:00,2011-10-23 12:56:00,United Kingdom,2,At-Risk/Dormant Customers,211.88,211.88
16018,40,2,408.9,204.45,141,2011-06-12 13:52:00,2011-10-31 14:13:00,United Kingdom,0,Recent/Emerging Customers,408.9,1058.5
16019,47,9,3786.24,420.69333333333327,318,2010-12-10 12:29:00,2011-10-24 11:51:00,United Kingdom,1,Loyal Customers,3786.24,4345.8415094339625
16020,17,3,851.01,283.67,49,2011-10-05 13:54:00,2011-11-23 11:18:00,United Kingdom,0,Recent/Emerging Customers,851.01,6339.15612244898
16022,261,1,602.63,602.63,0,2011-03-24 13:16:00,2011-03-24 13:16:00,United Kingdom,2,At-Risk/Dormant Customers,602.63,602.63
16023,47,3,719.81,239.93666666666664,220,2011-03-18 13:32:00,2011-10-24 16:34:00,United Kingdom,1,Loyal Customers,719.81,1194.2302272727272
16024,13,1,251.03,251.03,0,2011-11-27 13:26:00,2011-11-27 13:26:00,United Kingdom,0,Recent/Emerging Customers,251.03,251.03
16025,30,1,439.66,439.66,0,2011-11-10 11:45:00,2011-11-10 11:45:00,United Kingdom,0,Recent/Emerging Customers,439.66,439.66
16026,44,1,236.09,236.09,0,2011-10-27 13:53:00,2011-10-27 13:53:00,United Kingdom,0,Recent/Emerging Customers,236.09,236.09
16027,92,6,934.62,155.77,211,2011-02-10 12:19:00,2011-09-09 10:47:00,United Kingdom,1,Loyal Customers,934.62,1616.7597156398103
16029,39,63,80850.84,1283.3466666666666,335,2010-12-01 09:57:00,2011-11-01 10:27:00,United Kingdom,3,Champions,80850.84,88091.21373134328
16030,310,1,331.24,331.24,0,2011-02-03 11:28:00,2011-02-03 11:28:00,United Kingdom,2,At-Risk/Dormant Customers,331.24,331.24
16031,93,2,547.9,273.95,155,2011-04-06 14:23:00,2011-09-08 13:07:00,United Kingdom,2,At-Risk/Dormant Customers,547.9,1290.216129032258
16033,6,20,8778.82,438.941,364,2010-12-05 10:36:00,2011-12-04 12:44:00,United Kingdom,3,Champions,8778.82,8802.937637362636
16034,197,3,437.7,145.9,136,2011-01-11 11:54:00,2011-05-27 16:17:00,United Kingdom,2,At-Risk/Dormant Customers,437.7,1174.7095588235293
16036,88,2,758.92,379.46,176,2011-03-21 13:01:00,2011-09-13 14:53:00,United Kingdom,1,Loyal Customers,758.92,1573.8965909090907
16037,270,3,855.02,285.00666666666666,89,2010-12-16 10:18:00,2011-03-15 09:13:00,United Kingdom,2,At-Risk/Dormant Customers,855.02,3506.542696629213
16038,8,3,471.78,157.26,194,2011-05-22 11:29:00,2011-12-02 12:40:00,United Kingdom,0,Recent/Emerging Customers,471.78,887.6273195876288
16040,66,3,1313.55,437.85,203,2011-03-16 09:58:00,2011-10-05 13:47:00,United Kingdom,1,Loyal Customers,1313.55,2361.8017241379307
16041,31,3,3166.4,1055.4666666666667,111,2011-07-21 16:27:00,2011-11-09 12:25:00,United Kingdom,1,Loyal Customers,3166.4,10412.036036036037
16042,23,5,1177.47,235.494,310,2011-01-11 13:25:00,2011-11-17 17:50:00,United Kingdom,1,Loyal Customers,1177.47,1386.3759677419355
16043,38,4,773.99,193.4975,280,2011-01-26 11:14:00,2011-11-02 12:50:00,United Kingdom,1,Loyal Customers,773.99,1008.9512500000001
16045,120,4,1340.7,335.175,171,2011-02-22 14:55:00,2011-08-12 12:41:00,United Kingdom,1,Loyal Customers,1340.7,2861.7280701754385
16048,374,2,256.44,128.22,0,2010-12-01 15:27:00,2010-12-01 15:28:00,United Kingdom,2,At-Risk/Dormant Customers,256.44,256.44
16049,41,3,1074.81,358.27,35,2011-09-25 14:33:00,2011-10-30 13:19:00,United Kingdom,1,Loyal Customers,1074.81,11208.732857142857
16050,174,1,137.9,137.9,0,2011-06-19 11:44:00,2011-06-19 11:44:00,United Kingdom,2,At-Risk/Dormant Customers,137.9,137.9
16052,55,1,362.06,362.06,0,2011-10-16 15:13:00,2011-10-16 15:13:00,United Kingdom,2,At-Risk/Dormant Customers,362.06,362.06
16053,33,2,1511.95,755.975,90,2011-08-09 14:57:00,2011-11-07 11:21:00,United Kingdom,1,Loyal Customers,1511.95,6131.797222222222
16054,146,1,783.9,783.9,0,2011-07-17 13:08:00,2011-07-17 13:08:00,United Kingdom,2,At-Risk/Dormant Customers,783.9,783.9
16055,221,1,134.8,134.8,0,2011-05-03 09:26:00,2011-05-03 09:26:00,United Kingdom,2,At-Risk/Dormant Customers,134.8,134.8
16056,46,1,650.75,650.75,0,2011-10-25 15:19:00,2011-10-25 15:19:00,United Kingdom,0,Recent/Emerging Customers,650.75,650.75
16057,17,7,2263.12,323.30285714285714,268,2011-02-28 10:35:00,2011-11-23 15:23:00,United Kingdom,3,Champions,2263.12,3082.2343283582086
16059,66,6,1453.16,242.19333333333333,302,2010-12-07 10:36:00,2011-10-05 09:56:00,United Kingdom,1,Loyal Customers,1453.16,1756.3026490066227
16062,10,4,1153.62,288.405,355,2010-12-10 12:00:00,2011-11-30 12:15:00,United Kingdom,1,Loyal Customers,1153.62,1186.116338028169
16063,261,1,335.32,335.32,0,2011-03-24 14:55:00,2011-03-24 14:56:00,United Kingdom,2,At-Risk/Dormant Customers,335.32,335.32
16065,366,1,367.14,367.14,0,2010-12-09 13:03:00,2010-12-09 13:03:00,United Kingdom,2,At-Risk/Dormant Customers,367.14,367.14
16066,17,5,1521.04,304.208,108,2011-08-07 14:33:00,2011-11-23 11:54:00,United Kingdom,1,Loyal Customers,1521.04,5140.551851851852
16070,23,2,852.15,426.075,10,2011-11-07 16:36:00,2011-11-17 15:50:00,United Kingdom,0,Recent/Emerging Customers,852.15,852.15
16071,45,1,326.24,326.24,0,2011-10-26 11:14:00,2011-10-26 11:14:00,United Kingdom,0,Recent/Emerging Customers,326.24,326.24
16072,289,1,584.32,584.32,0,2011-02-24 14:32:00,2011-02-24 14:32:00,United Kingdom,2,At-Risk/Dormant Customers,584.32,584.32
16073,298,1,122.4,122.4,0,2011-02-15 15:41:00,2011-02-15 15:41:00,United Kingdom,2,At-Risk/Dormant Customers,122.4,122.4
16076,4,10,2234.73,223.473,205,2011-05-15 12:31:00,2011-12-06 14:59:00,United Kingdom,3,Champions,2234.73,3978.9095121951223
16078,284,1,79.2,79.2,0,2011-03-01 09:47:00,2011-03-01 09:47:00,United Kingdom,2,At-Risk/Dormant Customers,79.2,79.2
16079,17,3,1352.0,450.66666666666663,24,2011-10-30 13:06:00,2011-11-23 12:48:00,United Kingdom,1,Loyal Customers,1352.0,1352.0
16080,82,2,217.16,108.58,193,2011-03-10 14:44:00,2011-09-19 10:42:00,United Kingdom,2,At-Risk/Dormant Customers,217.16,410.6911917098446
16081,57,5,2799.42,559.884,310,2010-12-08 11:16:00,2011-10-14 13:06:00,United Kingdom,1,Loyal Customers,2799.42,3296.091290322581
16083,101,2,1317.62,658.81,260,2010-12-14 11:51:00,2011-08-31 10:47:00,United Kingdom,1,Loyal Customers,1317.62,1849.735769230769
16084,300,1,436.18,436.18,0,2011-02-13 16:05:00,2011-02-13 16:05:00,United Kingdom,2,At-Risk/Dormant Customers,436.18,436.18
16085,24,5,981.51,196.302,297,2011-01-23 12:07:00,2011-11-16 13:24:00,United Kingdom,1,Loyal Customers,981.51,1206.2328282828285
16086,60,5,1121.39,224.278,308,2010-12-07 13:45:00,2011-10-11 13:09:00,United Kingdom,1,Loyal Customers,1121.39,1328.9199675324678
16091,155,2,315.06,157.53,44,2011-05-25 09:18:00,2011-07-08 08:45:00,United Kingdom,2,At-Risk/Dormant Customers,315.06,2613.565909090909
16092,115,3,817.86,272.62,140,2011-03-30 15:38:00,2011-08-17 10:46:00,United Kingdom,1,Loyal Customers,817.86,2132.277857142857
16093,107,1,17.0,17.0,0,2011-08-25 11:09:00,2011-08-25 11:09:00,United Kingdom,2,At-Risk/Dormant Customers,17.0,17.0
16094,12,4,1078.23,269.5575,208,2011-05-04 13:57:00,2011-11-28 12:45:00,United Kingdom,1,Loyal Customers,1078.23,1892.0862980769232
16096,265,1,320.62,320.62,0,2011-03-20 13:38:00,2011-03-20 13:38:00,United Kingdom,2,At-Risk/Dormant Customers,320.62,320.62
16097,241,1,185.05,185.05,0,2011-04-13 13:47:00,2011-04-13 13:47:00,United Kingdom,2,At-Risk/Dormant Customers,185.05,185.05
16098,88,7,2005.63,286.5185714285714,286,2010-12-01 09:45:00,2011-09-13 09:59:00,United Kingdom,1,Loyal Customers,2005.63,2559.6326923076927
16099,51,3,731.9,243.96666666666664,175,2011-04-28 08:34:00,2011-10-20 13:13:00,United Kingdom,1,Loyal Customers,731.9,1526.5342857142857
16101,71,1,1290.7,1290.7,0,2011-09-30 10:18:00,2011-09-30 10:18:00,United Kingdom,1,Loyal Customers,1290.7,1290.7
16102,43,3,1842.14,614.0466666666666,86,2011-08-03 12:50:00,2011-10-28 13:19:00,United Kingdom,1,Loyal Customers,1842.14,7818.384883720932
16103,8,6,1429.64,238.2733333333333,226,2011-04-20 12:28:00,2011-12-02 14:16:00,United Kingdom,3,Champions,1429.64,2308.9318584070797
16104,62,1,298.21,298.21,0,2011-10-09 10:23:00,2011-10-09 10:23:00,United Kingdom,2,At-Risk/Dormant Customers,298.21,298.21
16105,249,1,336.96,336.96,0,2011-04-05 10:13:00,2011-04-05 10:13:00,United Kingdom,2,At-Risk/Dormant Customers,336.96,336.96
16106,66,1,108.38,108.38,0,2011-10-05 10:37:00,2011-10-05 10:37:00,United Kingdom,2,At-Risk/Dormant Customers,108.38,108.38
16107,18,7,3204.16,457.7371428571429,166,2011-06-09 18:42:00,2011-11-22 09:40:00,United Kingdom,3,Champions,3204.16,7045.291566265059
16108,85,1,842.5,842.5,0,2011-09-16 11:48:00,2011-09-16 11:48:00,United Kingdom,2,At-Risk/Dormant Customers,842.5,842.5
16109,219,2,611.88,305.94,90,2011-02-04 12:37:00,2011-05-05 09:17:00,United Kingdom,2,At-Risk/Dormant Customers,611.88,2481.5133333333333
16110,46,3,1320.95,440.31666666666666,266,2011-02-01 14:01:00,2011-10-25 14:35:00,United Kingdom,1,Loyal Customers,1320.95,1812.5817669172932
16112,144,4,195.74,48.935,195,2011-01-05 11:47:00,2011-07-19 14:28:00,United Kingdom,2,At-Risk/Dormant Customers,195.74,366.38512820512824
16113,184,1,161.38,161.38,0,2011-06-09 16:16:00,2011-06-09 16:16:00,United Kingdom,2,At-Risk/Dormant Customers,161.38,161.38
16114,171,1,135.75,135.75,0,2011-06-22 10:13:00,2011-06-22 10:13:00,United Kingdom,2,At-Risk/Dormant Customers,135.75,135.75
16115,10,8,1660.88,207.61,283,2011-02-20 12:14:00,2011-11-30 11:32:00,United Kingdom,3,Champions,1660.88,2142.124381625442
16116,212,1,612.78,612.78,0,2011-05-12 12:01:00,2011-05-12 12:01:00,United Kingdom,2,At-Risk/Dormant Customers,612.78,612.78
16117,190,1,232.21,232.21,0,2011-06-03 11:42:00,2011-06-03 11:42:00,United Kingdom,2,At-Risk/Dormant Customers,232.21,232.21
16119,9,2,423.36,211.68,64,2011-09-28 10:15:00,2011-12-01 15:11:00,United Kingdom,0,Recent/Emerging Customers,423.36,2414.475
16120,60,4,1309.14,327.285,0,2011-10-11 14:10:00,2011-10-11 14:22:00,United Kingdom,1,Loyal Customers,1309.14,1309.14
16121,58,2,854.66,427.33,158,2011-05-08 11:52:00,2011-10-13 12:59:00,United Kingdom,1,Loyal Customers,854.66,1974.3727848101264
16122,74,4,684.42,171.105,293,2010-12-08 11:41:00,2011-09-27 15:34:00,United Kingdom,1,Loyal Customers,684.42,852.6051194539249
16123,52,1,307.78,307.78,0,2011-10-19 09:18:00,2011-10-19 09:18:00,United Kingdom,2,At-Risk/Dormant Customers,307.78,307.78
16124,318,1,249.0,249.0,0,2011-01-26 14:45:00,2011-01-26 14:45:00,United Kingdom,2,At-Risk/Dormant Customers,249.0,249.0
16125,368,1,289.35,289.35,0,2010-12-07 15:48:00,2010-12-07 15:48:00,United Kingdom,2,At-Risk/Dormant Customers,289.35,289.35
16126,30,4,6287.77,1571.9425,267,2011-02-16 11:18:00,2011-11-10 16:03:00,United Kingdom,1,Loyal Customers,6287.77,8595.64063670412
16127,40,1,656.25,656.25,0,2011-10-31 13:58:00,2011-10-31 13:58:00,United Kingdom,0,Recent/Emerging Customers,656.25,656.25
16128,18,5,1880.22,376.044,265,2011-03-02 12:21:00,2011-11-22 11:14:00,United Kingdom,1,Loyal Customers,1880.22,2589.7369811320755
16131,52,6,3506.54,584.4233333333333,188,2011-04-14 08:32:00,2011-10-19 11:53:00,United Kingdom,1,Loyal Customers,3506.54,6807.9101063829785
16133,4,33,14589.04,442.0921212121212,315,2011-01-25 15:55:00,2011-12-06 11:24:00,United Kingdom,3,Champions,14589.04,16904.760634920636
16134,22,2,618.09,309.045,338,2010-12-15 14:00:00,2011-11-18 10:05:00,United Kingdom,0,Recent/Emerging Customers,618.09,667.464053254438
16135,263,1,517.55,517.55,0,2011-03-22 12:30:00,2011-03-22 12:30:00,United Kingdom,2,At-Risk/Dormant Customers,517.55,517.55
16136,60,3,709.38,236.46,218,2011-03-07 09:52:00,2011-10-11 09:10:00,United Kingdom,1,Loyal Customers,709.38,1187.7233944954128
16139,19,3,635.41,211.8033333333333,188,2011-05-17 10:23:00,2011-11-21 08:37:00,United Kingdom,0,Recent/Emerging Customers,635.41,1233.6417553191488
16140,66,2,725.18,362.59,306,2010-12-03 14:40:00,2011-10-05 12:15:00,United Kingdom,1,Loyal Customers,725.18,865.0022875816993
16141,89,1,620.4,620.4,0,2011-09-12 13:11:00,2011-09-12 13:11:00,United Kingdom,2,At-Risk/Dormant Customers,620.4,620.4
16142,250,1,535.34,535.34,0,2011-04-04 10:16:00,2011-04-04 10:16:00,United Kingdom,2,At-Risk/Dormant Customers,535.34,535.34
16143,4,6,2424.94,404.15666666666664,366,2010-12-05 15:18:00,2011-12-06 14:13:00,United Kingdom,3,Champions,2424.94,2418.314480874317
16144,247,1,175.2,175.2,0,2011-04-07 10:09:00,2011-04-07 10:09:00,United Kingdom,2,At-Risk/Dormant Customers,175.2,175.2
16145,9,11,3799.49,345.4081818181818,351,2010-12-15 09:09:00,2011-12-01 10:33:00,United Kingdom,3,Champions,3799.49,3951.0366096866096
16146,158,3,734.13,244.71,75,2011-04-21 15:25:00,2011-07-05 14:20:00,United Kingdom,1,Loyal Customers,734.13,3572.7659999999996
16147,134,1,375.0,375.0,0,2011-07-29 09:57:00,2011-07-29 09:57:00,United Kingdom,2,At-Risk/Dormant Customers,375.0,375.0
16148,297,1,76.32,76.32,0,2011-02-16 14:01:00,2011-02-16 14:01:00,United Kingdom,2,At-Risk/Dormant Customers,76.32,76.32
16149,5,2,280.52,140.26,138,2011-07-20 14:54:00,2011-12-05 11:29:00,United Kingdom,0,Recent/Emerging Customers,280.52,741.9550724637681
16150,43,5,2053.02,410.604,330,2010-12-02 18:27:00,2011-10-28 12:39:00,United Kingdom,1,Loyal Customers,2053.02,2270.7645454545454
16152,269,1,1829.04,1829.04,0,2011-03-16 09:47:00,2011-03-16 09:47:00,United Kingdom,2,At-Risk/Dormant Customers,1829.04,1829.04
16153,50,5,1824.23,364.846,305,2010-12-20 09:22:00,2011-10-21 10:50:00,United Kingdom,1,Loyal Customers,1824.23,2183.094918032787
16156,9,9,3092.04,343.56,302,2011-02-02 12:02:00,2011-12-01 12:42:00,United Kingdom,3,Champions,3092.04,3737.06821192053
16157,16,3,656.69,218.89666666666665,57,2011-09-28 11:48:00,2011-11-24 11:41:00,United Kingdom,0,Recent/Emerging Customers,656.69,4205.120175438597
16159,282,1,348.2,348.2,0,2011-03-03 12:27:00,2011-03-03 12:27:00,United Kingdom,2,At-Risk/Dormant Customers,348.2,348.2
16160,66,2,1025.44,512.72,20,2011-09-15 10:53:00,2011-10-05 14:19:00,United Kingdom,1,Loyal Customers,1025.44,1025.44
16161,2,19,5533.67,291.2457894736842,367,2010-12-06 10:03:00,2011-12-08 12:10:00,United Kingdom,3,Champions,5533.67,5503.513760217984
16162,253,1,37.4,37.4,0,2011-04-01 15:03:00,2011-04-01 15:03:00,United Kingdom,2,At-Risk/Dormant Customers,37.4,37.4
16163,233,2,856.6,428.3,133,2010-12-09 16:28:00,2011-04-21 15:15:00,United Kingdom,2,At-Risk/Dormant Customers,856.6,2350.8195488721803
16164,18,3,822.48,274.16,25,2011-10-28 09:12:00,2011-11-22 15:04:00,United Kingdom,0,Recent/Emerging Customers,822.48,822.48
16168,11,27,3787.6,140.28148148148148,359,2010-12-05 11:38:00,2011-11-29 12:45:00,United Kingdom,3,Champions,3787.6,3850.9025069637883
16169,9,4,1822.97,455.7425,67,2011-09-25 11:33:00,2011-12-01 15:28:00,United Kingdom,1,Loyal Customers,1822.97,9931.105223880597
16170,51,6,1885.05,314.175,198,2011-04-05 13:42:00,2011-10-20 08:21:00,United Kingdom,1,Loyal Customers,1885.05,3474.965909090909
16171,60,1,73.2,73.2,0,2011-10-11 14:51:00,2011-10-11 14:51:00,United Kingdom,2,At-Risk/Dormant Customers,73.2,73.2
16172,96,5,1140.21,228.042,146,2011-04-12 12:02:00,2011-09-05 13:22:00,United Kingdom,1,Loyal Customers,1140.21,2850.525
16173,16,6,1418.32,236.38666666666663,83,2011-09-02 15:23:00,2011-11-24 10:53:00,United Kingdom,1,Loyal Customers,1418.32,6237.190361445782
16174,127,3,1009.55,336.51666666666665,25,2011-07-11 09:23:00,2011-08-05 13:26:00,United Kingdom,1,Loyal Customers,1009.55,1009.55
16175,95,4,1037.59,259.3975,146,2011-04-13 14:38:00,2011-09-06 14:32:00,United Kingdom,1,Loyal Customers,1037.59,2593.975
16177,51,1,331.95,331.95,0,2011-10-20 12:57:00,2011-10-20 12:57:00,United Kingdom,2,At-Risk/Dormant Customers,331.95,331.95
16178,139,1,197.9,197.9,0,2011-07-24 16:05:00,2011-07-24 16:05:00,United Kingdom,2,At-Risk/Dormant Customers,197.9,197.9
16179,61,1,215.83,215.83,0,2011-10-10 09:41:00,2011-10-10 09:41:00,United Kingdom,2,At-Risk/Dormant Customers,215.83,215.83
16180,101,8,10254.18,1281.7725,152,2011-04-01 10:23:00,2011-08-31 16:28:00,United Kingdom,1,Loyal Customers,10254.18,24623.524342105262
16181,74,1,305.54,305.54,0,2011-09-27 13:38:00,2011-09-27 13:38:00,United Kingdom,2,At-Risk/Dormant Customers,305.54,305.54
16182,73,4,6617.65,1654.4125,222,2011-02-18 10:11:00,2011-09-28 13:23:00,United Kingdom,1,Loyal Customers,6617.65,10880.370495495496
16183,68,1,338.71,338.71,0,2011-10-03 14:59:00,2011-10-03 14:59:00,United Kingdom,2,At-Risk/Dormant Customers,338.71,338.71
16184,65,6,1158.79,193.13166666666663,147,2011-05-12 13:33:00,2011-10-06 17:43:00,United Kingdom,1,Loyal Customers,1158.79,2877.2676870748296
16185,17,2,529.41,264.705,216,2011-04-21 11:59:00,2011-11-23 09:41:00,United Kingdom,0,Recent/Emerging Customers,529.41,894.6048611111111
16186,23,12,4006.94,333.91166666666663,350,2010-12-02 14:40:00,2011-11-17 12:43:00,United Kingdom,3,Champions,4006.94,4178.666
16187,32,15,6911.44,460.76266666666663,253,2011-02-28 13:34:00,2011-11-08 09:50:00,United Kingdom,3,Champions,6911.44,9971.04980237154
16188,45,4,981.86,245.465,198,2011-04-11 09:44:00,2011-10-26 12:19:00,United Kingdom,1,Loyal Customers,981.86,1809.9944444444445
16189,16,2,215.48,107.74,70,2011-09-15 15:21:00,2011-11-24 11:47:00,United Kingdom,0,Recent/Emerging Customers,215.48,1123.5742857142857
16190,41,1,215.08,215.08,0,2011-10-30 15:59:00,2011-10-30 15:59:00,United Kingdom,0,Recent/Emerging Customers,215.08,215.08
16191,3,13,5180.52,398.5015384615385,358,2010-12-14 12:38:00,2011-12-07 11:26:00,United Kingdom,3,Champions,5180.52,5281.815083798883
16193,237,1,314.45,314.45,0,2011-04-17 11:45:00,2011-04-17 11:45:00,United Kingdom,2,At-Risk/Dormant Customers,314.45,314.45
16198,76,1,400.68,400.68,0,2011-09-25 14:58:00,2011-09-25 14:58:00,United Kingdom,2,At-Risk/Dormant Customers,400.68,400.68
16200,5,2,1068.87,534.435,160,2011-06-28 15:47:00,2011-12-05 14:40:00,United Kingdom,0,Recent/Emerging Customers,1068.87,2438.3596875
16201,4,4,1863.47,465.8675,106,2011-08-22 10:47:00,2011-12-06 16:02:00,United Kingdom,3,Champions,1863.47,6416.6655660377355
16202,361,1,365.27,365.27,0,2010-12-14 10:43:00,2010-12-14 10:43:00,United Kingdom,2,At-Risk/Dormant Customers,365.27,365.27
16203,59,4,592.9,148.225,314,2010-12-02 15:39:00,2011-10-12 12:31:00,United Kingdom,1,Loyal Customers,592.9,689.1990445859873
16204,24,1,384.18,384.18,0,2011-11-16 13:40:00,2011-11-16 13:40:00,United Kingdom,0,Recent/Emerging Customers,384.18,384.18
16205,31,4,757.63,189.4075,149,2011-06-13 11:33:00,2011-11-09 09:32:00,United Kingdom,1,Loyal Customers,757.63,1855.9392617449664
16206,55,4,537.06,134.265,273,2011-01-16 11:07:00,2011-10-16 10:41:00,United Kingdom,1,Loyal Customers,537.06,718.0472527472526
16207,26,1,394.38,394.38,0,2011-11-14 13:51:00,2011-11-14 13:51:00,United Kingdom,0,Recent/Emerging Customers,394.38,394.38
16208,45,2,664.26,332.13,245,2011-02-23 13:37:00,2011-10-26 11:36:00,United Kingdom,0,Recent/Emerging Customers,664.26,989.611836734694
16209,89,5,2262.62,452.524,158,2011-04-07 12:23:00,2011-09-12 11:58:00,United Kingdom,1,Loyal Customers,2262.62,5226.938607594936
16210,2,18,21086.3,1171.4611111111112,372,2010-12-01 12:27:00,2011-12-08 12:36:00,United Kingdom,3,Champions,21086.3,20689.514784946237
16211,89,1,547.02,547.02,0,2011-09-12 12:11:00,2011-09-12 12:11:00,United Kingdom,2,At-Risk/Dormant Customers,547.02,547.02
16212,20,2,690.34,345.17,264,2011-03-01 12:51:00,2011-11-20 13:00:00,United Kingdom,0,Recent/Emerging Customers,690.34,954.4473484848485
16213,79,1,159.0,159.0,0,2011-09-22 10:03:00,2011-09-22 10:03:00,United Kingdom,2,At-Risk/Dormant Customers,159.0,159.0
16214,171,3,1062.75,354.25,99,2011-03-15 13:23:00,2011-06-22 11:30:00,United Kingdom,1,Loyal Customers,1062.75,3918.219696969697
16215,81,1,242.35,242.35,0,2011-09-20 10:18:00,2011-09-20 10:18:00,United Kingdom,2,At-Risk/Dormant Customers,242.35,242.35
16216,268,1,914.93,914.93,0,2011-03-17 15:34:00,2011-03-17 15:34:00,United Kingdom,2,At-Risk/Dormant Customers,914.93,914.93
16217,236,2,304.25,152.125,47,2011-03-02 15:28:00,2011-04-18 13:31:00,United Kingdom,2,At-Risk/Dormant Customers,304.25,2362.7925531914893
16218,30,7,3084.68,440.66857142857134,344,2010-12-01 11:29:00,2011-11-10 09:59:00,United Kingdom,1,Loyal Customers,3084.68,3272.9889534883723
16221,37,3,860.86,286.9533333333333,331,2010-12-07 13:13:00,2011-11-03 11:43:00,United Kingdom,1,Loyal Customers,860.86,949.2867069486405
16222,319,1,773.55,773.55,0,2011-01-25 13:38:00,2011-01-25 13:38:00,United Kingdom,2,At-Risk/Dormant Customers,773.55,773.55
16224,58,4,1295.3,323.825,192,2011-04-04 12:00:00,2011-10-13 17:51:00,United Kingdom,1,Loyal Customers,1295.3,2462.4192708333335
16225,45,5,1096.32,219.264,233,2011-03-07 12:17:00,2011-10-26 08:30:00,United Kingdom,1,Loyal Customers,1096.32,1717.411158798283
16226,204,3,255.12,85.04,32,2011-04-18 12:58:00,2011-05-20 14:41:00,United Kingdom,2,At-Risk/Dormant Customers,255.12,2909.9625
16227,226,1,314.22,314.22,0,2011-04-28 13:33:00,2011-04-28 13:33:00,United Kingdom,2,At-Risk/Dormant Customers,314.22,314.22
16229,88,2,1010.6,505.3,125,2011-05-11 10:18:00,2011-09-13 17:16:00,United Kingdom,1,Loyal Customers,1010.6,2950.9519999999998
16230,190,2,542.03,271.015,31,2011-05-03 15:12:00,2011-06-03 10:06:00,United Kingdom,2,At-Risk/Dormant Customers,542.03,6381.966129032257
16232,44,4,990.88,247.72,172,2011-05-08 14:05:00,2011-10-27 12:16:00,United Kingdom,1,Loyal Customers,990.88,2102.7395348837213
16233,72,3,536.68,178.89333333333332,295,2010-12-08 12:51:00,2011-09-29 17:27:00,United Kingdom,1,Loyal Customers,536.68,664.0277966101695
16235,41,5,867.31,173.462,292,2011-01-11 15:42:00,2011-10-30 10:56:00,United Kingdom,1,Loyal Customers,867.31,1084.1374999999998
16236,79,1,432.2,432.2,0,2011-09-22 14:10:00,2011-09-22 14:10:00,United Kingdom,2,At-Risk/Dormant Customers,432.2,432.2
16239,57,2,414.2,207.1,133,2011-06-03 09:30:00,2011-10-14 08:29:00,United Kingdom,0,Recent/Emerging Customers,414.2,1136.7142857142856
16240,25,2,3718.8,1859.4,53,2011-09-23 13:44:00,2011-11-15 14:30:00,United Kingdom,1,Loyal Customers,3718.8,25610.603773584906
16241,10,13,2590.31,199.25461538461536,360,2010-12-05 11:04:00,2011-11-30 11:08:00,United Kingdom,3,Champions,2590.31,2626.286527777778
16242,9,7,3579.86,511.40857142857135,269,2011-03-07 17:04:00,2011-12-01 15:12:00,United Kingdom,3,Champions,3579.86,4857.430855018588
16243,34,2,409.1,204.55,21,2011-10-16 12:09:00,2011-11-06 12:32:00,United Kingdom,0,Recent/Emerging Customers,409.1,409.1
16244,212,2,1522.75,761.375,161,2010-12-02 11:41:00,2011-05-12 10:18:00,United Kingdom,1,Loyal Customers,1522.75,3452.1972049689443
16245,24,3,1413.66,471.22,233,2011-03-28 09:30:00,2011-11-16 10:14:00,United Kingdom,1,Loyal Customers,1413.66,2214.5317596566524
16247,171,1,114.56,114.56,0,2011-06-22 14:23:00,2011-06-22 14:23:00,United Kingdom,2,At-Risk/Dormant Customers,114.56,114.56
16248,62,1,152.94,152.94,0,2011-10-09 11:32:00,2011-10-09 11:32:00,United Kingdom,2,At-Risk/Dormant Customers,152.94,152.94
16249,53,5,1800.07,360.014,187,2011-04-14 13:50:00,2011-10-18 10:07:00,United Kingdom,1,Loyal Customers,1800.07,3513.505614973262
16250,262,2,389.44,194.72,112,2010-12-01 09:59:00,2011-03-23 15:07:00,United Kingdom,2,At-Risk/Dormant Customers,389.44,1269.1571428571428
16253,67,2,3683.86,1841.93,189,2011-03-29 13:33:00,2011-10-04 09:09:00,United Kingdom,1,Loyal Customers,3683.86,7114.332804232804
16255,17,8,2619.91,327.48875,349,2010-12-09 14:25:00,2011-11-23 12:40:00,United Kingdom,3,Champions,2619.91,2740.020487106017
16256,267,1,752.43,752.43,0,2011-03-18 12:18:00,2011-03-18 12:18:00,United Kingdom,2,At-Risk/Dormant Customers,752.43,752.43
16257,177,1,46.95,46.95,0,2011-06-16 10:11:00,2011-06-16 10:11:00,United Kingdom,2,At-Risk/Dormant Customers,46.95,46.95
16258,46,5,5203.51,1040.702,174,2011-05-04 14:33:00,2011-10-25 13:30:00,United Kingdom,1,Loyal Customers,5203.51,10915.408908045978
16260,51,1,1035.45,1035.45,0,2011-10-20 09:40:00,2011-10-20 09:40:00,United Kingdom,0,Recent/Emerging Customers,1035.45,1035.45
16261,18,4,728.54,182.135,229,2011-04-07 19:05:00,2011-11-22 17:23:00,United Kingdom,1,Loyal Customers,728.54,1161.2100436681224
16265,10,9,5447.0,605.2222222222223,355,2010-12-10 10:21:00,2011-11-30 16:41:00,United Kingdom,3,Champions,5447.0,5600.43661971831
16266,74,7,861.89,123.12714285714284,133,2011-05-17 14:50:00,2011-09-27 12:08:00,United Kingdom,1,Loyal Customers,861.89,2365.337218045113
16268,72,2,667.65,333.825,0,2011-09-29 18:30:00,2011-09-29 18:30:00,United Kingdom,1,Loyal Customers,667.65,667.65
16270,354,1,1141.24,1141.24,0,2010-12-21 14:26:00,2010-12-21 14:26:00,United Kingdom,2,At-Risk/Dormant Customers,1141.24,1141.24
16271,3,5,1404.64,280.928,356,2010-12-16 16:36:00,2011-12-07 12:45:00,United Kingdom,3,Champions,1404.64,1440.1505617977527
16272,117,1,411.7,411.7,0,2011-08-15 10:53:00,2011-08-15 10:54:00,United Kingdom,2,At-Risk/Dormant Customers,411.7,411.7
16274,374,1,351.75,351.75,0,2010-12-01 15:35:00,2010-12-01 15:35:00,United Kingdom,2,At-Risk/Dormant Customers,351.75,351.75
16275,197,1,559.87,559.87,0,2011-05-27 12:41:00,2011-05-27 12:41:00,United Kingdom,2,At-Risk/Dormant Customers,559.87,559.87
16276,177,1,810.6,810.6,0,2011-06-16 09:34:00,2011-06-16 09:34:00,United Kingdom,2,At-Risk/Dormant Customers,810.6,810.6
16278,101,1,566.38,566.38,0,2011-08-31 17:12:00,2011-08-31 17:12:00,United Kingdom,2,At-Risk/Dormant Customers,566.38,566.38
16279,22,3,1502.78,500.9266666666666,155,2011-06-16 11:50:00,2011-11-18 15:00:00,United Kingdom,1,Loyal Customers,1502.78,3538.8045161290324
16281,73,1,2062.06,2062.06,0,2011-09-28 14:57:00,2011-09-28 14:57:00,United Kingdom,1,Loyal Customers,2062.06,2062.06
16282,340,1,168.3,168.3,0,2011-01-04 11:42:00,2011-01-04 11:42:00,United Kingdom,2,At-Risk/Dormant Customers,168.3,168.3
16283,6,5,1570.81,314.162,203,2011-05-15 13:37:00,2011-12-04 12:08:00,United Kingdom,3,Champions,1570.81,2824.3628078817733
16284,32,2,812.68,406.34,19,2011-10-20 13:54:00,2011-11-08 16:12:00,United Kingdom,0,Recent/Emerging Customers,812.68,812.68
16287,170,1,142.5,142.5,0,2011-06-23 09:08:00,2011-06-23 09:08:00,United Kingdom,2,At-Risk/Dormant Customers,142.5,142.5
16292,122,1,302.25,302.25,0,2011-08-10 12:24:00,2011-08-10 12:24:00,United Kingdom,2,At-Risk/Dormant Customers,302.25,302.25
16293,22,10,2248.99,224.899,346,2010-12-07 15:02:00,2011-11-18 09:58:00,United Kingdom,3,Champions,2248.99,2372.489450867052
16295,10,4,1328.55,332.1375,55,2011-10-06 10:45:00,2011-11-30 08:17:00,United Kingdom,1,Loyal Customers,1328.55,8816.74090909091
16297,269,1,301.9,301.9,0,2011-03-16 08:29:00,2011-03-16 08:29:00,United Kingdom,2,At-Risk/Dormant Customers,301.9,301.9
16298,23,3,598.2,199.4,164,2011-06-06 10:06:00,2011-11-17 11:59:00,United Kingdom,0,Recent/Emerging Customers,598.2,1331.359756097561
16302,127,1,233.22,233.22,0,2011-08-05 09:44:00,2011-08-05 09:44:00,United Kingdom,2,At-Risk/Dormant Customers,233.22,233.22
16303,26,3,5360.63,1786.8766666666666,308,2011-01-10 14:16:00,2011-11-14 10:49:00,United Kingdom,1,Loyal Customers,5360.63,6352.694642857144
16305,139,1,361.22,361.22,0,2011-07-24 12:18:00,2011-07-24 12:18:00,United Kingdom,2,At-Risk/Dormant Customers,361.22,361.22
16306,214,6,632.27,105.37833333333332,154,2010-12-07 15:18:00,2011-05-10 12:12:00,United Kingdom,1,Loyal Customers,632.27,1498.562012987013
16308,38,4,2560.0,640.0,224,2011-03-23 14:46:00,2011-11-02 11:24:00,United Kingdom,1,Loyal Customers,2560.0,4171.428571428572
16309,107,2,706.57,353.285,134,2011-04-13 11:46:00,2011-08-25 15:35:00,United Kingdom,2,At-Risk/Dormant Customers,706.57,1924.612313432836
16311,18,2,616.26,308.13,32,2011-10-21 13:13:00,2011-11-22 08:54:00,United Kingdom,0,Recent/Emerging Customers,616.26,7029.215625
16313,4,2,274.15,137.075,46,2011-10-21 09:04:00,2011-12-06 13:02:00,United Kingdom,0,Recent/Emerging Customers,274.15,2175.320652173913
16315,331,1,226.37,226.37,0,2011-01-13 11:57:00,2011-01-13 11:57:00,United Kingdom,2,At-Risk/Dormant Customers,226.37,226.37
16316,65,8,2938.91,367.36375,294,2010-12-16 14:26:00,2011-10-06 13:48:00,United Kingdom,1,Loyal Customers,2938.91,3648.646768707483
16317,120,3,1341.65,447.21666666666664,178,2011-02-15 14:30:00,2011-08-12 12:46:00,United Kingdom,1,Loyal Customers,1341.65,2751.1362359550562
16318,36,1,328.15,328.15,0,2011-11-04 13:05:00,2011-11-04 13:05:00,United Kingdom,0,Recent/Emerging Customers,328.15,328.15
16319,218,1,404.4,404.4,0,2011-05-06 11:27:00,2011-05-06 11:27:00,United Kingdom,2,At-Risk/Dormant Customers,404.4,404.4
16320,173,2,1038.46,519.23,41,2011-05-10 15:31:00,2011-06-20 15:25:00,Unspecified,2,At-Risk/Dormant Customers,1038.46,9244.826829268293
16321,73,5,373.65,74.73,251,2011-01-20 12:11:00,2011-09-28 14:55:00,Australia,1,Loyal Customers,373.65,543.355577689243
16322,2,2,326.75,163.375,35,2011-11-03 14:33:00,2011-12-08 15:41:00,United Kingdom,0,Recent/Emerging Customers,326.75,3407.535714285714
16323,197,1,207.5,207.5,0,2011-05-27 14:48:00,2011-05-27 14:48:00,United Kingdom,2,At-Risk/Dormant Customers,207.5,207.5
16324,129,3,408.59,136.19666666666666,49,2011-06-15 14:26:00,2011-08-03 12:58:00,United Kingdom,2,At-Risk/Dormant Customers,408.59,3043.578571428571
16325,47,3,594.24,198.08,199,2011-04-08 09:20:00,2011-10-24 08:48:00,United Kingdom,1,Loyal Customers,594.24,1089.937688442211
16326,6,14,3039.22,217.08714285714285,329,2011-01-09 12:01:00,2011-12-04 10:11:00,United Kingdom,3,Champions,3039.22,3371.7790273556225
16327,15,6,3820.27,636.7116666666666,355,2010-12-05 12:43:00,2011-11-25 13:23:00,United Kingdom,3,Champions,3820.27,3927.8832394366195
16330,18,3,251.91,83.97,95,2011-08-19 17:08:00,2011-11-22 12:24:00,United Kingdom,0,Recent/Emerging Customers,251.91,967.8647368421052
16332,29,7,1582.8,226.11428571428567,277,2011-02-07 14:16:00,2011-11-11 14:22:00,United Kingdom,1,Loyal Customers,1582.8,2085.6389891696754
16333,8,22,26626.8,1210.3090909090909,302,2011-02-03 10:50:00,2011-12-02 12:19:00,United Kingdom,3,Champions,26626.8,32181.39735099338
16337,37,1,151.05,151.05,0,2011-11-03 10:03:00,2011-11-03 10:03:00,United Kingdom,0,Recent/Emerging Customers,151.05,151.05
16338,158,1,214.8,214.8,0,2011-07-05 13:56:00,2011-07-05 13:56:00,United Kingdom,2,At-Risk/Dormant Customers,214.8,214.8
16339,285,1,94.05,94.05,0,2011-02-28 13:41:00,2011-02-28 13:41:00,United Kingdom,2,At-Risk/Dormant Customers,94.05,94.05
16340,108,1,534.31,534.31,0,2011-08-24 14:53:00,2011-08-24 14:53:00,United Kingdom,2,At-Risk/Dormant Customers,534.31,534.31
16341,25,4,1971.87,492.9675,177,2011-05-22 13:20:00,2011-11-15 09:12:00,United Kingdom,1,Loyal Customers,1971.87,4066.285593220339
16342,76,4,322.41,80.6025,104,2011-06-13 10:10:00,2011-09-25 14:36:00,United Kingdom,1,Loyal Customers,322.41,1131.5350961538463
16343,17,2,328.58,164.29,0,2011-11-23 17:43:00,2011-11-23 17:45:00,United Kingdom,0,Recent/Emerging Customers,328.58,328.58
16344,159,1,101.1,101.1,0,2011-07-04 15:50:00,2011-07-04 15:50:00,United Kingdom,2,At-Risk/Dormant Customers,101.1,101.1
16345,45,1,565.46,565.46,0,2011-10-26 16:03:00,2011-10-26 16:03:00,United Kingdom,0,Recent/Emerging Customers,565.46,565.46
16347,12,2,847.45,423.725,25,2011-11-03 13:01:00,2011-11-28 13:14:00,United Kingdom,0,Recent/Emerging Customers,847.45,847.45
16348,33,7,1415.65,202.23571428571427,208,2011-04-13 15:49:00,2011-11-07 15:44:00,United Kingdom,1,Loyal Customers,1415.65,2484.1935096153848
16349,291,1,53.5,53.5,0,2011-02-22 12:40:00,2011-02-22 12:40:00,United Kingdom,2,At-Risk/Dormant Customers,53.5,53.5
16350,22,4,1116.47,279.1175,312,2011-01-10 09:44:00,2011-11-18 15:53:00,United Kingdom,1,Loyal Customers,1116.47,1306.126762820513
16351,333,1,153.9,153.9,0,2011-01-11 10:26:00,2011-01-11 10:26:00,United Kingdom,2,At-Risk/Dormant Customers,153.9,153.9
16352,18,2,494.44,247.22,20,2011-11-02 08:44:00,2011-11-22 10:32:00,United Kingdom,0,Recent/Emerging Customers,494.44,494.44
16353,4,23,6675.71,290.2482608695652,366,2010-12-05 12:09:00,2011-12-06 12:23:00,United Kingdom,3,Champions,6675.71,6657.470355191257
16354,64,2,395.8,197.9,10,2011-09-27 16:28:00,2011-10-07 14:28:00,United Kingdom,2,At-Risk/Dormant Customers,395.8,395.8
16356,198,3,211.77,70.59,80,2011-03-07 12:31:00,2011-05-26 11:51:00,United Kingdom,2,At-Risk/Dormant Customers,211.77,966.2006250000001
16357,34,3,658.88,219.62666666666664,180,2011-05-10 10:35:00,2011-11-06 16:04:00,United Kingdom,1,Loyal Customers,658.88,1336.062222222222
16358,2,4,2027.5,506.875,183,2011-06-08 15:05:00,2011-12-08 15:09:00,United Kingdom,3,Champions,2027.5,4043.9207650273224
16359,8,9,1750.92,194.54666666666665,324,2011-01-12 10:49:00,2011-12-02 17:04:00,United Kingdom,3,Champions,1750.92,1972.487037037037
16360,5,6,3450.41,575.0683333333333,84,2011-09-12 13:50:00,2011-12-05 12:16:00,United Kingdom,3,Champions,3450.41,14992.852976190474
16361,10,4,891.21,222.8025,62,2011-09-29 13:13:00,2011-11-30 12:32:00,United Kingdom,0,Recent/Emerging Customers,891.21,5246.639516129032
16362,33,5,709.99,141.998,59,2011-09-09 14:47:00,2011-11-07 13:01:00,United Kingdom,1,Loyal Customers,709.99,4392.311016949153
16363,54,1,109.36,109.36,0,2011-10-17 14:14:00,2011-10-17 14:14:00,United Kingdom,2,At-Risk/Dormant Customers,109.36,109.36
16364,12,2,705.79,352.895,126,2011-07-25 14:35:00,2011-11-28 11:27:00,United Kingdom,0,Recent/Emerging Customers,705.79,2044.5503968253968
16365,18,9,1540.42,171.15777777777777,350,2010-12-07 17:19:00,2011-11-22 11:24:00,United Kingdom,3,Champions,1540.42,1606.438
16366,19,1,327.3,327.3,0,2011-11-21 08:19:00,2011-11-21 08:19:00,United Kingdom,0,Recent/Emerging Customers,327.3,327.3
16367,38,2,800.67,400.335,325,2010-12-12 12:01:00,2011-11-02 13:13:00,United Kingdom,0,Recent/Emerging Customers,800.67,899.2139999999999
16368,3,2,479.91,239.955,26,2011-11-11 15:08:00,2011-12-07 13:12:00,United Kingdom,0,Recent/Emerging Customers,479.91,479.91
16369,19,3,1545.41,515.1366666666667,178,2011-05-27 09:39:00,2011-11-21 16:25:00,United Kingdom,1,Loyal Customers,1545.41,3168.9587078651684
16370,83,4,1301.91,325.4775,143,2011-04-28 16:40:00,2011-09-18 15:55:00,United Kingdom,1,Loyal Customers,1301.91,3323.0569930069933
16372,34,2,355.73,177.865,0,2011-11-06 12:50:00,2011-11-06 13:08:00,United Kingdom,0,Recent/Emerging Customers,355.73,355.73
16374,67,2,466.73,233.365,196,2011-03-22 13:46:00,2011-10-04 15:21:00,United Kingdom,2,At-Risk/Dormant Customers,466.73,869.1655612244898
16376,9,2,974.96,487.48,9,2011-11-22 16:47:00,2011-12-01 11:38:00,United Kingdom,0,Recent/Emerging Customers,974.96,974.96
16377,268,1,676.2,676.2,0,2011-03-17 15:41:00,2011-03-17 15:41:00,United Kingdom,2,At-Risk/Dormant Customers,676.2,676.2
16378,248,3,362.95,120.98333333333332,63,2011-02-02 12:42:00,2011-04-06 15:07:00,United Kingdom,2,At-Risk/Dormant Customers,362.95,2102.8055555555557
16379,5,4,2157.4,539.35,74,2011-09-22 09:33:00,2011-12-05 15:38:00,United Kingdom,3,Champions,2157.4,10641.22972972973
16380,62,1,1743.15,1743.15,0,2011-10-09 15:40:00,2011-10-09 15:40:00,United Kingdom,1,Loyal Customers,1743.15,1743.15
16383,75,2,643.76,321.88,194,2011-03-16 13:00:00,2011-09-26 12:45:00,United Kingdom,2,At-Risk/Dormant Customers,643.76,1211.1979381443298
16384,90,2,584.5,292.25,174,2011-03-21 10:13:00,2011-09-11 11:19:00,United Kingdom,2,At-Risk/Dormant Customers,584.5,1226.1063218390805
16385,61,3,554.86,184.95333333333332,306,2010-12-08 12:56:00,2011-10-10 13:12:00,United Kingdom,1,Loyal Customers,554.86,661.8428104575163
16386,29,2,302.57,151.285,225,2011-03-31 12:19:00,2011-11-11 12:28:00,United Kingdom,0,Recent/Emerging Customers,302.57,490.83577777777776
16387,323,1,94.36,94.36,0,2011-01-21 11:34:00,2011-01-21 11:34:00,United Kingdom,2,At-Risk/Dormant Customers,94.36,94.36
16389,54,4,1382.07,345.5175,230,2011-03-01 15:47:00,2011-10-17 14:41:00,United Kingdom,1,Loyal Customers,1382.07,2193.285
16392,270,1,217.89,217.89,0,2011-03-15 12:11:00,2011-03-15 12:11:00,United Kingdom,2,At-Risk/Dormant Customers,217.89,217.89
16393,3,13,3040.96,233.92,367,2010-12-05 13:10:00,2011-12-07 12:51:00,United Kingdom,3,Champions,3040.96,3024.3880108991825
16394,57,5,1555.34,311.068,233,2011-02-23 10:58:00,2011-10-14 09:48:00,United Kingdom,1,Loyal Customers,1555.34,2436.4768240343346
16395,61,5,1482.06,296.412,270,2011-01-13 12:10:00,2011-10-10 12:50:00,United Kingdom,1,Loyal Customers,1482.06,2003.5255555555555
16398,155,2,1705.8,852.9,99,2011-03-31 09:38:00,2011-07-08 15:16:00,United Kingdom,1,Loyal Customers,1705.8,6289.060606060606
16399,20,2,408.02,204.01,216,2011-04-18 13:46:00,2011-11-20 16:12:00,United Kingdom,0,Recent/Emerging Customers,408.02,689.4782407407407
16400,95,1,303.93,303.93,0,2011-09-06 12:27:00,2011-09-06 12:27:00,United Kingdom,2,At-Risk/Dormant Customers,303.93,303.93
16401,2,12,4098.32,341.52666666666664,326,2011-01-16 10:56:00,2011-12-08 18:15:00,United Kingdom,3,Champions,4098.32,4588.60981595092
16402,265,2,293.45,146.725,105,2010-12-05 13:42:00,2011-03-20 12:25:00,United Kingdom,2,At-Risk/Dormant Customers,293.45,1020.0880952380952
16403,313,1,177.5,177.5,0,2011-01-31 13:39:00,2011-01-31 13:39:00,United Kingdom,2,At-Risk/Dormant Customers,177.5,177.5
16404,71,1,443.05,443.05,0,2011-09-30 14:55:00,2011-09-30 14:55:00,United Kingdom,2,At-Risk/Dormant Customers,443.05,443.05
16405,303,2,167.25,83.625,8,2011-02-02 17:08:00,2011-02-10 15:24:00,United Kingdom,2,At-Risk/Dormant Customers,167.25,167.25
16406,19,1,154.35,154.35,0,2011-11-21 11:57:00,2011-11-21 11:57:00,United Kingdom,0,Recent/Emerging Customers,154.35,154.35
16407,13,10,2079.68,207.968,300,2011-01-31 14:02:00,2011-11-27 11:05:00,United Kingdom,3,Champions,2079.68,2530.277333333333
16409,37,5,2022.98,404.596,281,2011-01-26 14:51:00,2011-11-03 16:45:00,United Kingdom,1,Loyal Customers,2022.98,2627.7142348754446
16411,20,2,211.7,105.85,350,2010-12-05 13:26:00,2011-11-20 13:23:00,United Kingdom,0,Recent/Emerging Customers,211.7,220.77285714285713
16412,54,1,135.99,135.99,0,2011-10-17 12:35:00,2011-10-17 12:35:00,United Kingdom,2,At-Risk/Dormant Customers,135.99,135.99
16413,57,1,262.2,262.2,0,2011-10-14 12:08:00,2011-10-14 12:08:00,United Kingdom,2,At-Risk/Dormant Customers,262.2,262.2
16414,22,2,126.25,63.125,259,2011-03-04 13:27:00,2011-11-18 09:42:00,United Kingdom,0,Recent/Emerging Customers,126.25,177.91988416988417
16415,45,1,200.27,200.27,0,2011-10-26 13:35:00,2011-10-26 13:35:00,United Kingdom,0,Recent/Emerging Customers,200.27,200.27
16416,27,3,1051.4,350.46666666666664,30,2011-10-14 13:35:00,2011-11-13 12:50:00,United Kingdom,1,Loyal Customers,1051.4,12792.033333333335
16418,45,3,631.12,210.3733333333333,182,2011-04-27 16:54:00,2011-10-26 12:39:00,United Kingdom,1,Loyal Customers,631.12,1265.7076923076922
16419,113,6,958.71,159.785,199,2011-02-01 12:25:00,2011-08-19 12:33:00,United Kingdom,1,Loyal Customers,958.71,1758.4379396984925
16422,18,51,34684.4,680.086274509804,352,2010-12-05 15:35:00,2011-11-22 14:00:00,United Kingdom,3,Champions,34684.4,35965.357954545456
16423,25,1,346.12,346.12,0,2011-11-15 09:21:00,2011-11-15 09:21:00,United Kingdom,0,Recent/Emerging Customers,346.12,346.12
16424,192,1,133.56,133.56,0,2011-06-01 13:40:00,2011-06-01 13:40:00,United Kingdom,2,At-Risk/Dormant Customers,133.56,133.56
16425,303,1,302.7,302.7,0,2011-02-10 14:30:00,2011-02-10 14:30:00,United Kingdom,2,At-Risk/Dormant Customers,302.7,302.7
16426,3,10,1863.76,186.376,274,2011-03-08 15:45:00,2011-12-07 14:01:00,United Kingdom,3,Champions,1863.76,2482.74598540146
16427,264,2,241.06,120.53,21,2011-02-28 15:18:00,2011-03-21 17:10:00,United Kingdom,2,At-Risk/Dormant Customers,241.06,241.06
16429,107,1,284.55,284.55,0,2011-08-25 13:54:00,2011-08-25 13:54:00,United Kingdom,2,At-Risk/Dormant Customers,284.55,284.55
16430,58,1,300.85,300.85,0,2011-10-13 14:47:00,2011-10-13 14:47:00,United Kingdom,2,At-Risk/Dormant Customers,300.85,300.85
16431,214,3,623.28,207.76,84,2011-02-15 14:02:00,2011-05-10 14:09:00,United Kingdom,2,At-Risk/Dormant Customers,623.28,2708.2999999999997
16432,65,1,287.4,287.4,0,2011-10-06 13:59:00,2011-10-06 13:59:00,United Kingdom,2,At-Risk/Dormant Customers,287.4,287.4
16433,29,1,184.26,184.26,0,2011-11-11 14:09:00,2011-11-11 14:09:00,United Kingdom,0,Recent/Emerging Customers,184.26,184.26
16434,30,7,1511.8,215.97142857142856,270,2011-02-13 12:17:00,2011-11-10 14:28:00,United Kingdom,1,Loyal Customers,1511.8,2043.7296296296295
16438,6,5,798.35,159.67,77,2011-09-18 13:31:00,2011-12-04 10:51:00,United Kingdom,0,Recent/Emerging Customers,798.35,3784.386363636364
16440,8,5,3640.67,728.134,207,2011-05-09 12:25:00,2011-12-02 12:02:00,United Kingdom,3,Champions,3640.67,6419.538888888889
16441,68,2,381.2,190.6,224,2011-02-21 17:35:00,2011-10-03 17:48:00,United Kingdom,2,At-Risk/Dormant Customers,381.2,621.1517857142858
16442,2,3,609.3,203.1,359,2010-12-14 10:46:00,2011-12-08 11:43:00,United Kingdom,0,Recent/Emerging Customers,609.3,619.483286908078
16444,47,4,654.67,163.6675,218,2011-03-20 12:14:00,2011-10-24 13:50:00,United Kingdom,1,Loyal Customers,654.67,1096.1217889908257
16445,34,1,230.51,230.51,0,2011-11-06 12:32:00,2011-11-06 12:32:00,United Kingdom,0,Recent/Emerging Customers,230.51,230.51
16446,1,2,168472.5,84236.25,205,2011-05-18 09:52:00,2011-12-09 09:15:00,United Kingdom,3,Champions,168472.5,299963.23170731706
16447,136,1,255.91,255.91,0,2011-07-27 12:45:00,2011-07-27 12:45:00,United Kingdom,2,At-Risk/Dormant Customers,255.91,255.91
16448,199,1,182.99,182.99,0,2011-05-25 16:28:00,2011-05-25 16:28:00,United Kingdom,2,At-Risk/Dormant Customers,182.99,182.99
16449,198,2,707.69,353.845,83,2011-03-04 12:15:00,2011-05-26 10:25:00,United Kingdom,2,At-Risk/Dormant Customers,707.69,3112.130722891566
16450,150,1,311.92,311.92,0,2011-07-13 11:47:00,2011-07-13 11:47:00,United Kingdom,2,At-Risk/Dormant Customers,311.92,311.92
16451,88,1,266.97,266.97,0,2011-09-13 09:17:00,2011-09-13 09:17:00,United Kingdom,2,At-Risk/Dormant Customers,266.97,266.97
16454,45,2,6.9,3.45,20,2011-10-06 16:57:00,2011-10-26 11:40:00,United Kingdom,2,At-Risk/Dormant Customers,6.9,6.9
16455,64,7,1841.18,263.0257142857143,308,2010-12-03 16:44:00,2011-10-07 12:17:00,United Kingdom,1,Loyal Customers,1841.18,2181.9178571428574
16456,100,5,2158.18,431.636,274,2010-12-01 14:11:00,2011-09-01 13:50:00,United Kingdom,1,Loyal Customers,2158.18,2874.9478102189782
16457,219,1,208.36,208.36,0,2011-05-05 13:19:00,2011-05-05 13:19:00,United Kingdom,2,At-Risk/Dormant Customers,208.36,208.36
16458,3,18,3482.74,193.48555555555555,358,2010-12-14 11:51:00,2011-12-07 09:34:00,United Kingdom,3,Champions,3482.74,3550.838268156424
16460,29,3,811.23,270.41,53,2011-09-19 10:15:00,2011-11-11 13:46:00,United Kingdom,1,Loyal Customers,811.23,5586.772641509434
16461,178,1,142.92,142.92,0,2011-06-15 12:07:00,2011-06-15 12:07:00,United Kingdom,2,At-Risk/Dormant Customers,142.92,142.92
16462,74,3,136.0,45.33333333333333,210,2011-03-01 08:58:00,2011-09-27 10:24:00,United Kingdom,2,At-Risk/Dormant Customers,136.0,236.38095238095238
16463,22,4,1422.4,355.6,183,2011-05-19 14:45:00,2011-11-18 14:01:00,United Kingdom,1,Loyal Customers,1422.4,2837.0273224043717
16464,20,3,1298.66,432.88666666666666,123,2011-07-20 13:53:00,2011-11-20 12:11:00,United Kingdom,1,Loyal Customers,1298.66,3853.747154471545
16466,34,7,1595.96,227.99428571428567,259,2011-02-20 11:39:00,2011-11-06 11:35:00,United Kingdom,1,Loyal Customers,1595.96,2249.132818532819
16468,75,1,74.9,74.9,0,2011-09-26 14:13:00,2011-09-26 14:13:00,United Kingdom,2,At-Risk/Dormant Customers,74.9,74.9
16469,24,4,625.42,156.355,223,2011-04-07 13:11:00,2011-11-16 12:25:00,United Kingdom,1,Loyal Customers,625.42,1023.6695067264574
16470,52,4,752.77,188.1925,307,2010-12-16 11:53:00,2011-10-19 12:11:00,United Kingdom,1,Loyal Customers,752.77,894.9871335504887
16471,275,1,223.95,223.95,0,2011-03-10 09:41:00,2011-03-10 09:41:00,United Kingdom,2,At-Risk/Dormant Customers,223.95,223.95
16473,165,3,316.11,105.37,172,2011-01-07 10:55:00,2011-06-28 09:10:00,United Kingdom,2,At-Risk/Dormant Customers,316.11,670.8148255813954
16474,8,7,1810.65,258.66428571428565,138,2011-07-17 14:51:00,2011-12-02 13:02:00,United Kingdom,3,Champions,1810.65,4789.038043478262
16475,89,4,544.3,136.075,185,2011-03-11 09:39:00,2011-09-12 14:37:00,United Kingdom,1,Loyal Customers,544.3,1073.8891891891892
16477,64,7,2494.46,356.3514285714286,308,2010-12-03 12:48:00,2011-10-07 09:44:00,United Kingdom,1,Loyal Customers,2494.46,2956.0970779220784
16478,26,3,331.0,110.33333333333331,40,2011-10-05 12:02:00,2011-11-14 15:51:00,United Kingdom,0,Recent/Emerging Customers,331.0,3020.375
16479,11,2,300.83,150.415,0,2011-11-29 13:04:00,2011-11-29 13:40:00,United Kingdom,0,Recent/Emerging Customers,300.83,300.83
16480,76,1,769.29,769.29,0,2011-09-25 11:40:00,2011-09-25 11:40:00,United Kingdom,2,At-Risk/Dormant Customers,769.29,769.29
16482,16,1,220.62,220.62,0,2011-11-24 12:33:00,2011-11-24 12:33:00,United Kingdom,0,Recent/Emerging Customers,220.62,220.62
16483,193,1,139.35,139.35,0,2011-05-31 13:08:00,2011-05-31 13:08:00,United Kingdom,2,At-Risk/Dormant Customers,139.35,139.35
16484,174,2,404.3,202.15,17,2011-06-02 10:39:00,2011-06-19 12:06:00,United Kingdom,2,At-Risk/Dormant Customers,404.3,404.3
16485,78,1,363.65,363.65,0,2011-09-23 15:50:00,2011-09-23 15:50:00,United Kingdom,2,At-Risk/Dormant Customers,363.65,363.65
16488,34,3,498.8,166.26666666666665,115,2011-07-14 11:46:00,2011-11-06 13:42:00,United Kingdom,0,Recent/Emerging Customers,498.8,1583.1478260869565
16491,47,1,731.5,731.5,0,2011-10-24 10:18:00,2011-10-24 10:18:00,United Kingdom,0,Recent/Emerging Customers,731.5,731.5
16493,80,4,1351.63,337.9075,250,2011-01-14 08:16:00,2011-09-21 11:10:00,United Kingdom,1,Loyal Customers,1351.63,1973.3798000000002
16494,297,1,826.53,826.53,0,2011-02-16 12:49:00,2011-02-16 12:49:00,United Kingdom,2,At-Risk/Dormant Customers,826.53,826.53
16495,4,3,648.26,216.08666666666664,273,2011-03-08 16:38:00,2011-12-06 13:20:00,United Kingdom,0,Recent/Emerging Customers,648.26,866.7212454212454
16496,9,3,1599.52,533.1733333333333,308,2011-01-27 09:42:00,2011-12-01 10:31:00,United Kingdom,1,Loyal Customers,1599.52,1895.535064935065
16497,50,6,2965.69,494.28166666666664,284,2011-01-10 13:20:00,2011-10-21 10:55:00,United Kingdom,1,Loyal Customers,2965.69,3811.538204225352
16498,162,2,100.97,50.485,1,2011-06-30 19:52:00,2011-07-01 15:07:00,United Kingdom,2,At-Risk/Dormant Customers,100.97,100.97
16499,361,2,365.45,182.725,4,2010-12-10 10:27:00,2010-12-14 13:31:00,United Kingdom,2,At-Risk/Dormant Customers,365.45,365.45
16500,5,6,400.86,66.81,326,2011-01-13 10:28:00,2011-12-05 12:04:00,United Kingdom,0,Recent/Emerging Customers,400.86,448.8156441717791
16503,107,4,1431.93,357.9825,254,2010-12-14 13:50:00,2011-08-25 11:46:00,United Kingdom,1,Loyal Customers,1431.93,2057.69468503937
16504,26,1,465.88,465.88,0,2011-11-14 15:18:00,2011-11-14 15:18:00,United Kingdom,0,Recent/Emerging Customers,465.88,465.88
16505,32,1,777.6,777.6,0,2011-11-08 12:14:00,2011-11-08 12:14:00,United Kingdom,0,Recent/Emerging Customers,777.6,777.6
16506,20,2,90.3,45.15,21,2011-10-30 15:50:00,2011-11-20 12:17:00,United Kingdom,0,Recent/Emerging Customers,90.3,90.3
16509,297,1,363.7,363.7,0,2011-02-16 09:25:00,2011-02-16 09:25:00,United Kingdom,2,At-Risk/Dormant Customers,363.7,363.7
16510,373,1,248.1,248.1,0,2010-12-02 13:39:00,2010-12-02 13:39:00,United Kingdom,2,At-Risk/Dormant Customers,248.1,248.1
16511,22,3,918.33,306.11,245,2011-03-18 11:24:00,2011-11-18 10:41:00,United Kingdom,1,Loyal Customers,918.33,1368.1242857142859
16513,5,4,874.59,218.6475,39,2011-10-27 14:56:00,2011-12-05 10:18:00,United Kingdom,0,Recent/Emerging Customers,874.59,8185.265384615385
16515,53,5,1624.14,324.828,259,2011-02-01 13:09:00,2011-10-18 13:10:00,United Kingdom,1,Loyal Customers,1624.14,2288.8459459459464
16516,31,1,101.7,101.7,0,2011-11-09 14:59:00,2011-11-09 14:59:00,United Kingdom,0,Recent/Emerging Customers,101.7,101.7
16517,278,1,162.7,162.7,0,2011-03-07 13:50:00,2011-03-07 13:50:00,United Kingdom,2,At-Risk/Dormant Customers,162.7,162.7
16518,62,2,484.32,242.16,223,2011-02-28 16:36:00,2011-10-09 15:04:00,United Kingdom,0,Recent/Emerging Customers,484.32,792.7210762331839
16519,26,2,215.08,107.54,340,2010-12-09 14:08:00,2011-11-14 15:41:00,United Kingdom,0,Recent/Emerging Customers,215.08,230.89470588235295
16520,187,3,1046.57,348.8566666666666,179,2010-12-09 13:08:00,2011-06-06 13:24:00,United Kingdom,1,Loyal Customers,1046.57,2134.067318435754
16523,2,21,9418.47,448.4985714285714,314,2011-01-28 12:06:00,2011-12-08 09:06:00,United Kingdom,3,Champions,9418.47,10948.221496815286
16525,3,26,13027.45,501.0557692307692,364,2010-12-08 11:31:00,2011-12-07 15:07:00,United Kingdom,3,Champions,13027.45,13063.239697802199
16526,172,1,290.36,290.36,0,2011-06-21 12:02:00,2011-06-21 12:02:00,United Kingdom,2,At-Risk/Dormant Customers,290.36,290.36
16527,82,1,228.06,228.06,0,2011-09-19 16:21:00,2011-09-19 16:21:00,United Kingdom,2,At-Risk/Dormant Customers,228.06,228.06
16528,4,1,244.41,244.41,0,2011-12-06 12:45:00,2011-12-06 12:45:00,United Kingdom,0,Recent/Emerging Customers,244.41,244.41
16529,191,1,455.25,455.25,0,2011-06-02 17:23:00,2011-06-02 17:23:00,United Kingdom,2,At-Risk/Dormant Customers,455.25,455.25
16531,23,7,1244.59,177.79857142857142,338,2010-12-14 13:19:00,2011-11-17 16:29:00,United Kingdom,1,Loyal Customers,1244.59,1344.0099112426035
16532,18,3,6748.8,2249.6,321,2011-01-05 12:37:00,2011-11-22 11:08:00,United Kingdom,1,Loyal Customers,6748.8,7673.869158878505
16533,20,3,1082.81,360.93666666666667,49,2011-10-02 15:07:00,2011-11-20 13:08:00,United Kingdom,1,Loyal Customers,1082.81,8065.829591836734
16535,6,1,593.75,593.75,0,2011-12-04 15:18:00,2011-12-04 15:18:00,United Kingdom,0,Recent/Emerging Customers,593.75,593.75
16536,111,1,548.12,548.12,0,2011-08-21 15:54:00,2011-08-21 15:54:00,United Kingdom,2,At-Risk/Dormant Customers,548.12,548.12
16539,3,4,1388.81,347.2025,371,2010-12-01 15:40:00,2011-12-07 08:41:00,United Kingdom,3,Champions,1388.81,1366.349460916442
16542,54,1,119.62,119.62,0,2011-10-17 10:47:00,2011-10-17 10:47:00,United Kingdom,2,At-Risk/Dormant Customers,119.62,119.62
16545,165,1,339.3,339.3,0,2011-06-28 10:37:00,2011-06-28 10:37:00,United Kingdom,2,At-Risk/Dormant Customers,339.3,339.3
16546,291,2,787.15,393.575,82,2010-12-02 12:07:00,2011-02-22 11:20:00,United Kingdom,2,At-Risk/Dormant Customers,787.15,3503.7774390243903
16549,11,10,4034.9,403.49,324,2011-01-09 14:03:00,2011-11-29 15:06:00,United Kingdom,3,Champions,4034.9,4545.489197530864
16550,109,5,2298.97,459.794,260,2010-12-06 13:53:00,2011-08-23 11:12:00,United Kingdom,1,Loyal Customers,2298.97,3227.4001923076917
16551,96,3,922.12,307.37333333333333,241,2011-01-07 10:24:00,2011-09-05 09:38:00,United Kingdom,1,Loyal Customers,922.12,1396.5717842323652
16552,243,2,379.73,189.865,131,2010-12-01 12:36:00,2011-04-11 10:04:00,United Kingdom,2,At-Risk/Dormant Customers,379.73,1058.0263358778627
16553,164,12,5719.82,476.65166666666664,197,2010-12-14 13:58:00,2011-06-29 15:42:00,United Kingdom,1,Loyal Customers,5719.82,10597.636040609135
16554,43,3,837.1,279.0333333333333,289,2011-01-12 12:41:00,2011-10-28 14:51:00,United Kingdom,1,Loyal Customers,837.1,1057.2370242214533
16555,36,2,285.89,142.945,74,2011-08-22 12:32:00,2011-11-04 14:31:00,United Kingdom,0,Recent/Emerging Customers,285.89,1410.133108108108
16556,67,7,3313.79,473.39857142857136,294,2010-12-14 13:32:00,2011-10-04 11:36:00,United Kingdom,1,Loyal Customers,3313.79,4114.059013605442
16557,25,2,281.85,140.925,113,2011-07-25 13:28:00,2011-11-15 14:04:00,United Kingdom,0,Recent/Emerging Customers,281.85,910.4004424778761
16558,1,20,8338.49,416.9245,366,2010-12-08 12:01:00,2011-12-09 10:20:00,United Kingdom,3,Champions,8338.49,8315.707240437157
16560,27,2,841.41,420.705,332,2010-12-16 14:36:00,2011-11-13 10:35:00,United Kingdom,0,Recent/Emerging Customers,841.41,925.044126506024
16561,6,2,511.12,255.56,54,2011-10-11 09:53:00,2011-12-04 11:50:00,United Kingdom,0,Recent/Emerging Customers,511.12,3454.792592592593
16563,54,1,1077.74,1077.74,0,2011-10-17 11:51:00,2011-10-17 11:51:00,United Kingdom,0,Recent/Emerging Customers,1077.74,1077.74
16565,365,1,173.7,173.7,0,2010-12-10 15:21:00,2010-12-10 15:21:00,United Kingdom,2,At-Risk/Dormant Customers,173.7,173.7
16566,16,5,614.66,122.932,277,2011-02-20 10:29:00,2011-11-24 16:34:00,United Kingdom,1,Loyal Customers,614.66,809.931046931408
16567,195,2,865.6,432.8,142,2011-01-07 09:31:00,2011-05-29 13:57:00,United Kingdom,2,At-Risk/Dormant Customers,865.6,2224.957746478873
16569,4,1,124.2,124.2,0,2011-12-06 15:32:00,2011-12-06 15:32:00,United Kingdom,0,Recent/Emerging Customers,124.2,124.2
16570,16,10,3738.4,373.84,296,2011-02-01 10:37:00,2011-11-24 17:02:00,United Kingdom,3,Champions,3738.4,4609.851351351352
16571,27,3,1421.69,473.89666666666665,255,2011-03-03 09:41:00,2011-11-13 11:46:00,United Kingdom,1,Loyal Customers,1421.69,2034.9680392156863
16572,128,3,1009.6,336.5333333333333,148,2011-03-09 12:04:00,2011-08-04 16:34:00,United Kingdom,1,Loyal Customers,1009.6,2489.891891891892
16573,85,2,663.61,331.805,206,2011-02-22 15:14:00,2011-09-16 09:13:00,United Kingdom,2,At-Risk/Dormant Customers,663.61,1175.8138349514563
16574,72,1,451.44,451.44,0,2011-09-29 13:39:00,2011-09-29 13:39:00,United Kingdom,2,At-Risk/Dormant Customers,451.44,451.44
16581,183,1,105.84,105.84,0,2011-06-10 10:05:00,2011-06-10 10:05:00,United Kingdom,2,At-Risk/Dormant Customers,105.84,105.84
16582,114,1,313.62,313.62,0,2011-08-18 17:02:00,2011-08-18 17:02:00,United Kingdom,2,At-Risk/Dormant Customers,313.62,313.62
16583,374,1,233.45,233.45,0,2010-12-01 12:03:00,2010-12-01 12:03:00,United Kingdom,2,At-Risk/Dormant Customers,233.45,233.45
16584,81,2,936.08,468.04,174,2011-03-30 13:14:00,2011-09-20 13:45:00,United Kingdom,1,Loyal Customers,936.08,1963.6160919540232
16586,249,1,463.95,463.95,0,2011-04-05 09:32:00,2011-04-05 09:32:00,United Kingdom,2,At-Risk/Dormant Customers,463.95,463.95
16587,233,1,225.15,225.15,0,2011-04-21 15:51:00,2011-04-21 15:51:00,United Kingdom,2,At-Risk/Dormant Customers,225.15,225.15
16589,72,3,459.24,153.08,90,2011-07-01 13:31:00,2011-09-29 14:50:00,United Kingdom,1,Loyal Customers,459.24,1862.4733333333334
16591,69,1,213.5,213.5,0,2011-10-02 10:43:00,2011-10-02 10:43:00,United Kingdom,2,At-Risk/Dormant Customers,213.5,213.5
16592,5,16,4113.68,257.105,283,2011-02-25 10:19:00,2011-12-05 13:49:00,United Kingdom,3,Champions,4113.68,5305.629681978799
16593,51,3,330.03,110.01,277,2011-01-16 12:11:00,2011-10-20 12:41:00,United Kingdom,0,Recent/Emerging Customers,330.03,434.87707581227437
16594,76,1,181.09,181.09,0,2011-09-25 14:08:00,2011-09-25 14:08:00,United Kingdom,2,At-Risk/Dormant Customers,181.09,181.09
16595,62,1,360.16,360.16,0,2011-10-09 13:15:00,2011-10-09 13:15:00,United Kingdom,2,At-Risk/Dormant Customers,360.16,360.16
16596,16,2,250.15,125.075,351,2010-12-08 16:18:00,2011-11-24 10:02:00,United Kingdom,0,Recent/Emerging Customers,250.15,260.1274928774929
16597,5,1,90.04,90.04,0,2011-12-05 15:44:00,2011-12-05 15:44:00,United Kingdom,0,Recent/Emerging Customers,90.04,90.04
16598,286,1,145.05,145.05,0,2011-02-27 11:42:00,2011-02-27 11:42:00,United Kingdom,2,At-Risk/Dormant Customers,145.05,145.05
16600,5,6,813.52,135.58666666666667,334,2011-01-05 12:13:00,2011-12-05 16:00:00,United Kingdom,3,Champions,813.52,889.0263473053891
16601,41,1,242.7,242.7,0,2011-10-30 11:09:00,2011-10-30 11:09:00,United Kingdom,0,Recent/Emerging Customers,242.7,242.7
16602,37,1,528.08,528.08,0,2011-11-03 15:54:00,2011-11-03 15:54:00,United Kingdom,0,Recent/Emerging Customers,528.08,528.08
16603,75,2,482.47,241.235,17,2011-09-09 13:02:00,2011-09-26 10:06:00,United Kingdom,2,At-Risk/Dormant Customers,482.47,482.47
16607,18,14,3347.71,239.12214285714285,341,2010-12-16 08:41:00,2011-11-22 10:24:00,United Kingdom,3,Champions,3347.71,3583.325953079179
16609,16,7,5493.46,784.78,237,2011-04-01 10:11:00,2011-11-24 13:32:00,United Kingdom,3,Champions,5493.46,8460.391983122363
16610,220,1,75.66,75.66,0,2011-05-04 13:13:00,2011-05-04 13:13:00,United Kingdom,2,At-Risk/Dormant Customers,75.66,75.66
16611,187,1,129.49,129.49,0,2011-06-06 15:46:00,2011-06-06 15:46:00,United Kingdom,2,At-Risk/Dormant Customers,129.49,129.49
16612,33,4,1187.66,296.915,279,2011-02-01 10:38:00,2011-11-07 07:38:00,United Kingdom,1,Loyal Customers,1187.66,1553.7487455197133
16613,71,1,618.59,618.59,0,2011-09-30 15:52:00,2011-09-30 15:52:00,United Kingdom,2,At-Risk/Dormant Customers,618.59,618.59
16614,183,1,506.19,506.19,0,2011-06-10 11:36:00,2011-06-10 11:36:00,United Kingdom,2,At-Risk/Dormant Customers,506.19,506.19
16616,16,2,500.42,250.21,142,2011-07-05 13:38:00,2011-11-24 16:31:00,United Kingdom,0,Recent/Emerging Customers,500.42,1286.2908450704226
16617,236,1,151.85,151.85,0,2011-04-18 10:35:00,2011-04-18 10:35:00,United Kingdom,2,At-Risk/Dormant Customers,151.85,151.85
16618,32,5,2647.59,529.518,291,2011-01-21 11:55:00,2011-11-08 13:52:00,United Kingdom,1,Loyal Customers,2647.59,3320.8603092783505
16619,264,1,226.21,226.21,0,2011-03-21 08:18:00,2011-03-21 08:18:00,United Kingdom,2,At-Risk/Dormant Customers,226.21,226.21
16620,4,2,178.96,89.48,257,2011-03-24 10:37:00,2011-12-06 12:19:00,United Kingdom,0,Recent/Emerging Customers,178.96,254.1649805447471
16621,52,4,813.48,203.37,226,2011-03-07 11:32:00,2011-10-19 11:38:00,United Kingdom,1,Loyal Customers,813.48,1313.8061946902656
16623,246,1,129.45,129.45,0,2011-04-08 10:09:00,2011-04-08 10:09:00,United Kingdom,2,At-Risk/Dormant Customers,129.45,129.45
16624,81,2,810.57,405.285,117,2011-05-26 14:20:00,2011-09-20 12:39:00,United Kingdom,1,Loyal Customers,810.57,2528.7012820512823
16625,275,1,333.08,333.08,0,2011-03-10 12:50:00,2011-03-10 12:50:00,United Kingdom,2,At-Risk/Dormant Customers,333.08,333.08
16626,1,17,4413.1,259.5941176470588,266,2011-03-18 12:27:00,2011-12-09 11:56:00,United Kingdom,3,Champions,4413.1,6055.56954887218
16627,80,1,322.8,322.8,0,2011-09-21 14:38:00,2011-09-21 14:38:00,United Kingdom,2,At-Risk/Dormant Customers,322.8,322.8
16628,30,5,2188.05,437.61,205,2011-04-19 08:55:00,2011-11-10 12:45:00,United Kingdom,1,Loyal Customers,2188.05,3895.796341463415
16629,74,2,408.63,204.315,23,2011-09-04 16:12:00,2011-09-27 10:34:00,United Kingdom,2,At-Risk/Dormant Customers,408.63,408.63
16633,18,6,2883.1,480.51666666666665,217,2011-04-19 14:36:00,2011-11-22 13:41:00,United Kingdom,3,Champions,2883.1,4849.4539170506905
16634,223,2,217.9,108.95,150,2010-12-02 17:41:00,2011-05-01 12:09:00,United Kingdom,2,At-Risk/Dormant Customers,217.9,530.2233333333334
16637,33,4,1154.47,288.6175,193,2011-04-28 10:20:00,2011-11-07 13:17:00,United Kingdom,1,Loyal Customers,1154.47,2183.324093264249
16638,23,10,1680.72,168.072,346,2010-12-06 10:19:00,2011-11-17 11:09:00,United Kingdom,3,Champions,1680.72,1773.0138728323698
16639,32,3,1257.51,419.17,204,2011-04-18 09:31:00,2011-11-08 13:20:00,United Kingdom,1,Loyal Customers,1257.51,2249.956617647059
16641,106,1,231.1,231.1,0,2011-08-26 12:49:00,2011-08-26 12:49:00,United Kingdom,2,At-Risk/Dormant Customers,231.1,231.1
16642,5,2,688.33,344.165,203,2011-05-16 12:35:00,2011-12-05 11:31:00,United Kingdom,0,Recent/Emerging Customers,688.33,1237.637684729064
16643,246,1,487.51,487.51,0,2011-04-08 08:24:00,2011-04-08 08:24:00,United Kingdom,2,At-Risk/Dormant Customers,487.51,487.51
16644,178,2,833.78,416.89,35,2011-05-11 12:53:00,2011-06-15 12:39:00,United Kingdom,2,At-Risk/Dormant Customers,833.78,8695.134285714286
16647,170,2,214.06,107.03,35,2011-05-19 09:31:00,2011-06-23 11:47:00,United Kingdom,2,At-Risk/Dormant Customers,214.06,2232.34
16648,43,1,290.66,290.66,0,2011-10-28 08:58:00,2011-10-28 08:58:00,United Kingdom,0,Recent/Emerging Customers,290.66,290.66
16650,72,1,518.42,518.42,0,2011-09-29 09:51:00,2011-09-29 09:51:00,United Kingdom,2,At-Risk/Dormant Customers,518.42,518.42
16652,59,7,6773.97,967.71,215,2011-03-11 13:13:00,2011-10-12 09:38:00,United Kingdom,1,Loyal Customers,6773.97,11499.99558139535
16653,17,2,1212.66,606.33,55,2011-09-29 13:38:00,2011-11-23 14:51:00,United Kingdom,0,Recent/Emerging Customers,1212.66,8047.652727272728
16654,142,4,601.27,150.3175,227,2010-12-06 15:09:00,2011-07-21 15:23:00,United Kingdom,1,Loyal Customers,601.27,966.7997797356828
16655,18,6,3789.52,631.5866666666666,314,2011-01-12 10:16:00,2011-11-22 11:25:00,United Kingdom,3,Champions,3789.52,4405.015286624204
16656,23,15,8625.8,575.0533333333333,342,2010-12-10 11:23:00,2011-11-17 14:43:00,United Kingdom,3,Champions,8625.8,9205.897660818711
16657,10,4,874.43,218.6075,245,2011-03-30 12:02:00,2011-11-30 11:48:00,United Kingdom,0,Recent/Emerging Customers,874.43,1302.7222448979592
16658,369,1,123.24,123.24,0,2010-12-06 13:47:00,2010-12-06 13:47:00,United Kingdom,2,At-Risk/Dormant Customers,123.24,123.24
16659,190,1,39.12,39.12,0,2011-06-03 15:03:00,2011-06-03 15:03:00,United Kingdom,2,At-Risk/Dormant Customers,39.12,39.12
16660,17,4,1267.65,316.9125,303,2011-01-24 12:44:00,2011-11-23 14:53:00,United Kingdom,1,Loyal Customers,1267.65,1527.0371287128714
16665,363,1,135.4,135.4,0,2010-12-12 14:03:00,2010-12-12 14:03:00,United Kingdom,2,At-Risk/Dormant Customers,135.4,135.4
16666,20,1,118.98,118.98,0,2011-11-20 14:01:00,2011-11-20 14:01:00,United Kingdom,0,Recent/Emerging Customers,118.98,118.98
16667,69,2,567.18,283.59,216,2011-02-28 12:57:00,2011-10-02 15:26:00,United Kingdom,2,At-Risk/Dormant Customers,567.18,958.4291666666667
16668,16,6,306.72,51.12,269,2011-02-28 12:46:00,2011-11-24 17:43:00,United Kingdom,0,Recent/Emerging Customers,306.72,416.18141263940527
16669,24,3,1348.88,449.62666666666667,55,2011-09-22 14:13:00,2011-11-16 12:26:00,United Kingdom,1,Loyal Customers,1348.88,8951.658181818182
16670,17,11,4095.9,372.35454545454553,342,2010-12-16 10:30:00,2011-11-23 09:34:00,United Kingdom,3,Champions,4095.9,4371.355263157894
16671,29,3,1692.27,564.09,136,2011-06-28 11:20:00,2011-11-11 13:40:00,United Kingdom,1,Loyal Customers,1692.27,4541.754044117647
16672,3,20,8134.94,406.747,264,2011-03-18 10:15:00,2011-12-07 16:29:00,United Kingdom,3,Champions,8134.94,11247.170833333334
16674,55,2,304.24,152.12,44,2011-09-02 13:59:00,2011-10-16 11:31:00,United Kingdom,0,Recent/Emerging Customers,304.24,2523.8090909090906
16676,34,4,1592.12,398.03,304,2011-01-06 13:00:00,2011-11-06 12:01:00,United Kingdom,1,Loyal Customers,1592.12,1911.5914473684209
16678,3,12,3109.99,259.1658333333333,280,2011-03-02 09:24:00,2011-12-07 12:17:00,United Kingdom,3,Champions,3109.99,4054.094107142857
16679,367,1,129.75,129.75,0,2010-12-08 13:51:00,2010-12-08 13:51:00,United Kingdom,2,At-Risk/Dormant Customers,129.75,129.75
16680,44,1,183.7,183.7,0,2011-10-27 17:35:00,2011-10-27 17:35:00,United Kingdom,0,Recent/Emerging Customers,183.7,183.7
16681,73,6,1770.34,295.0566666666666,181,2011-03-31 13:46:00,2011-09-28 11:11:00,United Kingdom,1,Loyal Customers,1770.34,3570.0226519337016
16682,5,5,1028.0,205.6,183,2011-06-05 11:02:00,2011-12-05 12:13:00,United Kingdom,3,Champions,1028.0,2050.382513661202
16684,5,28,66653.56,2380.4842857142858,354,2010-12-16 17:34:00,2011-12-05 14:06:00,United Kingdom,3,Champions,66653.56,68724.71581920904
16685,62,2,324.24,162.12,0,2011-10-09 13:44:00,2011-10-09 13:58:00,United Kingdom,2,At-Risk/Dormant Customers,324.24,324.24
16686,48,7,2959.88,422.84,308,2010-12-19 14:41:00,2011-10-23 13:49:00,United Kingdom,1,Loyal Customers,2959.88,3507.6500000000005
16688,2,4,1260.86,315.215,59,2011-10-10 12:23:00,2011-12-08 15:24:00,United Kingdom,3,Champions,1260.86,7800.235593220339
16689,76,2,422.6,211.3,7,2011-09-18 13:29:00,2011-09-25 11:39:00,United Kingdom,2,At-Risk/Dormant Customers,422.6,422.6
16690,73,2,225.58,112.79,129,2011-05-22 10:53:00,2011-09-28 15:02:00,United Kingdom,2,At-Risk/Dormant Customers,225.58,638.2689922480621
16692,257,2,1276.0,638.0,33,2011-02-23 15:41:00,2011-03-28 14:46:00,United Kingdom,2,At-Risk/Dormant Customers,1276.0,14113.333333333334
16693,69,2,477.86,238.93,203,2011-03-13 11:06:00,2011-10-02 11:10:00,United Kingdom,2,At-Risk/Dormant Customers,477.86,859.2064039408867
16696,136,4,657.9,164.475,113,2011-04-05 15:20:00,2011-07-27 14:23:00,United Kingdom,1,Loyal Customers,657.9,2125.075221238938
16697,242,1,112.75,112.75,0,2011-04-12 17:12:00,2011-04-12 17:12:00,United Kingdom,2,At-Risk/Dormant Customers,112.75,112.75
16698,227,2,1998.0,999.0,27,2011-03-31 13:33:00,2011-04-27 10:52:00,United Kingdom,1,Loyal Customers,1998.0,1998.0
16700,9,13,5076.55,390.50384615384615,358,2010-12-08 16:34:00,2011-12-01 11:00:00,United Kingdom,3,Champions,5076.55,5175.812150837989
16701,9,13,5398.3,415.25384615384615,353,2010-12-13 11:51:00,2011-12-01 11:10:00,United Kingdom,3,Champions,5398.3,5581.811614730878
16705,1,20,14034.99,701.7495,358,2010-12-16 10:51:00,2011-12-09 12:08:00,United Kingdom,3,Champions,14034.99,14309.41717877095
16706,38,3,531.35,177.11666666666665,77,2011-08-17 15:53:00,2011-11-02 13:50:00,United Kingdom,0,Recent/Emerging Customers,531.35,2518.7370129870133
16708,46,1,656.63,656.63,0,2011-10-25 12:20:00,2011-10-25 12:20:00,United Kingdom,0,Recent/Emerging Customers,656.63,656.63
16709,85,5,3029.87,605.974,197,2011-03-03 10:55:00,2011-09-16 10:56:00,United Kingdom,1,Loyal Customers,3029.87,5613.718527918782
16710,20,10,2467.99,246.799,349,2010-12-06 13:13:00,2011-11-20 14:50:00,United Kingdom,3,Champions,2467.99,2581.135673352435
16711,4,5,1651.03,330.206,354,2010-12-17 12:43:00,2011-12-06 16:32:00,United Kingdom,3,Champions,1651.03,1702.3331920903954
16712,10,11,3611.31,328.3009090909091,267,2011-03-08 15:07:00,2011-11-30 13:48:00,United Kingdom,3,Champions,3611.31,4936.809550561798
16713,19,15,6910.78,460.71866666666665,348,2010-12-08 13:01:00,2011-11-21 12:36:00,United Kingdom,3,Champions,6910.78,7248.375574712644
16714,219,3,1129.06,376.3533333333333,99,2011-01-26 13:40:00,2011-05-05 11:09:00,United Kingdom,1,Loyal Customers,1129.06,4162.69595959596
16715,79,1,301.72,301.72,0,2011-09-22 18:15:00,2011-09-22 18:15:00,United Kingdom,2,At-Risk/Dormant Customers,301.72,301.72
16716,267,2,901.2,450.6,45,2011-02-01 15:35:00,2011-03-18 10:03:00,United Kingdom,2,At-Risk/Dormant Customers,901.2,7309.733333333334
16717,24,6,3843.08,640.5133333333333,343,2010-12-08 16:48:00,2011-11-16 12:16:00,United Kingdom,1,Loyal Customers,3843.08,4089.5749271137024
16718,370,1,606.05,606.05,0,2010-12-05 13:03:00,2010-12-05 13:03:00,United Kingdom,2,At-Risk/Dormant Customers,606.05,606.05
16719,15,7,1770.22,252.88857142857145,354,2010-12-06 12:06:00,2011-11-25 09:27:00,United Kingdom,3,Champions,1770.22,1825.226836158192
16720,27,1,152.95,152.95,0,2011-11-13 16:22:00,2011-11-13 16:22:00,United Kingdom,0,Recent/Emerging Customers,152.95,152.95
16721,263,1,292.47,292.47,0,2011-03-22 16:08:00,2011-03-22 16:08:00,United Kingdom,2,At-Risk/Dormant Customers,292.47,292.47
16722,18,13,4730.81,363.9084615384615,351,2010-12-06 12:59:00,2011-11-22 13:28:00,United Kingdom,3,Champions,4730.81,4919.503276353277
16723,92,2,576.4,288.2,16,2011-08-24 11:31:00,2011-09-09 13:01:00,United Kingdom,2,At-Risk/Dormant Customers,576.4,576.4
16725,303,7,758.27,108.32428571428572,69,2010-12-03 16:02:00,2011-02-10 16:52:00,United Kingdom,1,Loyal Customers,758.27,4011.1384057971018
16726,27,5,1358.74,271.748,335,2010-12-13 13:28:00,2011-11-13 14:53:00,United Kingdom,1,Loyal Customers,1358.74,1480.418208955224
16727,365,1,256.32,256.32,0,2010-12-10 13:48:00,2010-12-10 13:48:00,United Kingdom,2,At-Risk/Dormant Customers,256.32,256.32
16728,47,4,1048.28,262.07,218,2011-03-20 13:28:00,2011-10-24 14:36:00,United Kingdom,1,Loyal Customers,1048.28,1755.1477064220185
16729,39,21,7205.33,343.1109523809524,203,2011-04-12 14:22:00,2011-11-01 14:29:00,United Kingdom,3,Champions,7205.33,12955.396305418719
16730,53,3,743.11,247.70333333333332,267,2011-01-24 14:01:00,2011-10-18 14:11:00,United Kingdom,1,Loyal Customers,743.11,1015.8619850187266
16732,32,1,603.75,603.75,0,2011-11-08 09:54:00,2011-11-08 09:54:00,United Kingdom,0,Recent/Emerging Customers,603.75,603.75
16734,53,3,646.76,215.58666666666664,62,2011-08-17 15:00:00,2011-10-18 13:44:00,United Kingdom,1,Loyal Customers,646.76,3807.538709677419
16735,79,5,2247.41,449.482,256,2011-01-09 12:53:00,2011-09-22 11:49:00,United Kingdom,1,Loyal Customers,2247.41,3204.3150390624996
16737,54,1,417.6,417.6,0,2011-10-17 13:03:00,2011-10-17 13:03:00,United Kingdom,2,At-Risk/Dormant Customers,417.6,417.6
16738,298,1,3.75,3.75,0,2011-02-15 09:46:00,2011-02-15 09:46:00,United Kingdom,2,At-Risk/Dormant Customers,3.75,3.75
16739,177,1,323.0,323.0,0,2011-06-16 09:17:00,2011-06-16 09:17:00,United Kingdom,2,At-Risk/Dormant Customers,323.0,323.0
16742,47,1,464.9,464.9,0,2011-10-24 12:02:00,2011-10-24 12:02:00,United Kingdom,0,Recent/Emerging Customers,464.9,464.9
16743,30,7,2213.13,316.1614285714286,329,2010-12-16 12:15:00,2011-11-10 13:13:00,United Kingdom,1,Loyal Customers,2213.13,2455.296200607903
16744,12,7,1291.91,184.55857142857144,162,2011-06-19 15:13:00,2011-11-28 13:06:00,United Kingdom,3,Champions,1291.91,2910.78487654321
16745,87,17,7180.7,422.3941176470588,225,2011-02-01 11:31:00,2011-09-14 11:58:00,United Kingdom,3,Champions,7180.7,11648.691111111111
16746,5,18,6680.11,371.11722222222227,354,2010-12-16 11:43:00,2011-12-05 12:33:00,United Kingdom,3,Champions,6680.11,6887.684039548022
16747,38,2,836.06,418.03,30,2011-10-03 10:18:00,2011-11-02 11:37:00,United Kingdom,0,Recent/Emerging Customers,836.06,10172.063333333332
16748,18,5,1515.9,303.18,317,2011-01-09 13:50:00,2011-11-22 10:17:00,United Kingdom,1,Loyal Customers,1515.9,1745.4369085173503
16750,45,5,623.93,124.786,188,2011-04-21 16:53:00,2011-10-26 12:48:00,United Kingdom,1,Loyal Customers,623.93,1211.3534574468083
16751,31,1,1764.72,1764.72,0,2011-11-09 10:48:00,2011-11-09 10:48:00,United Kingdom,0,Recent/Emerging Customers,1764.72,1764.72
16752,373,1,207.5,207.5,0,2010-12-02 12:18:00,2010-12-02 12:18:00,United Kingdom,2,At-Risk/Dormant Customers,207.5,207.5
16753,59,1,223.92,223.92,0,2011-10-12 13:14:00,2011-10-12 13:14:00,United Kingdom,2,At-Risk/Dormant Customers,223.92,223.92
16754,373,1,2002.4,2002.4,0,2010-12-02 17:38:00,2010-12-02 17:38:00,United Kingdom,2,At-Risk/Dormant Customers,2002.4,2002.4
16755,115,3,1475.43,491.81,201,2011-01-28 10:47:00,2011-08-17 13:21:00,United Kingdom,1,Loyal Customers,1475.43,2679.2634328358213
16756,215,1,239.4,239.4,0,2011-05-09 09:33:00,2011-05-09 09:33:00,United Kingdom,2,At-Risk/Dormant Customers,239.4,239.4
16757,319,1,106.83,106.83,0,2011-01-25 11:59:00,2011-01-25 11:59:00,United Kingdom,2,At-Risk/Dormant Customers,106.83,106.83
16758,66,1,369.34,369.34,0,2011-10-05 14:47:00,2011-10-05 14:47:00,United Kingdom,2,At-Risk/Dormant Customers,369.34,369.34
16759,8,3,789.79,263.2633333333333,23,2011-11-09 09:06:00,2011-12-02 12:42:00,United Kingdom,0,Recent/Emerging Customers,789.79,789.79
16761,97,1,316.62,316.62,0,2011-09-04 11:15:00,2011-09-04 11:15:00,United Kingdom,2,At-Risk/Dormant Customers,316.62,316.62
16762,20,3,1207.24,402.4133333333333,125,2011-07-18 12:52:00,2011-11-20 11:43:00,United Kingdom,1,Loyal Customers,1207.24,3525.1408
16763,199,1,611.85,611.85,0,2011-05-25 11:52:00,2011-05-25 11:52:00,United Kingdom,2,At-Risk/Dormant Customers,611.85,611.85
16764,4,13,2790.95,214.68846153846155,140,2011-07-19 17:17:00,2011-12-06 11:41:00,United Kingdom,3,Champions,2790.95,7276.405357142857
16765,295,1,34.0,34.0,0,2011-02-18 15:41:00,2011-02-18 15:41:00,United Kingdom,2,At-Risk/Dormant Customers,34.0,34.0
16766,274,2,1145.6,572.8,0,2011-03-11 13:34:00,2011-03-11 15:22:00,United Kingdom,2,At-Risk/Dormant Customers,1145.6,1145.6
16767,31,11,5575.56,506.86909090909086,286,2011-01-27 13:38:00,2011-11-09 09:42:00,United Kingdom,3,Champions,5575.56,7115.662237762239
16768,48,3,478.09,159.36333333333332,224,2011-03-13 10:25:00,2011-10-23 10:38:00,United Kingdom,1,Loyal Customers,478.09,779.0305803571429
16769,261,1,361.54,361.54,0,2011-03-24 13:41:00,2011-03-24 13:41:00,United Kingdom,2,At-Risk/Dormant Customers,361.54,361.54
16770,58,5,757.1,151.42,315,2010-12-02 15:49:00,2011-10-13 12:21:00,United Kingdom,1,Loyal Customers,757.1,877.2746031746033
16771,34,5,2242.61,448.522,305,2011-01-05 13:57:00,2011-11-06 13:28:00,United Kingdom,1,Loyal Customers,2242.61,2683.779180327869
16773,58,1,171.59,171.59,0,2011-10-13 14:37:00,2011-10-13 14:37:00,United Kingdom,2,At-Risk/Dormant Customers,171.59,171.59
16774,68,4,661.52,165.38,111,2011-06-14 12:45:00,2011-10-03 12:41:00,United Kingdom,1,Loyal Customers,661.52,2175.2684684684687
16775,11,11,1691.51,153.77363636363637,357,2010-12-07 15:15:00,2011-11-29 15:22:00,United Kingdom,3,Champions,1691.51,1729.4149859943975
16776,61,1,371.54,371.54,0,2011-10-10 13:04:00,2011-10-10 13:04:00,United Kingdom,2,At-Risk/Dormant Customers,371.54,371.54
16777,81,2,222.62,111.31,177,2011-03-27 14:34:00,2011-09-20 13:41:00,United Kingdom,2,At-Risk/Dormant Customers,222.62,459.07514124293783
16778,75,2,245.94,122.97,200,2011-03-10 15:21:00,2011-09-26 13:48:00,United Kingdom,2,At-Risk/Dormant Customers,245.94,448.84049999999996
16779,3,22,10611.72,482.35090909090906,364,2010-12-08 09:56:00,2011-12-07 14:54:00,United Kingdom,3,Champions,10611.72,10640.873076923077
16780,101,2,422.24,211.12,159,2011-03-25 17:34:00,2011-08-31 16:09:00,United Kingdom,2,At-Risk/Dormant Customers,422.24,969.2930817610064
16781,373,1,311.25,311.25,0,2010-12-02 14:26:00,2010-12-02 14:26:00,United Kingdom,2,At-Risk/Dormant Customers,311.25,311.25
16782,11,13,2267.95,174.4576923076923,355,2010-12-09 11:28:00,2011-11-29 13:20:00,United Kingdom,3,Champions,2267.95,2331.8359154929576
16784,20,1,107.6,107.6,0,2011-11-20 12:20:00,2011-11-20 12:20:00,United Kingdom,0,Recent/Emerging Customers,107.6,107.6
16788,124,2,594.39,297.195,131,2011-03-30 13:05:00,2011-08-08 14:53:00,United Kingdom,2,At-Risk/Dormant Customers,594.39,1656.1248091603054
16789,9,1,80.8,80.8,0,2011-12-01 15:12:00,2011-12-01 15:12:00,United Kingdom,0,Recent/Emerging Customers,80.8,80.8
16790,4,6,1545.62,257.6033333333333,34,2011-11-02 11:23:00,2011-12-06 11:53:00,United Kingdom,3,Champions,1545.62,16592.685294117644
16791,30,7,1705.78,243.68285714285716,303,2011-01-11 15:42:00,2011-11-10 19:12:00,United Kingdom,1,Loyal Customers,1705.78,2054.817491749175
16792,283,2,110.38,55.19,0,2011-03-02 14:39:00,2011-03-02 14:41:00,United Kingdom,2,At-Risk/Dormant Customers,110.38,110.38
16793,58,1,243.84,243.84,0,2011-10-13 15:08:00,2011-10-13 15:08:00,United Kingdom,2,At-Risk/Dormant Customers,243.84,243.84
16794,2,10,1196.5,119.65,179,2011-06-12 14:15:00,2011-12-08 17:54:00,United Kingdom,3,Champions,1196.5,2439.790502793296
16795,366,1,414.88,414.88,0,2010-12-09 14:08:00,2010-12-09 14:08:00,United Kingdom,2,At-Risk/Dormant Customers,414.88,414.88
16796,90,1,305.62,305.62,0,2011-09-11 14:01:00,2011-09-11 14:01:00,United Kingdom,2,At-Risk/Dormant Customers,305.62,305.62
16800,12,1,1162.65,1162.65,0,2011-11-28 14:06:00,2011-11-28 14:06:00,United Kingdom,0,Recent/Emerging Customers,1162.65,1162.65
16801,164,4,1594.23,398.5575,110,2011-03-11 13:56:00,2011-06-29 15:33:00,United Kingdom,1,Loyal Customers,1594.23,5289.945000000001
16803,66,1,332.3,332.3,0,2011-10-05 14:28:00,2011-10-05 14:28:00,United Kingdom,2,At-Risk/Dormant Customers,332.3,332.3
16804,24,3,536.99,178.99666666666667,247,2011-03-14 15:48:00,2011-11-16 16:43:00,United Kingdom,0,Recent/Emerging Customers,536.99,793.5277327935223
16805,174,2,460.59,230.295,187,2010-12-14 13:35:00,2011-06-19 11:23:00,United Kingdom,2,At-Risk/Dormant Customers,460.59,899.0125668449198
16806,104,4,762.16,190.54,136,2011-04-14 19:59:00,2011-08-28 15:27:00,United Kingdom,1,Loyal Customers,762.16,2045.5029411764704
16807,143,3,1121.59,373.8633333333333,128,2011-03-14 09:46:00,2011-07-20 12:00:00,United Kingdom,1,Loyal Customers,1121.59,3198.283984375
16808,100,2,288.42,144.21,175,2011-03-10 19:05:00,2011-09-01 19:34:00,United Kingdom,2,At-Risk/Dormant Customers,288.42,601.5617142857144
16809,24,5,914.69,182.938,239,2011-03-22 15:20:00,2011-11-16 15:45:00,United Kingdom,1,Loyal Customers,914.69,1396.9115062761507
16810,193,1,309.54,309.54,0,2011-05-31 15:32:00,2011-05-31 15:32:00,United Kingdom,2,At-Risk/Dormant Customers,309.54,309.54
16811,5,2,547.07,273.535,13,2011-11-22 17:19:00,2011-12-05 11:39:00,United Kingdom,0,Recent/Emerging Customers,547.07,547.07
16812,361,1,479.35,479.35,0,2010-12-14 12:35:00,2010-12-14 12:35:00,United Kingdom,2,At-Risk/Dormant Customers,479.35,479.35
16813,9,10,1652.18,165.218,196,2011-05-19 13:28:00,2011-12-01 14:03:00,United Kingdom,3,Champions,1652.18,3076.763775510204
16814,15,21,6416.7,305.5571428571428,355,2010-12-05 11:45:00,2011-11-25 13:27:00,United Kingdom,3,Champions,6416.7,6597.452112676056
16816,104,4,417.06,104.265,255,2010-12-16 17:01:00,2011-08-28 14:16:00,United Kingdom,1,Loyal Customers,417.06,596.9682352941177
16817,3,9,1604.75,178.30555555555557,366,2010-12-06 14:19:00,2011-12-07 11:03:00,United Kingdom,3,Champions,1604.75,1600.3654371584698
16818,11,11,3349.57,304.50636363636363,195,2011-05-18 11:42:00,2011-11-29 10:41:00,United Kingdom,3,Champions,3349.57,6269.707948717949
16820,96,1,497.61,497.61,0,2011-09-05 12:06:00,2011-09-05 12:06:00,United Kingdom,2,At-Risk/Dormant Customers,497.61,497.61
16823,228,1,358.38,358.38,0,2011-04-26 15:00:00,2011-04-26 15:00:00,United Kingdom,2,At-Risk/Dormant Customers,358.38,358.38
16824,16,2,460.64,230.32,149,2011-06-28 13:36:00,2011-11-24 12:38:00,United Kingdom,0,Recent/Emerging Customers,460.64,1128.413422818792
16825,39,2,775.18,387.59,147,2011-06-07 09:44:00,2011-11-01 11:51:00,United Kingdom,0,Recent/Emerging Customers,775.18,1924.7666666666664
16826,52,1,341.7,341.7,0,2011-10-19 14:05:00,2011-10-19 14:05:00,United Kingdom,2,At-Risk/Dormant Customers,341.7,341.7
16828,94,2,128.5,64.25,19,2011-08-19 13:24:00,2011-09-07 15:10:00,United Kingdom,2,At-Risk/Dormant Customers,128.5,128.5
16829,157,1,197.22,197.22,0,2011-07-06 10:48:00,2011-07-06 10:48:00,United Kingdom,2,At-Risk/Dormant Customers,197.22,197.22
16830,39,1,325.91,325.91,0,2011-11-01 11:35:00,2011-11-01 11:35:00,United Kingdom,0,Recent/Emerging Customers,325.91,325.91
16832,185,3,199.15,66.38333333333333,33,2011-05-06 14:12:00,2011-06-08 15:36:00,United Kingdom,2,At-Risk/Dormant Customers,199.15,2202.719696969697
16833,2,4,1106.53,276.6325,333,2011-01-09 13:02:00,2011-12-08 14:39:00,United Kingdom,0,Recent/Emerging Customers,1106.53,1212.8632132132132
16834,228,1,413.46,413.46,0,2011-04-26 09:37:00,2011-04-26 09:37:00,United Kingdom,2,At-Risk/Dormant Customers,413.46,413.46
16835,129,2,180.85,90.425,245,2010-12-01 17:15:00,2011-08-03 13:50:00,United Kingdom,2,At-Risk/Dormant Customers,180.85,269.4295918367347
16836,40,2,251.87,125.935,77,2011-08-15 12:38:00,2011-10-31 10:05:00,United Kingdom,0,Recent/Emerging Customers,251.87,1193.929220779221
16837,32,11,3170.98,288.2709090909091,214,2011-04-08 08:48:00,2011-11-08 14:27:00,United Kingdom,3,Champions,3170.98,5408.447196261683
16838,198,2,588.85,294.425,91,2011-02-24 15:01:00,2011-05-26 13:13:00,United Kingdom,2,At-Risk/Dormant Customers,588.85,2361.870879120879
16839,9,34,16594.35,488.0691176470588,361,2010-12-05 11:15:00,2011-12-01 09:03:00,United Kingdom,3,Champions,16594.35,16778.22091412742
16841,37,6,1869.82,311.63666666666666,251,2011-02-25 12:40:00,2011-11-03 11:51:00,United Kingdom,1,Loyal Customers,1869.82,2719.060956175299
16842,101,3,1264.19,421.39666666666665,202,2011-02-10 14:51:00,2011-08-31 10:42:00,United Kingdom,1,Loyal Customers,1264.19,2284.303712871287
16843,43,16,10196.57,637.285625,285,2011-01-16 16:10:00,2011-10-28 09:06:00,United Kingdom,3,Champions,10196.57,13058.765087719297
16846,51,1,214.32,214.32,0,2011-10-20 13:55:00,2011-10-20 13:55:00,United Kingdom,2,At-Risk/Dormant Customers,214.32,214.32
16847,44,1,193.44,193.44,0,2011-10-27 13:29:00,2011-10-27 13:29:00,United Kingdom,0,Recent/Emerging Customers,193.44,193.44
16848,53,1,281.42,281.42,0,2011-10-18 08:42:00,2011-10-18 08:42:00,United Kingdom,2,At-Risk/Dormant Customers,281.42,281.42
16849,187,1,124.57,124.57,0,2011-06-06 09:16:00,2011-06-06 09:16:00,United Kingdom,2,At-Risk/Dormant Customers,124.57,124.57
16850,334,1,332.41,332.41,0,2011-01-10 11:09:00,2011-01-10 11:09:00,United Kingdom,2,At-Risk/Dormant Customers,332.41,332.41
16851,5,3,342.45,114.15,47,2011-10-19 09:48:00,2011-12-05 13:32:00,United Kingdom,0,Recent/Emerging Customers,342.45,2659.452127659574
16852,11,2,144.91,72.455,166,2011-06-16 15:49:00,2011-11-29 13:22:00,United Kingdom,0,Recent/Emerging Customers,144.91,318.6274096385542
16855,24,2,328.4,164.2,20,2011-10-27 16:31:00,2011-11-16 12:03:00,United Kingdom,0,Recent/Emerging Customers,328.4,328.4
16856,15,1,35.4,35.4,0,2011-11-25 08:59:00,2011-11-25 08:59:00,United Kingdom,0,Recent/Emerging Customers,35.4,35.4
16858,369,1,375.69,375.69,0,2010-12-06 09:52:00,2010-12-06 09:52:00,United Kingdom,2,At-Risk/Dormant Customers,375.69,375.69
16859,145,2,747.81,373.905,117,2011-03-23 13:39:00,2011-07-18 12:19:00,United Kingdom,2,At-Risk/Dormant Customers,747.81,2332.9115384615384
16861,60,2,173.76,86.88,99,2011-07-04 15:38:00,2011-10-11 09:05:00,United Kingdom,2,At-Risk/Dormant Customers,173.76,640.630303030303
16863,32,2,502.8,251.4,335,2010-12-08 08:58:00,2011-11-08 15:26:00,United Kingdom,0,Recent/Emerging Customers,502.8,547.8268656716418
16866,141,3,207.74,69.24666666666667,21,2011-07-01 12:34:00,2011-07-22 10:06:00,United Kingdom,2,At-Risk/Dormant Customers,207.74,207.74
16869,23,4,817.12,204.28,153,2011-06-17 13:01:00,2011-11-17 12:02:00,United Kingdom,1,Loyal Customers,817.12,1949.3385620915033
16871,23,6,2812.34,468.7233333333333,248,2011-03-14 10:31:00,2011-11-17 19:27:00,United Kingdom,1,Loyal Customers,2812.34,4139.129435483871
16872,78,3,680.02,226.67333333333332,107,2011-06-08 14:32:00,2011-09-23 16:05:00,United Kingdom,1,Loyal Customers,680.02,2319.6943925233645
16873,5,6,7123.62,1187.27,360,2010-12-10 15:45:00,2011-12-05 12:05:00,United Kingdom,3,Champions,7123.62,7222.559166666666
16875,68,5,2095.53,419.106,272,2011-01-04 10:37:00,2011-10-03 13:39:00,United Kingdom,1,Loyal Customers,2095.53,2812.0163602941175
16877,13,6,846.62,141.10333333333332,196,2011-05-15 16:13:00,2011-11-27 13:47:00,United Kingdom,1,Loyal Customers,846.62,1576.613775510204
16878,85,1,13.3,13.3,0,2011-09-16 17:39:00,2011-09-16 17:39:00,United Kingdom,2,At-Risk/Dormant Customers,13.3,13.3
16880,31,7,1491.43,213.06142857142856,159,2011-06-03 16:45:00,2011-11-09 11:33:00,United Kingdom,1,Loyal Customers,1491.43,3423.722955974843
16881,67,1,432.0,432.0,0,2011-10-04 10:33:00,2011-10-04 10:33:00,United Kingdom,2,At-Risk/Dormant Customers,432.0,432.0
16882,67,3,705.12,235.04,251,2011-01-26 17:43:00,2011-10-04 10:42:00,United Kingdom,1,Loyal Customers,705.12,1025.373705179283
16883,188,2,272.48,136.24,184,2010-12-03 10:33:00,2011-06-05 12:51:00,United Kingdom,2,At-Risk/Dormant Customers,272.48,540.5173913043478
16884,38,2,429.84,214.92,0,2011-11-02 10:16:00,2011-11-02 11:52:00,United Kingdom,0,Recent/Emerging Customers,429.84,429.84
16885,16,3,450.41,150.13666666666666,342,2010-12-17 17:23:00,2011-11-24 13:40:00,United Kingdom,0,Recent/Emerging Customers,450.41,480.700730994152
16887,36,1,192.33,192.33,0,2011-11-04 14:07:00,2011-11-04 14:07:00,United Kingdom,0,Recent/Emerging Customers,192.33,192.33
16889,195,3,1578.67,526.2233333333332,142,2011-01-07 10:47:00,2011-05-29 11:05:00,United Kingdom,1,Loyal Customers,1578.67,4057.848943661972
16891,2,5,742.43,148.486,370,2010-12-03 11:35:00,2011-12-08 11:15:00,United Kingdom,0,Recent/Emerging Customers,742.43,732.3971621621621
16892,2,5,518.19,103.638,182,2011-06-09 11:35:00,2011-12-08 13:18:00,United Kingdom,0,Recent/Emerging Customers,518.19,1039.227197802198
16893,367,1,145.93,145.93,0,2010-12-08 12:06:00,2010-12-08 12:06:00,United Kingdom,2,At-Risk/Dormant Customers,145.93,145.93
16895,65,1,202.27,202.27,0,2011-10-06 12:15:00,2011-10-06 12:15:00,United Kingdom,2,At-Risk/Dormant Customers,202.27,202.27
16897,300,2,289.78,144.89,14,2011-01-30 11:52:00,2011-02-13 15:02:00,United Kingdom,2,At-Risk/Dormant Customers,289.78,289.78
16898,27,3,501.03,167.01,342,2010-12-06 12:23:00,2011-11-13 15:44:00,United Kingdom,0,Recent/Emerging Customers,501.03,534.7249999999999
16899,8,6,1271.06,211.84333333333333,353,2010-12-14 13:11:00,2011-12-02 12:03:00,United Kingdom,3,Champions,1271.06,1314.268838526912
16900,17,3,887.11,295.7033333333333,47,2011-10-07 13:17:00,2011-11-23 10:32:00,United Kingdom,0,Recent/Emerging Customers,887.11,6889.258510638298
16902,117,1,1706.88,1706.88,0,2011-08-15 14:17:00,2011-08-15 14:17:00,United Kingdom,1,Loyal Customers,1706.88,1706.88
16903,30,1,363.2,363.2,0,2011-11-10 15:32:00,2011-11-10 15:32:00,United Kingdom,0,Recent/Emerging Customers,363.2,363.2
16904,5,16,3653.75,228.359375,363,2010-12-07 13:29:00,2011-12-05 13:10:00,United Kingdom,3,Champions,3653.75,3673.8808539944907
16905,6,7,3037.6,433.9428571428571,366,2010-12-03 10:43:00,2011-12-04 14:01:00,United Kingdom,3,Champions,3037.6,3029.3005464480875
16906,82,4,559.59,139.8975,167,2011-04-05 12:30:00,2011-09-19 11:49:00,United Kingdom,1,Loyal Customers,559.59,1223.055988023952
16907,30,5,928.76,185.752,336,2010-12-09 16:52:00,2011-11-10 18:04:00,United Kingdom,1,Loyal Customers,928.76,1008.9208333333332
16909,73,1,379.14,379.14,0,2011-09-28 16:45:00,2011-09-28 16:45:00,United Kingdom,2,At-Risk/Dormant Customers,379.14,379.14
16910,5,8,1508.96,188.62,87,2011-09-09 14:14:00,2011-12-05 12:51:00,United Kingdom,3,Champions,1508.96,6330.6942528735635
16912,29,11,2555.58,232.32545454545453,295,2011-01-20 15:42:00,2011-11-11 12:18:00,United Kingdom,3,Champions,2555.58,3161.988813559322
16913,291,1,113.44,113.44,0,2011-02-22 12:56:00,2011-02-22 12:56:00,United Kingdom,2,At-Risk/Dormant Customers,113.44,113.44
16914,37,1,183.76,183.76,0,2011-11-03 15:27:00,2011-11-03 15:27:00,United Kingdom,0,Recent/Emerging Customers,183.76,183.76
16915,10,6,621.68,103.61333333333332,274,2011-03-01 09:52:00,2011-11-30 16:39:00,United Kingdom,1,Loyal Customers,621.68,828.1503649635036
16916,24,2,562.41,281.205,349,2010-12-02 13:14:00,2011-11-16 12:08:00,United Kingdom,0,Recent/Emerging Customers,562.41,588.1938395415472
16917,277,1,391.52,391.52,0,2011-03-08 11:55:00,2011-03-08 11:55:00,United Kingdom,2,At-Risk/Dormant Customers,391.52,391.52
16918,50,6,1068.82,178.13666666666666,268,2011-01-26 17:37:00,2011-10-21 12:50:00,United Kingdom,1,Loyal Customers,1068.82,1455.6690298507463
16919,157,11,2592.25,235.65909090909088,212,2010-12-06 12:52:00,2011-07-06 13:35:00,United Kingdom,1,Loyal Customers,2592.25,4463.071933962264
16921,62,1,154.18,154.18,0,2011-10-09 16:22:00,2011-10-09 16:22:00,United Kingdom,2,At-Risk/Dormant Customers,154.18,154.18
16923,13,19,7069.08,372.0568421052632,350,2010-12-12 11:06:00,2011-11-27 13:00:00,United Kingdom,3,Champions,7069.08,7372.040571428572
16924,22,3,829.89,276.63,63,2011-09-16 12:54:00,2011-11-18 12:53:00,United Kingdom,1,Loyal Customers,829.89,4808.092857142857
16926,372,1,230.25,230.25,0,2010-12-03 13:42:00,2010-12-03 13:42:00,United Kingdom,2,At-Risk/Dormant Customers,230.25,230.25
16927,116,3,543.05,181.01666666666665,246,2010-12-13 11:57:00,2011-08-16 11:10:00,United Kingdom,2,At-Risk/Dormant Customers,543.05,805.7449186991869
16928,81,17,2814.7,165.5705882352941,293,2010-12-01 15:21:00,2011-09-20 15:10:00,United Kingdom,3,Champions,2814.7,3506.366894197952
16929,4,7,1295.39,185.0557142857143,152,2011-07-07 12:39:00,2011-12-06 08:37:00,United Kingdom,3,Champions,1295.39,3110.640460526316
16930,27,3,378.89,126.29666666666667,42,2011-10-02 14:25:00,2011-11-13 16:13:00,United Kingdom,0,Recent/Emerging Customers,378.89,3292.7345238095236
16931,6,21,4554.87,216.89857142857144,364,2010-12-05 11:40:00,2011-12-04 13:15:00,United Kingdom,3,Champions,4554.87,4567.383379120879
16932,54,1,150.23,150.23,0,2011-10-17 14:12:00,2011-10-17 14:12:00,United Kingdom,2,At-Risk/Dormant Customers,150.23,150.23
16933,2,2,563.23,281.615,238,2011-04-14 13:33:00,2011-12-08 12:54:00,United Kingdom,0,Recent/Emerging Customers,563.23,863.7771008403362
16934,55,2,931.03,465.515,0,2011-10-16 12:25:00,2011-10-16 12:40:00,United Kingdom,1,Loyal Customers,931.03,931.03
16936,26,1,261.9,261.9,0,2011-11-14 11:04:00,2011-11-14 11:04:00,United Kingdom,0,Recent/Emerging Customers,261.9,261.9
16938,9,4,2711.68,677.92,300,2011-02-04 09:34:00,2011-12-01 10:20:00,United Kingdom,3,Champions,2711.68,3299.2106666666664
16940,53,3,3049.88,1016.6266666666666,237,2011-02-23 12:27:00,2011-10-18 13:15:00,United Kingdom,1,Loyal Customers,3049.88,4697.072573839663
16942,13,9,1904.99,211.66555555555556,215,2011-04-26 11:59:00,2011-11-27 12:40:00,United Kingdom,3,Champions,1904.99,3234.0527906976745
16943,212,3,816.73,272.24333333333334,107,2011-01-25 14:00:00,2011-05-12 11:57:00,United Kingdom,2,At-Risk/Dormant Customers,816.73,2786.0415887850468
16945,22,19,4345.5,228.71052631578948,337,2010-12-16 17:49:00,2011-11-18 11:39:00,United Kingdom,3,Champions,4345.5,4706.550445103858
16947,236,1,406.48,406.48,0,2011-04-18 09:38:00,2011-04-18 09:38:00,United Kingdom,2,At-Risk/Dormant Customers,406.48,406.48
16948,139,3,435.02,145.00666666666666,187,2011-01-18 10:58:00,2011-07-24 12:46:00,United Kingdom,2,At-Risk/Dormant Customers,435.02,849.1032085561498
16949,4,6,1286.27,214.37833333333333,313,2011-01-27 12:11:00,2011-12-06 11:07:00,United Kingdom,3,Champions,1286.27,1499.9634185303514
16950,57,3,1178.56,392.8533333333333,311,2010-12-07 15:20:00,2011-10-14 09:06:00,United Kingdom,1,Loyal Customers,1178.56,1383.197427652733
16951,135,3,1277.75,425.91666666666663,170,2011-02-08 14:58:00,2011-07-28 12:05:00,United Kingdom,1,Loyal Customers,1277.75,2743.404411764706
16952,110,2,167.61,83.805,0,2011-08-22 12:58:00,2011-08-22 13:03:00,United Kingdom,2,At-Risk/Dormant Customers,167.61,167.61
16953,31,1,20.8,20.8,0,2011-11-09 15:54:00,2011-11-09 15:54:00,United Kingdom,0,Recent/Emerging Customers,20.8,20.8
16954,1,9,2085.08,231.67555555555555,359,2010-12-15 10:41:00,2011-12-09 09:46:00,United Kingdom,3,Champions,2085.08,2119.928133704735
16955,185,4,518.67,129.6675,189,2010-12-01 13:31:00,2011-06-08 10:36:00,United Kingdom,2,At-Risk/Dormant Customers,518.67,1001.6642857142856
16956,18,1,308.74,308.74,0,2011-11-22 08:56:00,2011-11-22 08:56:00,United Kingdom,0,Recent/Emerging Customers,308.74,308.74
16957,240,2,416.64,208.32,42,2011-03-03 09:25:00,2011-04-14 13:56:00,United Kingdom,2,At-Risk/Dormant Customers,416.64,3620.7999999999997
16959,88,1,117.35,117.35,0,2011-09-13 15:03:00,2011-09-13 15:03:00,United Kingdom,2,At-Risk/Dormant Customers,117.35,117.35
16960,39,3,507.05,169.01666666666665,214,2011-04-01 11:54:00,2011-11-01 11:35:00,United Kingdom,0,Recent/Emerging Customers,507.05,864.8282710280374
16961,117,1,234.17,234.17,0,2011-08-15 13:46:00,2011-08-15 13:46:00,United Kingdom,2,At-Risk/Dormant Customers,234.17,234.17
16963,188,1,110.55,110.55,0,2011-06-05 13:48:00,2011-06-05 13:48:00,United Kingdom,2,At-Risk/Dormant Customers,110.55,110.55
16965,227,1,201.19,201.19,0,2011-04-27 12:08:00,2011-04-27 12:08:00,United Kingdom,2,At-Risk/Dormant Customers,201.19,201.19
16966,9,7,2154.97,307.85285714285715,232,2011-04-13 14:17:00,2011-12-01 13:40:00,United Kingdom,3,Champions,2154.97,3390.3622844827582
16967,190,1,319.02,319.02,0,2011-06-03 14:24:00,2011-06-03 14:24:00,United Kingdom,2,At-Risk/Dormant Customers,319.02,319.02
16968,5,2,439.43,219.715,103,2011-08-24 10:51:00,2011-12-05 15:02:00,United Kingdom,0,Recent/Emerging Customers,439.43,1557.2033980582526
16969,40,3,650.41,216.8033333333333,152,2011-06-01 12:10:00,2011-10-31 13:12:00,United Kingdom,1,Loyal Customers,650.41,1561.8398026315788
16971,39,1,357.21,357.21,0,2011-11-01 15:06:00,2011-11-01 15:06:00,United Kingdom,0,Recent/Emerging Customers,357.21,357.21
16976,268,1,251.52,251.52,0,2011-03-17 16:33:00,2011-03-17 16:33:00,United Kingdom,2,At-Risk/Dormant Customers,251.52,251.52
16978,78,1,344.33,344.33,0,2011-09-23 12:50:00,2011-09-23 12:50:00,United Kingdom,2,At-Risk/Dormant Customers,344.33,344.33
16979,4,6,1852.0,308.66666666666663,294,2011-02-15 09:20:00,2011-12-06 12:21:00,United Kingdom,3,Champions,1852.0,2299.251700680272
16980,256,2,1028.46,514.23,36,2011-02-21 12:58:00,2011-03-29 16:36:00,United Kingdom,2,At-Risk/Dormant Customers,1028.46,10427.441666666668
16982,61,1,384.06,384.06,0,2011-10-10 12:28:00,2011-10-10 12:28:00,United Kingdom,2,At-Risk/Dormant Customers,384.06,384.06
16983,13,7,1905.87,272.26714285714286,357,2010-12-05 12:34:00,2011-11-27 12:10:00,United Kingdom,3,Champions,1905.87,1948.5785714285712
16984,89,2,4459.52,2229.76,42,2011-08-01 17:37:00,2011-09-12 13:43:00,United Kingdom,1,Loyal Customers,4459.52,38755.35238095238
16985,18,10,5464.12,546.412,341,2010-12-16 10:38:00,2011-11-22 13:33:00,United Kingdom,3,Champions,5464.12,5848.691495601172
16986,30,2,1873.2,936.6,1,2011-11-09 15:52:00,2011-11-10 11:55:00,United Kingdom,1,Loyal Customers,1873.2,1873.2
16987,4,7,1616.8,230.97142857142856,202,2011-05-18 15:55:00,2011-12-06 17:26:00,United Kingdom,3,Champions,1616.8,2921.4455445544554
16988,6,1,126.12,126.12,0,2011-12-04 16:02:00,2011-12-04 16:02:00,United Kingdom,0,Recent/Emerging Customers,126.12,126.12
16989,8,6,1133.25,188.875,143,2011-07-12 09:11:00,2011-12-02 16:39:00,United Kingdom,3,Champions,1133.25,2892.561188811189
16990,219,1,179.0,179.0,0,2011-05-05 08:30:00,2011-05-05 08:30:00,United Kingdom,2,At-Risk/Dormant Customers,179.0,179.0
16992,11,5,1614.31,322.862,274,2011-02-28 10:37:00,2011-11-29 11:50:00,United Kingdom,1,Loyal Customers,1614.31,2150.4494525547448
16996,31,6,1456.96,242.82666666666665,323,2010-12-21 13:22:00,2011-11-09 16:43:00,United Kingdom,1,Loyal Customers,1456.96,1646.409907120743
16997,289,3,702.0,234.0,37,2011-01-18 11:51:00,2011-02-24 17:28:00,United Kingdom,2,At-Risk/Dormant Customers,702.0,6925.135135135135
16998,150,4,295.0,73.75,155,2011-02-08 15:42:00,2011-07-13 09:44:00,United Kingdom,2,At-Risk/Dormant Customers,295.0,694.6774193548388
16999,24,2,484.82,242.41,51,2011-09-26 15:43:00,2011-11-16 13:53:00,United Kingdom,0,Recent/Emerging Customers,484.82,3469.7901960784316
17001,1,11,3989.57,362.68818181818176,358,2010-12-16 09:35:00,2011-12-09 09:38:00,United Kingdom,3,Champions,3989.57,4067.5783519553074
17002,86,3,1493.73,497.91,205,2011-02-22 11:46:00,2011-09-15 12:40:00,United Kingdom,1,Loyal Customers,1493.73,2659.568048780488
17004,47,2,1312.14,656.07,46,2011-09-08 12:16:00,2011-10-24 14:25:00,United Kingdom,1,Loyal Customers,1312.14,10411.545652173914
17006,5,4,781.78,195.445,71,2011-09-25 12:15:00,2011-12-05 12:09:00,United Kingdom,0,Recent/Emerging Customers,781.78,4019.0098591549295
17007,51,6,889.93,148.32166666666666,307,2010-12-17 13:57:00,2011-10-20 10:47:00,United Kingdom,1,Loyal Customers,889.93,1058.0600977198696
17010,19,1,195.36,195.36,0,2011-11-21 14:49:00,2011-11-21 14:49:00,United Kingdom,0,Recent/Emerging Customers,195.36,195.36
17011,31,1,270.9,270.9,0,2011-11-09 13:30:00,2011-11-09 13:30:00,United Kingdom,0,Recent/Emerging Customers,270.9,270.9
17014,9,3,583.43,194.47666666666663,58,2011-10-04 11:36:00,2011-12-01 14:09:00,United Kingdom,0,Recent/Emerging Customers,583.43,3671.5853448275857
17015,29,3,1838.61,612.87,157,2011-06-07 13:19:00,2011-11-11 10:45:00,United Kingdom,1,Loyal Customers,1838.61,4274.475477707007
17017,3,20,8694.26,434.713,370,2010-12-02 10:17:00,2011-12-07 09:32:00,United Kingdom,3,Champions,8694.26,8576.77
17018,41,2,920.1,460.05,285,2011-01-18 08:46:00,2011-10-30 11:42:00,United Kingdom,1,Loyal Customers,920.1,1178.3736842105263
17019,12,4,1258.08,314.52,357,2010-12-06 12:55:00,2011-11-28 13:06:00,United Kingdom,1,Loyal Customers,1258.08,1286.2722689075629
17022,32,1,71.0,71.0,0,2011-11-08 17:09:00,2011-11-08 17:09:00,United Kingdom,0,Recent/Emerging Customers,71.0,71.0
17024,46,3,95.85,31.95,112,2011-07-05 09:31:00,2011-10-25 13:47:00,United Kingdom,0,Recent/Emerging Customers,95.85,312.36830357142856
17025,61,3,357.77,119.25666666666666,313,2010-12-01 15:45:00,2011-10-10 09:06:00,United Kingdom,0,Recent/Emerging Customers,357.77,417.2078274760383
17026,186,2,154.83,77.415,184,2010-12-05 12:47:00,2011-06-07 14:28:00,United Kingdom,2,At-Risk/Dormant Customers,154.83,307.135597826087
17027,79,6,877.56,146.26,239,2011-01-26 14:19:00,2011-09-22 12:24:00,United Kingdom,1,Loyal Customers,877.56,1340.2066945606693
17029,111,2,716.0,358.0,126,2011-04-17 10:57:00,2011-08-21 11:06:00,United Kingdom,2,At-Risk/Dormant Customers,716.0,2074.126984126984
17030,64,1,146.87,146.87,0,2011-10-07 08:49:00,2011-10-07 08:49:00,United Kingdom,2,At-Risk/Dormant Customers,146.87,146.87
17031,12,2,380.35,190.175,143,2011-07-08 09:38:00,2011-11-28 10:23:00,United Kingdom,0,Recent/Emerging Customers,380.35,970.8234265734267
17033,87,3,1030.14,343.38,273,2010-12-15 13:21:00,2011-09-14 14:34:00,United Kingdom,1,Loyal Customers,1030.14,1377.2934065934066
17034,17,3,745.52,248.50666666666663,271,2011-02-25 10:10:00,2011-11-23 15:14:00,United Kingdom,0,Recent/Emerging Customers,745.52,1004.1136531365313
17035,246,2,433.53,216.765,66,2011-02-01 12:27:00,2011-04-08 11:23:00,United Kingdom,2,At-Risk/Dormant Customers,433.53,2397.5522727272723
17037,88,1,1267.32,1267.32,0,2011-09-13 12:49:00,2011-09-13 12:49:00,United Kingdom,2,At-Risk/Dormant Customers,1267.32,1267.32
17038,31,1,112.4,112.4,0,2011-11-09 13:50:00,2011-11-09 13:50:00,United Kingdom,0,Recent/Emerging Customers,112.4,112.4
17040,138,1,449.73,449.73,0,2011-07-25 10:19:00,2011-07-25 10:19:00,United Kingdom,2,At-Risk/Dormant Customers,449.73,449.73
17041,27,3,1071.49,357.1633333333333,334,2010-12-14 11:43:00,2011-11-13 11:21:00,United Kingdom,1,Loyal Customers,1071.49,1170.9396706586826
17042,3,5,1036.58,207.316,245,2011-04-06 14:53:00,2011-12-07 12:26:00,United Kingdom,3,Champions,1036.58,1544.2926530612244
17043,33,4,1735.18,433.795,234,2011-03-18 14:53:00,2011-11-07 15:33:00,United Kingdom,1,Loyal Customers,1735.18,2706.584188034188
17044,26,1,948.48,948.48,0,2011-11-14 14:28:00,2011-11-14 14:28:00,United Kingdom,0,Recent/Emerging Customers,948.48,948.48
17045,114,3,339.44,113.14666666666666,134,2011-04-06 12:08:00,2011-08-18 17:09:00,United Kingdom,2,At-Risk/Dormant Customers,339.44,924.5940298507462
17046,158,1,642.02,642.02,0,2011-07-05 14:24:00,2011-07-05 14:24:00,United Kingdom,2,At-Risk/Dormant Customers,642.02,642.02
17047,86,3,1100.9,366.96666666666664,120,2011-05-18 16:50:00,2011-09-15 13:27:00,United Kingdom,1,Loyal Customers,1100.9,3348.5708333333337
17048,118,3,925.35,308.45,214,2011-01-12 16:51:00,2011-08-14 11:49:00,United Kingdom,1,Loyal Customers,925.35,1578.2838785046729
17049,3,9,5655.03,628.3366666666666,273,2011-03-09 08:33:00,2011-12-07 10:48:00,United Kingdom,3,Champions,5655.03,7560.754395604395
17050,97,6,3185.64,530.94,203,2011-02-13 12:41:00,2011-09-04 13:48:00,United Kingdom,1,Loyal Customers,3185.64,5727.874876847291
17051,195,1,240.89,240.89,0,2011-05-29 14:13:00,2011-05-29 14:13:00,United Kingdom,2,At-Risk/Dormant Customers,240.89,240.89
17052,29,1,399.09,399.09,0,2011-11-11 14:50:00,2011-11-11 14:50:00,United Kingdom,0,Recent/Emerging Customers,399.09,399.09
17053,131,1,498.48,498.48,0,2011-08-01 10:23:00,2011-08-01 10:23:00,United Kingdom,2,At-Risk/Dormant Customers,498.48,498.48
17054,29,5,1356.33,271.266,217,2011-04-08 13:14:00,2011-11-11 12:56:00,United Kingdom,1,Loyal Customers,1356.33,2281.3845622119816
17058,82,3,1179.89,393.2966666666666,158,2011-04-14 09:18:00,2011-09-19 10:13:00,United Kingdom,1,Loyal Customers,1179.89,2725.695253164557
17059,30,5,3080.39,616.078,340,2010-12-05 12:35:00,2011-11-10 12:27:00,United Kingdom,1,Loyal Customers,3080.39,3306.889264705882
17060,267,1,234.24,234.24,0,2011-03-18 13:27:00,2011-03-18 13:27:00,United Kingdom,2,At-Risk/Dormant Customers,234.24,234.24
17061,74,11,5232.23,475.6572727272727,159,2011-04-21 13:29:00,2011-09-27 11:24:00,United Kingdom,3,Champions,5232.23,12011.094025157232
17062,314,4,533.33,133.3325,56,2010-12-05 11:59:00,2011-01-30 11:01:00,United Kingdom,2,At-Risk/Dormant Customers,533.33,3476.1687500000003
17063,22,7,1461.14,208.73428571428568,268,2011-02-23 13:44:00,2011-11-18 16:19:00,United Kingdom,1,Loyal Customers,1461.14,1989.985447761194
17064,59,3,855.45,285.15,269,2011-01-16 16:10:00,2011-10-12 10:18:00,United Kingdom,1,Loyal Customers,855.45,1160.7407063197027
17068,13,21,4552.14,216.76857142857145,356,2010-12-06 13:58:00,2011-11-27 13:14:00,United Kingdom,3,Champions,4552.14,4667.222191011236
17069,29,9,2709.7,301.0777777777778,345,2010-12-01 16:49:00,2011-11-11 17:13:00,United Kingdom,3,Champions,2709.7,2866.7840579710146
17070,115,1,304.24,304.24,0,2011-08-17 17:01:00,2011-08-17 17:01:00,United Kingdom,2,At-Risk/Dormant Customers,304.24,304.24
17071,29,9,2429.03,269.89222222222224,281,2011-02-03 08:18:00,2011-11-11 16:31:00,United Kingdom,3,Champions,2429.03,3155.1457295373666
17073,18,4,1446.09,361.5225,92,2011-08-22 14:37:00,2011-11-22 11:47:00,United Kingdom,1,Loyal Customers,1446.09,5737.204891304347
17075,18,4,834.12,208.53,300,2011-01-26 13:20:00,2011-11-22 11:58:00,United Kingdom,1,Loyal Customers,834.12,1014.8459999999999
17076,37,3,841.08,280.36,328,2010-12-10 10:08:00,2011-11-03 17:53:00,United Kingdom,1,Loyal Customers,841.08,935.9579268292683
17078,37,2,378.2,189.1,0,2011-11-03 18:49:00,2011-11-03 19:17:00,United Kingdom,0,Recent/Emerging Customers,378.2,378.2
17079,79,1,118.8,118.8,0,2011-09-22 15:34:00,2011-09-22 15:34:00,United Kingdom,2,At-Risk/Dormant Customers,118.8,118.8
17080,23,2,287.62,143.81,247,2011-03-15 12:05:00,2011-11-17 12:59:00,United Kingdom,0,Recent/Emerging Customers,287.62,425.0255060728745
17081,26,2,288.91,144.455,21,2011-10-24 13:08:00,2011-11-14 12:56:00,United Kingdom,0,Recent/Emerging Customers,288.91,288.91
17082,34,2,2003.85,1001.925,285,2011-01-25 14:36:00,2011-11-06 15:17:00,United Kingdom,1,Loyal Customers,2003.85,2566.3342105263155
17083,110,3,1405.78,468.5933333333333,194,2011-02-09 11:38:00,2011-08-22 15:43:00,United Kingdom,1,Loyal Customers,1405.78,2644.895360824742
17084,36,2,2747.99,1373.995,0,2011-11-04 14:49:00,2011-11-04 14:54:00,United Kingdom,1,Loyal Customers,2747.99,2747.99
17085,124,5,1562.4,312.48,239,2010-12-12 12:24:00,2011-08-08 14:15:00,United Kingdom,1,Loyal Customers,1562.4,2386.092050209205
17086,8,6,2050.08,341.68,56,2011-10-07 11:22:00,2011-12-02 13:54:00,United Kingdom,3,Champions,2050.08,13362.128571428571
17088,29,4,1991.01,497.7525,225,2011-03-31 09:48:00,2011-11-11 14:23:00,United Kingdom,1,Loyal Customers,1991.01,3229.8606666666665
17090,5,7,1974.65,282.09285714285716,350,2010-12-20 13:52:00,2011-12-05 13:44:00,United Kingdom,3,Champions,1974.65,2059.2778571428576
17091,3,9,3827.76,425.3066666666666,365,2010-12-07 09:55:00,2011-12-07 10:43:00,United Kingdom,3,Champions,3827.76,3827.76
17092,51,4,1774.03,443.5075,227,2011-03-07 14:51:00,2011-10-20 19:51:00,United Kingdom,1,Loyal Customers,1774.03,2852.5151982378857
17094,323,1,302.0,302.0,0,2011-01-21 13:09:00,2011-01-21 13:09:00,United Kingdom,2,At-Risk/Dormant Customers,302.0,302.0
17095,23,3,1324.16,441.38666666666666,312,2011-01-09 11:05:00,2011-11-17 12:21:00,United Kingdom,1,Loyal Customers,1324.16,1549.097435897436
17096,16,4,1022.13,255.5325,246,2011-03-23 12:05:00,2011-11-24 15:01:00,United Kingdom,1,Loyal Customers,1022.13,1516.5749999999998
17097,3,8,954.42,119.3025,363,2010-12-09 14:55:00,2011-12-07 17:05:00,Spain,3,Champions,954.42,959.6785123966943
17100,19,2,971.74,485.87,0,2011-11-21 16:36:00,2011-11-21 16:36:00,United Kingdom,0,Recent/Emerging Customers,971.74,971.74
17101,11,4,1621.73,405.4325,168,2011-06-14 14:49:00,2011-11-29 13:57:00,United Kingdom,1,Loyal Customers,1621.73,3523.4014880952377
17102,262,1,25.5,25.5,0,2011-03-23 10:08:00,2011-03-23 10:08:00,United Kingdom,2,At-Risk/Dormant Customers,25.5,25.5
17105,160,2,665.78,332.89,147,2011-02-06 14:46:00,2011-07-03 15:53:00,United Kingdom,2,At-Risk/Dormant Customers,665.78,1653.1272108843536
17107,34,6,10797.48,1799.58,245,2011-03-06 15:17:00,2011-11-06 14:14:00,United Kingdom,3,Champions,10797.48,16086.041632653061
17109,30,6,881.29,146.88166666666666,203,2011-04-21 15:46:00,2011-11-10 16:59:00,United Kingdom,1,Loyal Customers,881.29,1584.5854679802953
17110,166,1,163.3,163.3,0,2011-06-27 12:58:00,2011-06-27 12:58:00,United Kingdom,2,At-Risk/Dormant Customers,163.3,163.3
17111,48,1,231.61,231.61,0,2011-10-23 15:59:00,2011-10-23 15:59:00,United Kingdom,2,At-Risk/Dormant Customers,231.61,231.61
17114,6,8,801.12,100.14,329,2011-01-09 11:39:00,2011-12-04 12:17:00,United Kingdom,3,Champions,801.12,888.7805471124619
17115,9,3,837.5,279.16666666666663,225,2011-04-20 14:46:00,2011-12-01 14:30:00,United Kingdom,0,Recent/Emerging Customers,837.5,1358.611111111111
17117,289,1,116.2,116.2,0,2011-02-24 13:54:00,2011-02-24 13:54:00,United Kingdom,2,At-Risk/Dormant Customers,116.2,116.2
17118,318,1,157.02,157.02,0,2011-01-26 12:19:00,2011-01-26 12:19:00,United Kingdom,2,At-Risk/Dormant Customers,157.02,157.02
17119,4,2,606.91,303.455,56,2011-10-11 11:03:00,2011-12-06 14:40:00,United Kingdom,0,Recent/Emerging Customers,606.91,3955.7526785714285
17120,234,1,307.46,307.46,0,2011-04-20 15:21:00,2011-04-20 15:21:00,United Kingdom,2,At-Risk/Dormant Customers,307.46,307.46
17122,120,1,138.32,138.32,0,2011-08-12 14:33:00,2011-08-12 14:33:00,United Kingdom,2,At-Risk/Dormant Customers,138.32,138.32
17123,162,1,345.3,345.3,0,2011-07-01 10:47:00,2011-07-01 10:47:00,United Kingdom,2,At-Risk/Dormant Customers,345.3,345.3
17124,186,1,294.24,294.24,0,2011-06-07 14:02:00,2011-06-07 14:02:00,United Kingdom,2,At-Risk/Dormant Customers,294.24,294.24
17125,51,1,230.5,230.5,0,2011-10-20 14:41:00,2011-10-20 14:41:00,United Kingdom,2,At-Risk/Dormant Customers,230.5,230.5
17126,153,5,989.45,197.89,210,2010-12-12 11:26:00,2011-07-10 13:52:00,United Kingdom,1,Loyal Customers,989.45,1719.7583333333334
17128,335,1,157.09,157.09,0,2011-01-09 12:02:00,2011-01-09 12:02:00,United Kingdom,2,At-Risk/Dormant Customers,157.09,157.09
17131,6,5,2463.17,492.634,70,2011-09-25 12:42:00,2011-12-04 12:52:00,United Kingdom,3,Champions,2463.17,12843.672142857144
17133,16,7,4892.24,698.8914285714286,251,2011-03-18 13:47:00,2011-11-24 12:27:00,United Kingdom,3,Champions,4892.24,7114.213545816733
17134,107,2,413.2,206.6,158,2011-03-20 11:56:00,2011-08-25 09:53:00,United Kingdom,2,At-Risk/Dormant Customers,413.2,954.5443037974683
17135,17,7,1139.73,162.81857142857143,355,2010-12-03 09:31:00,2011-11-23 16:48:00,United Kingdom,1,Loyal Customers,1139.73,1171.8350704225352
17138,276,1,380.5,380.5,0,2011-03-09 11:54:00,2011-03-09 11:54:00,United Kingdom,2,At-Risk/Dormant Customers,380.5,380.5
17139,16,12,10650.77,887.5641666666666,273,2011-02-24 09:32:00,2011-11-24 10:12:00,United Kingdom,3,Champions,10650.77,14240.040476190476
17140,248,1,454.12,454.12,0,2011-04-06 13:33:00,2011-04-06 13:33:00,United Kingdom,2,At-Risk/Dormant Customers,454.12,454.12
17142,240,1,579.0,579.0,0,2011-04-14 18:22:00,2011-04-14 18:22:00,United Kingdom,2,At-Risk/Dormant Customers,579.0,579.0
17144,2,2,984.57,492.285,83,2011-09-16 12:50:00,2011-12-08 17:57:00,United Kingdom,0,Recent/Emerging Customers,984.57,4329.735542168674
17146,106,3,749.78,249.92666666666665,253,2010-12-16 12:20:00,2011-08-26 12:44:00,United Kingdom,1,Loyal Customers,749.78,1081.698418972332
17147,23,4,1714.59,428.6475,289,2011-02-01 09:36:00,2011-11-17 12:32:00,United Kingdom,1,Loyal Customers,1714.59,2165.485640138408
17148,52,1,124.88,124.88,0,2011-10-19 09:59:00,2011-10-19 09:59:00,United Kingdom,2,At-Risk/Dormant Customers,124.88,124.88
17152,195,3,1689.5,563.1666666666666,69,2011-03-21 16:20:00,2011-05-29 12:19:00,United Kingdom,1,Loyal Customers,1689.5,8937.210144927536
17153,25,1,213.78,213.78,0,2011-11-15 13:42:00,2011-11-15 13:42:00,United Kingdom,0,Recent/Emerging Customers,213.78,213.78
17154,76,1,329.34,329.34,0,2011-09-25 13:42:00,2011-09-25 13:42:00,United Kingdom,2,At-Risk/Dormant Customers,329.34,329.34
17155,18,2,251.7,125.85,160,2011-06-15 10:22:00,2011-11-22 12:38:00,United Kingdom,0,Recent/Emerging Customers,251.7,574.190625
17157,8,2,319.0,159.5,169,2011-06-16 15:08:00,2011-12-02 09:10:00,United Kingdom,0,Recent/Emerging Customers,319.0,688.9644970414201
17158,33,3,1266.97,422.32333333333327,328,2010-12-14 13:03:00,2011-11-07 15:15:00,United Kingdom,1,Loyal Customers,1266.97,1409.8903963414634
17159,22,3,1538.88,512.96,150,2011-06-21 09:49:00,2011-11-18 10:52:00,United Kingdom,1,Loyal Customers,1538.88,3744.6079999999997
17160,32,6,3518.03,586.3383333333333,210,2011-04-12 12:00:00,2011-11-08 14:05:00,United Kingdom,1,Loyal Customers,3518.03,6114.6711904761905
17162,29,10,1715.46,171.546,277,2011-02-07 12:27:00,2011-11-11 11:34:00,United Kingdom,3,Champions,1715.46,2260.4436823104693
17163,22,2,293.1,146.55,57,2011-09-22 15:54:00,2011-11-18 08:57:00,United Kingdom,0,Recent/Emerging Customers,293.1,1876.8684210526317
17164,33,7,2467.35,352.47857142857146,241,2011-03-11 14:26:00,2011-11-07 09:14:00,United Kingdom,1,Loyal Customers,2467.35,3736.857883817427
17165,285,1,158.68,158.68,0,2011-02-28 16:39:00,2011-02-28 16:39:00,United Kingdom,2,At-Risk/Dormant Customers,158.68,158.68
17166,39,2,206.34,103.17,165,2011-05-20 08:18:00,2011-11-01 09:46:00,United Kingdom,0,Recent/Emerging Customers,206.34,456.4490909090909
17169,58,2,835.78,417.89,126,2011-06-09 13:16:00,2011-10-13 10:25:00,United Kingdom,1,Loyal Customers,835.78,2421.10873015873
17171,290,1,224.91,224.91,0,2011-02-23 16:37:00,2011-02-23 16:37:00,United Kingdom,2,At-Risk/Dormant Customers,224.91,224.91
17172,79,1,317.76,317.76,0,2011-09-22 09:36:00,2011-09-22 09:36:00,United Kingdom,2,At-Risk/Dormant Customers,317.76,317.76
17173,6,8,3766.6,470.825,126,2011-07-31 15:26:00,2011-12-04 14:40:00,United Kingdom,3,Champions,3766.6,10911.182539682539
17174,218,1,59.9,59.9,0,2011-05-06 11:47:00,2011-05-06 11:47:00,United Kingdom,2,At-Risk/Dormant Customers,59.9,59.9
17175,45,4,1443.69,360.9225,252,2011-02-16 14:56:00,2011-10-26 15:31:00,United Kingdom,1,Loyal Customers,1443.69,2091.0589285714286
17176,202,1,306.13,306.13,0,2011-05-22 12:41:00,2011-05-22 12:41:00,United Kingdom,2,At-Risk/Dormant Customers,306.13,306.13
17179,179,3,711.79,237.26333333333332,183,2010-12-13 14:24:00,2011-06-14 16:48:00,United Kingdom,2,At-Risk/Dormant Customers,711.79,1419.6904371584699
17180,57,4,783.97,195.9925,260,2011-01-27 18:05:00,2011-10-14 15:46:00,United Kingdom,1,Loyal Customers,783.97,1100.5732692307693
17181,58,2,239.92,119.96,316,2010-12-01 12:38:00,2011-10-13 14:48:00,United Kingdom,2,At-Risk/Dormant Customers,239.92,277.1227848101266
17183,8,6,3347.31,557.885,98,2011-08-26 15:25:00,2011-12-02 10:07:00,United Kingdom,3,Champions,3347.31,12467.02193877551
17186,47,2,144.0,72.0,14,2011-10-10 12:52:00,2011-10-24 10:20:00,United Kingdom,0,Recent/Emerging Customers,144.0,144.0
17187,227,1,203.95,203.95,0,2011-04-27 12:39:00,2011-04-27 12:39:00,United Kingdom,2,At-Risk/Dormant Customers,203.95,203.95
17188,12,7,2474.23,353.46142857142854,351,2010-12-12 12:56:00,2011-11-28 13:53:00,United Kingdom,3,Champions,2474.23,2572.9172364672363
17189,107,2,383.75,191.875,253,2010-12-15 17:28:00,2011-08-25 19:39:00,United Kingdom,2,At-Risk/Dormant Customers,383.75,553.6314229249012
17190,59,2,444.74,222.37,149,2011-05-16 15:29:00,2011-10-12 11:33:00,United Kingdom,0,Recent/Emerging Customers,444.74,1089.4637583892618
17191,29,7,2093.68,299.09714285714284,340,2010-12-06 14:36:00,2011-11-11 16:58:00,United Kingdom,1,Loyal Customers,2093.68,2247.6270588235293
17193,36,7,1699.3,242.75714285714284,141,2011-06-16 10:04:00,2011-11-04 12:47:00,United Kingdom,1,Loyal Customers,1699.3,4398.897163120568
17194,274,2,262.62,131.31,87,2010-12-14 12:06:00,2011-03-11 12:05:00,United Kingdom,2,At-Risk/Dormant Customers,262.62,1101.796551724138
17197,30,1,1013.01,1013.01,0,2011-11-10 10:32:00,2011-11-10 10:32:00,United Kingdom,0,Recent/Emerging Customers,1013.01,1013.01
17198,24,3,692.22,230.74,348,2010-12-03 14:54:00,2011-11-16 10:39:00,United Kingdom,0,Recent/Emerging Customers,692.22,726.0353448275863
17201,54,1,289.78,289.78,0,2011-10-17 11:55:00,2011-10-17 11:55:00,United Kingdom,2,At-Risk/Dormant Customers,289.78,289.78
17203,36,6,3560.08,593.3466666666667,25,2011-10-10 14:37:00,2011-11-04 12:27:00,United Kingdom,1,Loyal Customers,3560.08,3560.08
17204,176,4,1564.56,391.14,88,2011-03-21 12:42:00,2011-06-17 14:46:00,United Kingdom,1,Loyal Customers,1564.56,6489.368181818181
17205,54,1,384.08,384.08,0,2011-10-17 12:46:00,2011-10-17 12:46:00,United Kingdom,2,At-Risk/Dormant Customers,384.08,384.08
17206,54,1,204.24,204.24,0,2011-10-17 13:25:00,2011-10-17 13:25:00,United Kingdom,2,At-Risk/Dormant Customers,204.24,204.24
17211,27,8,2317.22,289.6525,343,2010-12-05 12:44:00,2011-11-13 12:03:00,United Kingdom,3,Champions,2317.22,2465.8463556851307
17212,254,1,226.85,226.85,0,2011-03-31 19:42:00,2011-03-31 19:42:00,United Kingdom,2,At-Risk/Dormant Customers,226.85,226.85
17213,41,7,2781.23,397.3185714285714,326,2010-12-08 13:03:00,2011-10-30 14:53:00,United Kingdom,1,Loyal Customers,2781.23,3113.9538343558283
17214,61,6,1059.12,176.52,299,2010-12-15 15:14:00,2011-10-10 13:17:00,United Kingdom,1,Loyal Customers,1059.12,1292.905685618729
17217,235,1,113.5,113.5,0,2011-04-19 17:19:00,2011-04-19 17:19:00,United Kingdom,2,At-Risk/Dormant Customers,113.5,113.5
17218,5,10,1951.97,195.197,364,2010-12-06 15:25:00,2011-12-05 13:52:00,United Kingdom,3,Champions,1951.97,1957.3325549450549
17219,32,1,114.23,114.23,0,2011-11-08 11:25:00,2011-11-08 11:25:00,United Kingdom,0,Recent/Emerging Customers,114.23,114.23
17220,25,14,3187.55,227.68214285714285,340,2010-12-10 14:54:00,2011-11-15 13:47:00,United Kingdom,3,Champions,3187.55,3421.9286764705885
17221,8,2,334.48,167.24,29,2011-11-03 17:39:00,2011-12-02 13:35:00,United Kingdom,0,Recent/Emerging Customers,334.48,334.48
17222,66,1,328.65,328.65,0,2011-10-05 13:58:00,2011-10-05 13:58:00,United Kingdom,2,At-Risk/Dormant Customers,328.65,328.65
17223,311,2,416.89,208.445,58,2010-12-06 14:08:00,2011-02-02 15:57:00,United Kingdom,2,At-Risk/Dormant Customers,416.89,2623.531896551724
17226,309,1,393.49,393.49,0,2011-02-04 11:52:00,2011-02-04 11:52:00,United Kingdom,2,At-Risk/Dormant Customers,393.49,393.49
17227,19,6,939.32,156.5533333333333,350,2010-12-06 11:16:00,2011-11-21 10:51:00,United Kingdom,1,Loyal Customers,939.32,979.5765714285716
17228,16,8,1906.09,238.26125,357,2010-12-02 16:00:00,2011-11-24 10:24:00,United Kingdom,3,Champions,1906.09,1948.80350140056
17229,97,2,318.76,159.38,46,2011-07-20 12:38:00,2011-09-04 13:56:00,United Kingdom,2,At-Risk/Dormant Customers,318.76,2529.291304347826
17230,265,8,3638.41,454.80125,95,2010-12-15 11:22:00,2011-03-20 16:12:00,United Kingdom,1,Loyal Customers,3638.41,13979.154210526314
17231,13,10,3124.72,312.472,349,2010-12-13 14:16:00,2011-11-27 15:18:00,United Kingdom,3,Champions,3124.72,3267.973638968481
17232,3,2,417.77,208.885,12,2011-11-25 12:24:00,2011-12-07 12:21:00,United Kingdom,0,Recent/Emerging Customers,417.77,417.77
17233,36,1,190.88,190.88,0,2011-11-04 14:06:00,2011-11-04 14:06:00,United Kingdom,0,Recent/Emerging Customers,190.88,190.88
17234,183,1,149.89,149.89,0,2011-06-10 11:20:00,2011-06-10 11:20:00,United Kingdom,2,At-Risk/Dormant Customers,149.89,149.89
17235,26,2,550.06,275.03,347,2010-12-02 13:38:00,2011-11-14 15:51:00,United Kingdom,0,Recent/Emerging Customers,550.06,578.5933717579251
17236,13,6,916.13,152.68833333333333,350,2010-12-12 11:49:00,2011-11-27 12:00:00,United Kingdom,1,Loyal Customers,916.13,955.3927142857143
17237,12,2,314.69,157.345,11,2011-11-17 12:55:00,2011-11-28 15:02:00,United Kingdom,0,Recent/Emerging Customers,314.69,314.69
17238,3,17,3719.1,218.77058823529407,369,2010-12-03 15:05:00,2011-12-07 11:35:00,United Kingdom,3,Champions,3719.1,3678.7845528455287
17239,313,1,382.5,382.5,0,2011-01-31 09:41:00,2011-01-31 09:41:00,United Kingdom,2,At-Risk/Dormant Customers,382.5,382.5
17242,109,2,1135.04,567.52,72,2011-06-12 13:04:00,2011-08-23 14:55:00,United Kingdom,1,Loyal Customers,1135.04,5754.022222222222
17243,2,26,8540.05,328.46346153846156,368,2010-12-05 10:03:00,2011-12-08 13:26:00,United Kingdom,3,Champions,8540.05,8470.430027173912
17244,54,1,954.9,954.9,0,2011-10-17 15:19:00,2011-10-17 15:19:00,United Kingdom,0,Recent/Emerging Customers,954.9,954.9
17245,205,1,171.45,171.45,0,2011-05-19 10:43:00,2011-05-19 10:43:00,United Kingdom,2,At-Risk/Dormant Customers,171.45,171.45
17247,16,1,280.09,280.09,0,2011-11-24 15:21:00,2011-11-24 15:21:00,United Kingdom,0,Recent/Emerging Customers,280.09,280.09
17248,121,1,318.65,318.65,0,2011-08-11 13:34:00,2011-08-11 13:34:00,United Kingdom,2,At-Risk/Dormant Customers,318.65,318.65
17250,4,2,381.97,190.985,258,2011-03-23 16:45:00,2011-12-06 12:15:00,United Kingdom,0,Recent/Emerging Customers,381.97,540.3839147286823
17251,363,1,269.83,269.83,0,2010-12-12 11:06:00,2010-12-12 11:06:00,United Kingdom,2,At-Risk/Dormant Customers,269.83,269.83
17252,117,2,348.91,174.455,70,2011-06-06 16:41:00,2011-08-15 09:45:00,United Kingdom,2,At-Risk/Dormant Customers,348.91,1819.3164285714288
17253,19,1,178.26,178.26,0,2011-11-21 12:59:00,2011-11-21 12:59:00,United Kingdom,0,Recent/Emerging Customers,178.26,178.26
17254,5,2,271.19,135.595,11,2011-11-24 14:09:00,2011-12-05 12:46:00,United Kingdom,0,Recent/Emerging Customers,271.19,271.19
17255,41,2,291.48,145.74,259,2011-02-13 15:18:00,2011-10-30 12:18:00,United Kingdom,0,Recent/Emerging Customers,291.48,410.77297297297304
17256,108,2,240.0,120.0,205,2011-01-31 14:53:00,2011-08-24 13:30:00,United Kingdom,2,At-Risk/Dormant Customers,240.0,427.3170731707317
17259,149,2,581.23,290.615,220,2010-12-06 12:55:00,2011-07-14 15:01:00,United Kingdom,2,At-Risk/Dormant Customers,581.23,964.3134090909092
17262,53,5,1253.36,250.672,314,2010-12-08 13:30:00,2011-10-18 12:56:00,United Kingdom,1,Loyal Customers,1253.36,1456.9312101910828
17263,209,1,63.44,63.44,0,2011-05-15 14:32:00,2011-05-15 14:32:00,United Kingdom,2,At-Risk/Dormant Customers,63.44,63.44
17265,139,2,550.01,275.005,42,2011-06-12 12:00:00,2011-07-24 10:49:00,United Kingdom,2,At-Risk/Dormant Customers,550.01,4779.848809523809
17266,3,3,296.58,98.86,145,2011-07-15 11:57:00,2011-12-07 14:12:00,United Kingdom,0,Recent/Emerging Customers,296.58,746.563448275862
17267,128,2,317.2,158.6,0,2011-08-04 17:19:00,2011-08-04 17:22:00,United Kingdom,2,At-Risk/Dormant Customers,317.2,317.2
17268,108,4,763.64,190.91,138,2011-04-08 13:20:00,2011-08-24 10:06:00,United Kingdom,1,Loyal Customers,763.64,2019.772463768116
17272,43,4,2148.63,537.1575,220,2011-03-22 12:05:00,2011-10-28 16:37:00,United Kingdom,1,Loyal Customers,2148.63,3564.7725000000005
17274,36,1,107.82,107.82,0,2011-11-04 13:16:00,2011-11-04 13:16:00,United Kingdom,0,Recent/Emerging Customers,107.82,107.82
17277,228,2,1065.35,532.675,95,2011-01-21 12:37:00,2011-04-26 12:47:00,United Kingdom,2,At-Risk/Dormant Customers,1065.35,4093.1868421052627
17278,242,1,246.04,246.04,0,2011-04-12 13:10:00,2011-04-12 13:10:00,United Kingdom,2,At-Risk/Dormant Customers,246.04,246.04
17279,58,1,187.83,187.83,0,2011-10-13 11:58:00,2011-10-13 11:58:00,United Kingdom,2,At-Risk/Dormant Customers,187.83,187.83
17282,131,3,1685.46,561.82,169,2011-02-13 11:36:00,2011-08-01 14:29:00,United Kingdom,1,Loyal Customers,1685.46,3640.194674556213
17284,61,6,1647.48,274.58,276,2011-01-07 14:31:00,2011-10-10 14:38:00,United Kingdom,1,Loyal Customers,1647.48,2178.7326086956523
17286,22,1,151.37,151.37,0,2011-11-18 12:47:00,2011-11-18 12:47:00,United Kingdom,0,Recent/Emerging Customers,151.37,151.37
17287,27,7,1049.06,149.8657142857143,346,2010-12-02 12:22:00,2011-11-13 13:27:00,United Kingdom,1,Loyal Customers,1049.06,1106.6673410404624
17288,10,7,1417.63,202.51857142857145,349,2010-12-16 13:33:00,2011-11-30 16:09:00,United Kingdom,3,Champions,1417.63,1482.6216332378224
17289,32,3,931.02,310.34,149,2011-06-12 13:51:00,2011-11-08 12:01:00,United Kingdom,1,Loyal Customers,931.02,2280.686577181208
17290,4,2,513.01,256.505,13,2011-11-23 15:53:00,2011-12-06 12:38:00,United Kingdom,0,Recent/Emerging Customers,513.01,513.01
17291,309,1,550.8,550.8,0,2011-02-04 13:04:00,2011-02-04 13:04:00,United Kingdom,2,At-Risk/Dormant Customers,550.8,550.8
17293,9,9,1854.06,206.00666666666663,353,2010-12-13 14:55:00,2011-12-01 14:37:00,United Kingdom,3,Champions,1854.06,1917.0875354107648
17295,29,3,547.0,182.33333333333331,36,2011-10-06 12:22:00,2011-11-11 10:49:00,United Kingdom,0,Recent/Emerging Customers,547.0,5545.972222222223
17297,18,1,128.18,128.18,0,2011-11-22 14:43:00,2011-11-22 14:43:00,United Kingdom,0,Recent/Emerging Customers,128.18,128.18
17298,102,2,498.42,249.21,23,2011-08-07 12:21:00,2011-08-30 16:43:00,United Kingdom,2,At-Risk/Dormant Customers,498.42,498.42
17299,12,4,656.61,164.1525,162,2011-06-19 16:04:00,2011-11-28 12:01:00,United Kingdom,0,Recent/Emerging Customers,656.61,1479.399074074074
17301,22,1,163.24,163.24,0,2011-11-18 13:43:00,2011-11-18 13:43:00,United Kingdom,0,Recent/Emerging Customers,163.24,163.24
17302,15,5,1135.63,227.126,291,2011-02-07 10:14:00,2011-11-25 09:36:00,United Kingdom,1,Loyal Customers,1135.63,1424.4156357388317
17303,362,1,250.04,250.04,0,2010-12-13 13:32:00,2010-12-13 13:32:00,United Kingdom,2,At-Risk/Dormant Customers,250.04,250.04
17306,11,19,8631.31,454.2794736842105,343,2010-12-21 13:34:00,2011-11-29 12:14:00,United Kingdom,3,Champions,8631.31,9184.921720116618
17309,96,1,82.75,82.75,0,2011-09-05 15:20:00,2011-09-05 15:20:00,United Kingdom,2,At-Risk/Dormant Customers,82.75,82.75
17311,79,2,1384.85,692.425,238,2011-01-27 10:56:00,2011-09-22 14:11:00,United Kingdom,1,Loyal Customers,1384.85,2123.8245798319326
17312,139,3,644.3,214.76666666666665,21,2011-07-03 13:12:00,2011-07-24 11:52:00,United Kingdom,1,Loyal Customers,644.3,644.3
17313,32,1,2328.84,2328.84,0,2011-11-08 15:45:00,2011-11-08 15:45:00,United Kingdom,1,Loyal Customers,2328.84,2328.84
17314,25,8,2527.92,315.99,288,2011-01-31 11:25:00,2011-11-15 09:41:00,United Kingdom,3,Champions,2527.92,3203.7875000000004
17315,2,38,6281.23,165.2955263157895,356,2010-12-17 12:24:00,2011-12-08 12:15:00,United Kingdom,3,Champions,6281.23,6440.0251404494375
17317,47,3,2600.34,866.78,43,2011-09-11 12:45:00,2011-10-24 17:19:00,United Kingdom,1,Loyal Customers,2600.34,22072.653488372096
17320,101,3,1200.62,400.20666666666665,268,2010-12-06 15:38:00,2011-08-31 13:31:00,United Kingdom,1,Loyal Customers,1200.62,1635.1727611940296
17321,9,2,657.16,328.58,59,2011-10-03 11:34:00,2011-12-01 13:41:00,United Kingdom,0,Recent/Emerging Customers,657.16,4065.4813559322033
17323,16,7,906.52,129.50285714285715,277,2011-02-20 14:38:00,2011-11-24 17:29:00,United Kingdom,1,Loyal Customers,906.52,1194.5119133574008
17324,18,4,986.48,246.62,349,2010-12-08 12:45:00,2011-11-22 10:34:00,United Kingdom,1,Loyal Customers,986.48,1031.7054441260743
17325,281,1,96.8,96.8,0,2011-03-04 13:09:00,2011-03-04 13:09:00,United Kingdom,2,At-Risk/Dormant Customers,96.8,96.8
17329,15,2,523.11,261.555,301,2011-01-28 15:29:00,2011-11-25 14:24:00,United Kingdom,0,Recent/Emerging Customers,523.11,634.336046511628
17330,23,2,363.9,181.95,45,2011-10-03 11:26:00,2011-11-17 08:56:00,United Kingdom,0,Recent/Emerging Customers,363.9,2951.633333333333
17331,124,1,175.2,175.2,0,2011-08-08 11:55:00,2011-08-08 11:55:00,United Kingdom,2,At-Risk/Dormant Customers,175.2,175.2
17333,86,1,494.25,494.25,0,2011-09-15 10:11:00,2011-09-15 10:11:00,United Kingdom,2,At-Risk/Dormant Customers,494.25,494.25
17334,303,2,307.02,153.51,6,2011-02-04 09:03:00,2011-02-10 14:59:00,United Kingdom,2,At-Risk/Dormant Customers,307.02,307.02
17337,152,4,1981.06,495.265,159,2011-02-02 17:06:00,2011-07-11 14:55:00,United Kingdom,1,Loyal Customers,1981.06,4547.716352201258
17338,18,8,6493.54,811.6925,344,2010-12-13 12:57:00,2011-11-22 14:23:00,United Kingdom,3,Champions,6493.54,6889.94796511628
17339,95,2,243.36,121.68,271,2010-12-09 14:44:00,2011-09-06 13:29:00,United Kingdom,2,At-Risk/Dormant Customers,243.36,327.7726937269373
17340,30,11,12353.29,1123.0263636363636,337,2010-12-08 15:56:00,2011-11-10 10:45:00,United Kingdom,3,Champions,12353.29,13379.676112759646
17341,157,3,682.29,227.43,210,2010-12-08 12:46:00,2011-07-06 12:33:00,United Kingdom,2,At-Risk/Dormant Customers,682.29,1185.885
17343,356,1,193.64,193.64,0,2010-12-19 15:07:00,2010-12-19 15:07:00,United Kingdom,2,At-Risk/Dormant Customers,193.64,193.64
17344,47,1,157.62,157.62,0,2011-10-24 12:56:00,2011-10-24 12:56:00,United Kingdom,2,At-Risk/Dormant Customers,157.62,157.62
17345,16,4,519.69,129.9225,181,2011-05-27 12:26:00,2011-11-24 15:03:00,United Kingdom,0,Recent/Emerging Customers,519.69,1047.9936464088398
17346,4,15,2622.88,174.85866666666666,370,2010-12-01 14:34:00,2011-12-06 12:18:00,United Kingdom,3,Champions,2622.88,2587.435675675676
17347,87,1,228.96,228.96,0,2011-09-14 13:12:00,2011-09-14 13:12:00,United Kingdom,2,At-Risk/Dormant Customers,228.96,228.96
17348,15,5,1156.6,231.32,283,2011-02-15 10:49:00,2011-11-25 11:25:00,United Kingdom,1,Loyal Customers,1156.6,1491.7279151943462
17349,180,1,98.25,98.25,0,2011-06-13 14:29:00,2011-06-13 14:29:00,United Kingdom,2,At-Risk/Dormant Customers,98.25,98.25
17350,9,4,1281.32,320.33,43,2011-10-19 16:05:00,2011-12-01 15:47:00,United Kingdom,1,Loyal Customers,1281.32,10876.32093023256
17351,37,3,587.15,195.71666666666664,237,2011-03-11 16:05:00,2011-11-03 18:45:00,United Kingdom,1,Loyal Customers,587.15,904.2605485232068
17353,130,2,1740.0,870.0,25,2011-07-08 16:17:00,2011-08-02 17:19:00,United Kingdom,1,Loyal Customers,1740.0,1740.0
17354,51,1,1393.06,1393.06,0,2011-10-20 10:34:00,2011-10-20 10:34:00,United Kingdom,1,Loyal Customers,1393.06,1393.06
17356,312,1,178.22,178.22,0,2011-02-01 11:07:00,2011-02-01 11:07:00,United Kingdom,2,At-Risk/Dormant Customers,178.22,178.22
17357,25,2,384.39,192.195,0,2011-11-15 16:29:00,2011-11-15 16:30:00,United Kingdom,0,Recent/Emerging Customers,384.39,384.39
17358,304,2,360.81,180.405,52,2010-12-19 14:16:00,2011-02-09 16:57:00,United Kingdom,2,At-Risk/Dormant Customers,360.81,2532.6086538461536
17359,12,1,127.86,127.86,0,2011-11-28 14:37:00,2011-11-28 14:37:00,United Kingdom,0,Recent/Emerging Customers,127.86,127.86
17360,18,3,568.24,189.41333333333333,167,2011-06-08 17:09:00,2011-11-22 13:11:00,United Kingdom,0,Recent/Emerging Customers,568.24,1241.9616766467066
17361,50,3,488.2,162.73333333333332,242,2011-02-21 09:55:00,2011-10-21 15:43:00,United Kingdom,1,Loyal Customers,488.2,736.3347107438016
17362,240,2,312.23,156.115,70,2011-02-03 10:26:00,2011-04-14 14:43:00,United Kingdom,2,At-Risk/Dormant Customers,312.23,1628.0564285714288
17364,1,11,4462.68,405.69818181818175,331,2011-01-12 16:57:00,2011-12-09 09:00:00,United Kingdom,3,Champions,4462.68,4921.0821752265865
17365,13,8,4767.36,595.92,320,2011-01-11 12:11:00,2011-11-27 12:13:00,United Kingdom,3,Champions,4767.36,5437.7699999999995
17367,239,1,167.55,167.55,0,2011-04-15 14:21:00,2011-04-15 14:21:00,United Kingdom,2,At-Risk/Dormant Customers,167.55,167.55
17368,24,8,1878.87,234.85875,314,2011-01-06 11:57:00,2011-11-16 15:26:00,United Kingdom,1,Loyal Customers,1878.87,2184.0367834394906
17370,73,4,446.18,111.545,97,2011-06-23 11:50:00,2011-09-28 10:14:00,United Kingdom,1,Loyal Customers,446.18,1678.9247422680412
17371,18,3,418.4,139.46666666666667,344,2010-12-13 15:20:00,2011-11-22 13:30:00,United Kingdom,0,Recent/Emerging Customers,418.4,443.9418604651163
17372,41,8,1337.18,167.1475,322,2010-12-12 12:00:00,2011-10-30 11:37:00,United Kingdom,1,Loyal Customers,1337.18,1515.7475155279506
17373,41,4,646.92,161.73,272,2011-01-31 11:46:00,2011-10-30 15:28:00,United Kingdom,1,Loyal Customers,646.92,868.1095588235293
17374,219,2,495.77,247.885,63,2011-03-03 12:53:00,2011-05-05 09:05:00,United Kingdom,2,At-Risk/Dormant Customers,495.77,2872.318253968254
17375,200,3,400.1,133.36666666666665,162,2010-12-13 15:16:00,2011-05-24 15:45:00,United Kingdom,2,At-Risk/Dormant Customers,400.1,901.4598765432098
17376,71,2,203.2,101.6,241,2011-02-01 14:12:00,2011-09-30 12:36:00,United Kingdom,2,At-Risk/Dormant Customers,203.2,307.7510373443983
17377,24,20,4058.32,202.916,350,2010-12-01 12:35:00,2011-11-16 11:17:00,United Kingdom,3,Champions,4058.32,4232.2480000000005
17379,12,1,389.72,389.72,0,2011-11-28 13:56:00,2011-11-28 13:56:00,United Kingdom,0,Recent/Emerging Customers,389.72,389.72
17381,9,29,20275.61,699.1589655172413,364,2010-12-02 12:58:00,2011-12-01 11:59:00,United Kingdom,3,Champions,20275.61,20331.312225274727
17382,66,1,65.4,65.4,0,2011-10-05 13:05:00,2011-10-05 13:05:00,United Kingdom,2,At-Risk/Dormant Customers,65.4,65.4
17383,5,1,193.39,193.39,0,2011-12-05 17:36:00,2011-12-05 17:36:00,United Kingdom,0,Recent/Emerging Customers,193.39,193.39
17384,20,2,336.4,168.2,200,2011-05-04 16:07:00,2011-11-20 15:48:00,United Kingdom,0,Recent/Emerging Customers,336.4,613.93
17385,15,1,256.11,256.11,0,2011-11-25 11:02:00,2011-11-25 11:02:00,United Kingdom,0,Recent/Emerging Customers,256.11,256.11
17386,8,6,2686.42,447.7366666666666,158,2011-06-27 12:11:00,2011-12-02 11:28:00,United Kingdom,3,Champions,2686.42,6205.970253164557
17387,20,2,746.81,373.405,14,2011-11-06 11:25:00,2011-11-20 11:00:00,United Kingdom,0,Recent/Emerging Customers,746.81,746.81
17388,78,4,1259.56,314.89,210,2011-02-25 12:28:00,2011-09-23 10:31:00,United Kingdom,1,Loyal Customers,1259.56,2189.235238095238
17389,1,34,31833.68,936.2847058823528,331,2011-01-12 15:48:00,2011-12-09 09:38:00,United Kingdom,3,Champions,31833.68,35103.60483383686
17391,164,2,508.8,254.4,1,2011-06-28 12:21:00,2011-06-29 09:58:00,United Kingdom,2,At-Risk/Dormant Customers,508.8,508.8
17392,307,2,417.27,208.635,52,2010-12-16 19:04:00,2011-02-06 12:48:00,United Kingdom,2,At-Risk/Dormant Customers,417.27,2928.914423076923
17394,220,1,203.87,203.87,0,2011-05-04 13:22:00,2011-05-04 13:22:00,United Kingdom,2,At-Risk/Dormant Customers,203.87,203.87
17396,40,8,7330.8,916.35,332,2010-12-03 09:45:00,2011-10-31 14:12:00,United Kingdom,3,Champions,7330.8,8059.463855421686
17397,23,2,681.41,340.705,0,2011-11-17 13:58:00,2011-11-17 14:08:00,United Kingdom,0,Recent/Emerging Customers,681.41,681.41
17398,115,3,653.38,217.79333333333332,141,2011-03-29 13:04:00,2011-08-17 09:48:00,United Kingdom,1,Loyal Customers,653.38,1691.3737588652482
17400,127,5,2097.84,419.568,227,2010-12-21 17:16:00,2011-08-05 15:38:00,United Kingdom,1,Loyal Customers,2097.84,3373.178854625551
17402,5,13,2633.85,202.60384615384612,365,2010-12-05 13:53:00,2011-12-05 10:15:00,United Kingdom,3,Champions,2633.85,2633.85
17403,37,1,263.92,263.92,0,2011-11-03 15:18:00,2011-11-03 15:18:00,United Kingdom,0,Recent/Emerging Customers,263.92,263.92
17404,5,15,31906.82,2127.121333333333,356,2010-12-14 13:28:00,2011-12-05 16:26:00,Sweden,3,Champions,31906.82,32713.453089887636
17405,2,3,1031.41,343.80333333333334,149,2011-07-12 14:17:00,2011-12-08 17:12:00,United Kingdom,0,Recent/Emerging Customers,1031.41,2526.6083892617453
17406,334,3,2184.42,728.14,33,2010-12-08 10:35:00,2011-01-10 15:07:00,United Kingdom,1,Loyal Customers,2184.42,24161.00909090909
17408,164,1,32.65,32.65,0,2011-06-29 12:53:00,2011-06-29 12:53:00,United Kingdom,2,At-Risk/Dormant Customers,32.65,32.65
17409,185,2,771.85,385.925,64,2011-04-05 16:42:00,2011-06-08 10:36:00,United Kingdom,2,At-Risk/Dormant Customers,771.85,4401.95703125
17410,17,5,1214.72,242.944,199,2011-05-08 15:21:00,2011-11-23 15:46:00,United Kingdom,1,Loyal Customers,1214.72,2228.0040201005027
17411,13,3,778.94,259.64666666666665,249,2011-03-23 13:44:00,2011-11-27 14:25:00,United Kingdom,0,Recent/Emerging Customers,778.94,1141.8196787148595
17412,3,7,1258.06,179.72285714285715,370,2010-12-02 16:29:00,2011-12-07 11:36:00,United Kingdom,3,Champions,1258.06,1241.0591891891893
17414,44,2,778.0,389.0,141,2011-06-08 11:43:00,2011-10-27 12:13:00,United Kingdom,1,Loyal Customers,778.0,2013.9716312056737
17415,80,1,507.84,507.84,0,2011-09-21 12:50:00,2011-09-21 12:50:00,United Kingdom,2,At-Risk/Dormant Customers,507.84,507.84
17416,30,7,6893.42,984.7742857142856,252,2011-03-03 13:45:00,2011-11-10 12:47:00,United Kingdom,3,Champions,6893.42,9984.517063492063
17418,43,2,463.46,231.73,281,2011-01-20 11:39:00,2011-10-28 13:00:00,United Kingdom,0,Recent/Emerging Customers,463.46,602.003202846975
17419,12,12,4226.57,352.21416666666664,356,2010-12-07 15:03:00,2011-11-28 13:47:00,United Kingdom,3,Champions,4226.57,4333.421488764045
17420,51,3,598.83,199.61,323,2010-12-01 09:56:00,2011-10-20 14:52:00,United Kingdom,1,Loyal Customers,598.83,676.696439628483
17422,17,6,1979.37,329.895,280,2011-02-16 14:44:00,2011-11-23 13:27:00,United Kingdom,1,Loyal Customers,1979.37,2580.2501785714285
17423,47,2,698.41,349.205,171,2011-05-06 09:14:00,2011-10-24 13:36:00,United Kingdom,0,Recent/Emerging Customers,698.41,1490.7581871345028
17425,20,2,759.17,379.585,41,2011-10-10 11:37:00,2011-11-20 15:30:00,United Kingdom,0,Recent/Emerging Customers,759.17,6758.464634146341
17426,9,6,5037.26,839.5433333333333,274,2011-03-02 16:34:00,2011-12-01 18:07:00,United Kingdom,3,Champions,5037.26,6710.218613138687
17427,72,1,100.8,100.8,0,2011-09-29 11:29:00,2011-09-29 11:29:00,United Kingdom,2,At-Risk/Dormant Customers,100.8,100.8
17428,1,28,17256.85,616.3160714285714,368,2010-12-06 09:37:00,2011-12-09 09:45:00,United Kingdom,3,Champions,17256.85,17116.169157608696
17429,129,3,524.92,174.97333333333333,90,2011-05-05 09:53:00,2011-08-03 13:22:00,United Kingdom,2,At-Risk/Dormant Customers,524.92,2128.842222222222
17430,33,2,265.76,132.88,333,2010-12-09 13:05:00,2011-11-07 09:24:00,United Kingdom,0,Recent/Emerging Customers,265.76,291.2984984984985
17431,314,1,403.3,403.3,0,2011-01-30 14:36:00,2011-01-30 14:36:00,United Kingdom,2,At-Risk/Dormant Customers,403.3,403.3
17432,19,2,365.76,182.88,19,2011-11-02 17:30:00,2011-11-21 17:33:00,United Kingdom,0,Recent/Emerging Customers,365.76,365.76
17433,89,1,303.16,303.16,0,2011-09-12 14:24:00,2011-09-12 14:24:00,United Kingdom,2,At-Risk/Dormant Customers,303.16,303.16
17434,3,7,2373.82,339.1171428571428,83,2011-09-15 13:54:00,2011-12-07 13:16:00,United Kingdom,3,Champions,2373.82,10439.087951807229
17436,2,2,216.3,108.15,225,2011-04-27 11:33:00,2011-12-08 12:30:00,United Kingdom,0,Recent/Emerging Customers,216.3,350.8866666666667
17438,254,1,388.45,388.45,0,2011-03-31 10:26:00,2011-03-31 10:26:00,United Kingdom,2,At-Risk/Dormant Customers,388.45,388.45
17440,157,3,186.42,62.14,91,2011-04-06 12:05:00,2011-07-06 11:54:00,United Kingdom,2,At-Risk/Dormant Customers,186.42,747.7285714285714
17442,37,6,2248.56,374.76,254,2011-02-22 13:02:00,2011-11-03 09:17:00,United Kingdom,1,Loyal Customers,2248.56,3231.19842519685
17443,220,1,534.24,534.24,0,2011-05-04 10:47:00,2011-05-04 10:47:00,Canada,2,At-Risk/Dormant Customers,534.24,534.24
17444,148,3,2940.04,980.0133333333331,25,2011-06-20 09:04:00,2011-07-15 12:05:00,Canada,1,Loyal Customers,2940.04,2940.04
17446,177,2,120.9,60.45,134,2011-02-02 14:40:00,2011-06-16 10:42:00,United Kingdom,2,At-Risk/Dormant Customers,120.9,329.3171641791045
17447,41,2,541.53,270.765,31,2011-09-29 10:10:00,2011-10-30 14:18:00,United Kingdom,0,Recent/Emerging Customers,541.53,6376.079032258064
17449,3,7,2519.21,359.88714285714286,357,2010-12-15 10:57:00,2011-12-07 16:56:00,United Kingdom,3,Champions,2519.21,2575.6628851540613
17450,9,46,194390.79,4225.886739130435,359,2010-12-07 09:23:00,2011-12-01 13:29:00,United Kingdom,3,Champions,194390.79,197639.6611420613
17451,2,7,1721.4,245.91428571428568,104,2011-08-26 11:54:00,2011-12-08 15:02:00,United Kingdom,3,Champions,1721.4,6041.451923076924
17453,18,2,486.72,243.36,47,2011-10-06 17:02:00,2011-11-22 09:42:00,United Kingdom,0,Recent/Emerging Customers,486.72,3779.8468085106383
17454,193,4,517.53,129.3825,167,2010-12-15 10:54:00,2011-05-31 13:58:00,United Kingdom,2,At-Risk/Dormant Customers,517.53,1131.1284431137724
17455,204,1,131.7,131.7,0,2011-05-20 12:31:00,2011-05-20 12:31:00,United Kingdom,2,At-Risk/Dormant Customers,131.7,131.7
17456,366,1,249.86,249.86,0,2010-12-09 15:23:00,2010-12-09 15:23:00,United Kingdom,2,At-Risk/Dormant Customers,249.86,249.86
17457,127,5,1737.7,347.54,213,2011-01-04 14:33:00,2011-08-05 12:48:00,United Kingdom,1,Loyal Customers,1737.7,2977.74882629108
17458,16,1,316.5,316.5,0,2011-11-24 13:01:00,2011-11-24 13:01:00,United Kingdom,0,Recent/Emerging Customers,316.5,316.5
17459,44,2,657.3,328.65,17,2011-10-10 17:00:00,2011-10-27 13:25:00,United Kingdom,0,Recent/Emerging Customers,657.3,657.3
17460,95,6,622.43,103.73833333333332,279,2010-12-01 16:24:00,2011-09-06 15:04:00,United Kingdom,1,Loyal Customers,622.43,814.2901433691756
17461,23,3,735.82,245.2733333333333,7,2011-11-10 12:01:00,2011-11-17 10:21:00,United Kingdom,0,Recent/Emerging Customers,735.82,735.82
17462,61,2,675.69,337.845,224,2011-02-28 17:01:00,2011-10-10 13:56:00,United Kingdom,1,Loyal Customers,675.69,1101.0127232142859
17463,17,5,1875.86,375.172,297,2011-01-30 15:48:00,2011-11-23 13:40:00,United Kingdom,1,Loyal Customers,1875.86,2305.3498316498317
17464,159,1,289.96,289.96,0,2011-07-04 13:19:00,2011-07-04 13:19:00,United Kingdom,2,At-Risk/Dormant Customers,289.96,289.96
17466,11,2,763.28,381.64,68,2011-09-22 09:16:00,2011-11-29 13:15:00,United Kingdom,0,Recent/Emerging Customers,763.28,4097.017647058823
17468,11,2,137.0,68.5,4,2011-11-25 12:52:00,2011-11-29 15:33:00,United Kingdom,0,Recent/Emerging Customers,137.0,137.0
17469,17,5,1870.97,374.194,188,2011-05-19 08:55:00,2011-11-23 13:15:00,United Kingdom,1,Loyal Customers,1870.97,3632.4683510638297
17470,45,5,1125.07,225.014,323,2010-12-07 09:57:00,2011-10-26 12:42:00,United Kingdom,1,Loyal Customers,1125.07,1271.3639318885448
17472,192,3,697.54,232.51333333333332,108,2011-02-13 14:40:00,2011-06-01 14:57:00,United Kingdom,2,At-Risk/Dormant Customers,697.54,2357.426851851852
17475,80,1,194.37,194.37,0,2011-09-21 14:55:00,2011-09-21 14:55:00,United Kingdom,2,At-Risk/Dormant Customers,194.37,194.37
17480,78,1,511.82,511.82,0,2011-09-23 11:39:00,2011-09-23 11:39:00,United Kingdom,2,At-Risk/Dormant Customers,511.82,511.82
17481,4,4,1255.59,313.8975,90,2011-09-07 09:57:00,2011-12-06 12:28:00,United Kingdom,0,Recent/Emerging Customers,1255.59,5092.115
17483,66,3,414.04,138.01333333333332,118,2011-06-09 19:40:00,2011-10-05 13:10:00,United Kingdom,1,Loyal Customers,414.04,1280.7169491525426
17486,262,1,396.87,396.87,0,2011-03-23 14:00:00,2011-03-23 14:00:00,United Kingdom,2,At-Risk/Dormant Customers,396.87,396.87
17489,59,2,376.64,188.32,154,2011-05-11 11:34:00,2011-10-12 08:56:00,United Kingdom,0,Recent/Emerging Customers,376.64,892.6857142857143
17490,1,7,2092.32,298.90285714285716,176,2011-06-16 09:15:00,2011-12-09 09:08:00,United Kingdom,3,Champions,2092.32,4339.186363636364
17491,2,10,3558.87,355.887,366,2010-12-07 12:18:00,2011-12-08 16:18:00,United Kingdom,3,Champions,3558.87,3549.1463114754097
17492,249,1,374.57,374.57,0,2011-04-05 15:21:00,2011-04-05 15:21:00,United Kingdom,2,At-Risk/Dormant Customers,374.57,374.57
17495,8,2,497.56,248.78,31,2011-11-01 12:06:00,2011-12-02 12:08:00,United Kingdom,0,Recent/Emerging Customers,497.56,5858.3677419354835
17496,359,1,271.05,271.05,0,2010-12-16 08:39:00,2010-12-16 08:39:00,United Kingdom,2,At-Risk/Dormant Customers,271.05,271.05
17498,76,1,272.22,272.22,0,2011-09-25 12:25:00,2011-09-25 12:25:00,United Kingdom,2,At-Risk/Dormant Customers,272.22,272.22
17499,290,1,622.88,622.88,0,2011-02-23 09:14:00,2011-02-23 09:14:00,United Kingdom,2,At-Risk/Dormant Customers,622.88,622.88
17500,18,3,1138.0,379.33333333333326,12,2011-11-10 09:08:00,2011-11-22 14:25:00,United Kingdom,1,Loyal Customers,1138.0,1138.0
17501,221,2,288.6,144.3,0,2011-05-03 09:46:00,2011-05-03 09:47:00,United Kingdom,2,At-Risk/Dormant Customers,288.6,288.6
17502,10,4,689.1,172.275,20,2011-11-10 16:39:00,2011-11-30 13:13:00,United Kingdom,0,Recent/Emerging Customers,689.1,689.1
17503,3,2,558.96,279.48,36,2011-11-01 11:12:00,2011-12-07 09:18:00,United Kingdom,0,Recent/Emerging Customers,558.96,5667.233333333334
17504,207,9,2997.03,333.00333333333333,116,2011-01-21 11:09:00,2011-05-17 12:59:00,United Kingdom,1,Loyal Customers,2997.03,9430.309913793104
17505,162,2,1145.84,572.92,44,2011-05-18 09:01:00,2011-07-01 12:50:00,United Kingdom,1,Loyal Customers,1145.84,9505.263636363636
17506,76,1,302.2,302.2,0,2011-09-25 11:39:00,2011-09-25 11:39:00,United Kingdom,2,At-Risk/Dormant Customers,302.2,302.2
17507,262,2,605.58,302.79,48,2011-02-03 18:08:00,2011-03-23 11:48:00,United Kingdom,2,At-Risk/Dormant Customers,605.58,4604.931250000001
17508,281,1,387.31,387.31,0,2011-03-04 08:10:00,2011-03-04 08:10:00,Greece,2,At-Risk/Dormant Customers,387.31,387.31
17509,58,8,6083.64,760.455,6,2011-10-07 13:14:00,2011-10-13 10:26:00,United Kingdom,1,Loyal Customers,6083.64,6083.64
17510,25,1,308.48,308.48,0,2011-11-15 10:00:00,2011-11-15 10:00:00,United Kingdom,0,Recent/Emerging Customers,308.48,308.48
17511,3,31,91062.38,2937.496129032258,371,2010-12-01 10:19:00,2011-12-07 10:12:00,United Kingdom,3,Champions,91062.38,89589.67304582211
17512,29,10,2924.99,292.499,273,2011-02-11 12:22:00,2011-11-11 12:11:00,United Kingdom,3,Champions,2924.99,3910.700915750915
17513,73,1,513.2,513.2,0,2011-09-28 16:42:00,2011-09-28 16:42:00,United Kingdom,2,At-Risk/Dormant Customers,513.2,513.2
17514,129,1,208.65,208.65,0,2011-08-03 15:45:00,2011-08-03 15:45:00,United Kingdom,2,At-Risk/Dormant Customers,208.65,208.65
17515,32,4,639.02,159.755,287,2011-01-25 14:33:00,2011-11-08 14:04:00,United Kingdom,1,Loyal Customers,639.02,812.6909407665505
17516,16,5,764.88,152.976,270,2011-02-27 12:41:00,2011-11-24 16:51:00,United Kingdom,1,Loyal Customers,764.88,1034.0044444444445
17517,309,1,153.94,153.94,0,2011-02-04 11:48:00,2011-02-04 11:48:00,United Kingdom,2,At-Risk/Dormant Customers,153.94,153.94
17519,18,6,1844.02,307.33666666666664,351,2010-12-06 15:18:00,2011-11-22 16:43:00,United Kingdom,1,Loyal Customers,1844.02,1917.5706552706552
17520,54,1,546.81,546.81,0,2011-10-17 12:04:00,2011-10-17 12:04:00,United Kingdom,0,Recent/Emerging Customers,546.81,546.81
17521,30,3,723.21,241.07,170,2011-05-24 15:14:00,2011-11-10 11:22:00,United Kingdom,1,Loyal Customers,723.21,1552.774411764706
17522,2,5,1070.71,214.142,217,2011-05-05 16:31:00,2011-12-08 12:31:00,United Kingdom,3,Champions,1070.71,1800.9638248847925
17523,12,4,652.74,163.185,8,2011-11-20 13:40:00,2011-11-28 13:20:00,United Kingdom,0,Recent/Emerging Customers,652.74,652.74
17524,362,1,145.0,145.0,0,2010-12-13 14:32:00,2010-12-13 14:32:00,United Kingdom,2,At-Risk/Dormant Customers,145.0,145.0
17525,360,1,422.7,422.7,0,2010-12-15 12:05:00,2010-12-15 12:05:00,United Kingdom,2,At-Risk/Dormant Customers,422.7,422.7
17526,5,4,1195.9,298.975,361,2010-12-09 12:20:00,2011-12-05 11:05:00,United Kingdom,0,Recent/Emerging Customers,1195.9,1209.1509695290858
17527,54,4,939.37,234.8425,165,2011-05-05 13:43:00,2011-10-17 12:32:00,United Kingdom,1,Loyal Customers,939.37,2078.000303030303
17528,2,8,3628.5,453.5625,70,2011-09-29 13:04:00,2011-12-08 13:27:00,United Kingdom,3,Champions,3628.5,18920.035714285714
17530,2,10,2367.12,236.712,364,2010-12-09 20:01:00,2011-12-08 18:42:00,United Kingdom,3,Champions,2367.12,2373.623076923077
17531,191,1,296.7,296.7,0,2011-06-02 19:17:00,2011-06-02 19:17:00,United Kingdom,2,At-Risk/Dormant Customers,296.7,296.7
17534,54,1,223.36,223.36,0,2011-10-17 12:47:00,2011-10-17 12:47:00,United Kingdom,2,At-Risk/Dormant Customers,223.36,223.36
17535,281,1,164.4,164.4,0,2011-03-04 15:20:00,2011-03-04 15:20:00,United Kingdom,2,At-Risk/Dormant Customers,164.4,164.4
17536,178,1,76.5,76.5,0,2011-06-15 13:23:00,2011-06-15 13:23:00,United Kingdom,2,At-Risk/Dormant Customers,76.5,76.5
17537,30,2,887.67,443.835,274,2011-02-09 13:37:00,2011-11-10 10:56:00,United Kingdom,0,Recent/Emerging Customers,887.67,1182.480109489051
17538,26,1,98.42,98.42,0,2011-11-14 12:12:00,2011-11-14 12:12:00,United Kingdom,0,Recent/Emerging Customers,98.42,98.42
17540,25,2,578.9,289.45,292,2011-01-27 14:35:00,2011-11-15 11:56:00,United Kingdom,0,Recent/Emerging Customers,578.9,723.625
17542,270,1,170.75,170.75,0,2011-03-15 11:45:00,2011-03-15 11:45:00,United Kingdom,2,At-Risk/Dormant Customers,170.75,170.75
17545,44,3,642.32,214.10666666666663,0,2011-10-27 13:48:00,2011-10-27 14:04:00,United Kingdom,1,Loyal Customers,642.32,642.32
17548,234,1,103.3,103.3,0,2011-04-20 12:01:00,2011-04-20 12:01:00,United Kingdom,2,At-Risk/Dormant Customers,103.3,103.3
17549,24,2,148.86,74.43,28,2011-10-19 10:05:00,2011-11-16 09:59:00,United Kingdom,0,Recent/Emerging Customers,148.86,148.86
17550,198,3,267.16,89.05333333333333,46,2011-04-10 15:19:00,2011-05-26 14:09:00,United Kingdom,2,At-Risk/Dormant Customers,267.16,2119.8565217391306
17551,360,1,290.34,290.34,0,2010-12-15 14:12:00,2010-12-15 14:12:00,United Kingdom,2,At-Risk/Dormant Customers,290.34,290.34
17552,61,4,930.41,232.6025,312,2010-12-02 18:45:00,2011-10-10 17:00:00,United Kingdom,1,Loyal Customers,930.41,1088.4604166666668
17553,130,1,1487.6,1487.6,0,2011-08-02 10:00:00,2011-08-02 10:00:00,United Kingdom,2,At-Risk/Dormant Customers,1487.6,1487.6
17554,2,5,1952.45,390.49,147,2011-07-14 20:01:00,2011-12-08 14:15:00,United Kingdom,3,Champions,1952.45,4847.920068027211
17555,20,2,480.31,240.155,315,2011-01-09 12:31:00,2011-11-20 12:22:00,United Kingdom,0,Recent/Emerging Customers,480.31,556.5496825396826
17556,206,1,157.9,157.9,0,2011-05-18 10:48:00,2011-05-18 10:48:00,United Kingdom,2,At-Risk/Dormant Customers,157.9,157.9
17557,15,3,541.46,180.48666666666665,67,2011-09-19 14:23:00,2011-11-25 12:57:00,United Kingdom,0,Recent/Emerging Customers,541.46,2949.744776119403
17560,95,4,854.95,213.7375,216,2011-02-02 11:14:00,2011-09-06 09:18:00,United Kingdom,1,Loyal Customers,854.95,1444.707175925926
17561,20,1,165.12,165.12,0,2011-11-20 12:53:00,2011-11-20 12:53:00,United Kingdom,0,Recent/Emerging Customers,165.12,165.12
17562,15,7,1122.38,160.34,159,2011-06-19 13:06:00,2011-11-25 14:21:00,United Kingdom,1,Loyal Customers,1122.38,2576.532704402516
17564,25,3,454.01,151.33666666666667,56,2011-09-20 14:00:00,2011-11-15 13:27:00,United Kingdom,0,Recent/Emerging Customers,454.01,2959.1723214285716
17566,9,2,869.77,434.885,17,2011-11-14 13:42:00,2011-12-01 19:54:00,United Kingdom,0,Recent/Emerging Customers,869.77,869.77
17567,8,8,4331.48,541.435,365,2010-12-02 15:18:00,2011-12-02 15:48:00,United Kingdom,3,Champions,4331.48,4331.48
17569,333,1,344.14,344.14,0,2011-01-11 14:15:00,2011-01-11 14:15:00,United Kingdom,2,At-Risk/Dormant Customers,344.14,344.14
17571,51,4,1425.67,356.4175,248,2011-02-14 15:15:00,2011-10-20 15:57:00,United Kingdom,1,Loyal Customers,1425.67,2098.264314516129
17572,72,4,226.75,56.6875,302,2010-12-01 12:51:00,2011-09-29 17:53:00,United Kingdom,2,At-Risk/Dormant Customers,226.75,274.0521523178808
17573,30,3,380.6,126.86666666666666,64,2011-09-07 10:36:00,2011-11-10 13:01:00,United Kingdom,0,Recent/Emerging Customers,380.6,2170.609375
17574,243,1,185.65,185.65,0,2011-04-11 09:47:00,2011-04-11 09:47:00,United Kingdom,2,At-Risk/Dormant Customers,185.65,185.65
17576,9,19,3564.83,187.62263157894736,357,2010-12-09 16:57:00,2011-12-01 17:56:00,United Kingdom,3,Champions,3564.83,3644.714145658263
17578,219,1,143.46,143.46,0,2011-05-05 18:38:00,2011-05-05 18:38:00,United Kingdom,2,At-Risk/Dormant Customers,143.46,143.46
17579,5,3,448.9,149.63333333333333,175,2011-06-13 14:12:00,2011-12-05 12:28:00,United Kingdom,0,Recent/Emerging Customers,448.9,936.2771428571428
17580,253,3,215.72,71.90666666666667,106,2010-12-16 15:27:00,2011-04-01 12:41:00,United Kingdom,2,At-Risk/Dormant Customers,215.72,742.809433962264
17581,1,25,11025.24,441.0096,372,2010-12-02 14:47:00,2011-12-09 12:21:00,United Kingdom,3,Champions,11025.24,10817.775806451613
17582,237,1,175.27,175.27,0,2011-04-17 13:18:00,2011-04-17 13:18:00,United Kingdom,2,At-Risk/Dormant Customers,175.27,175.27
17584,8,2,1242.3,621.15,120,2011-08-04 14:12:00,2011-12-02 17:12:00,United Kingdom,0,Recent/Emerging Customers,1242.3,3778.6624999999995
17585,110,4,1116.68,279.17,229,2011-01-05 15:09:00,2011-08-22 13:30:00,United Kingdom,1,Loyal Customers,1116.68,1779.8611353711792
17588,101,3,1240.2,413.4,132,2011-04-21 10:31:00,2011-08-31 13:37:00,United Kingdom,1,Loyal Customers,1240.2,3429.340909090909
17589,61,4,2404.17,601.0425,180,2011-04-13 13:47:00,2011-10-10 16:58:00,United Kingdom,1,Loyal Customers,2404.17,4875.1224999999995
17590,3,3,1468.02,489.34,38,2011-10-30 14:05:00,2011-12-07 12:55:00,United Kingdom,0,Recent/Emerging Customers,1468.02,14100.71842105263
17591,74,7,2203.67,314.81,294,2010-12-07 15:39:00,2011-09-27 13:42:00,United Kingdom,1,Loyal Customers,2203.67,2735.8488095238095
17593,4,5,3923.86,784.772,349,2010-12-22 10:29:00,2011-12-06 10:30:00,United Kingdom,3,Champions,3923.86,4103.7504297994265
17594,86,2,993.18,496.59,169,2011-03-30 10:32:00,2011-09-15 16:34:00,United Kingdom,1,Loyal Customers,993.18,2145.033727810651
17595,13,2,386.69,193.345,25,2011-11-02 16:19:00,2011-11-27 16:08:00,United Kingdom,0,Recent/Emerging Customers,386.69,386.69
17596,24,7,2806.69,400.9557142857143,345,2010-12-06 12:34:00,2011-11-16 14:11:00,United Kingdom,3,Champions,2806.69,2969.396666666667
17597,214,1,2044.37,2044.37,0,2011-05-10 11:54:00,2011-05-10 11:54:00,United Kingdom,2,At-Risk/Dormant Customers,2044.37,2044.37
17600,18,1,161.67,161.67,0,2011-11-22 09:43:00,2011-11-22 09:43:00,United Kingdom,0,Recent/Emerging Customers,161.67,161.67
17601,240,1,116.01,116.01,0,2011-04-14 18:02:00,2011-04-14 18:02:00,United Kingdom,2,At-Risk/Dormant Customers,116.01,116.01
17602,3,6,5054.42,842.4033333333333,322,2011-01-19 16:18:00,2011-12-07 13:53:00,United Kingdom,3,Champions,5054.42,5729.3891304347835
17603,79,1,394.72,394.72,0,2011-09-22 14:18:00,2011-09-22 14:18:00,United Kingdom,2,At-Risk/Dormant Customers,394.72,394.72
17604,218,2,309.36,154.68,95,2011-01-31 15:09:00,2011-05-06 13:43:00,United Kingdom,2,At-Risk/Dormant Customers,309.36,1188.5936842105264
17608,34,2,191.99,95.995,0,2011-11-06 13:00:00,2011-11-06 13:06:00,United Kingdom,0,Recent/Emerging Customers,191.99,191.99
17609,41,5,1105.78,221.156,287,2011-01-16 16:23:00,2011-10-30 12:28:00,United Kingdom,1,Loyal Customers,1105.78,1406.3055749128919
17611,8,15,3961.12,264.07466666666664,354,2010-12-13 13:52:00,2011-12-02 13:29:00,United Kingdom,3,Champions,3961.12,4084.205649717514
17612,54,6,2048.45,341.4083333333333,244,2011-02-15 10:40:00,2011-10-17 14:59:00,United Kingdom,1,Loyal Customers,2048.45,3064.279713114754
17613,23,14,4544.55,324.61071428571427,283,2011-02-07 11:20:00,2011-11-17 10:51:00,United Kingdom,3,Champions,4544.55,5861.345406360425
17614,58,1,386.32,386.32,0,2011-10-13 16:01:00,2011-10-13 16:01:00,United Kingdom,2,At-Risk/Dormant Customers,386.32,386.32
17615,131,3,329.6,109.86666666666666,92,2011-05-01 15:33:00,2011-08-01 14:06:00,United Kingdom,2,At-Risk/Dormant Customers,329.6,1307.6521739130435
17616,174,3,571.2,190.4,194,2010-12-07 10:04:00,2011-06-19 10:11:00,United Kingdom,2,At-Risk/Dormant Customers,571.2,1074.680412371134
17618,6,3,930.28,310.0933333333333,357,2010-12-12 16:05:00,2011-12-04 11:50:00,United Kingdom,0,Recent/Emerging Customers,930.28,951.1266106442577
17619,313,1,214.37,214.37,0,2011-01-31 14:18:00,2011-01-31 14:18:00,United Kingdom,2,At-Risk/Dormant Customers,214.37,214.37
17620,60,1,81.44,81.44,0,2011-10-11 12:08:00,2011-10-11 12:08:00,United Kingdom,2,At-Risk/Dormant Customers,81.44,81.44
17621,22,3,1379.9,459.96666666666664,333,2010-12-20 13:31:00,2011-11-18 17:11:00,United Kingdom,1,Loyal Customers,1379.9,1512.5030030030032
17623,33,1,527.05,527.05,0,2011-11-07 11:32:00,2011-11-07 11:32:00,United Kingdom,0,Recent/Emerging Customers,527.05,527.05
17624,15,2,843.48,421.74,204,2011-05-05 17:59:00,2011-11-25 10:52:00,United Kingdom,0,Recent/Emerging Customers,843.48,1509.1676470588236
17625,19,4,2020.4,505.1,239,2011-03-27 12:21:00,2011-11-21 13:36:00,United Kingdom,1,Loyal Customers,2020.4,3085.5481171548117
17628,82,1,75.75,75.75,0,2011-09-19 15:21:00,2011-09-19 15:21:00,United Kingdom,2,At-Risk/Dormant Customers,75.75,75.75
17629,6,8,1814.12,226.765,354,2010-12-15 09:58:00,2011-12-04 10:56:00,United Kingdom,3,Champions,1814.12,1870.4909604519773
17630,170,2,503.6,251.8,63,2011-04-21 14:03:00,2011-06-23 11:58:00,United Kingdom,2,At-Risk/Dormant Customers,503.6,2917.6825396825398
17631,2,3,528.33,176.11,231,2011-04-21 13:22:00,2011-12-08 09:47:00,United Kingdom,0,Recent/Emerging Customers,528.33,834.8071428571428
17633,32,4,1324.84,331.21,89,2011-08-11 15:43:00,2011-11-08 13:25:00,United Kingdom,1,Loyal Customers,1324.84,5433.332584269662
17634,37,9,2358.59,262.06555555555553,301,2011-01-06 12:45:00,2011-11-03 13:09:00,United Kingdom,1,Loyal Customers,2358.59,2860.0842192691034
17636,20,1,285.56,285.56,0,2011-11-20 14:40:00,2011-11-20 14:40:00,United Kingdom,0,Recent/Emerging Customers,285.56,285.56
17637,32,2,547.06,273.53,84,2011-08-16 13:25:00,2011-11-08 12:51:00,United Kingdom,0,Recent/Emerging Customers,547.06,2377.1059523809517
17639,277,1,108.5,108.5,0,2011-03-08 15:22:00,2011-03-08 15:22:00,United Kingdom,2,At-Risk/Dormant Customers,108.5,108.5
17640,87,1,621.66,621.66,0,2011-09-14 09:13:00,2011-09-14 09:13:00,United Kingdom,2,At-Risk/Dormant Customers,621.66,621.66
17642,120,2,712.29,356.145,57,2011-06-16 12:55:00,2011-08-12 09:11:00,United Kingdom,2,At-Risk/Dormant Customers,712.29,4561.155263157894
17643,374,1,101.55,101.55,0,2010-12-01 14:38:00,2010-12-01 14:38:00,United Kingdom,2,At-Risk/Dormant Customers,101.55,101.55
17644,2,11,2895.64,263.24,259,2011-03-24 09:44:00,2011-12-08 13:43:00,United Kingdom,3,Champions,2895.64,4080.728185328185
17646,220,3,1008.39,336.13,146,2010-12-09 14:28:00,2011-05-04 13:17:00,United Kingdom,1,Loyal Customers,1008.39,2520.975
17647,66,1,133.06,133.06,0,2011-10-05 15:38:00,2011-10-05 15:38:00,United Kingdom,2,At-Risk/Dormant Customers,133.06,133.06
17648,61,4,1797.5,449.375,189,2011-04-04 10:29:00,2011-10-10 09:41:00,United Kingdom,1,Loyal Customers,1797.5,3471.3624338624336
17649,139,1,868.49,868.49,0,2011-07-24 15:53:00,2011-07-24 15:53:00,United Kingdom,2,At-Risk/Dormant Customers,868.49,868.49
17650,22,1,166.08,166.08,0,2011-11-18 14:52:00,2011-11-18 14:52:00,United Kingdom,0,Recent/Emerging Customers,166.08,166.08
17651,12,10,3945.0,394.5,166,2011-06-15 15:57:00,2011-11-28 10:29:00,United Kingdom,3,Champions,3945.0,8674.246987951807
17652,26,12,4867.72,405.64333333333326,256,2011-03-03 14:05:00,2011-11-14 12:55:00,United Kingdom,3,Champions,4867.72,6940.30390625
17653,37,4,1207.56,301.89,84,2011-08-11 15:24:00,2011-11-03 12:46:00,United Kingdom,1,Loyal Customers,1207.56,5247.135714285713
17654,278,1,117.55,117.55,0,2011-03-07 13:17:00,2011-03-07 13:17:00,United Kingdom,2,At-Risk/Dormant Customers,117.55,117.55
17655,11,7,2638.94,376.99142857142857,356,2010-12-08 16:45:00,2011-11-29 11:34:00,United Kingdom,3,Champions,2638.94,2705.654775280899
17656,74,5,1674.69,334.938,55,2011-08-03 10:45:00,2011-09-27 13:04:00,United Kingdom,1,Loyal Customers,1674.69,11113.85181818182
17658,26,2,595.42,297.71,186,2011-05-12 15:23:00,2011-11-14 12:07:00,United Kingdom,0,Recent/Emerging Customers,595.42,1168.4317204301074
17659,18,12,2999.46,249.955,355,2010-12-02 16:46:00,2011-11-22 13:29:00,United Kingdom,3,Champions,2999.46,3083.9518309859154
17660,142,1,178.75,178.75,0,2011-07-21 13:37:00,2011-07-21 13:37:00,United Kingdom,2,At-Risk/Dormant Customers,178.75,178.75
17663,26,7,1802.91,257.55857142857144,262,2011-02-25 14:11:00,2011-11-14 08:56:00,United Kingdom,1,Loyal Customers,1802.91,2511.6875954198476
17664,19,2,604.64,302.32,194,2011-05-11 14:17:00,2011-11-21 11:29:00,United Kingdom,0,Recent/Emerging Customers,604.64,1137.5958762886598
17666,4,2,728.16,364.08,62,2011-10-05 11:06:00,2011-12-06 09:06:00,United Kingdom,0,Recent/Emerging Customers,728.16,4286.7483870967735
17667,67,5,2055.51,411.102,232,2011-02-14 09:24:00,2011-10-04 14:32:00,United Kingdom,1,Loyal Customers,2055.51,3233.88426724138
17668,2,2,347.75,173.875,37,2011-11-01 14:45:00,2011-12-08 13:25:00,United Kingdom,0,Recent/Emerging Customers,347.75,3430.5067567567567
17669,43,7,3406.72,486.6742857142857,207,2011-04-04 10:11:00,2011-10-28 08:53:00,United Kingdom,1,Loyal Customers,3406.72,6007.018357487923
17670,228,1,205.7,205.7,0,2011-04-26 09:12:00,2011-04-26 09:12:00,United Kingdom,2,At-Risk/Dormant Customers,205.7,205.7
17671,16,4,1572.71,393.1775,350,2010-12-09 14:27:00,2011-11-24 12:21:00,United Kingdom,1,Loyal Customers,1572.71,1640.1118571428574
17672,51,2,3178.17,1589.085,259,2011-02-03 13:29:00,2011-10-20 14:18:00,United Kingdom,1,Loyal Customers,3178.17,4478.888223938225
17673,2,6,1594.97,265.8283333333333,319,2011-01-23 15:16:00,2011-12-08 12:50:00,United Kingdom,3,Champions,1594.97,1824.9656739811915
17674,75,2,551.04,275.52,294,2010-12-06 10:20:00,2011-09-26 13:35:00,United Kingdom,2,At-Risk/Dormant Customers,551.04,684.1142857142856
17675,2,31,20374.28,657.2348387096774,366,2010-12-07 13:22:00,2011-12-08 18:03:00,United Kingdom,3,Champions,20374.28,20318.61256830601
17676,5,6,1371.18,228.53,362,2010-12-08 13:49:00,2011-12-05 15:16:00,United Kingdom,3,Champions,1371.18,1382.543370165746
17677,2,30,16345.38,544.846,367,2010-12-06 08:42:00,2011-12-08 09:56:00,United Kingdom,3,Champions,16345.38,16256.304359673024
17678,264,1,298.11,298.11,0,2011-03-21 11:52:00,2011-03-21 11:52:00,United Kingdom,2,At-Risk/Dormant Customers,298.11,298.11
17679,53,2,1992.11,996.055,33,2011-09-15 10:35:00,2011-10-18 07:43:00,United Kingdom,1,Loyal Customers,1992.11,22033.94393939394
17680,24,1,184.4,184.4,0,2011-11-16 12:42:00,2011-11-16 12:42:00,United Kingdom,0,Recent/Emerging Customers,184.4,184.4
17682,11,6,2474.33,412.38833333333326,358,2010-12-06 13:35:00,2011-11-29 15:59:00,United Kingdom,3,Champions,2474.33,2522.710754189944
17684,44,1,239.41,239.41,0,2011-10-27 11:10:00,2011-10-27 11:10:00,United Kingdom,0,Recent/Emerging Customers,239.41,239.41
17685,17,7,3155.83,450.8328571428571,356,2010-12-02 14:42:00,2011-11-23 11:36:00,United Kingdom,3,Champions,3155.83,3235.612219101123
17686,8,7,5739.46,819.9228571428571,295,2011-02-10 10:18:00,2011-12-02 15:39:00,United Kingdom,3,Champions,5739.46,7101.365762711865
17690,31,15,4726.8,315.12,343,2010-12-01 16:15:00,2011-11-09 15:17:00,United Kingdom,3,Champions,4726.8,5029.976676384839
17691,359,2,290.4,145.2,10,2010-12-06 11:10:00,2010-12-16 17:20:00,United Kingdom,2,At-Risk/Dormant Customers,290.4,290.4
17692,128,4,740.94,185.235,232,2010-12-15 13:37:00,2011-08-04 14:01:00,United Kingdom,1,Loyal Customers,740.94,1165.7030172413795
17693,138,1,200.47,200.47,0,2011-07-25 15:48:00,2011-07-25 15:48:00,United Kingdom,2,At-Risk/Dormant Customers,200.47,200.47
17694,142,1,283.12,283.12,0,2011-07-21 12:00:00,2011-07-21 12:00:00,United Kingdom,2,At-Risk/Dormant Customers,283.12,283.12
17695,132,2,765.34,382.67,40,2011-06-21 12:35:00,2011-07-31 10:40:00,United Kingdom,2,At-Risk/Dormant Customers,765.34,6983.7275
17696,39,8,2285.71,285.71375,326,2010-12-10 09:51:00,2011-11-01 13:43:00,United Kingdom,1,Loyal Customers,2285.71,2559.153834355828
17697,237,1,338.95,338.95,0,2011-04-17 15:40:00,2011-04-17 15:40:00,United Kingdom,2,At-Risk/Dormant Customers,338.95,338.95
17698,261,1,154.95,154.95,0,2011-03-24 11:34:00,2011-03-24 11:34:00,United Kingdom,2,At-Risk/Dormant Customers,154.95,154.95
17700,17,4,2534.64,633.66,265,2011-03-03 16:34:00,2011-11-23 11:51:00,United Kingdom,1,Loyal Customers,2534.64,3491.1079245283013
17701,253,1,417.95,417.95,0,2011-04-01 12:25:00,2011-04-01 12:25:00,United Kingdom,2,At-Risk/Dormant Customers,417.95,417.95
17702,31,4,1824.37,456.0925,176,2011-05-17 16:23:00,2011-11-09 16:03:00,United Kingdom,1,Loyal Customers,1824.37,3783.4946022727268
17703,36,3,798.74,266.2466666666666,103,2011-07-24 13:30:00,2011-11-04 15:51:00,United Kingdom,1,Loyal Customers,798.74,2830.4864077669904
17704,169,2,885.19,442.595,71,2011-04-14 09:28:00,2011-06-24 09:40:00,United Kingdom,2,At-Risk/Dormant Customers,885.19,4550.6246478873245
17705,4,9,1823.52,202.61333333333332,298,2011-02-11 10:57:00,2011-12-06 13:45:00,United Kingdom,3,Champions,1823.52,2233.5060402684567
17706,5,17,10504.49,617.9111764705882,362,2010-12-08 11:02:00,2011-12-05 13:34:00,United Kingdom,3,Champions,10504.49,10591.543784530388
17707,186,2,152.4,76.2,151,2011-01-07 13:30:00,2011-06-07 15:03:00,United Kingdom,2,At-Risk/Dormant Customers,152.4,368.38410596026495
17708,188,2,263.33,131.665,137,2011-01-19 10:09:00,2011-06-05 10:12:00,United Kingdom,2,At-Risk/Dormant Customers,263.33,701.5726277372263
17709,170,1,137.45,137.45,0,2011-06-23 11:55:00,2011-06-23 11:55:00,United Kingdom,2,At-Risk/Dormant Customers,137.45,137.45
17711,11,2,385.1,192.55,279,2011-02-23 11:32:00,2011-11-29 11:40:00,United Kingdom,0,Recent/Emerging Customers,385.1,503.8046594982079
17712,45,1,522.91,522.91,0,2011-10-26 12:28:00,2011-10-26 12:28:00,United Kingdom,0,Recent/Emerging Customers,522.91,522.91
17714,321,1,153.0,153.0,0,2011-01-23 10:32:00,2011-01-23 10:32:00,United Kingdom,2,At-Risk/Dormant Customers,153.0,153.0
17715,201,1,326.4,326.4,0,2011-05-23 12:32:00,2011-05-23 12:32:00,United Kingdom,2,At-Risk/Dormant Customers,326.4,326.4
17716,23,11,5655.99,514.180909090909,245,2011-03-17 10:38:00,2011-11-17 12:00:00,United Kingdom,3,Champions,5655.99,8426.27081632653
17718,233,1,139.35,139.35,0,2011-04-21 13:39:00,2011-04-21 13:39:00,United Kingdom,2,At-Risk/Dormant Customers,139.35,139.35
17719,38,15,5396.04,359.736,218,2011-03-29 11:29:00,2011-11-02 10:36:00,United Kingdom,3,Champions,5396.04,9034.654128440367
17720,27,4,1195.94,298.985,341,2010-12-07 10:43:00,2011-11-13 15:04:00,United Kingdom,1,Loyal Customers,1195.94,1280.1117302052785
17722,97,4,2424.04,606.01,270,2010-12-08 12:41:00,2011-09-04 15:22:00,United Kingdom,1,Loyal Customers,2424.04,3276.942962962963
17723,128,6,3276.4,546.0666666666666,87,2011-05-09 14:44:00,2011-08-04 18:37:00,United Kingdom,1,Loyal Customers,3276.4,13745.816091954024
17724,72,3,1033.0,344.3333333333333,67,2011-07-24 13:26:00,2011-09-29 15:26:00,United Kingdom,1,Loyal Customers,1033.0,5627.537313432836
17725,17,11,3439.08,312.6436363636364,251,2011-03-17 19:47:00,2011-11-23 16:34:00,United Kingdom,3,Champions,3439.08,5001.052589641435
17727,16,1,1060.25,1060.25,0,2011-11-24 17:06:00,2011-11-24 17:06:00,United Kingdom,0,Recent/Emerging Customers,1060.25,1060.25
17728,4,3,2876.01,958.67,83,2011-09-14 11:39:00,2011-12-06 08:52:00,United Kingdom,3,Champions,2876.01,12647.513855421686
17730,4,13,5298.48,407.5753846153846,323,2011-01-17 14:49:00,2011-12-06 15:43:00,United Kingdom,3,Champions,5298.48,5987.446439628482
17731,80,4,1240.11,310.0275,104,2011-06-09 14:18:00,2011-09-21 15:02:00,United Kingdom,1,Loyal Customers,1240.11,4352.309134615384
17732,373,1,303.97,303.97,0,2010-12-02 09:29:00,2010-12-02 09:29:00,United Kingdom,2,At-Risk/Dormant Customers,303.97,303.97
17733,39,2,692.19,346.095,223,2011-03-23 09:54:00,2011-11-01 08:16:00,United Kingdom,0,Recent/Emerging Customers,692.19,1132.9567264573993
17734,54,3,700.63,233.54333333333332,180,2011-04-20 10:04:00,2011-10-17 12:33:00,United Kingdom,1,Loyal Customers,700.63,1420.7219444444443
17735,3,19,13110.02,690.0010526315789,365,2010-12-07 10:32:00,2011-12-07 16:47:00,United Kingdom,3,Champions,13110.02,13110.02
17736,10,3,377.44,125.81333333333332,104,2011-08-18 14:33:00,2011-11-30 15:36:00,United Kingdom,0,Recent/Emerging Customers,377.44,1324.6692307692308
17737,10,2,168.24,84.12,49,2011-10-12 14:42:00,2011-11-30 15:16:00,United Kingdom,0,Recent/Emerging Customers,168.24,1253.2163265306124
17738,20,4,1879.05,469.7625,263,2011-03-02 16:26:00,2011-11-20 15:05:00,United Kingdom,1,Loyal Customers,1879.05,2607.8070342205324
17739,12,7,2791.35,398.7642857142857,349,2010-12-14 14:26:00,2011-11-28 09:12:00,United Kingdom,3,Champions,2791.35,2919.3202005730654
17742,114,2,355.11,177.555,219,2011-01-11 10:04:00,2011-08-18 15:28:00,United Kingdom,2,At-Risk/Dormant Customers,355.11,591.85
17744,4,6,2322.4,387.06666666666666,355,2010-12-16 14:17:00,2011-12-06 12:11:00,United Kingdom,3,Champions,2322.4,2387.819718309859
17746,241,1,110.25,110.25,0,2011-04-13 14:31:00,2011-04-13 14:31:00,United Kingdom,2,At-Risk/Dormant Customers,110.25,110.25
17747,113,1,71.4,71.4,0,2011-08-19 08:13:00,2011-08-19 08:13:00,United Kingdom,2,At-Risk/Dormant Customers,71.4,71.4
17749,179,2,674.52,337.26,78,2011-03-28 13:39:00,2011-06-14 15:45:00,United Kingdom,2,At-Risk/Dormant Customers,674.52,3156.4076923076923
17750,6,9,1710.45,190.05,159,2011-06-28 15:44:00,2011-12-04 14:09:00,United Kingdom,3,Champions,1710.45,3926.5047169811323
17752,360,1,80.64,80.64,0,2010-12-15 16:19:00,2010-12-15 16:19:00,United Kingdom,2,At-Risk/Dormant Customers,80.64,80.64
17754,1,5,1664.65,332.93,260,2011-03-24 13:54:00,2011-12-09 11:20:00,United Kingdom,3,Champions,1664.65,2336.9125
17757,2,30,5593.39,186.4463333333333,371,2010-12-02 17:17:00,2011-12-08 15:31:00,United Kingdom,3,Champions,5593.39,5502.9308625336935
17758,20,8,3408.2,426.025,231,2011-04-03 15:22:00,2011-11-20 14:45:00,United Kingdom,3,Champions,3408.2,5385.251082251081
17759,18,3,819.96,273.32,152,2011-06-23 13:35:00,2011-11-22 16:02:00,United Kingdom,0,Recent/Emerging Customers,819.96,1968.9828947368421
17760,22,2,287.59,143.795,352,2010-12-01 15:08:00,2011-11-18 10:56:00,United Kingdom,0,Recent/Emerging Customers,287.59,298.211221590909
17761,33,1,712.78,712.78,0,2011-11-07 10:23:00,2011-11-07 10:23:00,United Kingdom,0,Recent/Emerging Customers,712.78,712.78
17763,264,1,15.0,15.0,0,2011-03-21 14:25:00,2011-03-21 14:25:00,United Kingdom,2,At-Risk/Dormant Customers,15.0,15.0
17764,51,2,772.55,386.275,161,2011-05-12 16:11:00,2011-10-20 11:03:00,United Kingdom,1,Loyal Customers,772.55,1751.4332298136646
17765,159,3,367.63,122.54333333333332,98,2011-03-28 11:58:00,2011-07-04 12:41:00,United Kingdom,2,At-Risk/Dormant Customers,367.63,1369.2341836734695
17767,16,1,271.2,271.2,0,2011-11-24 14:42:00,2011-11-24 14:42:00,United Kingdom,0,Recent/Emerging Customers,271.2,271.2
17768,9,3,2081.9,693.9666666666666,158,2011-06-26 13:46:00,2011-12-01 13:22:00,United Kingdom,1,Loyal Customers,2081.9,4809.452531645569
17769,13,10,3957.43,395.743,308,2011-01-23 11:15:00,2011-11-27 11:18:00,United Kingdom,3,Champions,3957.43,4689.811525974026
17770,199,5,1143.27,228.654,84,2011-03-02 13:35:00,2011-05-25 12:34:00,United Kingdom,1,Loyal Customers,1143.27,4967.780357142857
17771,57,2,245.81,122.905,267,2011-01-20 14:13:00,2011-10-14 11:43:00,United Kingdom,2,At-Risk/Dormant Customers,245.81,336.0323970037453
17772,11,2,173.45,86.725,0,2011-11-29 10:57:00,2011-11-29 11:05:00,United Kingdom,0,Recent/Emerging Customers,173.45,173.45
17774,97,4,1213.73,303.4325,209,2011-02-07 13:13:00,2011-09-04 12:49:00,United Kingdom,1,Loyal Customers,1213.73,2119.6720095693777
17775,255,1,56.4,56.4,0,2011-03-30 10:50:00,2011-03-30 10:50:00,United Kingdom,2,At-Risk/Dormant Customers,56.4,56.4
17777,25,3,647.56,215.85333333333332,76,2011-08-31 14:35:00,2011-11-15 12:02:00,United Kingdom,0,Recent/Emerging Customers,647.56,3109.9921052631576
17779,22,3,650.32,216.7733333333333,122,2011-07-19 12:19:00,2011-11-18 14:15:00,United Kingdom,0,Recent/Emerging Customers,650.32,1945.6295081967214
17781,160,2,188.02,94.01,94,2011-03-31 19:54:00,2011-07-03 16:00:00,United Kingdom,2,At-Risk/Dormant Customers,188.02,730.0776595744682
17783,73,2,283.47,141.735,175,2011-04-06 10:07:00,2011-09-28 16:07:00,United Kingdom,2,At-Risk/Dormant Customers,283.47,591.2374285714287
17785,54,1,131.94,131.94,0,2011-10-17 13:43:00,2011-10-17 13:43:00,United Kingdom,2,At-Risk/Dormant Customers,131.94,131.94
17786,86,2,266.85,133.425,232,2011-01-26 14:35:00,2011-09-15 12:51:00,United Kingdom,2,At-Risk/Dormant Customers,266.85,419.8286637931035
17787,153,4,1817.54,454.385,219,2010-12-03 13:43:00,2011-07-10 11:24:00,United Kingdom,1,Loyal Customers,1817.54,3029.2333333333336
17788,74,2,1117.9,558.95,56,2011-08-02 10:38:00,2011-09-27 10:09:00,United Kingdom,1,Loyal Customers,1117.9,7286.312500000001
17789,282,1,225.9,225.9,0,2011-03-03 13:14:00,2011-03-03 13:14:00,United Kingdom,2,At-Risk/Dormant Customers,225.9,225.9
17790,27,14,1964.3,140.30714285714285,338,2010-12-10 10:47:00,2011-11-13 11:30:00,United Kingdom,3,Champions,1964.3,2121.2115384615386
17791,30,1,106.1,106.1,0,2011-11-10 12:09:00,2011-11-10 12:09:00,United Kingdom,0,Recent/Emerging Customers,106.1,106.1
17793,26,1,300.34,300.34,0,2011-11-14 14:24:00,2011-11-14 14:24:00,United Kingdom,0,Recent/Emerging Customers,300.34,300.34
17795,180,2,342.83,171.415,85,2011-03-20 12:02:00,2011-06-13 12:36:00,United Kingdom,2,At-Risk/Dormant Customers,342.83,1472.1523529411763
17796,41,4,690.0,172.5,329,2010-12-05 12:23:00,2011-10-30 15:38:00,United Kingdom,1,Loyal Customers,690.0,765.5015197568389
17797,23,3,780.43,260.1433333333333,160,2011-06-10 11:29:00,2011-11-17 13:21:00,United Kingdom,0,Recent/Emerging Customers,780.43,1780.3559375
17799,23,10,3039.17,303.917,339,2010-12-13 13:10:00,2011-11-17 15:16:00,United Kingdom,3,Champions,3039.17,3272.2626843657818
17800,38,9,1187.21,131.91222222222223,297,2011-01-09 13:50:00,2011-11-02 12:57:00,United Kingdom,1,Loyal Customers,1187.21,1459.0291245791248
17802,83,3,1285.04,428.34666666666664,290,2010-12-02 13:44:00,2011-09-18 14:56:00,United Kingdom,1,Loyal Customers,1285.04,1617.3779310344826
17805,74,1,512.31,512.31,0,2011-09-27 11:49:00,2011-09-27 11:49:00,United Kingdom,2,At-Risk/Dormant Customers,512.31,512.31
17806,12,1,546.04,546.04,0,2011-11-28 14:12:00,2011-11-28 14:12:00,United Kingdom,0,Recent/Emerging Customers,546.04,546.04
17809,17,12,5411.91,450.9925,357,2010-12-01 09:41:00,2011-11-23 12:59:00,United Kingdom,3,Champions,5411.91,5533.185294117647
17811,5,39,7761.82,199.02102564102563,329,2011-01-10 10:58:00,2011-12-05 13:46:00,United Kingdom,3,Champions,7761.82,8611.137689969604
17812,13,4,699.81,174.9525,356,2010-12-06 15:27:00,2011-11-27 11:47:00,United Kingdom,0,Recent/Emerging Customers,699.81,717.5018258426965
17813,15,5,1698.07,339.614,57,2011-09-29 15:57:00,2011-11-25 16:13:00,United Kingdom,1,Loyal Customers,1698.07,10873.606140350877
17816,37,4,36.56,9.14,329,2010-12-09 14:10:00,2011-11-03 11:34:00,United Kingdom,0,Recent/Emerging Customers,36.56,40.560486322188446
17817,5,3,387.68,129.22666666666666,273,2011-03-07 17:30:00,2011-12-05 14:39:00,United Kingdom,0,Recent/Emerging Customers,387.68,518.32673992674
17819,72,7,3704.87,529.2671428571429,300,2010-12-03 14:26:00,2011-09-29 10:52:00,United Kingdom,1,Loyal Customers,3704.87,4507.591833333333
17824,52,1,298.4,298.4,0,2011-10-19 14:14:00,2011-10-19 14:14:00,United Kingdom,2,At-Risk/Dormant Customers,298.4,298.4
17827,6,5,1987.33,397.466,359,2010-12-10 10:18:00,2011-12-04 15:00:00,United Kingdom,3,Champions,1987.33,2020.5444289693592
17828,23,4,1820.09,455.0225,162,2011-06-08 08:31:00,2011-11-17 08:41:00,Malta,1,Loyal Customers,1820.09,4100.820061728395
17829,299,1,889.24,889.24,0,2011-02-14 12:46:00,2011-02-14 12:46:00,United Arab Emirates,2,At-Risk/Dormant Customers,889.24,889.24
17830,2,3,398.7,132.9,287,2011-02-24 10:15:00,2011-12-08 12:28:00,United Kingdom,0,Recent/Emerging Customers,398.7,507.0574912891986
17831,34,1,35.4,35.4,0,2011-11-06 15:09:00,2011-11-06 15:09:00,United Kingdom,0,Recent/Emerging Customers,35.4,35.4
17832,50,1,155.37,155.37,0,2011-10-21 11:43:00,2011-10-21 11:43:00,United Kingdom,2,At-Risk/Dormant Customers,155.37,155.37
17835,3,3,342.24,114.08,21,2011-11-16 16:30:00,2011-12-07 11:48:00,United Kingdom,0,Recent/Emerging Customers,342.24,342.24
17836,48,1,110.21,110.21,0,2011-10-23 16:13:00,2011-10-23 16:13:00,United Kingdom,2,At-Risk/Dormant Customers,110.21,110.21
17837,43,8,1541.23,192.65375,121,2011-06-29 16:44:00,2011-10-28 16:13:00,United Kingdom,1,Loyal Customers,1541.23,4649.164876033058
17838,27,5,2720.8,544.16,346,2010-12-02 15:55:00,2011-11-13 11:20:00,United Kingdom,1,Loyal Customers,2720.8,2870.208092485549
17839,43,1,318.15,318.15,0,2011-10-28 17:27:00,2011-10-28 17:27:00,United Kingdom,0,Recent/Emerging Customers,318.15,318.15
17841,2,124,40519.84,326.77290322580643,372,2010-12-01 14:41:00,2011-12-08 12:07:00,United Kingdom,3,Champions,40519.84,39757.369892473114
17843,304,1,205.48,205.48,0,2011-02-09 15:33:00,2011-02-09 15:33:00,United Kingdom,2,At-Risk/Dormant Customers,205.48,205.48
17844,107,1,51.56,51.56,0,2011-08-25 11:27:00,2011-08-25 11:27:00,Canada,2,At-Risk/Dormant Customers,51.56,51.56
17846,86,1,2033.1,2033.1,0,2011-09-15 15:20:00,2011-09-15 15:20:00,United Kingdom,1,Loyal Customers,2033.1,2033.1
17848,82,9,901.2,100.13333333333333,277,2010-12-16 18:38:00,2011-09-19 16:49:00,United Kingdom,1,Loyal Customers,901.2,1187.5018050541516
17849,219,4,605.8,151.45,115,2011-01-10 11:59:00,2011-05-05 13:46:00,United Kingdom,1,Loyal Customers,605.8,1922.7565217391302
17850,373,34,5391.21,158.565,1,2010-12-01 08:26:00,2010-12-02 15:27:00,United Kingdom,3,Champions,5391.21,5391.21
17852,12,2,114.34,57.17,0,2011-11-28 12:31:00,2011-11-28 12:36:00,United Kingdom,0,Recent/Emerging Customers,114.34,114.34
17854,186,2,311.26,155.63,42,2011-04-26 16:53:00,2011-06-07 16:21:00,United Kingdom,2,At-Risk/Dormant Customers,311.26,2704.9976190476186
17855,373,1,208.97,208.97,0,2010-12-02 09:44:00,2010-12-02 09:44:00,United Kingdom,2,At-Risk/Dormant Customers,208.97,208.97
17856,2,4,1418.03,354.5075,280,2011-03-03 11:40:00,2011-12-08 09:40:00,United Kingdom,3,Champions,1418.03,1848.503392857143
17857,5,23,26879.04,1168.6539130434783,361,2010-12-09 11:35:00,2011-12-05 13:13:00,United Kingdom,3,Champions,26879.04,27176.86869806094
17858,6,12,5140.66,428.38833333333326,364,2010-12-05 13:08:00,2011-12-04 11:56:00,United Kingdom,3,Champions,5140.66,5154.782692307692
17859,305,1,141.92,141.92,0,2011-02-08 10:32:00,2011-02-08 10:32:00,United Kingdom,2,At-Risk/Dormant Customers,141.92,141.92
17860,369,1,226.45,226.45,0,2010-12-06 12:41:00,2010-12-06 12:41:00,United Kingdom,2,At-Risk/Dormant Customers,226.45,226.45
17861,4,8,2097.88,262.235,316,2011-01-24 11:34:00,2011-12-06 16:21:00,United Kingdom,3,Champions,2097.88,2423.1841772151897
17862,324,1,330.9,330.9,0,2011-01-20 12:23:00,2011-01-20 12:23:00,United Kingdom,2,At-Risk/Dormant Customers,330.9,330.9
17863,60,6,3160.0,526.6666666666666,310,2010-12-05 13:21:00,2011-10-11 13:45:00,United Kingdom,1,Loyal Customers,3160.0,3720.645161290323
17864,13,3,554.85,184.95,263,2011-03-09 11:44:00,2011-11-27 11:15:00,United Kingdom,0,Recent/Emerging Customers,554.85,770.0389733840304
17865,31,20,10526.32,526.316,334,2010-12-10 14:53:00,2011-11-09 12:08:00,United Kingdom,3,Champions,10526.32,11503.313772455089
17866,143,1,329.65,329.65,0,2011-07-20 11:07:00,2011-07-20 11:07:00,United Kingdom,2,At-Risk/Dormant Customers,329.65,329.65
17867,31,6,1157.87,192.97833333333332,258,2011-02-24 12:25:00,2011-11-09 14:15:00,United Kingdom,1,Loyal Customers,1157.87,1638.0718992248062
17869,108,5,428.18,85.636,261,2010-12-06 17:16:00,2011-08-24 16:16:00,United Kingdom,1,Loyal Customers,428.18,598.795785440613
17870,3,12,1865.89,155.4908333333333,364,2010-12-08 08:12:00,2011-12-07 15:07:00,United Kingdom,3,Champions,1865.89,1871.0160714285714
17871,205,1,155.9,155.9,0,2011-05-19 11:32:00,2011-05-19 11:32:00,United Kingdom,2,At-Risk/Dormant Customers,155.9,155.9
17873,81,5,1848.96,369.792,293,2010-12-01 14:54:00,2011-09-20 16:41:00,United Kingdom,1,Loyal Customers,1848.96,2303.311945392492
17874,186,6,683.46,113.91,70,2011-03-29 11:25:00,2011-06-07 12:54:00,United Kingdom,1,Loyal Customers,683.46,3563.7557142857145
17877,171,1,237.61,237.61,0,2011-06-22 13:00:00,2011-06-22 13:00:00,United Kingdom,2,At-Risk/Dormant Customers,237.61,237.61
17878,44,1,379.45,379.45,0,2011-10-27 11:24:00,2011-10-27 11:24:00,United Kingdom,0,Recent/Emerging Customers,379.45,379.45
17879,174,1,178.52,178.52,0,2011-06-19 12:36:00,2011-06-19 12:36:00,United Kingdom,2,At-Risk/Dormant Customers,178.52,178.52
17880,365,1,458.92,458.92,0,2010-12-10 10:21:00,2010-12-10 10:21:00,United Kingdom,2,At-Risk/Dormant Customers,458.92,458.92
17881,305,1,133.35,133.35,0,2011-02-08 17:16:00,2011-02-08 17:16:00,United Kingdom,2,At-Risk/Dormant Customers,133.35,133.35
17883,4,4,664.34,166.085,243,2011-04-07 19:16:00,2011-12-06 17:49:00,United Kingdom,0,Recent/Emerging Customers,664.34,997.8769547325103
17884,4,4,695.07,173.7675,368,2010-12-03 12:11:00,2011-12-06 11:33:00,United Kingdom,0,Recent/Emerging Customers,695.07,689.4036684782609
17885,13,1,156.34,156.34,0,2011-11-27 14:40:00,2011-11-27 14:40:00,United Kingdom,0,Recent/Emerging Customers,156.34,156.34
17886,32,3,869.28,289.76,218,2011-04-04 12:34:00,2011-11-08 10:09:00,United Kingdom,1,Loyal Customers,869.28,1455.4458715596331
17887,130,1,111.35,111.35,0,2011-08-02 17:29:00,2011-08-02 17:29:00,United Kingdom,2,At-Risk/Dormant Customers,111.35,111.35
17888,22,8,716.0,89.5,336,2010-12-17 13:56:00,2011-11-18 13:45:00,United Kingdom,1,Loyal Customers,716.0,777.797619047619
17889,213,2,201.37,100.685,110,2011-01-21 17:14:00,2011-05-11 16:26:00,United Kingdom,2,At-Risk/Dormant Customers,201.37,668.1822727272728
17890,323,2,586.89,293.445,39,2010-12-13 15:12:00,2011-01-21 11:19:00,United Kingdom,2,At-Risk/Dormant Customers,586.89,5492.6884615384615
17891,163,1,203.86,203.86,0,2011-06-30 20:08:00,2011-06-30 20:08:00,United Kingdom,2,At-Risk/Dormant Customers,203.86,203.86
17892,57,3,244.1,81.36666666666666,99,2011-07-07 12:56:00,2011-10-14 16:49:00,United Kingdom,0,Recent/Emerging Customers,244.1,899.9646464646464
17893,226,1,107.21,107.21,0,2011-04-28 13:50:00,2011-04-28 13:50:00,United Kingdom,2,At-Risk/Dormant Customers,107.21,107.21
17894,72,8,1118.96,139.87,295,2010-12-08 14:50:00,2011-09-29 09:23:00,United Kingdom,1,Loyal Customers,1118.96,1384.47593220339
17895,45,1,95.45,95.45,0,2011-10-26 17:00:00,2011-10-26 17:00:00,United Kingdom,2,At-Risk/Dormant Customers,95.45,95.45
17896,24,1,256.32,256.32,0,2011-11-16 13:59:00,2011-11-16 13:59:00,United Kingdom,0,Recent/Emerging Customers,256.32,256.32
17897,173,3,541.81,180.60333333333332,201,2010-12-01 12:31:00,2011-06-20 11:23:00,United Kingdom,2,At-Risk/Dormant Customers,541.81,983.8838308457711
17898,86,2,152.06,76.03,122,2011-05-16 17:13:00,2011-09-15 14:56:00,United Kingdom,2,At-Risk/Dormant Customers,152.06,454.93360655737706
17899,160,1,154.55,154.55,0,2011-07-03 14:58:00,2011-07-03 14:58:00,United Kingdom,2,At-Risk/Dormant Customers,154.55,154.55
17900,191,2,112.2,56.1,0,2011-06-02 14:28:00,2011-06-02 14:38:00,United Kingdom,2,At-Risk/Dormant Customers,112.2,112.2
17901,30,1,110.38,110.38,0,2011-11-10 17:29:00,2011-11-10 17:29:00,United Kingdom,0,Recent/Emerging Customers,110.38,110.38
17904,22,1,181.07,181.07,0,2011-11-18 12:57:00,2011-11-18 12:57:00,United Kingdom,0,Recent/Emerging Customers,181.07,181.07
17905,72,4,798.99,199.7475,302,2010-12-01 13:21:00,2011-09-29 17:33:00,United Kingdom,1,Loyal Customers,798.99,965.6667218543047
17906,248,1,72.9,72.9,0,2011-04-06 17:25:00,2011-04-06 17:25:00,United Kingdom,2,At-Risk/Dormant Customers,72.9,72.9
17908,374,1,232.03,232.03,0,2010-12-01 11:45:00,2010-12-01 11:45:00,United Kingdom,2,At-Risk/Dormant Customers,232.03,232.03
17911,10,1,366.23,366.23,0,2011-11-30 14:52:00,2011-11-30 14:52:00,United Kingdom,0,Recent/Emerging Customers,366.23,366.23
17912,311,5,310.06,62.012,54,2010-12-10 11:11:00,2011-02-02 14:25:00,United Kingdom,2,At-Risk/Dormant Customers,310.06,2095.775925925926
17913,59,2,408.65,204.325,297,2010-12-19 11:35:00,2011-10-12 10:45:00,United Kingdom,0,Recent/Emerging Customers,408.65,502.212962962963
17914,4,1,329.36,329.36,0,2011-12-06 11:58:00,2011-12-06 11:58:00,United Kingdom,0,Recent/Emerging Customers,329.36,329.36
17917,46,3,335.03,111.67666666666666,317,2010-12-12 12:08:00,2011-10-25 13:20:00,United Kingdom,0,Recent/Emerging Customers,335.03,385.7600946372239
17919,89,1,1304.04,1304.04,0,2011-09-12 13:41:00,2011-09-12 13:41:00,United Kingdom,2,At-Risk/Dormant Customers,1304.04,1304.04
17920,5,17,4119.5,242.32352941176472,369,2010-12-01 11:49:00,2011-12-05 14:29:00,United Kingdom,3,Champions,4119.5,4074.8441734417347
17921,65,4,820.23,205.0575,202,2011-03-18 13:19:00,2011-10-06 18:56:00,United Kingdom,1,Loyal Customers,820.23,1482.0987623762378
17923,283,1,207.5,207.5,0,2011-03-02 15:15:00,2011-03-02 15:15:00,United Kingdom,2,At-Risk/Dormant Customers,207.5,207.5
17924,12,7,2962.5,423.21428571428567,362,2010-12-01 10:51:00,2011-11-28 09:11:00,United Kingdom,3,Champions,2962.5,2987.051104972376
17925,373,1,244.08,244.08,0,2010-12-02 10:10:00,2010-12-02 10:10:00,United Kingdom,2,At-Risk/Dormant Customers,244.08,244.08
17926,134,2,397.29,198.645,70,2011-05-20 09:24:00,2011-07-29 14:39:00,United Kingdom,2,At-Risk/Dormant Customers,397.29,2071.5835714285718
17928,46,2,212.54,106.27,201,2011-04-07 18:03:00,2011-10-25 13:52:00,United Kingdom,0,Recent/Emerging Customers,212.54,385.9557213930348
17929,12,4,843.0,210.75,297,2011-02-04 11:40:00,2011-11-28 16:01:00,United Kingdom,0,Recent/Emerging Customers,843.0,1036.0101010101012
17930,36,5,1740.48,348.096,204,2011-04-14 15:46:00,2011-11-04 10:23:00,United Kingdom,1,Loyal Customers,1740.48,3114.094117647059
17931,135,2,408.36,204.18,121,2011-03-29 12:31:00,2011-07-28 18:33:00,United Kingdom,2,At-Risk/Dormant Customers,408.36,1231.8297520661158
17932,30,3,1331.57,443.8566666666666,182,2011-05-12 13:58:00,2011-11-10 19:49:00,United Kingdom,1,Loyal Customers,1331.57,2670.4563186813184
17934,52,2,704.25,352.125,7,2011-10-12 10:50:00,2011-10-19 11:16:00,United Kingdom,1,Loyal Customers,704.25,704.25
17935,139,2,145.79,72.895,3,2011-07-21 11:23:00,2011-07-24 13:18:00,United Kingdom,2,At-Risk/Dormant Customers,145.79,145.79
17936,6,1,380.13,380.13,0,2011-12-04 13:32:00,2011-12-04 13:32:00,United Kingdom,0,Recent/Emerging Customers,380.13,380.13
17937,9,7,4301.22,614.46,354,2010-12-12 14:43:00,2011-12-01 11:45:00,United Kingdom,3,Champions,4301.22,4434.87372881356
17939,160,1,99.14,99.14,0,2011-07-03 12:27:00,2011-07-03 12:27:00,United Kingdom,2,At-Risk/Dormant Customers,99.14,99.14
17940,50,10,4020.04,402.004,253,2011-02-10 09:29:00,2011-10-21 13:27:00,United Kingdom,3,Champions,4020.04,5799.662450592886
17941,131,1,304.56,304.56,0,2011-08-01 08:30:00,2011-08-01 08:30:00,United Kingdom,2,At-Risk/Dormant Customers,304.56,304.56
17942,8,1,77.5,77.5,0,2011-12-02 10:45:00,2011-12-02 10:45:00,United Kingdom,0,Recent/Emerging Customers,77.5,77.5
17946,234,2,149.58,74.79,26,2011-03-25 14:34:00,2011-04-20 17:00:00,United Kingdom,2,At-Risk/Dormant Customers,149.58,149.58
17947,38,1,176.68,176.68,0,2011-11-02 13:05:00,2011-11-02 13:05:00,United Kingdom,0,Recent/Emerging Customers,176.68,176.68
17948,148,1,358.56,358.56,0,2011-07-15 12:58:00,2011-07-15 12:58:00,United Kingdom,2,At-Risk/Dormant Customers,358.56,358.56
17949,2,45,58510.48,1300.2328888888887,370,2010-12-03 13:12:00,2011-12-08 18:46:00,United Kingdom,3,Champions,58510.48,57719.79783783784
17950,73,3,482.2,160.73333333333332,293,2010-12-09 15:16:00,2011-09-28 15:18:00,United Kingdom,1,Loyal Customers,482.2,600.6928327645052
17951,40,3,1008.54,336.18,334,2010-12-01 12:40:00,2011-10-31 12:30:00,United Kingdom,1,Loyal Customers,1008.54,1102.147005988024
17954,6,12,2314.13,192.84416666666664,366,2010-12-03 14:18:00,2011-12-04 14:15:00,United Kingdom,3,Champions,2314.13,2307.8072404371587
17955,199,4,557.3,139.325,21,2011-05-04 12:29:00,2011-05-25 12:00:00,United Kingdom,2,At-Risk/Dormant Customers,557.3,557.3
17956,250,1,12.75,12.75,0,2011-04-04 13:47:00,2011-04-04 13:47:00,United Kingdom,2,At-Risk/Dormant Customers,12.75,12.75
17957,67,1,111.68,111.68,0,2011-10-04 14:58:00,2011-10-04 14:58:00,United Kingdom,2,At-Risk/Dormant Customers,111.68,111.68
17958,117,1,508.46,508.46,0,2011-08-15 12:19:00,2011-08-15 12:19:00,United Kingdom,2,At-Risk/Dormant Customers,508.46,508.46
17960,172,1,73.78,73.78,0,2011-06-21 14:15:00,2011-06-21 14:15:00,United Kingdom,2,At-Risk/Dormant Customers,73.78,73.78
17961,22,39,1296.44,33.24205128205128,351,2010-12-02 19:18:00,2011-11-18 16:55:00,United Kingdom,3,Champions,1296.44,1348.1498575498576
17962,143,1,102.41,102.41,0,2011-07-20 14:16:00,2011-07-20 14:16:00,United Kingdom,2,At-Risk/Dormant Customers,102.41,102.41
17964,32,2,463.21,231.605,341,2010-12-02 13:32:00,2011-11-08 10:44:00,United Kingdom,0,Recent/Emerging Customers,463.21,495.8112903225806
17965,38,14,2599.19,185.65642857142856,332,2010-12-05 15:54:00,2011-11-02 09:31:00,United Kingdom,3,Champions,2599.19,2857.543222891566
17966,38,5,1098.43,219.686,224,2011-03-23 17:25:00,2011-11-02 10:26:00,United Kingdom,1,Loyal Customers,1098.43,1789.852455357143
17967,372,1,112.27,112.27,0,2010-12-03 11:19:00,2010-12-03 11:19:00,United Kingdom,2,At-Risk/Dormant Customers,112.27,112.27
17968,374,1,265.1,265.1,0,2010-12-01 12:23:00,2010-12-01 12:23:00,United Kingdom,2,At-Risk/Dormant Customers,265.1,265.1
17969,167,2,228.2,114.1,195,2010-12-13 15:34:00,2011-06-26 13:00:00,United Kingdom,2,At-Risk/Dormant Customers,228.2,427.1435897435897
17970,212,1,562.79,562.79,0,2011-05-12 20:03:00,2011-05-12 20:03:00,United Kingdom,2,At-Risk/Dormant Customers,562.79,562.79
17972,242,1,135.19,135.19,0,2011-04-12 12:16:00,2011-04-12 12:16:00,United Kingdom,2,At-Risk/Dormant Customers,135.19,135.19
17973,52,1,337.04,337.04,0,2011-10-19 10:34:00,2011-10-19 10:34:00,United Kingdom,2,At-Risk/Dormant Customers,337.04,337.04
17974,25,3,703.99,234.66333333333333,195,2011-05-04 11:50:00,2011-11-15 11:37:00,United Kingdom,0,Recent/Emerging Customers,703.99,1317.724871794872
17975,16,13,4483.26,344.86615384615385,351,2010-12-08 11:38:00,2011-11-24 13:27:00,United Kingdom,3,Champions,4483.26,4662.079487179488
17976,373,1,321.79,321.79,0,2010-12-02 13:49:00,2010-12-02 13:49:00,United Kingdom,2,At-Risk/Dormant Customers,321.79,321.79
17977,30,1,288.14,288.14,0,2011-11-10 13:28:00,2011-11-10 13:28:00,United Kingdom,0,Recent/Emerging Customers,288.14,288.14
17978,366,1,300.92,300.92,0,2010-12-09 14:05:00,2010-12-09 14:05:00,United Kingdom,2,At-Risk/Dormant Customers,300.92,300.92
17979,36,4,732.41,183.1025,224,2011-03-25 11:34:00,2011-11-04 12:05:00,United Kingdom,1,Loyal Customers,732.41,1193.4359375
17980,166,3,811.45,270.4833333333333,194,2010-12-15 15:50:00,2011-06-27 12:01:00,United Kingdom,1,Loyal Customers,811.45,1526.6971649484537
17984,146,1,152.68,152.68,0,2011-07-17 15:59:00,2011-07-17 15:59:00,United Kingdom,2,At-Risk/Dormant Customers,152.68,152.68
17985,23,1,631.35,631.35,0,2011-11-17 14:24:00,2011-11-17 14:24:00,United Kingdom,0,Recent/Emerging Customers,631.35,631.35
17986,57,1,20.8,20.8,0,2011-10-14 14:22:00,2011-10-14 14:22:00,United Kingdom,2,At-Risk/Dormant Customers,20.8,20.8
17987,186,1,198.57,198.57,0,2011-06-07 14:22:00,2011-06-07 14:22:00,United Kingdom,2,At-Risk/Dormant Customers,198.57,198.57
17988,12,7,201.12,28.73142857142857,315,2011-01-17 11:59:00,2011-11-28 11:00:00,United Kingdom,0,Recent/Emerging Customers,201.12,233.04380952380956
17990,237,3,630.84,210.28,125,2010-12-13 12:10:00,2011-04-17 11:44:00,United Kingdom,2,At-Risk/Dormant Customers,630.84,1842.0528000000002
17991,226,2,93.35,46.675,1,2011-04-27 16:39:00,2011-04-28 15:58:00,United Kingdom,2,At-Risk/Dormant Customers,93.35,93.35
17994,122,4,674.89,168.7225,169,2011-02-22 11:02:00,2011-08-10 11:41:00,United Kingdom,1,Loyal Customers,674.89,1457.6026627218935
17995,282,1,76.1,76.1,0,2011-03-03 12:30:00,2011-03-03 12:30:00,United Kingdom,2,At-Risk/Dormant Customers,76.1,76.1
17997,75,8,1962.46,245.3075,90,2011-06-28 17:28:00,2011-09-26 16:13:00,United Kingdom,1,Loyal Customers,1962.46,7958.865555555555
17999,38,2,380.39,190.195,329,2010-12-08 15:17:00,2011-11-02 15:56:00,United Kingdom,0,Recent/Emerging Customers,380.39,422.0132218844984
18001,13,2,415.13,207.565,74,2011-09-14 11:21:00,2011-11-27 16:02:00,United Kingdom,0,Recent/Emerging Customers,415.13,2047.6006756756756
18004,363,1,157.92,157.92,0,2010-12-12 13:47:00,2010-12-12 13:47:00,United Kingdom,2,At-Risk/Dormant Customers,157.92,157.92
18005,4,2,226.47,113.235,44,2011-10-23 14:40:00,2011-12-06 11:51:00,United Kingdom,0,Recent/Emerging Customers,226.47,1878.6715909090908
18006,24,1,444.68,444.68,0,2011-11-16 16:52:00,2011-11-16 16:52:00,United Kingdom,0,Recent/Emerging Customers,444.68,444.68
18008,71,9,2116.19,235.13222222222225,248,2011-01-25 12:26:00,2011-09-30 15:17:00,United Kingdom,1,Loyal Customers,2116.19,3114.5538306451613
18009,236,1,247.39,247.39,0,2011-04-18 13:36:00,2011-04-18 13:36:00,United Kingdom,2,At-Risk/Dormant Customers,247.39,247.39
18010,257,1,174.8,174.8,0,2011-03-28 12:27:00,2011-03-28 12:27:00,United Kingdom,2,At-Risk/Dormant Customers,174.8,174.8
18011,374,1,102.79,102.79,0,2010-12-01 17:35:00,2010-12-01 17:35:00,United Kingdom,2,At-Risk/Dormant Customers,102.79,102.79
18013,156,2,187.29,93.645,0,2011-07-07 14:08:00,2011-07-07 14:11:00,United Kingdom,2,At-Risk/Dormant Customers,187.29,187.29
18014,29,1,162.22,162.22,0,2011-11-11 15:28:00,2011-11-11 15:28:00,United Kingdom,0,Recent/Emerging Customers,162.22,162.22
18015,5,1,120.03,120.03,0,2011-12-05 14:49:00,2011-12-05 14:49:00,United Kingdom,0,Recent/Emerging Customers,120.03,120.03
18016,33,5,1477.66,295.532,332,2010-12-10 17:14:00,2011-11-07 13:25:00,United Kingdom,1,Loyal Customers,1477.66,1624.535843373494
18017,82,3,523.0,174.33333333333331,229,2011-02-02 13:57:00,2011-09-19 16:15:00,United Kingdom,1,Loyal Customers,523.0,833.6026200873363
18018,109,2,122.14,61.07,91,2011-05-24 13:22:00,2011-08-23 17:37:00,United Kingdom,2,At-Risk/Dormant Customers,122.14,489.9021978021978
18019,52,1,38.45,38.45,0,2011-10-19 12:10:00,2011-10-19 12:10:00,United Kingdom,2,At-Risk/Dormant Customers,38.45,38.45
18022,36,1,612.72,612.72,0,2011-11-04 12:45:00,2011-11-04 12:45:00,United Kingdom,0,Recent/Emerging Customers,612.72,612.72
18024,153,2,389.78,194.89,0,2011-07-10 12:28:00,2011-07-10 12:40:00,United Kingdom,2,At-Risk/Dormant Customers,389.78,389.78
18027,99,1,115.31,115.31,0,2011-09-02 10:38:00,2011-09-02 10:38:00,United Kingdom,2,At-Risk/Dormant Customers,115.31,115.31
18030,5,2,230.65,115.325,38,2011-10-28 13:55:00,2011-12-05 16:37:00,United Kingdom,0,Recent/Emerging Customers,230.65,2215.453947368421
18032,335,1,73.5,73.5,0,2011-01-09 15:32:00,2011-01-09 15:32:00,United Kingdom,2,At-Risk/Dormant Customers,73.5,73.5
18033,66,1,93.82,93.82,0,2011-10-05 17:28:00,2011-10-05 17:28:00,United Kingdom,2,At-Risk/Dormant Customers,93.82,93.82
18034,22,2,418.68,209.34,0,2011-11-18 12:08:00,2011-11-18 12:22:00,United Kingdom,0,Recent/Emerging Customers,418.68,418.68
18035,36,3,713.89,237.9633333333333,8,2011-10-27 17:48:00,2011-11-04 12:39:00,United Kingdom,1,Loyal Customers,713.89,713.89
18036,33,3,403.12,134.3733333333333,213,2011-04-08 11:26:00,2011-11-07 14:40:00,United Kingdom,0,Recent/Emerging Customers,403.12,690.7924882629109
18037,155,6,70.02,11.67,208,2010-12-12 16:20:00,2011-07-08 13:39:00,United Kingdom,2,At-Risk/Dormant Customers,70.02,122.87163461538461
18040,20,2,357.2,178.6,226,2011-04-08 08:27:00,2011-11-20 14:20:00,United Kingdom,0,Recent/Emerging Customers,357.2,576.8938053097345
18041,12,21,4097.37,195.11285714285717,361,2010-12-02 11:21:00,2011-11-28 11:39:00,United Kingdom,3,Champions,4097.37,4142.770221606647
18042,54,1,165.05,165.05,0,2011-10-17 11:49:00,2011-10-17 11:49:00,United Kingdom,2,At-Risk/Dormant Customers,165.05,165.05
18043,25,3,529.29,176.43,342,2010-12-08 12:35:00,2011-11-15 12:48:00,United Kingdom,0,Recent/Emerging Customers,529.29,564.8855263157894
18044,5,10,2088.6,208.86,356,2010-12-14 12:25:00,2011-12-05 14:26:00,United Kingdom,3,Champions,2088.6,2141.401685393258
18045,46,1,178.34,178.34,0,2011-10-25 13:07:00,2011-10-25 13:07:00,United Kingdom,2,At-Risk/Dormant Customers,178.34,178.34
18048,204,2,172.29,86.145,0,2011-05-20 14:54:00,2011-05-20 14:58:00,United Kingdom,2,At-Risk/Dormant Customers,172.29,172.29
18050,360,1,74.4,74.4,0,2010-12-15 14:25:00,2010-12-15 14:25:00,United Kingdom,2,At-Risk/Dormant Customers,74.4,74.4
18053,71,1,300.02,300.02,0,2011-09-30 09:05:00,2011-09-30 09:05:00,United Kingdom,2,At-Risk/Dormant Customers,300.02,300.02
18055,8,10,6761.34,676.134,362,2010-12-05 10:52:00,2011-12-02 14:25:00,United Kingdom,3,Champions,6761.34,6817.37320441989
18056,289,1,363.65,363.65,0,2011-02-24 14:27:00,2011-02-24 14:27:00,United Kingdom,2,At-Risk/Dormant Customers,363.65,363.65
18058,10,1,170.16,170.16,0,2011-11-30 08:38:00,2011-11-30 08:38:00,United Kingdom,0,Recent/Emerging Customers,170.16,170.16
18059,24,3,306.46,102.15333333333332,44,2011-10-03 09:30:00,2011-11-16 16:49:00,United Kingdom,0,Recent/Emerging Customers,306.46,2542.225
18061,22,10,2119.41,211.941,345,2010-12-08 13:03:00,2011-11-18 11:20:00,United Kingdom,3,Champions,2119.41,2242.274347826087
18062,174,3,720.52,240.17333333333332,164,2011-01-06 10:03:00,2011-06-19 14:47:00,United Kingdom,2,At-Risk/Dormant Customers,720.52,1603.5963414634145
18064,134,2,814.0,407.0,102,2011-04-18 15:08:00,2011-07-29 16:39:00,United Kingdom,2,At-Risk/Dormant Customers,814.0,2912.843137254902
18065,6,14,2392.83,170.91642857142855,359,2010-12-10 12:44:00,2011-12-04 10:30:00,United Kingdom,3,Champions,2392.83,2432.8215877437324
18066,76,1,318.0,318.0,0,2011-09-25 15:30:00,2011-09-25 15:30:00,United Kingdom,2,At-Risk/Dormant Customers,318.0,318.0
18067,41,1,396.33,396.33,0,2011-10-30 15:58:00,2011-10-30 15:58:00,United Kingdom,0,Recent/Emerging Customers,396.33,396.33
18068,290,1,101.7,101.7,0,2011-02-23 14:50:00,2011-02-23 14:50:00,United Kingdom,2,At-Risk/Dormant Customers,101.7,101.7
18069,27,5,2009.24,401.848,301,2011-01-16 15:50:00,2011-11-13 16:03:00,United Kingdom,1,Loyal Customers,2009.24,2436.4538205980066
18071,258,2,453.0,226.5,108,2010-12-09 10:33:00,2011-03-27 11:59:00,United Kingdom,2,At-Risk/Dormant Customers,453.0,1530.9722222222222
18072,186,1,247.44,247.44,0,2011-06-07 10:44:00,2011-06-07 10:44:00,United Kingdom,2,At-Risk/Dormant Customers,247.44,247.44
18073,115,12,3859.82,321.65166666666664,83,2011-05-26 19:38:00,2011-08-17 14:02:00,United Kingdom,1,Loyal Customers,3859.82,16973.90722891566
18074,374,1,489.6,489.6,0,2010-12-01 09:53:00,2010-12-01 09:53:00,United Kingdom,2,At-Risk/Dormant Customers,489.6,489.6
18075,24,10,2611.75,261.175,337,2010-12-14 10:48:00,2011-11-16 15:21:00,United Kingdom,3,Champions,2611.75,2828.75
18077,9,11,2584.41,234.94636363636363,358,2010-12-08 10:21:00,2011-12-01 13:32:00,United Kingdom,3,Champions,2584.41,2634.9431564245806
18078,218,2,336.13,168.065,42,2011-03-25 15:08:00,2011-05-06 14:32:00,United Kingdom,2,At-Risk/Dormant Customers,336.13,2921.129761904762
18079,46,4,3613.15,903.2875,193,2011-04-15 12:14:00,2011-10-25 15:27:00,United Kingdom,1,Loyal Customers,3613.15,6833.15932642487
18080,19,2,1231.5,615.75,224,2011-04-11 10:10:00,2011-11-21 08:02:00,United Kingdom,0,Recent/Emerging Customers,1231.5,2006.685267857143
18081,37,3,343.45,114.48333333333332,97,2011-07-29 11:56:00,2011-11-03 16:30:00,United Kingdom,0,Recent/Emerging Customers,343.45,1292.3634020618556
18082,26,1,680.84,680.84,0,2011-11-14 12:45:00,2011-11-14 12:45:00,United Kingdom,0,Recent/Emerging Customers,680.84,680.84
18084,17,1,90.48,90.48,0,2011-11-23 13:57:00,2011-11-23 13:57:00,United Kingdom,0,Recent/Emerging Customers,90.48,90.48
18085,331,2,689.95,344.975,43,2010-12-01 12:08:00,2011-01-13 15:17:00,United Kingdom,2,At-Risk/Dormant Customers,689.95,5856.552325581396
18086,275,1,101.34,101.34,0,2011-03-10 13:34:00,2011-03-10 13:34:00,United Kingdom,2,At-Risk/Dormant Customers,101.34,101.34
18087,99,2,4055.72,2027.86,192,2011-02-22 10:43:00,2011-09-02 15:12:00,United Kingdom,1,Loyal Customers,4055.72,7710.092708333334
18088,62,1,166.03,166.03,0,2011-10-09 13:41:00,2011-10-09 13:41:00,United Kingdom,2,At-Risk/Dormant Customers,166.03,166.03
18092,3,11,9068.26,824.3872727272726,363,2010-12-09 10:00:00,2011-12-07 13:14:00,United Kingdom,3,Champions,9068.26,9118.222865013775
18093,94,4,2106.52,526.63,209,2011-02-10 12:15:00,2011-09-07 15:43:00,United Kingdom,1,Loyal Customers,2106.52,3678.850717703349
18094,82,7,3017.3,431.04285714285714,210,2011-02-21 08:50:00,2011-09-19 09:28:00,United Kingdom,1,Loyal Customers,3017.3,5244.354761904762
18095,313,2,580.05,290.025,20,2011-01-11 12:37:00,2011-01-31 12:50:00,United Kingdom,2,At-Risk/Dormant Customers,580.05,580.05
18096,12,3,849.06,283.02,52,2011-10-07 11:55:00,2011-11-28 12:44:00,United Kingdom,0,Recent/Emerging Customers,849.06,5959.748076923076
18097,8,6,2662.4,443.7333333333333,347,2010-12-20 14:49:00,2011-12-02 11:16:00,United Kingdom,3,Champions,2662.4,2800.5072046109512
18099,128,1,168.31,168.31,0,2011-08-04 15:52:00,2011-08-04 15:52:00,United Kingdom,2,At-Risk/Dormant Customers,168.31,168.31
18101,12,2,222.4,111.2,132,2011-07-19 13:05:00,2011-11-28 13:37:00,United Kingdom,0,Recent/Emerging Customers,222.4,614.969696969697
18102,1,60,259657.3,4327.621666666666,367,2010-12-07 16:42:00,2011-12-09 11:50:00,United Kingdom,3,Champions,259657.3,258242.27384196184
18104,38,1,754.64,754.64,0,2011-11-02 14:07:00,2011-11-02 14:07:00,United Kingdom,0,Recent/Emerging Customers,754.64,754.64
18105,38,1,113.48,113.48,0,2011-11-02 12:04:00,2011-11-02 12:04:00,United Kingdom,0,Recent/Emerging Customers,113.48,113.48
18106,330,1,421.9,421.9,0,2011-01-14 12:23:00,2011-01-14 12:23:00,United Kingdom,2,At-Risk/Dormant Customers,421.9,421.9
18108,255,1,271.0,271.0,0,2011-03-30 13:56:00,2011-03-30 13:56:00,United Kingdom,2,At-Risk/Dormant Customers,271.0,271.0
18109,2,26,8004.92,307.88153846153847,368,2010-12-05 10:58:00,2011-12-08 11:36:00,United Kingdom,3,Champions,8004.92,7939.6625
18110,20,1,198.8,198.8,0,2011-11-20 12:34:00,2011-11-20 12:34:00,United Kingdom,0,Recent/Emerging Customers,198.8,198.8
18112,13,2,352.69,176.345,154,2011-06-26 13:56:00,2011-11-27 14:43:00,United Kingdom,0,Recent/Emerging Customers,352.69,835.921103896104
18113,369,1,76.32,76.32,0,2010-12-06 12:31:00,2010-12-06 12:31:00,United Kingdom,2,At-Risk/Dormant Customers,76.32,76.32
18114,291,1,220.1,220.1,0,2011-02-22 13:20:00,2011-02-22 13:20:00,United Kingdom,2,At-Risk/Dormant Customers,220.1,220.1
18116,68,8,1403.11,175.38875,297,2010-12-10 12:14:00,2011-10-03 11:00:00,United Kingdom,1,Loyal Customers,1403.11,1724.3607744107744
18117,26,1,315.65,315.65,0,2011-11-14 12:47:00,2011-11-14 12:47:00,United Kingdom,0,Recent/Emerging Customers,315.65,315.65
18118,11,26,5625.08,216.3492307692308,359,2010-12-05 12:13:00,2011-11-29 11:32:00,United Kingdom,3,Champions,5625.08,5719.0924791086345
18119,368,1,180.7,180.7,0,2010-12-07 11:59:00,2010-12-07 11:59:00,United Kingdom,2,At-Risk/Dormant Customers,180.7,180.7
18120,215,1,111.15,111.15,0,2011-05-09 13:45:00,2011-05-09 13:45:00,United Kingdom,2,At-Risk/Dormant Customers,111.15,111.15
18121,150,2,653.3,326.65,5,2011-07-08 12:14:00,2011-07-13 12:53:00,United Kingdom,2,At-Risk/Dormant Customers,653.3,653.3
18122,9,6,1793.06,298.8433333333333,142,2011-07-12 11:37:00,2011-12-01 13:08:00,United Kingdom,3,Champions,1793.06,4608.921830985915
18123,25,2,574.44,287.22,7,2011-11-08 13:31:00,2011-11-15 14:23:00,United Kingdom,0,Recent/Emerging Customers,574.44,574.44
18125,30,4,1131.75,282.9375,287,2011-01-27 15:02:00,2011-11-10 12:29:00,United Kingdom,1,Loyal Customers,1131.75,1439.3336236933799
18126,61,1,200.92,200.92,0,2011-10-10 12:19:00,2011-10-10 12:19:00,United Kingdom,2,At-Risk/Dormant Customers,200.92,200.92
18127,20,3,347.08,115.69333333333331,114,2011-07-29 10:06:00,2011-11-20 14:05:00,United Kingdom,0,Recent/Emerging Customers,347.08,1111.2649122807018
18129,244,1,112.55,112.55,0,2011-04-10 14:16:00,2011-04-10 14:16:00,United Kingdom,2,At-Risk/Dormant Customers,112.55,112.55
18130,16,3,1059.39,353.13,42,2011-10-13 15:58:00,2011-11-24 14:40:00,United Kingdom,1,Loyal Customers,1059.39,9206.603571428572
18133,213,1,931.5,931.5,0,2011-05-11 14:14:00,2011-05-11 14:14:00,United Kingdom,2,At-Risk/Dormant Customers,931.5,931.5
18135,30,5,681.91,136.382,161,2011-06-02 14:04:00,2011-11-10 19:32:00,United Kingdom,1,Loyal Customers,681.91,1545.9450310559007
18136,64,3,784.33,261.4433333333333,256,2011-01-24 12:08:00,2011-10-07 15:40:00,United Kingdom,1,Loyal Customers,784.33,1118.2830078125
18138,296,1,152.65,152.65,0,2011-02-17 14:51:00,2011-02-17 14:51:00,United Kingdom,2,At-Risk/Dormant Customers,152.65,152.65
18139,18,6,8438.34,1406.39,1,2011-11-21 14:06:00,2011-11-22 10:44:00,United Kingdom,3,Champions,8438.34,8438.34
18142,158,2,1019.52,509.76,58,2011-05-08 12:31:00,2011-07-05 13:19:00,United Kingdom,2,At-Risk/Dormant Customers,1019.52,6415.944827586207
18143,117,2,1000.16,500.08,25,2011-07-21 10:44:00,2011-08-15 12:07:00,United Kingdom,1,Loyal Customers,1000.16,1000.16
18144,8,12,2888.75,240.72916666666663,366,2010-12-01 13:45:00,2011-12-02 12:46:00,United Kingdom,3,Champions,2888.75,2880.8572404371585
18145,13,4,2861.55,715.3875,300,2011-01-31 12:10:00,2011-11-27 11:22:00,United Kingdom,1,Loyal Customers,2861.55,3481.5525
18146,141,2,160.35,80.175,80,2011-05-03 16:35:00,2011-07-22 12:08:00,United Kingdom,2,At-Risk/Dormant Customers,160.35,731.596875
18147,46,2,179.34,89.67,63,2011-08-23 12:22:00,2011-10-25 11:46:00,United Kingdom,0,Recent/Emerging Customers,179.34,1039.0333333333333
18149,51,3,612.08,204.02666666666664,223,2011-03-11 12:44:00,2011-10-20 12:04:00,United Kingdom,1,Loyal Customers,612.08,1001.8349775784754
18150,33,3,566.58,188.86,169,2011-05-22 10:47:00,2011-11-07 16:49:00,United Kingdom,0,Recent/Emerging Customers,566.58,1223.6786982248523
18151,135,2,653.35,326.675,155,2011-02-23 08:29:00,2011-07-28 11:35:00,United Kingdom,2,At-Risk/Dormant Customers,653.35,1538.5338709677421
18154,4,2,399.19,199.595,40,2011-10-27 10:40:00,2011-12-06 16:41:00,United Kingdom,0,Recent/Emerging Customers,399.19,3642.60875
18155,76,3,371.62,123.87333333333332,216,2011-02-21 10:36:00,2011-09-25 13:32:00,United Kingdom,2,At-Risk/Dormant Customers,371.62,627.9689814814815
18156,13,2,675.64,337.82,357,2010-12-05 12:29:00,2011-11-27 12:24:00,United Kingdom,0,Recent/Emerging Customers,675.64,690.7803921568627
18158,10,2,453.4,226.7,79,2011-09-12 09:03:00,2011-11-30 16:19:00,United Kingdom,0,Recent/Emerging Customers,453.4,2094.8227848101264
18159,302,1,530.15,530.15,0,2011-02-11 14:26:00,2011-02-11 14:26:00,United Kingdom,2,At-Risk/Dormant Customers,530.15,530.15
18160,58,2,638.06,319.03,143,2011-05-23 13:41:00,2011-10-13 15:50:00,United Kingdom,0,Recent/Emerging Customers,638.06,1628.6146853146852
18161,16,5,1618.69,323.738,304,2011-01-24 11:56:00,2011-11-24 16:40:00,United Kingdom,1,Loyal Customers,1618.69,1943.4929276315788
18164,38,1,399.65,399.65,0,2011-11-02 12:56:00,2011-11-02 12:56:00,United Kingdom,0,Recent/Emerging Customers,399.65,399.65
18165,178,1,302.46,302.46,0,2011-06-15 13:23:00,2011-06-15 13:23:00,United Kingdom,2,At-Risk/Dormant Customers,302.46,302.46
18167,24,3,1384.86,461.62,82,2011-08-26 11:40:00,2011-11-16 15:56:00,United Kingdom,1,Loyal Customers,1384.86,6164.315853658536
18168,177,6,1160.04,193.34,196,2010-12-02 18:08:00,2011-06-16 19:21:00,United Kingdom,1,Loyal Customers,1160.04,2160.2785714285715
18169,61,1,202.65,202.65,0,2011-10-10 12:18:00,2011-10-10 12:18:00,United Kingdom,2,At-Risk/Dormant Customers,202.65,202.65
18170,34,3,980.31,326.77,184,2011-05-06 15:13:00,2011-11-06 14:35:00,United Kingdom,1,Loyal Customers,980.31,1944.6366847826087
18171,59,5,1231.31,246.262,275,2011-01-10 09:55:00,2011-10-12 09:13:00,United Kingdom,1,Loyal Customers,1231.31,1634.2841818181819
18172,15,20,7561.68,378.084,275,2011-02-23 10:44:00,2011-11-25 11:12:00,United Kingdom,3,Champions,7561.68,10036.411636363637
18173,87,4,2106.84,526.71,188,2011-03-10 11:56:00,2011-09-14 11:26:00,United Kingdom,1,Loyal Customers,2106.84,4090.407446808511
18174,8,1,104.0,104.0,0,2011-12-02 16:56:00,2011-12-02 16:56:00,United Kingdom,0,Recent/Emerging Customers,104.0,104.0
18176,359,1,476.35,476.35,0,2010-12-16 15:45:00,2010-12-16 15:45:00,United Kingdom,2,At-Risk/Dormant Customers,476.35,476.35
18177,32,6,1340.87,223.47833333333332,224,2011-03-29 08:46:00,2011-11-08 14:44:00,United Kingdom,1,Loyal Customers,1340.87,2184.899776785714
18178,129,4,1590.81,397.7025,236,2010-12-10 12:42:00,2011-08-03 09:30:00,United Kingdom,1,Loyal Customers,1590.81,2460.3629237288137
18179,10,6,1793.17,298.8616666666666,327,2011-01-07 14:22:00,2011-11-30 16:23:00,United Kingdom,3,Champions,1793.17,2001.5506116207953
18180,5,6,1843.75,307.29166666666663,138,2011-07-20 08:59:00,2011-12-05 08:39:00,United Kingdom,3,Champions,1843.75,4876.585144927537
18181,25,1,366.85,366.85,0,2011-11-15 15:08:00,2011-11-15 15:08:00,United Kingdom,0,Recent/Emerging Customers,366.85,366.85
18183,228,2,632.07,316.035,47,2011-03-10 10:08:00,2011-04-26 15:26:00,United Kingdom,2,At-Risk/Dormant Customers,632.07,4908.628723404256
18184,16,1,49.8,49.8,0,2011-11-24 15:28:00,2011-11-24 15:28:00,United Kingdom,0,Recent/Emerging Customers,49.8,49.8
18185,250,1,304.25,304.25,0,2011-04-04 13:42:00,2011-04-04 13:42:00,United Kingdom,2,At-Risk/Dormant Customers,304.25,304.25
18188,16,3,2001.04,667.0133333333333,275,2011-02-22 14:43:00,2011-11-24 16:46:00,United Kingdom,1,Loyal Customers,2001.04,2655.925818181818
18189,78,2,1090.24,545.12,190,2011-03-17 09:49:00,2011-09-23 12:40:00,United Kingdom,1,Loyal Customers,1090.24,2094.4084210526316
18190,193,2,284.46,142.23,138,2011-01-13 10:35:00,2011-05-31 14:48:00,United Kingdom,2,At-Risk/Dormant Customers,284.46,752.3760869565217
18191,262,1,207.8,207.8,0,2011-03-23 12:08:00,2011-03-23 12:08:00,United Kingdom,2,At-Risk/Dormant Customers,207.8,207.8
18192,72,1,957.97,957.97,0,2011-09-29 09:53:00,2011-09-29 09:53:00,United Kingdom,2,At-Risk/Dormant Customers,957.97,957.97
18193,166,1,243.76,243.76,0,2011-06-27 13:58:00,2011-06-27 13:58:00,United Kingdom,2,At-Risk/Dormant Customers,243.76,243.76
18194,83,1,973.84,973.84,0,2011-09-18 13:29:00,2011-09-18 13:29:00,United Kingdom,2,At-Risk/Dormant Customers,973.84,973.84
18196,96,2,686.63,343.315,195,2011-02-22 16:13:00,2011-09-05 16:22:00,United Kingdom,2,At-Risk/Dormant Customers,686.63,1285.2305128205128
18198,5,17,5425.56,319.1505882352941,332,2011-01-07 13:39:00,2011-12-05 14:49:00,United Kingdom,3,Champions,5425.56,5964.847590361445
18200,107,1,150.35,150.35,0,2011-08-25 18:45:00,2011-08-25 18:45:00,United Kingdom,2,At-Risk/Dormant Customers,150.35,150.35
18202,200,3,1396.99,465.6633333333333,112,2011-02-01 13:36:00,2011-05-24 12:12:00,United Kingdom,1,Loyal Customers,1396.99,4552.690625
18203,158,1,160.42,160.42,0,2011-07-05 13:07:00,2011-07-05 13:07:00,United Kingdom,2,At-Risk/Dormant Customers,160.42,160.42
18204,72,3,1975.35,658.45,121,2011-05-31 15:26:00,2011-09-29 16:44:00,United Kingdom,1,Loyal Customers,1975.35,5958.7004132231405
18205,37,2,517.36,258.68,38,2011-09-26 12:02:00,2011-11-03 13:22:00,United Kingdom,0,Recent/Emerging Customers,517.36,4969.378947368421
18209,29,1,139.1,139.1,0,2011-11-11 12:07:00,2011-11-11 12:07:00,United Kingdom,0,Recent/Emerging Customers,139.1,139.1
18210,2,6,2621.38,436.89666666666665,266,2011-03-17 16:58:00,2011-12-08 11:02:00,United Kingdom,3,Champions,2621.38,3597.0063909774435
18211,26,5,600.07,120.014,253,2011-03-06 12:09:00,2011-11-14 08:10:00,United Kingdom,1,Loyal Customers,600.07,865.7136363636365
18212,327,1,216.07,216.07,0,2011-01-17 16:14:00,2011-01-17 16:14:00,United Kingdom,2,At-Risk/Dormant Customers,216.07,216.07
18213,237,1,232.48,232.48,0,2011-04-17 10:21:00,2011-04-17 10:21:00,United Kingdom,2,At-Risk/Dormant Customers,232.48,232.48
18215,90,1,299.34,299.34,0,2011-09-11 16:05:00,2011-09-11 16:05:00,United Kingdom,2,At-Risk/Dormant Customers,299.34,299.34
18216,32,1,481.75,481.75,0,2011-11-08 16:55:00,2011-11-08 16:55:00,United Kingdom,0,Recent/Emerging Customers,481.75,481.75
18217,30,2,621.75,310.875,41,2011-09-30 10:44:00,2011-11-10 13:18:00,United Kingdom,0,Recent/Emerging Customers,621.75,5535.091463414634
18218,212,2,641.92,320.96,70,2011-03-03 12:24:00,2011-05-12 12:53:00,United Kingdom,2,At-Risk/Dormant Customers,641.92,3347.1542857142854
18219,3,10,2069.77,206.977,366,2010-12-06 10:05:00,2011-12-07 11:43:00,United Kingdom,3,Champions,2069.77,2064.1148907103825
18220,227,1,305.28,305.28,0,2011-04-27 09:03:00,2011-04-27 09:03:00,United Kingdom,2,At-Risk/Dormant Customers,305.28,305.28
18221,23,5,1041.61,208.322,189,2011-05-12 14:13:00,2011-11-17 14:40:00,United Kingdom,1,Loyal Customers,1041.61,2011.5748677248675
18222,93,1,443.0,443.0,0,2011-09-08 10:45:00,2011-09-08 10:45:00,United Kingdom,2,At-Risk/Dormant Customers,443.0,443.0
18223,5,14,6484.54,463.18142857142857,354,2010-12-16 16:42:00,2011-12-05 09:11:00,United Kingdom,3,Champions,6484.54,6686.037005649718
18224,264,1,158.95,158.95,0,2011-03-21 10:30:00,2011-03-21 10:30:00,United Kingdom,2,At-Risk/Dormant Customers,158.95,158.95
18225,4,12,5504.96,458.7466666666666,362,2010-12-09 15:46:00,2011-12-06 13:27:00,United Kingdom,3,Champions,5504.96,5550.581215469613
18226,45,11,5228.05,475.2772727272727,293,2011-01-06 09:00:00,2011-10-26 13:36:00,United Kingdom,3,Champions,5228.05,6512.758532423209
18227,218,1,93.75,93.75,0,2011-05-06 12:23:00,2011-05-06 12:23:00,United Kingdom,2,At-Risk/Dormant Customers,93.75,93.75
18228,57,2,779.9,389.95,23,2011-09-21 10:48:00,2011-10-14 09:21:00,United Kingdom,1,Loyal Customers,779.9,779.9
18229,12,20,7276.9,363.845,362,2010-12-01 16:25:00,2011-11-28 09:48:00,United Kingdom,3,Champions,7276.9,7337.205801104972
18230,10,7,2810.2,401.45714285714286,293,2011-02-10 13:06:00,2011-11-30 13:22:00,United Kingdom,3,Champions,2810.2,3500.7610921501705
18231,193,5,2071.77,414.354,96,2011-02-24 09:08:00,2011-05-31 14:18:00,United Kingdom,1,Loyal Customers,2071.77,7877.0421875
18232,82,4,592.97,148.2425,116,2011-05-26 16:30:00,2011-09-19 11:49:00,United Kingdom,1,Loyal Customers,592.97,1865.810775862069
18233,326,1,440.0,440.0,0,2011-01-18 08:44:00,2011-01-18 08:44:00,United Kingdom,2,At-Risk/Dormant Customers,440.0,440.0
18235,72,3,1796.48,598.8266666666666,146,2011-05-06 13:35:00,2011-09-29 08:27:00,United Kingdom,1,Loyal Customers,1796.48,4491.2
18236,30,6,882.24,147.04,211,2011-04-13 09:52:00,2011-11-10 08:06:00,United Kingdom,1,Loyal Customers,882.24,1526.1497630331753
18237,3,5,987.1,197.42,132,2011-07-28 13:05:00,2011-12-07 12:49:00,United Kingdom,3,Champions,987.1,2729.4810606060605
18239,219,5,1561.61,312.322,154,2010-12-02 17:48:00,2011-05-05 12:38:00,United Kingdom,1,Loyal Customers,1561.61,3701.2185064935065
18240,47,1,422.58,422.58,0,2011-10-24 13:06:00,2011-10-24 13:06:00,United Kingdom,0,Recent/Emerging Customers,422.58,422.58
18241,10,17,2073.09,121.94647058823529,208,2011-05-06 09:22:00,2011-11-30 12:10:00,United Kingdom,3,Champions,2073.09,3637.874278846154
18242,73,4,2232.49,558.1225,141,2011-05-10 11:20:00,2011-09-28 13:43:00,United Kingdom,1,Loyal Customers,2232.49,5779.140780141844
18245,8,7,2567.06,366.7228571428571,348,2010-12-19 14:58:00,2011-12-02 14:48:00,United Kingdom,3,Champions,2567.06,2692.4623563218393
18246,24,2,596.1,298.05,210,2011-04-20 13:55:00,2011-11-16 11:49:00,United Kingdom,0,Recent/Emerging Customers,596.1,1036.0785714285714
18248,123,2,804.02,402.01,64,2011-06-06 13:18:00,2011-08-09 10:19:00,United Kingdom,2,At-Risk/Dormant Customers,804.02,4585.4265625
18249,18,1,95.34,95.34,0,2011-11-22 15:07:00,2011-11-22 15:07:00,United Kingdom,0,Recent/Emerging Customers,95.34,95.34
18250,311,1,349.27,349.27,0,2011-02-02 13:16:00,2011-02-02 13:16:00,United Kingdom,2,At-Risk/Dormant Customers,349.27,349.27
18251,88,1,4314.72,4314.72,0,2011-09-13 15:03:00,2011-09-13 15:03:00,United Kingdom,1,Loyal Customers,4314.72,4314.72
18252,51,2,518.27,259.135,121,2011-06-21 11:47:00,2011-10-20 12:43:00,United Kingdom,0,Recent/Emerging Customers,518.27,1563.3764462809916
18255,90,1,103.3,103.3,0,2011-09-11 13:16:00,2011-09-11 13:16:00,United Kingdom,2,At-Risk/Dormant Customers,103.3,103.3
18257,40,8,2337.63,292.20375,257,2011-02-16 15:13:00,2011-10-31 14:48:00,United Kingdom,1,Loyal Customers,2337.63,3319.980350194553
18259,25,3,2338.6,779.5333333333333,342,2010-12-08 13:38:00,2011-11-15 12:34:00,United Kingdom,1,Loyal Customers,2338.6,2495.8742690058475
18260,173,6,2628.35,438.0583333333333,186,2010-12-16 18:23:00,2011-06-20 12:37:00,United Kingdom,1,Loyal Customers,2628.35,5157.783602150537
18261,44,2,324.24,162.12,52,2011-09-05 09:34:00,2011-10-27 15:36:00,United Kingdom,0,Recent/Emerging Customers,324.24,2275.9153846153845
18262,141,1,149.48,149.48,0,2011-07-22 16:04:00,2011-07-22 16:04:00,United Kingdom,2,At-Risk/Dormant Customers,149.48,149.48
18263,26,3,1213.16,404.38666666666666,227,2011-04-01 11:48:00,2011-11-14 09:00:00,United Kingdom,1,Loyal Customers,1213.16,1950.6757709251103
18265,73,2,801.51,400.755,86,2011-07-04 15:26:00,2011-09-28 14:10:00,United Kingdom,1,Loyal Customers,801.51,3401.7575581395354
18268,135,1,25.5,25.5,0,2011-07-28 19:13:00,2011-07-28 19:13:00,United Kingdom,2,At-Risk/Dormant Customers,25.5,25.5
18269,367,1,168.6,168.6,0,2010-12-08 13:53:00,2010-12-08 13:53:00,United Kingdom,2,At-Risk/Dormant Customers,168.6,168.6
18270,39,2,283.15,141.575,228,2011-03-18 12:41:00,2011-11-01 13:57:00,United Kingdom,0,Recent/Emerging Customers,283.15,453.2883771929824
18272,3,6,3078.58,513.0966666666667,244,2011-04-07 09:35:00,2011-12-07 12:43:00,United Kingdom,3,Champions,3078.58,4605.252868852459
18273,3,3,204.0,68.0,255,2011-03-27 11:22:00,2011-12-07 13:16:00,United Kingdom,0,Recent/Emerging Customers,204.0,292.0
18274,31,1,175.92,175.92,0,2011-11-09 17:03:00,2011-11-09 17:03:00,United Kingdom,0,Recent/Emerging Customers,175.92,175.92
18276,44,1,335.86,335.86,0,2011-10-27 10:54:00,2011-10-27 10:54:00,United Kingdom,0,Recent/Emerging Customers,335.86,335.86
18277,59,1,110.38,110.38,0,2011-10-12 15:22:00,2011-10-12 15:22:00,United Kingdom,2,At-Risk/Dormant Customers,110.38,110.38
18278,74,1,173.9,173.9,0,2011-09-27 11:58:00,2011-09-27 11:58:00,United Kingdom,2,At-Risk/Dormant Customers,173.9,173.9
18280,278,1,180.6,180.6,0,2011-03-07 09:52:00,2011-03-07 09:52:00,United Kingdom,2,At-Risk/Dormant Customers,180.6,180.6
18281,181,1,80.82,80.82,0,2011-06-12 10:53:00,2011-06-12 10:53:00,United Kingdom,2,At-Risk/Dormant Customers,80.82,80.82
18282,8,2,178.05,89.025,119,2011-08-05 13:35:00,2011-12-02 11:43:00,United Kingdom,0,Recent/Emerging Customers,178.05,546.1197478991597
18283,4,16,2045.53,127.845625,334,2011-01-06 14:14:00,2011-12-06 12:02:00,United Kingdom,3,Champions,2045.53,2235.384580838323
18287,43,3,1837.28,612.4266666666666,159,2011-05-22 10:39:00,2011-10-28 09:29:00,United Kingdom,1,Loyal Customers,1837.28,4217.65534591195
