customer_id,recency,frequency,monetary,avg_order_value,customer_lifespan_days,first_purchase_date,last_purchase_date,country,Cluster,CLV,Segment
12346,326,1,77183.6,77183.6,0,2011-01-18 10:01:00,2011-01-18 10:01:00,United Kingdom,3,0.0,Loyal Customers
12347,3,7,4310.0,615.7142857142857,365,2010-12-07 14:57:00,2011-12-07 15:52:00,Iceland,0,4310.0,Potential Customers
12348,76,4,1797.24,449.31,283,2010-12-16 19:09:00,2011-09-25 13:13:00,Finland,0,1393.476493150685,Potential Customers
12349,19,1,1757.55,1757.55,0,2011-11-21 09:51:00,2011-11-21 09:51:00,Italy,0,0.0,Potential Customers
12350,311,1,334.4,334.4,0,2011-02-02 16:01:00,2011-02-02 16:01:00,Norway,1,0.0,At Risk Customers
12352,37,8,2506.04,313.255,260,2011-02-16 12:33:00,2011-11-03 14:37:00,Norway,0,1785.1243835616438,Potential Customers
12353,205,1,89.0,89.0,0,2011-05-19 17:47:00,2011-05-19 17:47:00,Bahrain,1,0.0,At Risk Customers
12354,233,1,1079.4,1079.4,0,2011-04-21 13:11:00,2011-04-21 13:11:00,Spain,1,0.0,At Risk Customers
12355,215,1,459.4,459.4,0,2011-05-09 13:49:00,2011-05-09 13:49:00,Bahrain,1,0.0,At Risk Customers
12356,23,3,2811.43,937.1433333333331,303,2011-01-18 09:50:00,2011-11-17 08:40:00,Portugal,0,2333.87202739726,Potential Customers
12357,34,1,6207.67,6207.67,0,2011-11-06 16:07:00,2011-11-06 16:07:00,Switzerland,0,0.0,Potential Customers
12358,2,2,1168.06,584.03,149,2011-07-12 10:04:00,2011-12-08 10:26:00,Austria,0,476.8244931506849,Potential Customers
12359,58,4,6310.03,1577.5075,274,2011-01-12 12:43:00,2011-10-13 12:47:00,Cyprus,0,4736.844438356165,Potential Customers
12360,53,3,2662.06,887.3533333333332,148,2011-05-23 09:43:00,2011-10-18 15:22:00,Austria,0,1079.4106301369861,Potential Customers
12361,288,1,189.9,189.9,0,2011-02-25 13:51:00,2011-02-25 13:51:00,Belgium,1,0.0,At Risk Customers
12362,4,10,5226.23,522.623,292,2011-02-17 10:30:00,2011-12-06 15:40:00,Belgium,0,4180.984,Potential Customers
12363,110,2,552.0,276.0,133,2011-04-11 13:29:00,2011-08-22 10:18:00,Unspecified,0,201.13972602739727,Potential Customers
12364,8,4,1313.1,328.275,105,2011-08-19 15:24:00,2011-12-02 10:22:00,Belgium,0,377.7410958904109,Potential Customers
12365,292,2,641.38,320.69,0,2011-02-21 13:51:00,2011-02-21 14:04:00,Cyprus,1,0.0,At Risk Customers
12367,5,1,168.9,168.9,0,2011-12-05 16:48:00,2011-12-05 16:48:00,Denmark,0,0.0,Potential Customers
12370,52,4,3541.94,885.485,309,2010-12-14 12:58:00,2011-10-19 14:51:00,Cyprus,0,2998.519068493151,Potential Customers
12371,45,2,1887.96,943.98,15,2011-10-11 10:43:00,2011-10-26 10:16:00,Switzerland,0,77.58739726027397,Potential Customers
12372,72,3,1298.04,432.68,225,2011-02-16 12:46:00,2011-09-29 12:12:00,Denmark,0,800.1616438356165,Potential Customers
12373,312,1,364.6,364.6,0,2011-02-01 13:10:00,2011-02-01 13:10:00,Austria,1,0.0,At Risk Customers
12374,26,1,742.93,742.93,0,2011-11-14 15:37:00,2011-11-14 15:37:00,Austria,0,0.0,Potential Customers
12375,11,2,457.5,228.75,88,2011-09-02 14:23:00,2011-11-29 10:36:00,Finland,0,110.3013698630137,Potential Customers
12377,316,2,1628.12,814.06,39,2010-12-20 09:37:00,2011-01-28 15:45:00,Switzerland,1,173.96350684931505,At Risk Customers
12378,130,1,4008.62,4008.62,0,2011-08-02 10:34:00,2011-08-02 10:34:00,Switzerland,0,0.0,Potential Customers
12379,82,2,852.24,426.12,89,2011-06-22 16:32:00,2011-09-19 10:09:00,Belgium,0,207.80646575342465,Potential Customers
12380,22,4,2724.81,681.2025,164,2011-06-07 09:49:00,2011-11-18 11:27:00,Belgium,0,1224.2981917808218,Potential Customers
12381,5,5,1845.31,369.062,115,2011-08-12 09:57:00,2011-12-05 12:44:00,Norway,0,581.3990410958903,Potential Customers
12383,185,5,1850.56,370.112,168,2010-12-22 14:28:00,2011-06-08 08:02:00,Belgium,1,851.7646027397261,At Risk Customers
12384,29,2,585.27,292.635,93,2011-08-10 11:23:00,2011-11-11 08:39:00,Switzerland,0,149.1235890410959,Potential Customers
12386,338,2,401.9,200.95,29,2010-12-08 09:53:00,2011-01-06 12:37:00,Australia,1,31.93178082191781,At Risk Customers
12388,16,6,2780.66,463.44333333333327,311,2011-01-17 11:12:00,2011-11-24 12:30:00,Australia,0,2369.2746849315067,Potential Customers
12390,80,1,549.84,549.84,0,2011-09-21 09:33:00,2011-09-21 09:33:00,Belgium,0,0.0,Potential Customers
12391,22,1,439.66,439.66,0,2011-11-18 12:07:00,2011-11-18 12:07:00,Cyprus,0,0.0,Potential Customers
12393,73,4,1582.6,395.65,260,2011-01-11 09:47:00,2011-09-28 15:41:00,Australia,0,1127.331506849315,Potential Customers
12394,64,2,1272.48,636.24,154,2011-05-06 14:01:00,2011-10-07 08:08:00,Belgium,0,536.8819726027397,Potential Customers
12395,20,12,3018.63,251.5525,352,2010-12-03 16:35:00,2011-11-20 15:21:00,Belgium,0,2911.117150684932,Potential Customers
12397,36,2,2409.9,1204.95,100,2011-07-27 14:21:00,2011-11-04 09:52:00,Belgium,0,660.2465753424657,Potential Customers
12398,46,1,1635.66,1635.66,0,2011-10-25 10:27:00,2011-10-25 10:27:00,Switzerland,0,0.0,Potential Customers
12399,120,4,1108.65,277.1625,142,2011-03-23 09:42:00,2011-08-12 13:15:00,Belgium,0,431.3104109589042,Potential Customers
12401,304,1,84.3,84.3,0,2011-02-09 13:50:00,2011-02-09 13:50:00,Belgium,1,0.0,At Risk Customers
12402,324,1,225.6,225.6,0,2011-01-20 13:49:00,2011-01-20 13:49:00,Belgium,1,0.0,At Risk Customers
12403,50,1,427.7,427.7,0,2011-10-21 10:51:00,2011-10-21 10:51:00,Denmark,0,0.0,Potential Customers
12405,149,1,1710.39,1710.39,0,2011-07-14 08:52:00,2011-07-14 08:52:00,Finland,1,0.0,At Risk Customers
12406,23,2,3415.3,1707.65,161,2011-06-09 10:23:00,2011-11-17 19:22:00,Denmark,0,1506.4747945205481,Potential Customers
12407,50,5,1708.12,341.624,215,2011-03-20 13:21:00,2011-10-21 10:11:00,Belgium,0,1006.1528767123289,Potential Customers
12408,33,5,2888.55,577.71,228,2011-03-24 14:46:00,2011-11-07 12:27:00,Belgium,0,1804.3545205479452,Potential Customers
12409,79,3,11072.67,3690.89,104,2011-06-10 12:19:00,2011-09-22 10:38:00,Switzerland,0,3154.9525479452054,Potential Customers
12410,309,2,693.33,346.665,0,2011-02-04 10:38:00,2011-02-04 10:39:00,Switzerland,1,0.0,At Risk Customers
12412,75,3,1226.88,408.96,95,2011-06-23 13:51:00,2011-09-26 10:16:00,Denmark,0,319.3249315068493,Potential Customers
12413,67,3,758.1,252.7,271,2011-01-06 16:12:00,2011-10-04 09:00:00,France,0,562.8632876712328,Potential Customers
12414,218,3,562.41,187.47,93,2011-02-02 14:51:00,2011-05-06 14:51:00,Austria,1,143.29898630136987,At Risk Customers
12415,25,21,124914.53,5948.310952380952,313,2011-01-06 11:12:00,2011-11-15 14:22:00,Australia,2,107118.48736986301,Champions
12417,4,9,3649.1,405.4555555555556,354,2010-12-17 11:51:00,2011-12-06 14:52:00,Belgium,0,3539.1271232876716,Potential Customers
12418,113,1,668.58,668.58,0,2011-08-19 11:08:00,2011-08-19 11:08:00,Switzerland,0,0.0,Potential Customers
12420,64,1,600.39,600.39,0,2011-10-07 08:55:00,2011-10-07 08:55:00,Cyprus,0,0.0,Potential Customers
12421,16,4,807.04,201.76,304,2011-01-24 15:09:00,2011-11-24 09:07:00,Spain,0,672.1648219178082,Potential Customers
12422,96,3,803.56,267.8533333333333,229,2011-01-19 09:13:00,2011-09-05 09:48:00,Australia,0,504.1513424657534,Potential Customers
12423,1,8,1859.31,232.41375,353,2010-12-21 10:54:00,2011-12-09 10:10:00,Belgium,0,1798.182,Potential Customers
12424,163,2,1760.96,880.48,0,2011-06-30 12:06:00,2011-06-30 12:06:00,Australia,1,0.0,At Risk Customers
12425,79,1,777.2,777.2,0,2011-09-22 17:31:00,2011-09-22 17:31:00,Portugal,0,0.0,Potential Customers
12426,195,1,582.73,582.73,0,2011-05-29 12:26:00,2011-05-29 12:26:00,Germany,1,0.0,At Risk Customers
12427,22,3,825.8,275.26666666666665,350,2010-12-03 10:44:00,2011-11-18 08:56:00,Germany,0,791.8630136986301,Potential Customers
12428,26,9,7956.46,884.051111111111,258,2011-03-01 09:33:00,2011-11-14 08:22:00,Finland,0,5624.0183013698625,Potential Customers
12429,10,4,3750.4,937.6,356,2010-12-09 12:05:00,2011-11-30 17:22:00,Denmark,0,3657.924383561644,Potential Customers
12430,44,1,256.4,256.4,0,2011-10-27 15:09:00,2011-10-27 15:09:00,Norway,0,0.0,Potential Customers
12431,36,15,6419.95,427.9966666666666,338,2010-12-01 10:03:00,2011-11-04 11:55:00,Australia,3,5945.049589041095,Loyal Customers
12432,43,5,5059.32,1011.864,130,2011-06-20 13:27:00,2011-10-28 11:43:00,Norway,0,1801.9495890410956,Potential Customers
12433,1,7,13375.87,1910.8385714285716,373,2010-12-01 13:24:00,2011-12-09 10:02:00,Norway,0,13669.039753424657,Potential Customers
12434,85,2,806.14,403.07,176,2011-03-24 13:05:00,2011-09-16 12:38:00,Australia,0,388.71408219178085,Potential Customers
12435,80,2,7829.89,3914.945,188,2011-03-17 07:40:00,2011-09-21 09:06:00,Denmark,0,4032.9296438356164,Potential Customers
12436,100,1,509.01,509.01,0,2011-09-01 12:09:00,2011-09-01 12:09:00,Norway,0,0.0,Potential Customers
12437,2,18,4951.41,275.0783333333333,330,2011-01-12 14:13:00,2011-12-08 11:35:00,France,3,4476.6172602739725,Loyal Customers
12438,15,2,2906.85,1453.425,126,2011-07-22 13:29:00,2011-11-25 13:28:00,Norway,0,1003.4605479452056,Potential Customers
12441,367,1,173.55,173.55,0,2010-12-08 10:45:00,2010-12-08 10:45:00,France,1,0.0,At Risk Customers
12442,4,1,172.06,172.06,0,2011-12-06 14:22:00,2011-12-06 14:22:00,Spain,0,0.0,Potential Customers
12444,22,5,5005.46,1001.092,150,2011-06-21 14:00:00,2011-11-18 13:23:00,Norway,0,2057.0383561643835,Potential Customers
12445,23,1,133.4,133.4,0,2011-11-17 18:43:00,2011-11-17 18:43:00,Spain,0,0.0,Potential Customers
12446,58,1,1002.31,1002.31,0,2011-10-13 12:50:00,2011-10-13 12:50:00,RSA,0,0.0,Potential Customers
12447,244,1,476.49,476.49,0,2011-04-10 13:25:00,2011-04-10 13:25:00,Belgium,1,0.0,At Risk Customers
12448,45,1,449.45,449.45,0,2011-10-26 13:46:00,2011-10-26 13:46:00,Spain,0,0.0,Potential Customers
12449,23,4,4067.29,1016.8225,165,2011-06-05 15:37:00,2011-11-17 13:46:00,Belgium,0,1838.6379452054794,Potential Customers
12450,157,2,197.88,98.94,17,2011-06-19 14:36:00,2011-07-06 14:41:00,Spain,1,9.216328767123288,At Risk Customers
12451,11,5,9035.52,1807.104,314,2011-01-19 09:05:00,2011-11-29 08:40:00,Switzerland,0,7773.022684931508,Potential Customers
12452,17,2,430.57,215.285,0,2011-11-23 08:05:00,2011-11-23 10:28:00,Switzerland,0,0.0,Potential Customers
12453,135,1,707.09,707.09,0,2011-07-28 14:08:00,2011-07-28 14:08:00,Austria,0,0.0,Potential Customers
12454,57,1,3528.34,3528.34,0,2011-10-14 17:13:00,2011-10-14 17:13:00,Spain,0,0.0,Potential Customers
12455,74,6,2466.86,411.14333333333326,223,2011-02-16 09:56:00,2011-09-27 15:31:00,Spain,0,1507.1500821917807,Potential Customers
12456,45,3,3181.04,1060.3466666666666,210,2011-03-30 09:12:00,2011-10-26 14:41:00,Switzerland,0,1830.1873972602739,Potential Customers
12457,67,7,2363.23,337.60428571428565,173,2011-04-14 18:57:00,2011-10-04 13:13:00,Switzerland,0,1120.1062739726026,Potential Customers
12458,72,2,947.4,473.7,213,2011-02-28 10:55:00,2011-09-29 15:25:00,Switzerland,0,552.8663013698631,Potential Customers
12461,95,2,826.88,413.44,60,2011-07-08 10:23:00,2011-09-06 16:57:00,Switzerland,0,135.9254794520548,Potential Customers
12462,19,2,1189.59,594.795,285,2011-02-09 14:44:00,2011-11-21 09:11:00,Spain,0,928.8579452054794,Potential Customers
12463,54,4,1344.78,336.195,188,2011-04-12 12:47:00,2011-10-17 13:44:00,Belgium,0,692.653808219178,Potential Customers
12464,11,8,1212.05,151.50625,299,2011-02-03 13:30:00,2011-11-29 13:33:00,Belgium,0,992.8847945205479,Potential Customers
12465,18,2,742.19,371.095,152,2011-06-23 13:37:00,2011-11-22 16:34:00,Belgium,0,309.07638356164387,Potential Customers
12468,188,2,729.54,364.77,129,2011-01-27 13:29:00,2011-06-05 11:36:00,Germany,1,257.8374246575342,At Risk Customers
12471,3,30,19788.65,659.6216666666667,362,2010-12-10 09:35:00,2011-12-07 15:43:00,Germany,3,19626.003561643836,Loyal Customers
12472,33,7,6572.11,938.8728571428572,337,2010-12-05 14:19:00,2011-11-07 14:01:00,Germany,0,6067.9481369863015,Potential Customers
12473,30,5,3928.05,785.61,162,2011-06-01 10:15:00,2011-11-10 13:46:00,Germany,0,1743.408493150685,Potential Customers
12474,18,18,7324.09,406.89388888888885,312,2011-01-14 10:06:00,2011-11-22 14:39:00,Germany,3,6260.592,Loyal Customers
12475,54,1,723.38,723.38,0,2011-10-17 10:10:00,2011-10-17 10:10:00,Germany,0,0.0,Potential Customers
12476,16,11,6816.42,619.6745454545455,346,2010-12-13 14:39:00,2011-11-24 12:40:00,Germany,0,6461.592657534247,Potential Customers
12477,23,6,13219.74,2203.29,279,2011-02-11 12:45:00,2011-11-17 09:51:00,Germany,0,10104.95194520548,Potential Customers
12478,4,1,680.99,680.99,0,2011-12-06 09:56:00,2011-12-06 09:56:00,Greece,0,0.0,Potential Customers
12479,12,1,527.2,527.2,0,2011-11-28 13:26:00,2011-11-28 13:26:00,Germany,0,0.0,Potential Customers
12480,29,4,3281.63,820.4075,308,2011-01-07 15:27:00,2011-11-11 14:52:00,Germany,0,2769.156273972603,Potential Customers
12481,23,10,5579.82,557.982,343,2010-12-09 10:13:00,2011-11-17 08:29:00,Germany,0,5243.502082191781,Potential Customers
12483,18,8,2484.98,310.6225,322,2011-01-04 14:20:00,2011-11-22 17:02:00,Sweden,0,2192.228931506849,Potential Customers
12484,33,6,4527.32,754.5533333333333,304,2011-01-07 14:04:00,2011-11-07 11:37:00,Spain,0,3770.6993972602736,Potential Customers
12488,10,3,1298.66,432.88666666666666,66,2011-09-25 10:34:00,2011-11-30 08:50:00,France,0,234.8261917808219,Potential Customers
12489,337,1,334.93,334.93,0,2011-01-07 13:13:00,2011-01-07 13:13:00,France,1,0.0,At Risk Customers
12490,6,10,5417.93,541.793,324,2011-01-14 09:13:00,2011-12-04 16:07:00,France,0,4809.340602739727,Potential Customers
12491,39,1,460.4,460.4,0,2011-11-01 12:18:00,2011-11-01 12:18:00,France,0,0.0,Potential Customers
12492,64,2,263.21,131.605,42,2011-08-26 14:51:00,2011-10-07 15:15:00,Germany,0,30.28717808219178,Potential Customers
12493,166,2,433.74,216.87,32,2011-05-26 14:53:00,2011-06-27 10:17:00,France,1,38.0265205479452,At Risk Customers
12494,16,7,1246.1,178.01428571428573,350,2010-12-09 11:31:00,2011-11-24 09:34:00,France,0,1194.890410958904,Potential Customers
12497,82,1,1043.1,1043.1,0,2011-09-19 12:29:00,2011-09-19 12:29:00,Germany,0,0.0,Potential Customers
12498,22,3,403.7,134.56666666666666,36,2011-10-13 09:30:00,2011-11-18 12:53:00,Germany,0,39.81698630136986,Potential Customers
12500,24,11,4257.82,387.0745454545455,310,2011-01-10 09:48:00,2011-11-16 16:20:00,Germany,0,3616.2306849315073,Potential Customers
12501,337,1,2169.39,2169.39,0,2011-01-07 12:28:00,2011-01-07 12:28:00,Germany,1,0.0,At Risk Customers
12502,96,5,3723.87,744.774,214,2011-02-03 10:41:00,2011-09-05 11:52:00,Spain,0,2183.310082191781,Potential Customers
12504,19,2,482.05,241.025,12,2011-11-09 14:56:00,2011-11-21 16:02:00,Germany,0,15.848219178082191,Potential Customers
12506,233,1,73.5,73.5,0,2011-04-21 08:54:00,2011-04-21 08:54:00,France,1,0.0,At Risk Customers
12507,135,3,1304.81,434.93666666666667,164,2011-02-14 09:24:00,2011-07-28 17:09:00,Spain,0,586.270794520548,Potential Customers
12508,27,2,397.88,198.94,3,2011-11-10 16:27:00,2011-11-13 15:37:00,France,0,3.2702465753424654,Potential Customers
12509,285,1,176.5,176.5,0,2011-02-28 14:45:00,2011-02-28 14:45:00,France,1,0.0,At Risk Customers
12510,143,2,982.57,491.285,183,2011-01-18 14:04:00,2011-07-20 10:15:00,Spain,0,492.63098630136994,Potential Customers
12512,67,2,132.18,66.09,0,2011-10-04 14:53:00,2011-10-04 14:55:00,Israel,0,0.0,Potential Customers
12513,113,1,612.29,612.29,0,2011-08-19 10:51:00,2011-08-19 10:51:00,France,0,0.0,Potential Customers
12514,268,1,1017.68,1017.68,0,2011-03-17 16:38:00,2011-03-17 16:38:00,Italy,1,0.0,At Risk Customers
12515,354,1,383.7,383.7,0,2010-12-21 15:43:00,2010-12-21 15:43:00,Italy,1,0.0,At Risk Customers
12516,78,2,1312.06,656.03,103,2011-06-12 11:37:00,2011-09-23 09:13:00,Germany,0,370.2525479452055,Potential Customers
12517,29,5,2481.6,496.32,162,2011-06-02 15:13:00,2011-11-11 14:04:00,Germany,0,1101.4224657534246,Potential Customers
12518,1,5,2056.89,411.378,110,2011-08-21 13:18:00,2011-12-09 10:13:00,Germany,0,619.8846575342465,Potential Customers
12519,64,1,330.84,330.84,0,2011-10-07 09:26:00,2011-10-07 09:26:00,Germany,0,0.0,Potential Customers
12520,80,5,2634.26,526.852,194,2011-03-11 11:35:00,2011-09-21 15:23:00,Germany,0,1400.1272328767122,Potential Customers
12521,143,1,599.68,599.68,0,2011-07-20 10:51:00,2011-07-20 10:51:00,Germany,0,0.0,Potential Customers
12522,40,2,192.72,96.36,12,2011-10-19 14:41:00,2011-10-31 15:30:00,Germany,0,6.335999999999999,Potential Customers
12523,20,11,1789.77,162.70636363636365,312,2011-01-12 09:43:00,2011-11-20 12:55:00,France,0,1529.8855890410962,Potential Customers
12524,10,8,4485.72,560.715,324,2011-01-10 10:35:00,2011-11-30 15:31:00,Germany,0,3981.8446027397263,Potential Customers
12526,1,3,1316.66,438.88666666666666,94,2011-09-06 14:19:00,2011-12-09 12:09:00,Germany,0,339.08504109589035,Potential Customers
12527,82,3,348.71,116.23666666666666,244,2011-01-18 12:05:00,2011-09-19 11:55:00,Germany,0,233.11024657534247,Potential Customers
12528,10,6,1933.48,322.2466666666666,303,2011-01-31 09:05:00,2011-11-30 14:40:00,Germany,0,1605.0532602739722,Potential Customers
12530,60,4,1662.28,415.57,277,2011-01-07 10:04:00,2011-10-11 12:34:00,Germany,0,1261.5111232876711,Potential Customers
12531,15,1,125.22,125.22,0,2011-11-25 11:12:00,2011-11-25 11:12:00,Germany,0,0.0,Potential Customers
12532,31,1,349.83,349.83,0,2011-11-09 13:47:00,2011-11-09 13:47:00,France,0,0.0,Potential Customers
12534,131,1,1089.18,1089.18,0,2011-08-01 10:26:00,2011-08-01 10:26:00,Germany,0,0.0,Potential Customers
12535,92,2,716.35,358.175,95,2011-06-06 12:47:00,2011-09-09 08:48:00,France,0,186.4472602739726,Potential Customers
12536,44,3,12601.83,4200.61,16,2011-10-11 14:52:00,2011-10-27 14:20:00,France,0,552.4089863013697,Potential Customers
12538,30,1,363.95,363.95,0,2011-11-10 17:16:00,2011-11-10 17:16:00,Spain,0,0.0,Potential Customers
12539,23,4,5568.35,1392.0875,311,2011-01-10 09:11:00,2011-11-17 13:30:00,Spain,0,4744.539315068494,Potential Customers
12540,20,17,13400.24,788.2494117647059,342,2010-12-13 09:39:00,2011-11-20 11:31:00,Spain,3,12555.841315068494,Loyal Customers
12541,30,3,981.18,327.06,251,2011-03-04 09:32:00,2011-11-10 10:40:00,Spain,0,674.7292602739726,Potential Customers
12544,37,1,372.7,372.7,0,2011-11-03 16:15:00,2011-11-03 16:15:00,Spain,0,0.0,Potential Customers
12545,76,2,1000.39,500.195,184,2011-03-25 12:04:00,2011-09-25 13:39:00,Spain,0,504.30619178082196,Potential Customers
12546,47,2,1161.5,580.75,31,2011-09-23 09:44:00,2011-10-24 12:09:00,Spain,0,98.64794520547945,Potential Customers
12547,198,2,207.8,103.9,83,2011-03-04 12:46:00,2011-05-26 12:38:00,Spain,1,47.25315068493151,At Risk Customers
12548,167,1,95.2,95.2,0,2011-06-26 15:35:00,2011-06-26 15:35:00,Spain,1,0.0,At Risk Customers
12550,80,1,964.83,964.83,0,2011-09-21 14:35:00,2011-09-21 14:35:00,Spain,0,0.0,Potential Customers
12551,358,1,168.0,168.0,0,2010-12-17 11:23:00,2010-12-17 11:23:00,Spain,1,0.0,At Risk Customers
12552,39,2,437.82,218.91,1,2011-10-31 12:11:00,2011-11-01 10:02:00,Italy,0,1.1995068493150685,Potential Customers
12553,9,10,3692.28,369.228,321,2011-01-14 10:42:00,2011-12-01 16:38:00,France,0,3247.1832328767127,Potential Customers
12556,51,2,599.56,299.78,101,2011-07-11 13:35:00,2011-10-20 13:06:00,Spain,0,165.90564383561642,Potential Customers
12557,17,5,11990.96,2398.192,355,2010-12-03 12:20:00,2011-11-23 16:59:00,Spain,0,11662.440547945205,Potential Customers
12558,8,1,269.96,269.96,0,2011-12-02 10:41:00,2011-12-02 10:41:00,USA,0,0.0,Potential Customers
12559,311,2,561.71,280.855,9,2011-01-24 10:12:00,2011-02-02 09:49:00,Germany,1,13.850383561643836,At Risk Customers
12560,6,3,2134.01,711.3366666666666,138,2011-07-19 15:55:00,2011-12-04 13:54:00,Germany,0,806.8311780821917,Potential Customers
12561,303,1,238.85,238.85,0,2011-02-10 11:39:00,2011-02-10 11:39:00,Germany,1,0.0,At Risk Customers
12562,9,7,3781.74,540.2485714285714,190,2011-05-25 12:44:00,2011-12-01 17:20:00,France,0,1968.5769863013697,Potential Customers
12564,262,1,456.9,456.9,0,2011-03-23 14:55:00,2011-03-23 14:55:00,France,1,0.0,At Risk Customers
12565,289,1,145.92,145.92,0,2011-02-24 10:34:00,2011-02-24 10:34:00,Saudi Arabia,1,0.0,At Risk Customers
12566,87,1,351.65,351.65,0,2011-09-14 14:30:00,2011-09-14 14:30:00,Germany,0,0.0,Potential Customers
12567,23,10,9401.28,940.128,347,2010-12-05 11:57:00,2011-11-17 11:02:00,France,0,8937.655232876712,Potential Customers
12569,3,32,4124.69,128.8965625,250,2011-04-01 13:47:00,2011-12-07 16:24:00,Germany,3,2825.130136986301,Loyal Customers
12571,40,2,519.61,259.805,82,2011-08-10 12:35:00,2011-10-31 10:19:00,France,0,116.73430136986302,Potential Customers
12572,9,2,1020.42,510.21,43,2011-10-19 08:20:00,2011-12-01 09:20:00,Germany,0,120.21386301369863,Potential Customers
12573,228,1,160.54,160.54,0,2011-04-26 15:52:00,2011-04-26 15:52:00,France,1,0.0,At Risk Customers
12574,316,1,218.45,218.45,0,2011-01-28 09:20:00,2011-01-28 09:20:00,France,1,0.0,At Risk Customers
12576,36,5,1315.83,263.166,269,2011-02-08 11:31:00,2011-11-04 10:11:00,Poland,0,969.7486849315068,Potential Customers
12577,36,3,626.6,208.86666666666665,324,2010-12-15 16:21:00,2011-11-04 13:24:00,France,0,556.2147945205479,Potential Customers
12578,22,2,2794.51,1397.255,309,2011-01-13 15:34:00,2011-11-18 13:30:00,Italy,0,2365.7632602739727,Potential Customers
12579,79,1,440.42,440.42,0,2011-09-22 17:15:00,2011-09-22 17:15:00,France,0,0.0,Potential Customers
12580,247,1,415.7,415.7,0,2011-04-07 10:24:00,2011-04-07 10:24:00,Germany,1,0.0,At Risk Customers
12581,40,1,197.71,197.71,0,2011-10-31 08:56:00,2011-10-31 08:56:00,Germany,0,0.0,Potential Customers
12582,239,2,511.36,255.68,50,2011-02-24 11:42:00,2011-04-15 08:45:00,Finland,1,70.04931506849314,At Risk Customers
12583,3,15,7281.38,485.4253333333333,371,2010-12-01 08:45:00,2011-12-07 08:07:00,France,3,7401.073917808218,Loyal Customers
12584,4,9,2338.15,259.7944444444444,277,2011-03-04 15:15:00,2011-12-06 09:35:00,Italy,0,1774.4316438356161,Potential Customers
12585,235,2,2040.1,1020.05,117,2010-12-23 12:58:00,2011-04-19 13:39:00,Germany,1,653.9498630136986,At Risk Customers
12586,18,1,196.94,196.94,0,2011-11-22 16:24:00,2011-11-22 16:24:00,Italy,0,0.0,Potential Customers
12587,8,1,144.0,144.0,0,2011-12-02 12:47:00,2011-12-02 12:47:00,Finland,0,0.0,Potential Customers
12588,40,1,214.9,214.9,0,2011-10-31 15:01:00,2011-10-31 15:01:00,Finland,0,0.0,Potential Customers
12589,29,2,646.68,323.34,116,2011-07-18 12:05:00,2011-11-11 10:19:00,France,0,205.5202191780822,Potential Customers
12590,212,2,9864.26,4932.13,0,2011-05-12 14:46:00,2011-05-12 14:52:00,Germany,1,0.0,At Risk Customers
12591,318,1,452.85,452.85,0,2011-01-26 14:35:00,2011-01-26 14:35:00,Italy,1,0.0,At Risk Customers
12592,93,2,437.6,218.8,121,2011-05-10 13:44:00,2011-09-08 15:04:00,Germany,0,145.067397260274,Potential Customers
12593,109,3,418.1,139.36666666666665,110,2011-05-05 09:29:00,2011-08-23 12:43:00,France,0,126.00273972602736,Potential Customers
12594,38,10,3338.22,333.822,285,2011-01-21 09:52:00,2011-11-02 12:20:00,Italy,0,2606.5553424657537,Potential Customers
12596,52,2,618.27,309.135,191,2011-04-11 13:22:00,2011-10-19 13:02:00,Spain,0,323.53306849315067,Potential Customers
12597,20,4,3811.22,952.805,249,2011-03-16 14:00:00,2011-11-20 13:33:00,Spain,0,2599.982958904109,Potential Customers
12598,10,8,3023.08,377.885,275,2011-02-28 11:58:00,2011-11-30 12:18:00,France,0,2277.66301369863,Potential Customers
12599,30,7,1032.58,147.51142857142855,275,2011-02-08 13:28:00,2011-11-10 13:34:00,France,0,777.9712328767123,Potential Customers
12600,29,10,2599.04,259.904,343,2010-12-03 12:57:00,2011-11-11 10:29:00,Germany,0,2442.3855342465754,Potential Customers
12601,190,5,577.06,115.412,143,2011-01-11 10:38:00,2011-06-03 10:17:00,Germany,1,226.08104109589044,At Risk Customers
12602,59,1,153.12,153.12,0,2011-10-12 11:22:00,2011-10-12 11:22:00,France,0,0.0,Potential Customers
12603,22,1,739.2,739.2,0,2011-11-18 10:42:00,2011-11-18 10:42:00,Germany,0,0.0,Potential Customers
12604,80,2,254.18,127.09,182,2011-03-23 12:06:00,2011-09-21 14:08:00,France,0,126.74180821917808,Potential Customers
12607,61,1,1579.51,1579.51,0,2011-10-10 16:06:00,2011-10-10 16:06:00,USA,0,0.0,Potential Customers
12609,79,3,1126.85,375.6166666666666,240,2011-01-25 15:13:00,2011-09-22 16:34:00,Germany,0,740.9424657534246,Potential Customers
12610,23,5,2099.54,419.908,104,2011-08-05 13:52:00,2011-11-17 09:34:00,Italy,0,598.2250958904109,Potential Customers
12611,53,1,1193.32,1193.32,0,2011-10-18 13:12:00,2011-10-18 13:12:00,Italy,0,0.0,Potential Customers
12612,75,1,704.04,704.04,0,2011-09-26 15:35:00,2011-09-26 15:35:00,Germany,0,0.0,Potential Customers
12613,58,5,3344.38,668.876,205,2011-03-22 15:42:00,2011-10-13 14:59:00,Germany,0,1878.3504109589041,Potential Customers
12614,278,1,315.6,315.6,0,2011-03-07 10:22:00,2011-03-07 10:22:00,Germany,1,0.0,At Risk Customers
12615,3,4,2291.19,572.7975,166,2011-06-24 13:35:00,2011-12-07 15:02:00,France,0,1042.0206575342465,Potential Customers
12616,96,2,713.3,356.65,202,2011-02-15 14:17:00,2011-09-05 15:17:00,France,0,394.757808219178,Potential Customers
12617,30,1,352.98,352.98,0,2011-11-10 14:39:00,2011-11-10 14:39:00,France,0,0.0,Potential Customers
12618,22,1,177.31,177.31,0,2011-11-18 11:10:00,2011-11-18 11:10:00,Italy,0,0.0,Potential Customers
12619,17,9,3641.24,404.58222222222224,237,2011-03-31 13:10:00,2011-11-23 14:52:00,Germany,0,2364.3120000000004,Potential Customers
12620,15,3,1339.41,446.47,190,2011-05-19 12:10:00,2011-11-25 10:20:00,France,0,697.2271232876712,Potential Customers
12621,2,20,13689.67,684.4835,364,2010-12-09 10:16:00,2011-12-08 11:25:00,Germany,3,13652.164054794523,Loyal Customers
12622,233,1,180.1,180.1,0,2011-04-21 16:39:00,2011-04-21 16:39:00,Germany,1,0.0,At Risk Customers
12623,277,1,305.1,305.1,0,2011-03-08 13:50:00,2011-03-08 13:50:00,Germany,1,0.0,At Risk Customers
12624,107,2,641.13,320.565,71,2011-06-15 12:34:00,2011-08-25 15:04:00,France,0,124.7129589041096,Potential Customers
12625,212,2,2683.82,1341.91,108,2011-01-24 13:27:00,2011-05-12 09:54:00,Germany,1,794.1166027397261,At Risk Customers
12626,24,9,6620.48,735.6088888888889,303,2011-01-17 11:01:00,2011-11-16 16:06:00,Germany,0,5495.905315068494,Potential Customers
12627,11,7,4478.53,639.79,130,2011-07-22 13:59:00,2011-11-29 12:07:00,Germany,0,1595.0928767123287,Potential Customers
12628,5,3,786.46,262.1533333333333,60,2011-10-06 09:28:00,2011-12-05 13:15:00,Germany,0,129.28109589041094,Potential Customers
12630,10,2,1270.88,635.44,34,2011-10-27 10:41:00,2011-11-30 10:48:00,Finland,0,118.38334246575344,Potential Customers
12631,58,1,640.5,640.5,0,2011-10-13 13:53:00,2011-10-13 13:53:00,Finland,0,0.0,Potential Customers
12633,59,4,2163.98,540.995,229,2011-02-25 08:44:00,2011-10-12 11:40:00,Germany,0,1357.675123287671,Potential Customers
12635,90,2,1689.18,844.59,65,2011-07-08 08:43:00,2011-09-11 11:04:00,Germany,0,300.8128767123288,Potential Customers
12637,68,8,6002.9,750.3625,256,2011-01-20 10:47:00,2011-10-03 13:46:00,France,0,4210.253150684931,Potential Customers
12638,34,1,671.69,671.69,0,2011-11-06 13:11:00,2011-11-06 13:11:00,Sweden,0,0.0,Potential Customers
12639,239,1,486.1,486.1,0,2011-04-15 12:48:00,2011-04-15 12:48:00,Sweden,1,0.0,At Risk Customers
12640,24,3,1174.58,391.52666666666664,58,2011-09-19 12:01:00,2011-11-16 11:52:00,France,0,186.6455890410959,Potential Customers
12641,116,1,185.9,185.9,0,2011-08-16 13:26:00,2011-08-16 13:26:00,Sweden,0,0.0,Potential Customers
12642,26,3,1013.26,337.75333333333333,82,2011-08-24 09:23:00,2011-11-14 15:03:00,Germany,0,227.6364931506849,Potential Customers
12643,129,6,3344.64,557.44,204,2011-01-11 11:48:00,2011-08-03 12:56:00,France,0,1869.3330410958906,Potential Customers
12644,130,1,477.91,477.91,0,2011-08-02 10:33:00,2011-08-02 10:33:00,Germany,0,0.0,Potential Customers
12645,34,4,1775.18,443.795,283,2011-01-27 13:08:00,2011-11-06 12:38:00,Germany,0,1376.3724383561646,Potential Customers
12646,5,2,1346.97,673.485,45,2011-10-21 12:52:00,2011-12-05 10:14:00,USA,0,166.06479452054793,Potential Customers
12647,23,12,3722.82,310.235,347,2010-12-05 14:02:00,2011-11-17 12:56:00,Germany,0,3539.2288767123287,Potential Customers
12648,155,1,318.05,318.05,0,2011-07-08 11:55:00,2011-07-08 11:55:00,Germany,1,0.0,At Risk Customers
12649,108,3,623.51,207.83666666666664,105,2011-05-11 14:37:00,2011-08-24 14:41:00,Germany,0,179.36589041095888,Potential Customers
12650,4,1,314.44,314.44,0,2011-12-06 16:34:00,2011-12-06 16:34:00,France,0,0.0,Potential Customers
12651,335,1,114.0,114.0,0,2011-01-09 12:46:00,2011-01-09 12:46:00,France,1,0.0,At Risk Customers
12652,332,1,919.98,919.98,0,2011-01-12 15:00:00,2011-01-12 15:00:00,France,1,0.0,At Risk Customers
12653,149,2,2209.85,1104.925,148,2011-02-16 10:53:00,2011-07-14 10:41:00,Israel,1,896.0487671232877,At Risk Customers
12654,11,5,601.98,120.396,285,2011-02-17 13:16:00,2011-11-29 10:10:00,Germany,0,470.0391780821918,Potential Customers
12656,18,5,4051.17,810.234,216,2011-04-20 09:20:00,2011-11-22 13:42:00,France,0,2397.4047123287673,Potential Customers
12657,12,4,1643.18,410.795,67,2011-09-22 11:40:00,2011-11-28 15:47:00,France,0,301.6248219178082,Potential Customers
12658,19,1,686.05,686.05,0,2011-11-21 10:22:00,2011-11-21 10:22:00,Germany,0,0.0,Potential Customers
12659,30,1,91.68,91.68,0,2011-11-10 11:53:00,2011-11-10 11:53:00,France,0,0.0,Potential Customers
12660,12,1,245.1,245.1,0,2011-11-28 13:26:00,2011-11-28 13:26:00,France,0,0.0,Potential Customers
12662,1,11,3849.78,349.98,373,2010-12-01 13:04:00,2011-12-09 11:59:00,Germany,0,3934.1587397260273,Potential Customers
12664,9,9,4881.88,542.4311111111111,314,2011-01-21 11:42:00,2011-12-01 17:07:00,Finland,0,4199.754301369863,Potential Customers
12665,325,1,63.0,63.0,0,2011-01-19 08:34:00,2011-01-19 08:34:00,Germany,1,0.0,At Risk Customers
12667,59,1,620.13,620.13,0,2011-10-12 17:00:00,2011-10-12 17:00:00,Finland,0,0.0,Potential Customers
12668,12,4,3807.15,951.7875,344,2010-12-19 12:46:00,2011-11-28 10:56:00,Germany,0,3588.1084931506853,Potential Customers
12669,151,3,2744.03,914.6766666666665,106,2011-03-28 10:15:00,2011-07-12 09:54:00,France,1,796.8963835616437,At Risk Customers
12670,11,5,2996.05,599.21,222,2011-04-21 10:16:00,2011-11-29 15:23:00,France,0,1822.255068493151,Potential Customers
12672,330,1,225.9,225.9,0,2011-01-14 09:20:00,2011-01-14 09:20:00,France,1,0.0,At Risk Customers
12673,6,2,610.52,305.26,321,2011-01-17 11:46:00,2011-12-04 13:55:00,Germany,0,536.9230684931507,Potential Customers
12674,39,4,1970.6,492.65,169,2011-05-16 09:10:00,2011-11-01 12:12:00,France,0,912.4147945205478,Potential Customers
12676,25,6,1331.39,221.8983333333333,287,2011-02-01 15:41:00,2011-11-15 12:25:00,Sweden,0,1046.8737808219178,Potential Customers
12678,43,12,17628.46,1469.0383333333332,311,2010-12-21 11:00:00,2011-10-28 13:04:00,France,3,15020.413863013699,Loyal Customers
12679,59,4,1113.02,278.255,225,2011-03-01 12:26:00,2011-10-12 12:30:00,France,0,686.1082191780822,Potential Customers
12680,1,4,862.81,215.7025,113,2011-08-18 15:44:00,2011-12-09 12:50:00,France,0,267.1165205479452,Potential Customers
12681,15,22,13787.54,626.7063636363636,353,2010-12-07 10:08:00,2011-11-25 11:33:00,France,3,13334.25101369863,Loyal Customers
12682,4,31,12279.82,396.1232258064516,368,2010-12-03 13:59:00,2011-12-06 10:00:00,France,3,12380.75002739726,Loyal Customers
12683,5,15,8476.57,565.1046666666666,361,2010-12-09 10:37:00,2011-12-05 16:31:00,France,3,8383.676082191781,Loyal Customers
12684,8,7,2283.63,326.23285714285714,206,2011-05-10 12:55:00,2011-12-02 09:53:00,France,0,1288.8432328767124,Potential Customers
12685,29,6,2863.08,477.18,65,2011-09-07 10:28:00,2011-11-11 13:46:00,France,0,509.86356164383557,Potential Customers
12686,372,1,89.14,89.14,0,2010-12-03 09:51:00,2010-12-03 09:51:00,France,1,0.0,At Risk Customers
12688,114,1,4873.81,4873.81,0,2011-08-18 08:49:00,2011-08-18 08:49:00,Israel,0,0.0,Potential Customers
12689,26,2,1247.61,623.805,102,2011-08-04 10:04:00,2011-11-14 08:31:00,France,0,348.6471780821918,Potential Customers
12690,206,1,389.01,389.01,0,2011-05-18 09:09:00,2011-05-18 09:09:00,France,1,0.0,At Risk Customers
12691,29,6,1035.8,172.63333333333333,329,2010-12-17 14:46:00,2011-11-11 16:49:00,France,0,933.6389041095889,Potential Customers
12693,128,4,855.91,213.9775,192,2011-01-24 12:58:00,2011-08-04 17:51:00,Germany,0,450.23210958904104,Potential Customers
12694,71,2,869.67,434.835,113,2011-06-09 17:48:00,2011-09-30 13:06:00,France,0,269.240301369863,Potential Customers
12695,8,4,582.1,145.525,203,2011-05-13 13:15:00,2011-12-02 13:22:00,France,0,323.7432876712329,Potential Customers
12697,29,3,957.59,319.19666666666666,141,2011-06-23 15:44:00,2011-11-11 08:47:00,Sweden,0,369.9183287671233,Potential Customers
12700,8,4,4939.99,1234.9975,208,2011-05-08 16:10:00,2011-12-02 10:47:00,France,0,2815.117589041096,Potential Customers
12701,80,2,797.71,398.855,163,2011-04-11 13:02:00,2011-09-21 10:47:00,Germany,0,356.23761643835616,Potential Customers
12702,20,1,219.0,219.0,0,2011-11-20 10:36:00,2011-11-20 10:36:00,Germany,0,0.0,Potential Customers
12703,72,1,283.55,283.55,0,2011-09-29 17:52:00,2011-09-29 17:52:00,Germany,0,0.0,Potential Customers
12704,8,8,2340.84,292.605,162,2011-06-23 10:20:00,2011-12-02 13:15:00,Finland,0,1038.9481643835618,Potential Customers
12705,16,9,6868.29,763.1433333333333,342,2010-12-17 15:58:00,2011-11-24 13:17:00,Germany,0,6435.493643835616,Potential Customers
12707,292,1,603.42,603.42,0,2011-02-21 08:38:00,2011-02-21 08:38:00,France,1,0.0,At Risk Customers
12708,30,10,2712.91,271.291,339,2010-12-06 10:43:00,2011-11-10 09:52:00,Germany,0,2519.661616438356,Potential Customers
12709,16,15,9706.52,647.1013333333333,351,2010-12-08 09:49:00,2011-11-24 15:38:00,Germany,3,9334.21512328767,Loyal Customers
12710,97,3,1149.02,383.00666666666666,105,2011-05-22 14:05:00,2011-09-04 12:00:00,Germany,0,330.53999999999996,Potential Customers
12712,29,13,4396.13,338.1638461538461,343,2010-12-03 14:30:00,2011-11-11 08:19:00,Germany,0,4131.157780821917,Potential Customers
12713,1,1,848.55,848.55,0,2011-12-09 12:16:00,2011-12-09 12:16:00,Germany,0,0.0,Potential Customers
12714,10,5,4708.86,941.772,285,2011-02-18 10:53:00,2011-11-30 15:43:00,France,0,3676.7810958904115,Potential Customers
12715,107,1,343.36,343.36,0,2011-08-25 15:22:00,2011-08-25 15:22:00,Sweden,0,0.0,Potential Customers
12716,4,2,1053.49,526.745,130,2011-07-29 13:28:00,2011-12-06 08:55:00,France,0,375.21561643835616,Potential Customers
12717,152,2,1030.98,515.49,94,2011-04-08 10:32:00,2011-07-11 14:47:00,Greece,1,265.51265753424656,At Risk Customers
12718,72,1,238.25,238.25,0,2011-09-29 16:38:00,2011-09-29 16:38:00,France,0,0.0,Potential Customers
12719,6,2,644.95,322.475,60,2011-10-05 14:50:00,2011-12-04 13:45:00,France,0,106.01917808219179,Potential Customers
12720,3,25,5781.73,231.2692,367,2010-12-05 15:21:00,2011-12-07 08:03:00,Germany,3,5813.410712328768,Loyal Customers
12721,32,6,2656.13,442.6883333333333,323,2010-12-20 11:38:00,2011-11-08 12:13:00,France,0,2350.493123287671,Potential Customers
12722,86,4,997.63,249.4075,65,2011-07-12 11:55:00,2011-09-15 14:50:00,France,0,177.66013698630135,Potential Customers
12723,4,5,725.07,145.014,62,2011-10-05 15:52:00,2011-12-06 10:19:00,France,0,123.16257534246576,Potential Customers
12724,6,4,1031.41,257.8525,327,2011-01-11 15:00:00,2011-12-04 16:02:00,France,0,924.0303287671234,Potential Customers
12725,372,1,427.8,427.8,0,2010-12-03 15:45:00,2010-12-03 15:45:00,Italy,1,0.0,At Risk Customers
12726,29,7,2609.1,372.72857142857134,329,2010-12-17 12:56:00,2011-11-11 13:35:00,France,0,2351.7641095890403,Potential Customers
12727,11,7,3980.7,568.6714285714286,310,2011-01-23 15:17:00,2011-11-29 11:46:00,France,0,3380.8684931506846,Potential Customers
12728,72,4,836.33,209.0825,261,2011-01-11 13:31:00,2011-09-29 15:31:00,France,0,598.0332328767123,Potential Customers
12729,114,1,453.01,453.01,0,2011-08-18 11:40:00,2011-08-18 11:40:00,France,0,0.0,Potential Customers
12731,24,12,18895.91,1574.6591666666666,341,2010-12-10 10:56:00,2011-11-16 11:59:00,France,3,17653.43920547945,Loyal Customers
12732,180,1,236.26,236.26,0,2011-06-13 11:33:00,2011-06-13 11:33:00,France,1,0.0,At Risk Customers
12733,235,1,383.95,383.95,0,2011-04-19 16:19:00,2011-04-19 16:19:00,USA,1,0.0,At Risk Customers
12734,353,1,110.4,110.4,0,2010-12-22 12:47:00,2010-12-22 12:47:00,France,1,0.0,At Risk Customers
12735,316,2,779.57,389.785,22,2011-01-06 14:26:00,2011-01-28 13:37:00,France,1,46.987780821917816,At Risk Customers
12736,333,1,234.0,234.0,0,2011-01-11 07:57:00,2011-01-11 07:57:00,France,1,0.0,At Risk Customers
12738,373,1,155.35,155.35,0,2010-12-02 18:27:00,2010-12-02 18:27:00,Germany,1,0.0,At Risk Customers
12739,79,2,1013.04,506.52,21,2011-09-01 17:45:00,2011-09-22 13:00:00,United Arab Emirates,0,58.28449315068493,Potential Customers
12740,64,1,427.6,427.6,0,2011-10-07 10:44:00,2011-10-07 10:44:00,France,0,0.0,Potential Customers
12743,135,2,540.13,270.065,0,2011-07-28 16:06:00,2011-07-28 16:21:00,Unspecified,0,0.0,Potential Customers
12744,52,7,21279.29,3039.898571428572,267,2011-01-25 13:26:00,2011-10-19 11:18:00,Singapore,3,15565.946383561644,Loyal Customers
12747,3,11,4196.01,381.4554545454546,367,2010-12-05 15:38:00,2011-12-07 14:34:00,United Kingdom,0,4219.001835616438,Potential Customers
12748,1,209,33053.19,158.14923444976077,373,2010-12-01 12:48:00,2011-12-09 12:20:00,United Kingdom,2,33777.643479452054,Champions
12749,4,5,4090.88,818.176,210,2011-05-10 15:25:00,2011-12-06 09:56:00,United Kingdom,0,2353.6569863013697,Potential Customers
12750,129,1,275.88,275.88,0,2011-08-03 09:13:00,2011-08-03 09:13:00,Poland,0,0.0,Potential Customers
12752,82,1,4366.78,4366.78,0,2011-09-19 13:32:00,2011-09-19 13:32:00,Norway,0,0.0,Potential Customers
12753,23,6,21429.39,3571.565,340,2010-12-12 11:44:00,2011-11-17 10:52:00,Japan,0,19961.623561643835,Potential Customers
12754,236,3,3010.74,1003.58,73,2011-02-04 10:31:00,2011-04-18 09:00:00,Japan,1,602.148,At Risk Customers
12755,281,2,3811.95,1905.975,85,2010-12-09 10:44:00,2011-03-04 12:42:00,Japan,1,887.7143835616438,At Risk Customers
12756,87,1,112.08,112.08,0,2011-09-14 09:31:00,2011-09-14 09:31:00,Japan,0,0.0,Potential Customers
12757,16,13,7834.65,602.6653846153846,196,2011-05-12 19:01:00,2011-11-24 12:30:00,Portugal,3,4207.099726027397,Loyal Customers
12758,117,2,2791.59,1395.795,160,2011-03-08 12:05:00,2011-08-15 10:22:00,Portugal,0,1223.7106849315069,Potential Customers
12759,53,3,1531.44,510.48,223,2011-03-09 08:09:00,2011-10-18 14:49:00,Netherlands,0,935.6469041095892,Potential Customers
12762,8,2,1898.52,949.26,18,2011-11-14 14:23:00,2011-12-02 10:23:00,Portugal,0,93.62564383561643,Potential Customers
12763,139,2,494.08,247.04,231,2010-12-05 15:46:00,2011-07-24 14:12:00,Japan,0,312.69172602739724,Potential Customers
12764,317,1,1693.88,1693.88,0,2011-01-27 10:19:00,2011-01-27 10:19:00,Lebanon,1,0.0,At Risk Customers
12766,4,7,6989.63,998.5185714285714,363,2010-12-08 13:53:00,2011-12-06 08:46:00,Portugal,0,6951.330657534246,Potential Customers
12769,239,1,1143.6,1143.6,0,2011-04-15 10:25:00,2011-04-15 10:25:00,Brazil,1,0.0,At Risk Customers
12770,211,1,1351.45,1351.45,0,2011-05-13 09:33:00,2011-05-13 09:33:00,Japan,1,0.0,At Risk Customers
12772,60,1,892.47,892.47,0,2011-10-11 09:19:00,2011-10-11 09:19:00,Portugal,0,0.0,Potential Customers
12775,18,5,1386.04,277.208,294,2011-02-01 13:45:00,2011-11-22 16:33:00,Netherlands,0,1116.4267397260276,Potential Customers
12778,20,6,822.23,137.03833333333333,293,2011-01-31 14:35:00,2011-11-20 11:30:00,Netherlands,0,660.0366849315069,Potential Customers
12779,38,8,3981.36,497.67,334,2010-12-03 13:40:00,2011-11-02 11:43:00,Poland,0,3643.217095890411,Potential Customers
12781,64,2,826.74,413.37,221,2011-02-28 08:43:00,2011-10-07 10:37:00,Czech Republic,0,500.5740821917808,Potential Customers
12782,5,5,2330.92,466.184,353,2010-12-17 11:30:00,2011-12-05 09:16:00,Portugal,0,2254.2870136986303,Potential Customers
12783,3,6,2225.91,370.985,73,2011-09-25 15:35:00,2011-12-07 15:56:00,Portugal,0,445.182,Potential Customers
12784,10,2,532.82,266.41,6,2011-11-24 12:53:00,2011-11-30 15:38:00,Portugal,0,8.75868493150685,Potential Customers
12785,365,1,311.95,311.95,0,2010-12-10 13:48:00,2010-12-10 13:48:00,Portugal,1,0.0,At Risk Customers
12787,10,3,463.66,154.5533333333333,183,2011-05-31 09:36:00,2011-11-30 08:44:00,Netherlands,0,232.4651506849315,Potential Customers
12789,66,1,91.85,91.85,0,2011-10-05 13:34:00,2011-10-05 13:34:00,Netherlands,0,0.0,Potential Customers
12790,193,1,324.92,324.92,0,2011-05-31 14:14:00,2011-05-31 14:14:00,Netherlands,1,0.0,At Risk Customers
12791,374,1,192.6,192.6,0,2010-12-01 11:27:00,2010-12-01 11:27:00,Netherlands,1,0.0,At Risk Customers
12792,257,1,400.54,400.54,0,2011-03-28 11:36:00,2011-03-28 11:36:00,Portugal,1,0.0,At Risk Customers
12793,335,2,545.48,272.74,37,2010-12-03 15:14:00,2011-01-09 12:12:00,Portugal,1,55.29523287671233,At Risk Customers
12794,54,2,860.41,430.205,45,2011-09-02 12:01:00,2011-10-17 14:54:00,Portugal,0,106.07794520547944,Potential Customers
12795,19,1,430.48,430.48,0,2011-11-21 10:27:00,2011-11-21 10:27:00,Portugal,0,0.0,Potential Customers
12797,366,1,254.03,254.03,0,2010-12-09 10:55:00,2010-12-09 10:55:00,Portugal,1,0.0,At Risk Customers
12798,11,3,6977.04,2325.68,160,2011-06-22 10:11:00,2011-11-29 15:52:00,Japan,0,3058.4284931506845,Potential Customers
12802,187,1,427.58,427.58,0,2011-06-06 09:36:00,2011-06-06 09:36:00,Netherlands,1,0.0,At Risk Customers
12808,37,3,483.65,161.21666666666667,332,2010-12-06 10:27:00,2011-11-03 10:05:00,Portugal,0,439.9227397260274,Potential Customers
12809,178,1,489.31,489.31,0,2011-06-15 10:51:00,2011-06-15 10:51:00,Portugal,1,0.0,At Risk Customers
12811,261,3,514.85,171.61666666666665,24,2011-02-28 15:39:00,2011-03-24 09:42:00,Portugal,1,33.8531506849315,At Risk Customers
12812,45,1,229.64,229.64,0,2011-10-26 09:54:00,2011-10-26 09:54:00,Japan,0,0.0,Potential Customers
12814,102,1,125.92,125.92,0,2011-08-30 12:11:00,2011-08-30 12:11:00,Poland,0,0.0,Potential Customers
12815,148,2,1063.46,531.73,51,2011-05-25 13:34:00,2011-07-15 10:21:00,Poland,1,148.5930410958904,At Risk Customers
12816,96,2,572.2,286.1,81,2011-06-16 13:24:00,2011-09-05 12:41:00,Poland,0,126.98136986301371,Potential Customers
12817,282,1,166.04,166.04,0,2011-03-03 16:28:00,2011-03-03 16:28:00,Austria,1,0.0,At Risk Customers
12818,262,1,1542.08,1542.08,0,2011-03-23 12:06:00,2011-03-23 12:06:00,Austria,1,0.0,At Risk Customers
12820,4,4,942.34,235.585,323,2011-01-17 12:34:00,2011-12-06 15:12:00,United Kingdom,0,833.9063561643836,Potential Customers
12821,215,1,92.72,92.72,0,2011-05-09 15:51:00,2011-05-09 15:51:00,United Kingdom,1,0.0,At Risk Customers
12822,71,2,948.88,474.44,17,2011-09-13 13:46:00,2011-09-30 10:04:00,United Kingdom,0,44.194410958904115,Potential Customers
12823,75,5,1759.5,351.9,222,2011-02-16 12:15:00,2011-09-26 07:35:00,United Kingdom,0,1070.1616438356166,Potential Customers
12824,60,1,397.12,397.12,0,2011-10-11 12:49:00,2011-10-11 12:49:00,United Kingdom,0,0.0,Potential Customers
12826,3,7,1474.72,210.67428571428567,363,2010-12-09 15:21:00,2011-12-07 10:25:00,United Kingdom,0,1466.6393424657533,Potential Customers
12827,6,3,430.15,143.38333333333333,39,2011-10-26 15:44:00,2011-12-04 12:17:00,United Kingdom,0,45.96123287671233,Potential Customers
12828,3,6,1018.71,169.785,128,2011-08-01 16:16:00,2011-12-07 08:45:00,United Kingdom,0,357.24624657534247,Potential Customers
12829,337,2,293.0,146.5,24,2010-12-14 14:54:00,2011-01-07 11:13:00,United Kingdom,1,19.265753424657532,At Risk Customers
12830,38,6,6814.64,1135.7733333333333,134,2011-06-21 10:53:00,2011-11-02 11:54:00,United Kingdom,0,2501.81304109589,Potential Customers
12831,263,1,215.05,215.05,0,2011-03-22 13:02:00,2011-03-22 13:02:00,United Kingdom,1,0.0,At Risk Customers
12832,33,2,383.03,191.515,66,2011-09-02 13:48:00,2011-11-07 13:30:00,United Kingdom,0,69.2602191780822,Potential Customers
12833,146,1,417.38,417.38,0,2011-07-17 13:46:00,2011-07-17 13:46:00,United Kingdom,1,0.0,At Risk Customers
12834,283,1,312.38,312.38,0,2011-03-02 09:49:00,2011-03-02 09:49:00,United Kingdom,1,0.0,At Risk Customers
12836,60,4,2610.36,652.59,252,2011-02-01 11:19:00,2011-10-11 15:10:00,United Kingdom,0,1802.2211506849317,Potential Customers
12837,174,1,134.1,134.1,0,2011-06-19 16:07:00,2011-06-19 16:07:00,United Kingdom,1,0.0,At Risk Customers
12838,34,2,671.95,335.975,340,2010-12-01 11:57:00,2011-11-06 12:20:00,United Kingdom,0,625.9260273972603,Potential Customers
12839,3,14,5591.42,399.38714285714286,365,2010-12-07 15:48:00,2011-12-07 12:33:00,United Kingdom,3,5591.42,Loyal Customers
12840,144,4,2726.77,681.6925,83,2011-04-27 12:21:00,2011-07-19 09:29:00,United Kingdom,0,620.0600273972603,Potential Customers
12841,5,25,3991.58,159.6632,367,2010-12-03 10:43:00,2011-12-05 11:13:00,United Kingdom,3,4013.4516712328764,Loyal Customers
12842,71,2,1118.99,559.495,238,2011-02-04 12:36:00,2011-09-30 15:33:00,United Kingdom,0,729.6427945205479,Potential Customers
12843,66,8,1702.26,212.7825,199,2011-03-20 14:38:00,2011-10-05 12:09:00,United Kingdom,0,928.0814794520547,Potential Customers
12844,30,2,325.96,162.98,101,2011-08-01 13:11:00,2011-11-10 13:31:00,United Kingdom,0,90.19715068493149,Potential Customers
12845,268,4,354.09,88.5225,23,2011-02-22 14:10:00,2011-03-17 13:34:00,United Kingdom,1,22.312520547945205,At Risk Customers
12847,23,1,843.64,843.64,0,2011-11-17 13:16:00,2011-11-17 13:16:00,United Kingdom,0,0.0,Potential Customers
12849,32,2,1010.29,505.145,237,2011-03-16 12:26:00,2011-11-08 13:41:00,United Kingdom,0,655.9965205479451,Potential Customers
12851,97,1,131.81,131.81,0,2011-09-04 12:41:00,2011-09-04 12:41:00,United Kingdom,0,0.0,Potential Customers
12852,295,1,311.55,311.55,0,2011-02-18 08:47:00,2011-02-18 08:47:00,United Kingdom,1,0.0,At Risk Customers
12853,135,6,1957.1,326.18333333333334,181,2011-01-28 10:28:00,2011-07-28 11:29:00,United Kingdom,0,970.5071232876712,Potential Customers
12854,79,3,1316.25,438.75,240,2011-01-25 13:35:00,2011-09-22 12:15:00,United Kingdom,0,865.4794520547945,Potential Customers
12855,373,1,38.1,38.1,0,2010-12-02 09:37:00,2010-12-02 09:37:00,United Kingdom,1,0.0,At Risk Customers
12856,8,6,2170.78,361.7966666666666,56,2011-10-07 12:38:00,2011-12-02 10:52:00,United Kingdom,0,333.05117808219177,Potential Customers
12857,211,2,1106.4,553.2,92,2011-02-10 12:32:00,2011-05-13 10:20:00,United Kingdom,1,278.8734246575343,At Risk Customers
12863,53,1,521.2,521.2,0,2011-10-18 14:15:00,2011-10-18 14:15:00,United Kingdom,0,0.0,Potential Customers
12864,139,1,147.12,147.12,0,2011-07-24 13:03:00,2011-07-24 13:03:00,United Kingdom,0,0.0,Potential Customers
12865,27,2,1568.23,784.115,97,2011-08-08 10:11:00,2011-11-13 14:31:00,Austria,0,416.762493150685,Potential Customers
12866,284,1,559.12,559.12,0,2011-03-01 14:11:00,2011-03-01 14:11:00,Belgium,1,0.0,At Risk Customers
12867,27,7,4009.34,572.7628571428571,334,2010-12-14 16:39:00,2011-11-13 15:30:00,United Kingdom,0,3668.820712328767,Potential Customers
12868,186,6,1607.06,267.8433333333333,188,2010-12-01 12:50:00,2011-06-07 10:42:00,United Kingdom,1,827.7459726027397,At Risk Customers
12871,85,2,380.64,190.32,123,2011-05-16 13:32:00,2011-09-16 15:07:00,United Kingdom,0,128.27046575342465,Potential Customers
12872,327,2,599.97,299.985,39,2010-12-09 14:44:00,2011-01-17 10:52:00,United Kingdom,1,64.10638356164384,At Risk Customers
12873,283,1,374.0,374.0,0,2011-03-02 14:58:00,2011-03-02 14:58:00,United Kingdom,1,0.0,At Risk Customers
12875,144,2,343.23,171.615,219,2010-12-12 12:03:00,2011-07-19 15:30:00,United Kingdom,0,205.93800000000002,Potential Customers
12876,58,2,2218.02,1109.01,139,2011-05-27 13:34:00,2011-10-13 12:26:00,Belgium,0,844.6706301369862,Potential Customers
12877,4,12,1535.77,127.98083333333332,355,2010-12-16 12:23:00,2011-12-06 10:30:00,United Kingdom,0,1493.694109589041,Potential Customers
12878,237,2,854.99,427.495,30,2011-03-18 14:02:00,2011-04-17 13:07:00,United Kingdom,1,70.27315068493151,At Risk Customers
12879,45,3,573.22,191.07333333333332,47,2011-09-09 12:11:00,2011-10-26 12:24:00,United Kingdom,0,73.81189041095891,Potential Customers
12881,276,1,298.0,298.0,0,2011-03-09 11:44:00,2011-03-09 11:44:00,United Kingdom,1,0.0,At Risk Customers
12882,10,2,1463.04,731.52,24,2011-11-06 11:22:00,2011-11-30 16:18:00,United Kingdom,0,96.19989041095889,Potential Customers
12883,25,4,703.47,175.8675,65,2011-09-11 15:18:00,2011-11-15 09:32:00,United Kingdom,0,125.2754794520548,Potential Customers
12884,89,1,309.05,309.05,0,2011-09-12 13:10:00,2011-09-12 13:10:00,United Kingdom,0,0.0,Potential Customers
12885,64,3,1175.22,391.74,60,2011-08-08 11:45:00,2011-10-07 13:40:00,United Kingdom,0,193.18684931506849,Potential Customers
12886,68,2,1378.4,689.2,152,2011-05-04 11:21:00,2011-10-03 10:09:00,United Kingdom,0,574.0186301369863,Potential Customers
12888,215,2,354.12,177.06,41,2011-03-29 14:31:00,2011-05-09 16:02:00,United Kingdom,1,39.77786301369863,At Risk Customers
12890,25,1,376.72,376.72,0,2011-11-15 17:26:00,2011-11-15 17:26:00,United Kingdom,0,0.0,Potential Customers
12891,186,3,331.0,110.33333333333331,107,2011-02-20 11:28:00,2011-06-07 12:31:00,United Kingdom,1,97.03287671232876,At Risk Customers
12893,31,1,176.55,176.55,0,2011-11-09 12:34:00,2011-11-09 12:34:00,United Kingdom,0,0.0,Potential Customers
12895,43,2,372.8,186.4,44,2011-09-14 08:35:00,2011-10-28 13:51:00,United Kingdom,0,44.940273972602746,Potential Customers
12897,205,2,216.5,108.25,97,2011-02-11 11:40:00,2011-05-19 12:13:00,United Kingdom,1,57.53561643835617,At Risk Customers
12901,9,28,17654.54,630.5192857142857,262,2011-03-14 10:41:00,2011-12-01 10:07:00,United Kingdom,3,12672.57391780822,Loyal Customers
12902,265,1,138.68,138.68,0,2011-03-20 12:06:00,2011-03-20 12:06:00,United Kingdom,1,0.0,At Risk Customers
12904,19,2,496.06,248.03,154,2011-06-20 13:18:00,2011-11-21 14:34:00,United Kingdom,0,209.29654794520548,Potential Customers
12906,12,5,2919.81,583.962,67,2011-09-22 15:03:00,2011-11-28 09:55:00,United Kingdom,0,535.9651232876712,Potential Customers
12908,177,2,750.0,375.0,136,2011-01-31 12:37:00,2011-06-16 15:39:00,United Kingdom,1,279.45205479452056,At Risk Customers
12909,40,5,2178.67,435.734,214,2011-03-31 12:51:00,2011-10-31 12:43:00,United Kingdom,0,1277.3572054794522,Potential Customers
12910,24,8,3075.04,384.38,218,2011-04-12 10:01:00,2011-11-16 14:28:00,United Kingdom,0,1836.5992328767122,Potential Customers
12912,3,5,1662.3,332.46,38,2011-10-30 11:35:00,2011-12-07 08:55:00,United Kingdom,0,173.0613698630137,Potential Customers
12913,5,5,2483.63,496.726,364,2010-12-06 16:36:00,2011-12-05 12:11:00,United Kingdom,0,2476.8255342465754,Potential Customers
12915,149,2,363.65,181.825,224,2010-12-02 12:33:00,2011-07-14 11:34:00,United Kingdom,1,223.17150684931508,At Risk Customers
12916,139,4,2944.95,736.2375,182,2011-01-23 10:43:00,2011-07-24 10:35:00,United Kingdom,0,1468.440821917808,Potential Customers
12917,129,1,594.0,594.0,0,2011-08-03 16:42:00,2011-08-03 16:42:00,United Kingdom,0,0.0,Potential Customers
12919,9,6,1335.19,222.53166666666664,161,2011-06-23 09:22:00,2011-12-01 13:47:00,United Kingdom,0,588.9468219178082,Potential Customers
12920,18,1,162.78,162.78,0,2011-11-22 15:05:00,2011-11-22 15:05:00,United Kingdom,0,0.0,Potential Customers
12921,10,37,16587.09,448.2997297297297,364,2010-12-01 15:06:00,2011-11-30 16:22:00,United Kingdom,3,16541.645917808215,Loyal Customers
12922,162,1,405.38,405.38,0,2011-07-01 15:35:00,2011-07-01 15:35:00,United Kingdom,1,0.0,At Risk Customers
12923,65,1,172.82,172.82,0,2011-10-06 16:20:00,2011-10-06 16:20:00,United Kingdom,0,0.0,Potential Customers
12924,89,4,933.7,233.425,239,2011-01-16 11:49:00,2011-09-12 13:55:00,United Kingdom,0,611.3816438356165,Potential Customers
12925,5,2,694.05,347.025,70,2011-09-26 11:05:00,2011-12-05 11:11:00,United Kingdom,0,133.10547945205477,Potential Customers
12928,36,5,2062.7,412.54,324,2010-12-15 15:45:00,2011-11-04 14:24:00,United Kingdom,0,1830.9994520547948,Potential Customers
12929,312,1,117.85,117.85,0,2011-02-01 12:08:00,2011-02-01 12:08:00,United Kingdom,1,0.0,At Risk Customers
12930,79,2,415.8,207.9,93,2011-06-21 13:25:00,2011-09-22 15:18:00,United Kingdom,0,105.94356164383562,Potential Customers
12931,22,15,42055.96,2803.7306666666664,336,2010-12-17 09:45:00,2011-11-18 12:39:00,United Kingdom,3,38714.52756164383,Loyal Customers
12933,25,3,607.53,202.51,259,2011-03-01 11:30:00,2011-11-15 16:38:00,United Kingdom,0,431.0966301369863,Potential Customers
12935,3,7,2160.7,308.6714285714286,317,2011-01-24 13:58:00,2011-12-07 17:25:00,United Kingdom,0,1876.5531506849313,Potential Customers
12936,18,4,1063.9,265.975,61,2011-09-22 13:51:00,2011-11-22 17:32:00,United Kingdom,0,177.80246575342468,Potential Customers
12937,16,4,1504.27,376.0675,252,2011-03-17 14:19:00,2011-11-24 15:05:00,United Kingdom,0,1038.564493150685,Potential Customers
12938,26,1,114.14,114.14,0,2011-11-14 11:21:00,2011-11-14 11:21:00,United Kingdom,0,0.0,Potential Customers
12939,65,8,11581.8,1447.725,270,2011-01-09 11:20:00,2011-10-06 14:33:00,United Kingdom,0,8567.358904109587,Potential Customers
12940,55,2,899.69,449.845,33,2011-09-13 10:16:00,2011-10-16 12:09:00,United Kingdom,0,81.34183561643836,Potential Customers
12942,132,3,675.6,225.2,234,2010-12-09 09:34:00,2011-07-31 14:39:00,United Kingdom,0,433.1243835616438,Potential Customers
12944,36,2,604.51,302.255,319,2010-12-20 10:41:00,2011-11-04 11:04:00,United Kingdom,0,528.3251780821918,Potential Customers
12945,289,1,462.95,462.95,0,2011-02-24 14:15:00,2011-02-24 14:15:00,United Kingdom,1,0.0,At Risk Customers
12947,144,6,1603.99,267.33166666666665,230,2010-12-01 16:21:00,2011-07-19 10:06:00,United Kingdom,0,1010.7334246575341,Potential Customers
12948,17,7,2064.95,294.99285714285713,248,2011-03-20 10:17:00,2011-11-23 17:10:00,United Kingdom,0,1403.034520547945,Potential Customers
12949,31,8,4167.22,520.9025,222,2011-04-01 13:20:00,2011-11-09 11:25:00,United Kingdom,0,2534.5831232876717,Potential Customers
12950,3,3,1843.0,614.3333333333333,22,2011-11-15 13:48:00,2011-12-07 13:17:00,United Kingdom,0,111.0849315068493,Potential Customers
12951,9,6,1064.07,177.345,322,2011-01-13 10:33:00,2011-12-01 12:14:00,United Kingdom,0,938.7138082191781,Potential Customers
12952,6,4,1387.79,346.9475,73,2011-09-22 16:37:00,2011-12-04 10:35:00,United Kingdom,0,277.558,Potential Customers
12953,10,1,329.85,329.85,0,2011-11-30 09:24:00,2011-11-30 09:24:00,United Kingdom,0,0.0,Potential Customers
12955,2,11,4757.16,432.4690909090909,266,2011-03-17 09:03:00,2011-12-08 16:29:00,United Kingdom,0,3466.861808219178,Potential Customers
12956,307,1,108.07,108.07,0,2011-02-06 16:08:00,2011-02-06 16:08:00,United Kingdom,1,0.0,At Risk Customers
12957,10,8,4017.54,502.1925,330,2011-01-04 12:18:00,2011-11-30 09:53:00,United Kingdom,0,3632.2964383561643,Potential Customers
12962,8,2,266.39,133.195,106,2011-08-18 13:38:00,2011-12-02 15:55:00,United Kingdom,0,77.36257534246575,Potential Customers
12963,9,8,1856.63,232.07875,357,2010-12-09 09:14:00,2011-12-01 12:55:00,United Kingdom,0,1815.9367397260276,Potential Customers
12965,90,1,769.81,769.81,0,2011-09-11 15:31:00,2011-09-11 15:31:00,United Kingdom,0,0.0,Potential Customers
12966,10,1,160.18,160.18,0,2011-11-30 12:38:00,2011-11-30 12:38:00,United Kingdom,0,0.0,Potential Customers
12967,359,2,1660.9,830.45,13,2010-12-03 09:49:00,2010-12-16 19:10:00,United Kingdom,1,59.15534246575343,At Risk Customers
12968,113,1,135.95,135.95,0,2011-08-19 15:44:00,2011-08-19 15:44:00,United Kingdom,0,0.0,Potential Customers
12970,8,4,405.47,101.3675,315,2011-01-21 14:04:00,2011-12-02 14:30:00,United Kingdom,0,349.9261643835617,Potential Customers
12971,4,86,11189.91,130.11523255813952,369,2010-12-02 16:42:00,2011-12-06 12:20:00,United Kingdom,3,11312.53915068493,Loyal Customers
12974,198,1,144.8,144.8,0,2011-05-26 09:33:00,2011-05-26 09:33:00,United Kingdom,1,0.0,At Risk Customers
12976,212,1,738.6,738.6,0,2011-05-12 09:55:00,2011-05-12 09:55:00,United Kingdom,1,0.0,At Risk Customers
12977,157,1,39.24,39.24,0,2011-07-06 16:40:00,2011-07-06 16:40:00,United Kingdom,1,0.0,At Risk Customers
12980,158,9,7374.9,819.4333333333333,201,2010-12-16 11:36:00,2011-07-05 09:34:00,United Kingdom,0,4061.2463013698625,Potential Customers
12981,30,2,372.22,186.11,104,2011-07-29 14:14:00,2011-11-10 12:00:00,United Kingdom,0,106.05720547945207,Potential Customers
12982,243,1,390.54,390.54,0,2011-04-11 11:51:00,2011-04-11 11:51:00,United Kingdom,1,0.0,At Risk Customers
12984,19,1,97.5,97.5,0,2011-11-21 12:37:00,2011-11-21 12:37:00,United Kingdom,0,0.0,Potential Customers
12985,1,2,1239.38,619.69,28,2011-11-11 12:44:00,2011-12-09 10:46:00,United Kingdom,0,95.07572602739728,Potential Customers
12987,74,2,558.7,279.35,124,2011-05-26 12:00:00,2011-09-27 12:03:00,United Kingdom,0,189.80493150684933,Potential Customers
12988,293,1,505.82,505.82,0,2011-02-20 14:31:00,2011-02-20 14:31:00,United Kingdom,1,0.0,At Risk Customers
12989,4,15,6924.11,461.60733333333326,361,2010-12-10 13:24:00,2011-12-06 15:28:00,United Kingdom,3,6848.229342465753,Loyal Customers
12990,32,3,409.5,136.5,279,2011-02-02 15:39:00,2011-11-08 13:01:00,United Kingdom,0,313.0150684931507,Potential Customers
12991,24,2,503.76,251.88,89,2011-08-19 14:39:00,2011-11-16 15:34:00,United Kingdom,0,122.83463013698629,Potential Customers
12993,24,4,414.76,103.69,275,2011-02-14 14:29:00,2011-11-16 15:49:00,United Kingdom,0,312.49041095890414,Potential Customers
12994,5,3,974.42,324.8066666666666,264,2011-03-16 08:31:00,2011-12-05 15:43:00,United Kingdom,0,704.7859726027397,Potential Customers
12995,86,1,211.32,211.32,0,2011-09-15 15:44:00,2011-09-15 15:44:00,United Kingdom,0,0.0,Potential Customers
12997,23,4,1226.89,306.7225,295,2011-01-26 15:49:00,2011-11-17 15:47:00,United Kingdom,0,991.5960273972604,Potential Customers
12999,197,3,455.88,151.96,49,2011-04-08 10:26:00,2011-05-27 13:24:00,United Kingdom,1,61.20032876712329,At Risk Customers
13000,107,3,534.85,178.28333333333333,258,2010-12-10 10:26:00,2011-08-25 10:43:00,United Kingdom,0,378.05835616438355,Potential Customers
13001,5,13,9785.97,752.766923076923,322,2011-01-17 12:45:00,2011-12-05 14:51:00,United Kingdom,3,8633.102301369863,Loyal Customers
13002,319,1,120.95,120.95,0,2011-01-25 15:18:00,2011-01-25 15:18:00,United Kingdom,1,0.0,At Risk Customers
13003,106,3,149.05,49.68333333333333,109,2011-05-09 08:23:00,2011-08-26 10:50:00,United Kingdom,0,44.510821917808215,Potential Customers
13004,12,18,5655.91,314.21722222222223,346,2010-12-17 08:20:00,2011-11-28 11:27:00,United Kingdom,3,5361.492767123287,Loyal Customers
13005,174,2,513.7,256.85,73,2011-04-07 13:32:00,2011-06-19 10:53:00,United Kingdom,1,102.74000000000001,At Risk Customers
13006,57,1,81.57,81.57,0,2011-10-14 13:49:00,2011-10-14 13:49:00,United Kingdom,0,0.0,Potential Customers
13008,324,1,229.47,229.47,0,2011-01-20 14:24:00,2011-01-20 14:24:00,United Kingdom,1,0.0,At Risk Customers
13011,373,1,50.55,50.55,0,2010-12-02 17:22:00,2010-12-02 17:22:00,United Kingdom,1,0.0,At Risk Customers
13012,10,8,1646.84,205.855,285,2011-02-18 09:43:00,2011-11-30 13:05:00,United Kingdom,0,1285.8887671232876,Potential Customers
13013,2,13,4810.94,370.0723076923077,370,2010-12-03 12:28:00,2011-12-08 15:01:00,United Kingdom,0,4876.843287671233,Potential Customers
13014,11,10,3466.28,346.628,271,2011-03-03 18:28:00,2011-11-29 12:27:00,United Kingdom,0,2573.5941917808213,Potential Customers
13015,54,5,3339.64,667.928,196,2011-04-04 14:28:00,2011-10-17 13:19:00,United Kingdom,0,1793.3409315068493,Potential Customers
13016,74,3,789.89,263.2966666666666,50,2011-08-08 15:00:00,2011-09-27 14:08:00,United Kingdom,0,108.20410958904107,Potential Customers
13017,8,1,204.0,204.0,0,2011-12-02 15:53:00,2011-12-02 15:53:00,United Kingdom,0,0.0,Potential Customers
13018,17,28,7277.7,259.91785714285714,279,2011-02-17 11:05:00,2011-11-23 13:28:00,United Kingdom,3,5562.954246575342,Loyal Customers
13021,5,9,2616.38,290.7088888888889,354,2010-12-16 10:12:00,2011-12-05 16:37:00,United Kingdom,0,2537.530191780822,Potential Customers
13023,65,2,689.9,344.95,65,2011-08-02 09:34:00,2011-10-06 16:27:00,United Kingdom,0,122.85890410958903,Potential Customers
13026,2,5,975.36,195.072,274,2011-03-09 11:35:00,2011-12-08 16:58:00,United Kingdom,0,732.1880547945206,Potential Customers
13027,114,6,6912.0,1152.0,241,2010-12-20 12:45:00,2011-08-18 09:39:00,United Kingdom,0,4563.813698630137,Potential Customers
13028,23,2,661.32,330.66,23,2011-10-25 14:09:00,2011-11-17 11:10:00,United Kingdom,0,41.6722191780822,Potential Customers
13029,31,3,1247.5,415.83333333333326,323,2010-12-21 13:53:00,2011-11-09 09:13:00,United Kingdom,0,1103.9520547945203,Potential Customers
13030,12,2,752.44,376.22,357,2010-12-06 14:31:00,2011-11-28 14:30:00,United Kingdom,0,735.9481643835617,Potential Customers
13032,53,2,1010.18,505.09,35,2011-09-13 16:40:00,2011-10-18 15:54:00,United Kingdom,0,96.86657534246574,Potential Customers
13033,358,1,190.55,190.55,0,2010-12-17 14:23:00,2010-12-17 14:23:00,United Kingdom,1,0.0,At Risk Customers
13034,55,2,642.77,321.385,315,2010-12-05 14:52:00,2011-10-16 12:21:00,United Kingdom,0,554.7193150684932,Potential Customers
13035,74,2,921.88,460.94,187,2011-03-24 09:21:00,2011-09-27 08:57:00,United Kingdom,0,472.3056438356164,Potential Customers
13037,139,3,881.07,293.69,118,2011-03-28 15:42:00,2011-07-24 15:46:00,United Kingdom,0,284.83906849315065,Potential Customers
13038,81,3,908.46,302.82,210,2011-02-22 11:43:00,2011-09-20 14:37:00,United Kingdom,0,522.6756164383562,Potential Customers
13040,9,2,676.99,338.495,25,2011-11-06 13:53:00,2011-12-01 10:38:00,United Kingdom,0,46.36917808219178,Potential Customers
13043,274,1,516.42,516.42,0,2011-03-11 14:52:00,2011-03-11 14:52:00,United Kingdom,1,0.0,At Risk Customers
13044,292,1,560.47,560.47,0,2011-02-21 15:20:00,2011-02-21 15:20:00,United Kingdom,1,0.0,At Risk Customers
13045,100,1,305.28,305.28,0,2011-09-01 15:04:00,2011-09-01 15:04:00,United Kingdom,0,0.0,Potential Customers
13046,31,2,629.31,314.655,236,2011-03-18 15:43:00,2011-11-09 08:36:00,United Kingdom,0,406.89632876712324,Potential Customers
13047,32,10,3237.54,323.754,342,2010-12-01 08:34:00,2011-11-08 12:06:00,United Kingdom,0,3033.5306301369865,Potential Customers
13048,15,4,1819.41,454.8525,313,2011-01-16 14:36:00,2011-11-25 13:23:00,United Kingdom,0,1560.2063835616439,Potential Customers
13049,65,2,656.68,328.34,254,2011-01-25 16:33:00,2011-10-06 15:31:00,United Kingdom,0,456.9773150684931,Potential Customers
13050,15,17,5836.86,343.3447058823529,352,2010-12-08 09:30:00,2011-11-25 09:18:00,United Kingdom,3,5628.9718356164385,Loyal Customers
13052,213,1,348.15,348.15,0,2011-05-11 14:12:00,2011-05-11 14:12:00,United Kingdom,1,0.0,At Risk Customers
13055,79,3,1214.41,404.8033333333333,135,2011-05-10 08:58:00,2011-09-22 14:26:00,United Kingdom,0,449.1653424657533,Potential Customers
13058,25,3,271.4,90.46666666666665,127,2011-07-11 12:01:00,2011-11-15 12:43:00,United Kingdom,0,94.43232876712328,Potential Customers
13059,250,1,183.4,183.4,0,2011-04-04 10:40:00,2011-04-04 10:40:00,United Kingdom,1,0.0,At Risk Customers
13060,254,1,307.53,307.53,0,2011-03-31 11:37:00,2011-03-31 11:37:00,United Kingdom,1,0.0,At Risk Customers
13061,73,1,248.61,248.61,0,2011-09-28 16:04:00,2011-09-28 16:04:00,United Kingdom,0,0.0,Potential Customers
13062,192,1,346.98,346.98,0,2011-06-01 15:12:00,2011-06-01 15:12:00,United Kingdom,1,0.0,At Risk Customers
13064,13,4,1105.59,276.3975,315,2011-01-16 13:41:00,2011-11-27 12:31:00,United Kingdom,0,954.139315068493,Potential Customers
13065,374,1,205.86,205.86,0,2010-12-01 16:52:00,2010-12-01 16:52:00,United Kingdom,1,0.0,At Risk Customers
13066,25,2,470.8,235.4,8,2011-11-07 17:06:00,2011-11-15 12:57:00,United Kingdom,0,10.318904109589042,Potential Customers
13067,83,1,115.46,115.46,0,2011-09-18 13:38:00,2011-09-18 13:38:00,United Kingdom,0,0.0,Potential Customers
13068,11,2,344.0,172.0,309,2011-01-24 08:20:00,2011-11-29 15:00:00,United Kingdom,0,291.2219178082192,Potential Customers
13069,1,24,4431.44,184.64333333333332,369,2010-12-05 11:02:00,2011-12-09 08:39:00,United Kingdom,3,4480.003726027397,Loyal Customers
13070,193,1,228.8,228.8,0,2011-05-31 13:45:00,2011-05-31 13:45:00,United Kingdom,1,0.0,At Risk Customers
13072,267,1,177.15,177.15,0,2011-03-18 08:12:00,2011-03-18 08:12:00,United Kingdom,1,0.0,At Risk Customers
13075,130,1,919.61,919.61,0,2011-08-02 10:19:00,2011-08-02 10:19:00,United Kingdom,0,0.0,Potential Customers
13077,2,4,728.02,182.005,365,2010-12-08 14:59:00,2011-12-08 19:24:00,United Kingdom,0,728.02,Potential Customers
13078,4,26,12627.94,485.69,363,2010-12-08 09:07:00,2011-12-06 15:36:00,United Kingdom,3,12558.745808219179,Loyal Customers
13079,5,5,220.1,44.02,136,2011-07-22 14:41:00,2011-12-05 16:53:00,United Kingdom,0,82.00986301369865,Potential Customers
13080,180,1,58.08,58.08,0,2011-06-13 14:59:00,2011-06-13 14:59:00,United Kingdom,1,0.0,At Risk Customers
13081,12,11,28337.38,2576.1254545454544,360,2010-12-03 17:20:00,2011-11-28 10:54:00,United Kingdom,3,27949.19671232876,Loyal Customers
13082,127,9,3613.63,401.5144444444445,212,2011-01-05 15:42:00,2011-08-05 16:16:00,United Kingdom,0,2098.875506849315,Potential Customers
13083,5,2,303.75,151.875,71,2011-09-25 10:46:00,2011-12-05 15:01:00,United Kingdom,0,59.08561643835617,Potential Customers
13085,158,2,416.08,208.04,138,2011-02-17 13:57:00,2011-07-05 12:11:00,United Kingdom,1,157.31243835616436,At Risk Customers
13089,3,97,58762.08,605.7946391752577,367,2010-12-05 10:27:00,2011-12-07 09:02:00,United Kingdom,2,59084.06399999999,Champions
13090,9,14,8910.82,636.4871428571429,364,2010-12-02 07:48:00,2011-12-01 12:39:00,United Kingdom,3,8886.406794520548,Loyal Customers
13091,29,1,345.82,345.82,0,2011-11-11 15:54:00,2011-11-11 15:54:00,United Kingdom,0,0.0,Potential Customers
13092,71,5,477.83,95.566,289,2010-12-15 12:27:00,2011-09-30 11:18:00,United Kingdom,0,378.33663013698634,Potential Customers
13093,276,8,7832.47,979.05875,98,2010-12-01 15:00:00,2011-03-09 12:14:00,United Kingdom,1,2102.9645479452056,At Risk Customers
13094,22,12,1927.32,160.61,347,2010-12-06 10:34:00,2011-11-18 14:07:00,United Kingdom,0,1832.274082191781,Potential Customers
13095,71,1,74.4,74.4,0,2011-09-30 12:03:00,2011-09-30 12:03:00,United Kingdom,0,0.0,Potential Customers
13097,33,10,6003.22,600.322,328,2010-12-14 15:13:00,2011-11-07 10:43:00,United Kingdom,0,5394.674410958904,Potential Customers
13098,2,28,28882.44,1031.5157142857142,316,2011-01-26 13:46:00,2011-12-08 14:14:00,United Kingdom,3,25005.07134246575,Loyal Customers
13099,100,1,207.36,207.36,0,2011-09-01 17:40:00,2011-09-01 17:40:00,United Kingdom,0,0.0,Potential Customers
13101,235,1,101.19,101.19,0,2011-04-19 14:37:00,2011-04-19 14:37:00,United Kingdom,1,0.0,At Risk Customers
13102,2,24,6424.09,267.67041666666665,364,2010-12-09 13:38:00,2011-12-08 12:52:00,United Kingdom,3,6406.4897534246575,Loyal Customers
13103,40,1,243.94,243.94,0,2011-10-31 09:38:00,2011-10-31 09:38:00,United Kingdom,0,0.0,Potential Customers
13104,4,6,1098.48,183.08,351,2010-12-20 11:58:00,2011-12-06 13:10:00,United Kingdom,0,1056.3465205479454,Potential Customers
13106,134,1,76.5,76.5,0,2011-07-29 15:12:00,2011-07-29 15:12:00,United Kingdom,0,0.0,Potential Customers
13107,45,4,1531.62,382.905,289,2011-01-10 12:28:00,2011-10-26 14:52:00,United Kingdom,0,1212.7073424657533,Potential Customers
13108,373,1,350.06,350.06,0,2010-12-02 10:35:00,2010-12-02 10:35:00,United Kingdom,1,0.0,At Risk Customers
13109,60,2,786.54,393.27,98,2011-07-05 14:56:00,2011-10-11 10:16:00,United Kingdom,0,211.18060273972603,Potential Customers
13110,32,7,1488.67,212.66714285714284,280,2011-02-01 15:24:00,2011-11-08 14:30:00,United Kingdom,0,1141.993424657534,Potential Customers
13113,1,24,12245.96,510.2483333333333,366,2010-12-08 13:21:00,2011-12-09 12:49:00,United Kingdom,3,12279.510575342467,Loyal Customers
13115,12,4,2294.78,573.695,173,2011-06-08 16:15:00,2011-11-28 12:38:00,United Kingdom,0,1087.6628493150686,Potential Customers
13116,139,1,501.14,501.14,0,2011-07-24 14:33:00,2011-07-24 14:33:00,United Kingdom,0,0.0,Potential Customers
13117,22,8,984.91,123.11375,351,2010-12-02 13:11:00,2011-11-18 12:02:00,United Kingdom,0,947.1326301369863,Potential Customers
13118,20,5,1197.81,239.562,269,2011-02-24 12:32:00,2011-11-20 12:46:00,United Kingdom,0,882.7695616438356,Potential Customers
13120,239,1,30.6,30.6,0,2011-04-15 10:19:00,2011-04-15 10:19:00,United Kingdom,1,0.0,At Risk Customers
13121,270,1,283.73,283.73,0,2011-03-15 16:47:00,2011-03-15 16:47:00,United Kingdom,1,0.0,At Risk Customers
13122,95,2,922.39,461.195,146,2011-04-13 14:12:00,2011-09-06 15:53:00,United Kingdom,0,368.956,Potential Customers
13124,90,3,3756.33,1252.11,270,2010-12-15 15:00:00,2011-09-11 12:45:00,United Kingdom,0,2778.6550684931503,Potential Customers
13126,5,8,2099.64,262.455,362,2010-12-08 11:42:00,2011-12-05 10:00:00,United Kingdom,0,2082.382684931507,Potential Customers
13127,78,1,259.17,259.17,0,2011-09-23 10:26:00,2011-09-23 10:26:00,United Kingdom,0,0.0,Potential Customers
13130,95,1,64.0,64.0,0,2011-09-06 15:30:00,2011-09-06 15:30:00,United Kingdom,0,0.0,Potential Customers
13131,24,3,1073.3,357.76666666666665,164,2011-06-05 10:54:00,2011-11-16 13:21:00,United Kingdom,0,482.2498630136986,Potential Customers
13132,262,1,77.3,77.3,0,2011-03-23 12:44:00,2011-03-23 12:44:00,United Kingdom,1,0.0,At Risk Customers
13133,274,2,109.8,54.9,31,2011-02-08 15:48:00,2011-03-11 10:31:00,United Kingdom,1,9.325479452054793,At Risk Customers
13134,86,4,1793.58,448.395,155,2011-04-13 12:57:00,2011-09-15 10:35:00,United Kingdom,0,761.6572602739725,Potential Customers
13135,197,1,3096.0,3096.0,0,2011-05-27 10:52:00,2011-05-27 10:52:00,United Kingdom,1,0.0,At Risk Customers
13136,57,5,2607.61,521.522,156,2011-05-11 12:47:00,2011-10-14 13:41:00,United Kingdom,0,1114.4853698630138,Potential Customers
13137,11,8,3603.29,450.41125,298,2011-02-04 11:54:00,2011-11-29 12:09:00,United Kingdom,0,2941.8641643835617,Potential Customers
13138,23,6,962.39,160.3983333333333,350,2010-12-02 15:03:00,2011-11-17 16:51:00,United Kingdom,0,922.8397260273971,Potential Customers
13139,17,7,5064.94,723.5628571428571,243,2011-03-25 11:57:00,2011-11-23 13:54:00,United Kingdom,0,3372.0011506849314,Potential Customers
13140,109,3,422.47,140.82333333333332,258,2010-12-08 15:12:00,2011-08-23 15:33:00,United Kingdom,0,298.6226301369863,Potential Customers
13141,85,5,2388.75,477.75,231,2011-01-28 13:04:00,2011-09-16 09:54:00,United Kingdom,0,1511.7842465753424,Potential Customers
13142,20,1,307.09,307.09,0,2011-11-20 16:07:00,2011-11-20 16:07:00,United Kingdom,0,0.0,Potential Customers
13144,333,1,110.95,110.95,0,2011-01-11 11:15:00,2011-01-11 11:15:00,United Kingdom,1,0.0,At Risk Customers
13145,40,4,618.52,154.63,333,2010-12-02 18:06:00,2011-10-31 12:45:00,United Kingdom,0,564.2935890410959,Potential Customers
13146,27,1,228.91,228.91,0,2011-11-13 15:29:00,2011-11-13 15:29:00,United Kingdom,0,0.0,Potential Customers
13147,11,4,712.8,178.2,89,2011-09-01 12:28:00,2011-11-29 13:59:00,United Kingdom,0,173.80602739726027,Potential Customers
13148,30,12,3683.26,306.93833333333333,335,2010-12-10 13:06:00,2011-11-10 15:23:00,United Kingdom,0,3380.526301369863,Potential Customers
13149,15,4,1676.06,419.015,275,2011-02-23 13:57:00,2011-11-25 13:09:00,United Kingdom,0,1262.7849315068493,Potential Customers
13151,296,1,1257.87,1257.87,0,2011-02-17 12:29:00,2011-02-17 12:29:00,United Kingdom,1,0.0,At Risk Customers
13153,6,1,486.22,486.22,0,2011-12-04 12:14:00,2011-12-04 12:14:00,United Kingdom,0,0.0,Potential Customers
13155,34,4,971.76,242.94,335,2010-12-06 12:44:00,2011-11-06 15:41:00,United Kingdom,0,891.8893150684931,Potential Customers
13157,50,4,1741.22,435.305,249,2011-02-14 14:03:00,2011-10-21 13:50:00,United Kingdom,0,1187.8459726027397,Potential Customers
13158,95,4,1201.06,300.265,224,2011-01-25 09:58:00,2011-09-06 11:58:00,United Kingdom,0,737.0888767123288,Potential Customers
13159,9,4,1429.35,357.3375,107,2011-08-16 11:44:00,2011-12-01 11:20:00,United Kingdom,0,419.01493150684934,Potential Customers
13160,23,1,91.8,91.8,0,2011-11-17 13:07:00,2011-11-17 13:07:00,United Kingdom,0,0.0,Potential Customers
13161,314,1,112.75,112.75,0,2011-01-30 14:03:00,2011-01-30 14:03:00,United Kingdom,1,0.0,At Risk Customers
13162,123,4,1688.29,422.0725,212,2011-01-09 10:43:00,2011-08-09 15:59:00,United Kingdom,0,980.5958356164382,Potential Customers
13165,47,2,1021.48,510.74,305,2010-12-23 14:06:00,2011-10-24 15:05:00,United Kingdom,0,853.5654794520548,Potential Customers
13166,284,1,417.2,417.2,0,2011-03-01 15:16:00,2011-03-01 15:16:00,United Kingdom,1,0.0,At Risk Customers
13167,19,4,791.33,197.8325,125,2011-07-19 12:13:00,2011-11-21 12:24:00,United Kingdom,0,271.00342465753425,Potential Customers
13168,37,4,1299.59,324.8975,282,2011-01-25 13:55:00,2011-11-03 12:56:00,United Kingdom,0,1004.0667945205479,Potential Customers
13169,64,2,712.88,356.44,189,2011-04-01 14:24:00,2011-10-07 12:11:00,United Kingdom,0,369.1351232876712,Potential Customers
13170,27,1,108.81,108.81,0,2011-11-13 12:19:00,2011-11-13 12:19:00,United Kingdom,0,0.0,Potential Customers
13171,22,3,468.41,156.13666666666666,278,2011-02-13 14:16:00,2011-11-18 10:27:00,United Kingdom,0,356.7615890410959,Potential Customers
13173,5,2,353.65,176.825,363,2010-12-07 14:30:00,2011-12-05 15:51:00,United Kingdom,0,351.7121917808219,Potential Customers
13174,17,3,2742.82,914.2733333333331,353,2010-12-05 16:24:00,2011-11-23 14:35:00,United Kingdom,0,2652.64509589041,Potential Customers
13176,47,1,481.49,481.49,0,2011-10-24 15:43:00,2011-10-24 15:43:00,United Kingdom,0,0.0,Potential Customers
13177,65,1,282.45,282.45,0,2011-10-06 09:56:00,2011-10-06 09:56:00,United Kingdom,0,0.0,Potential Customers
13178,27,11,5725.47,520.4972727272727,334,2010-12-14 12:22:00,2011-11-13 16:14:00,United Kingdom,0,5239.197205479452,Potential Customers
13182,46,1,121.18,121.18,0,2011-10-25 13:46:00,2011-10-25 13:46:00,United Kingdom,0,0.0,Potential Customers
13183,8,9,3957.78,439.7533333333333,327,2011-01-09 10:50:00,2011-12-02 10:30:00,United Kingdom,0,3545.737150684931,Potential Customers
13184,15,10,1668.95,166.895,276,2011-02-22 17:25:00,2011-11-25 12:02:00,United Kingdom,0,1262.0005479452054,Potential Customers
13185,268,1,71.4,71.4,0,2011-03-17 11:56:00,2011-03-17 11:56:00,United Kingdom,1,0.0,At Risk Customers
13186,40,3,1575.89,525.2966666666666,89,2011-08-03 09:09:00,2011-10-31 11:40:00,United Kingdom,0,384.25810958904106,Potential Customers
13187,338,1,236.02,236.02,0,2011-01-06 18:57:00,2011-01-06 18:57:00,United Kingdom,1,0.0,At Risk Customers
13188,12,1,114.6,114.6,0,2011-11-28 15:28:00,2011-11-28 15:28:00,United Kingdom,0,0.0,Potential Customers
13189,19,2,260.68,130.34,97,2011-08-16 13:12:00,2011-11-21 10:39:00,United Kingdom,0,69.27660273972603,Potential Customers
13192,96,2,911.94,455.97,110,2011-05-18 14:57:00,2011-09-05 14:13:00,United Kingdom,0,274.8312328767123,Potential Customers
13193,62,1,112.08,112.08,0,2011-10-09 14:30:00,2011-10-09 14:30:00,United Kingdom,0,0.0,Potential Customers
13194,136,1,60.7,60.7,0,2011-07-27 09:01:00,2011-07-27 09:01:00,United Kingdom,0,0.0,Potential Customers
13196,12,4,1797.78,449.445,251,2011-03-22 14:24:00,2011-11-28 13:54:00,United Kingdom,0,1236.2815890410957,Potential Customers
13198,11,6,3401.24,566.8733333333333,351,2010-12-13 09:29:00,2011-11-29 15:17:00,United Kingdom,0,3270.7814794520546,Potential Customers
13199,4,38,9817.12,258.34526315789475,363,2010-12-08 10:51:00,2011-12-06 12:30:00,United Kingdom,3,9763.327561643837,Loyal Customers
13200,20,4,870.09,217.5225,107,2011-08-05 14:50:00,2011-11-20 15:35:00,United Kingdom,0,255.0674794520548,Potential Customers
13203,10,4,869.46,217.365,233,2011-04-11 14:40:00,2011-11-30 10:45:00,United Kingdom,0,555.0251506849315,Potential Customers
13207,16,2,250.26,125.13,135,2011-07-12 11:35:00,2011-11-24 14:52:00,United Kingdom,0,92.56191780821916,Potential Customers
13208,59,6,1217.65,202.94166666666663,251,2011-02-03 19:32:00,2011-10-12 09:54:00,United Kingdom,0,837.3428767123286,Potential Customers
13209,31,8,5891.61,736.45125,331,2010-12-13 10:31:00,2011-11-09 13:54:00,United Kingdom,0,5342.802493150685,Potential Customers
13210,94,1,353.48,353.48,0,2011-09-07 08:18:00,2011-09-07 08:18:00,United Kingdom,0,0.0,Potential Customers
13211,11,3,1095.42,365.14,351,2010-12-13 16:17:00,2011-11-29 14:43:00,United Kingdom,0,1053.403890410959,Potential Customers
13212,20,3,786.83,262.27666666666664,42,2011-10-09 14:48:00,2011-11-20 12:40:00,United Kingdom,0,90.53934246575342,Potential Customers
13213,57,5,1520.58,304.116,143,2011-05-24 12:22:00,2011-10-14 11:42:00,United Kingdom,0,595.7340821917808,Potential Customers
13216,268,1,333.74,333.74,0,2011-03-17 12:18:00,2011-03-17 12:18:00,United Kingdom,1,0.0,At Risk Customers
13217,123,3,533.98,177.9933333333333,34,2011-07-06 12:08:00,2011-08-09 15:32:00,United Kingdom,0,49.74060273972602,Potential Customers
13218,128,1,62.64,62.64,0,2011-08-04 16:59:00,2011-08-04 16:59:00,United Kingdom,0,0.0,Potential Customers
13220,79,4,819.29,204.8225,158,2011-04-17 10:59:00,2011-09-22 13:38:00,United Kingdom,0,354.6515616438356,Potential Customers
13221,241,2,847.41,423.705,119,2010-12-15 13:24:00,2011-04-13 16:58:00,United Kingdom,1,276.2788767123287,At Risk Customers
13223,201,2,163.2,81.6,32,2011-04-21 15:16:00,2011-05-23 13:03:00,United Kingdom,1,14.30794520547945,At Risk Customers
13224,61,2,2155.95,1077.975,91,2011-07-11 14:10:00,2011-10-10 14:55:00,United Kingdom,0,537.5108219178081,Potential Customers
13225,4,7,6463.84,923.4057142857142,358,2010-12-13 09:49:00,2011-12-06 13:29:00,United Kingdom,0,6339.875945205478,Potential Customers
13226,274,1,108.21,108.21,0,2011-03-11 14:35:00,2011-03-11 14:35:00,United Kingdom,1,0.0,At Risk Customers
13227,202,1,257.7,257.7,0,2011-05-22 11:47:00,2011-05-22 11:47:00,United Kingdom,1,0.0,At Risk Customers
13228,82,1,358.0,358.0,0,2011-09-19 14:28:00,2011-09-19 14:28:00,United Kingdom,0,0.0,Potential Customers
13229,226,1,160.95,160.95,0,2011-04-28 12:07:00,2011-04-28 12:07:00,United Kingdom,1,0.0,At Risk Customers
13230,5,14,2755.63,196.8307142857143,361,2010-12-09 19:28:00,2011-12-05 16:03:00,United Kingdom,0,2725.4313150684934,Potential Customers
13232,13,7,1328.35,189.76428571428568,231,2011-04-10 13:48:00,2011-11-27 10:39:00,United Kingdom,0,840.6817808219175,Potential Customers
13233,75,2,605.12,302.56,262,2011-01-07 14:49:00,2011-09-26 13:25:00,United Kingdom,0,434.36010958904114,Potential Customers
13235,213,1,1031.07,1031.07,0,2011-05-11 17:13:00,2011-05-11 17:13:00,United Kingdom,1,0.0,At Risk Customers
13236,25,2,744.85,372.425,82,2011-08-25 08:58:00,2011-11-15 12:50:00,United Kingdom,0,167.33616438356165,Potential Customers
13238,18,4,700.73,175.1825,343,2010-12-14 14:37:00,2011-11-22 15:37:00,United Kingdom,0,658.4942191780822,Potential Customers
13239,262,1,329.56,329.56,0,2011-03-23 10:25:00,2011-03-23 10:25:00,United Kingdom,1,0.0,At Risk Customers
13240,97,4,663.65,165.9125,269,2010-12-09 12:49:00,2011-09-04 14:08:00,United Kingdom,0,489.1009589041096,Potential Customers
13242,113,3,270.4,90.13333333333331,101,2011-05-10 12:26:00,2011-08-19 12:53:00,United Kingdom,0,74.8230136986301,Potential Customers
13243,204,1,585.12,585.12,0,2011-05-20 13:14:00,2011-05-20 13:14:00,United Kingdom,1,0.0,At Risk Customers
13244,93,1,121.74,121.74,0,2011-09-08 11:46:00,2011-09-08 11:46:00,United Kingdom,0,0.0,Potential Customers
13245,51,1,430.5,430.5,0,2011-10-20 11:40:00,2011-10-20 11:40:00,United Kingdom,0,0.0,Potential Customers
13246,19,6,1961.52,326.92,312,2011-01-13 13:36:00,2011-11-21 16:50:00,United Kingdom,0,1676.6965479452056,Potential Customers
13247,18,4,501.12,125.28,65,2011-09-18 11:31:00,2011-11-22 10:59:00,United Kingdom,0,89.24054794520548,Potential Customers
13248,125,2,465.68,232.84,65,2011-06-03 13:05:00,2011-08-07 12:40:00,United Kingdom,0,82.92931506849315,Potential Customers
13249,93,3,711.41,237.13666666666663,169,2011-03-23 15:26:00,2011-09-08 13:26:00,United Kingdom,0,329.39257534246565,Potential Customers
13253,157,2,1030.4,515.2,183,2011-01-04 15:43:00,2011-07-06 10:09:00,United Kingdom,1,516.6115068493152,At Risk Customers
13255,10,2,399.51,199.755,364,2010-12-01 11:58:00,2011-11-30 13:14:00,United Kingdom,0,398.4154520547945,Potential Customers
13258,12,3,672.83,224.27666666666664,194,2011-05-18 13:11:00,2011-11-28 09:31:00,United Kingdom,0,357.61375342465755,Potential Customers
13259,62,1,283.18,283.18,0,2011-10-09 10:48:00,2011-10-09 10:48:00,United Kingdom,0,0.0,Potential Customers
13260,62,1,557.62,557.62,0,2011-10-09 13:21:00,2011-10-09 13:21:00,United Kingdom,0,0.0,Potential Customers
13261,269,2,944.1,472.05,17,2011-02-27 10:41:00,2011-03-16 12:22:00,United Kingdom,1,43.97178082191781,At Risk Customers
13262,264,1,200.29,200.29,0,2011-03-21 15:06:00,2011-03-21 15:06:00,United Kingdom,1,0.0,At Risk Customers
13263,2,35,7436.93,212.48371428571429,324,2011-01-18 16:31:00,2011-12-08 13:59:00,United Kingdom,3,6601.548821917809,Loyal Customers
13265,54,5,2092.66,418.532,220,2011-03-11 09:54:00,2011-10-17 15:02:00,United Kingdom,0,1261.329315068493,Potential Customers
13266,12,12,3834.26,319.52166666666665,245,2011-03-28 10:14:00,2011-11-28 14:39:00,United Kingdom,0,2573.6813698630135,Potential Customers
13267,3,19,4521.49,237.97315789473683,364,2010-12-08 09:20:00,2011-12-07 11:12:00,United Kingdom,3,4509.102356164383,Loyal Customers
13268,18,11,3174.75,288.6136363636364,250,2011-03-17 13:20:00,2011-11-22 11:51:00,United Kingdom,0,2174.4863013698628,Potential Customers
13269,2,15,5343.28,356.21866666666665,368,2010-12-05 11:51:00,2011-12-08 14:53:00,United Kingdom,3,5387.197369863014,Loyal Customers
13270,367,1,590.0,590.0,0,2010-12-08 14:53:00,2010-12-08 14:53:00,United Kingdom,1,0.0,At Risk Customers
13271,38,1,211.49,211.49,0,2011-11-02 14:31:00,2011-11-02 14:31:00,United Kingdom,0,0.0,Potential Customers
13272,32,2,276.56,138.28,58,2011-09-11 12:06:00,2011-11-08 14:00:00,United Kingdom,0,43.94652054794521,Potential Customers
13273,114,1,138.98,138.98,0,2011-08-18 14:02:00,2011-08-18 14:02:00,United Kingdom,0,0.0,Potential Customers
13276,64,2,590.93,295.465,36,2011-09-01 10:03:00,2011-10-07 12:44:00,United Kingdom,0,58.28350684931506,Potential Customers
13277,16,4,258.4,64.6,118,2011-07-29 10:06:00,2011-11-24 09:21:00,United Kingdom,0,83.53753424657533,Potential Customers
13278,41,1,542.73,542.73,0,2011-10-30 11:49:00,2011-10-30 11:49:00,United Kingdom,0,0.0,Potential Customers
13279,79,1,137.75,137.75,0,2011-09-22 17:24:00,2011-09-22 17:24:00,United Kingdom,0,0.0,Potential Customers
13280,123,3,798.46,266.1533333333333,215,2011-01-06 17:10:00,2011-08-09 13:14:00,United Kingdom,0,470.32575342465753,Potential Customers
13282,19,3,1132.14,377.38,202,2011-05-03 12:03:00,2011-11-21 15:33:00,United Kingdom,0,626.5541917808218,Potential Customers
13283,60,2,93.66,46.83,126,2011-06-07 12:39:00,2011-10-11 09:50:00,United Kingdom,0,32.33194520547946,Potential Customers
13284,331,1,201.19,201.19,0,2011-01-13 09:23:00,2011-01-13 09:23:00,United Kingdom,1,0.0,At Risk Customers
13285,24,4,2709.12,677.28,267,2011-02-22 17:13:00,2011-11-16 13:19:00,United Kingdom,0,1981.7398356164383,Potential Customers
13291,156,1,361.11,361.11,0,2011-07-07 10:36:00,2011-07-07 10:36:00,United Kingdom,1,0.0,At Risk Customers
13292,39,2,578.94,289.47,246,2011-02-28 15:00:00,2011-11-01 10:04:00,United Kingdom,0,390.189698630137,Potential Customers
13294,190,2,873.74,436.87,60,2011-04-04 12:37:00,2011-06-03 08:54:00,United Kingdom,1,143.62849315068493,At Risk Customers
13295,360,1,201.2,201.2,0,2010-12-15 11:21:00,2010-12-15 11:21:00,United Kingdom,1,0.0,At Risk Customers
13296,138,1,87.4,87.4,0,2011-07-25 13:46:00,2011-07-25 13:46:00,United Kingdom,0,0.0,Potential Customers
13297,8,4,2089.85,522.4625,60,2011-10-03 15:08:00,2011-12-02 09:32:00,United Kingdom,0,343.53698630136984,Potential Customers
13298,2,1,360.0,360.0,0,2011-12-08 13:11:00,2011-12-08 13:11:00,United Kingdom,0,0.0,Potential Customers
13299,269,1,142.5,142.5,0,2011-03-16 12:55:00,2011-03-16 12:55:00,United Kingdom,1,0.0,At Risk Customers
13300,170,1,371.89,371.89,0,2011-06-23 13:09:00,2011-06-23 13:09:00,United Kingdom,1,0.0,At Risk Customers
13301,104,4,618.09,154.5225,189,2011-02-20 13:13:00,2011-08-28 11:25:00,United Kingdom,0,320.0520821917808,Potential Customers
13302,156,1,63.75,63.75,0,2011-07-07 17:56:00,2011-07-07 17:56:00,United Kingdom,1,0.0,At Risk Customers
13304,352,1,300.42,300.42,0,2010-12-23 14:35:00,2010-12-23 14:35:00,United Kingdom,1,0.0,At Risk Customers
13305,5,10,2000.86,200.086,368,2010-12-02 12:10:00,2011-12-05 15:15:00,United Kingdom,0,2017.3054246575346,Potential Customers
13307,121,1,15.0,15.0,0,2011-08-11 17:14:00,2011-08-11 17:14:00,United Kingdom,0,0.0,Potential Customers
13308,23,3,1385.51,461.83666666666664,181,2011-05-20 13:13:00,2011-11-17 09:31:00,United Kingdom,0,687.0611232876713,Potential Customers
13309,8,5,1456.79,291.358,301,2011-02-04 12:29:00,2011-12-02 16:34:00,United Kingdom,0,1201.3528493150686,Potential Customers
13310,29,3,1132.03,377.3433333333333,296,2011-01-19 14:50:00,2011-11-11 17:23:00,United Kingdom,0,918.0298082191781,Potential Customers
13311,5,2,598.57,299.285,146,2011-07-12 14:26:00,2011-12-05 12:55:00,United Kingdom,0,239.42800000000003,Potential Customers
13313,23,5,1555.32,311.064,317,2011-01-04 10:00:00,2011-11-17 16:48:00,United Kingdom,0,1350.7847671232878,Potential Customers
13314,2,3,775.94,258.64666666666665,72,2011-09-27 10:20:00,2011-12-08 12:29:00,United Kingdom,0,153.06213698630134,Potential Customers
13316,38,4,5732.93,1433.2325,217,2011-03-30 13:01:00,2011-11-02 13:40:00,United Kingdom,0,3408.344684931507,Potential Customers
13317,67,6,2273.68,378.94666666666666,292,2010-12-16 09:22:00,2011-10-04 13:35:00,United Kingdom,0,1818.944,Potential Customers
13318,2,3,640.76,213.58666666666664,36,2011-11-02 13:26:00,2011-12-08 18:51:00,United Kingdom,0,63.198246575342466,Potential Customers
13319,6,26,10845.55,417.13653846153846,360,2010-12-09 10:04:00,2011-12-04 13:34:00,United Kingdom,3,10696.980821917807,Loyal Customers
13320,79,4,1532.2,383.05,135,2011-05-10 10:29:00,2011-09-22 18:07:00,United Kingdom,0,566.7041095890411,Potential Customers
13321,73,2,567.36,283.68,14,2011-09-14 15:18:00,2011-09-28 15:24:00,United Kingdom,0,21.761753424657535,Potential Customers
13322,18,1,199.48,199.48,0,2011-11-22 14:21:00,2011-11-22 14:21:00,United Kingdom,0,0.0,Potential Customers
13323,4,5,787.85,157.57,81,2011-09-16 13:23:00,2011-12-06 17:12:00,United Kingdom,0,174.83794520547943,Potential Customers
13324,37,10,7121.95,712.195,324,2010-12-14 09:50:00,2011-11-03 16:28:00,United Kingdom,0,6321.950136986302,Potential Customers
13325,82,1,675.3,675.3,0,2011-09-19 10:36:00,2011-09-19 10:36:00,United Kingdom,0,0.0,Potential Customers
13327,39,8,3627.77,453.47125,327,2010-12-09 15:32:00,2011-11-01 10:21:00,United Kingdom,0,3250.0843561643833,Potential Customers
13328,317,1,1308.48,1308.48,0,2011-01-27 15:22:00,2011-01-27 15:22:00,United Kingdom,1,0.0,At Risk Customers
13329,32,2,789.0,394.5,335,2010-12-08 10:11:00,2011-11-08 10:29:00,United Kingdom,0,724.1506849315068,Potential Customers
13330,93,3,1140.93,380.31,223,2011-01-28 10:08:00,2011-09-08 12:27:00,United Kingdom,0,697.0613424657536,Potential Customers
13332,15,1,350.9,350.9,0,2011-11-25 13:30:00,2011-11-25 13:30:00,United Kingdom,0,0.0,Potential Customers
13334,83,3,3502.32,1167.44,223,2011-02-07 11:42:00,2011-09-18 15:21:00,United Kingdom,0,2139.7735890410963,Potential Customers
13336,78,1,795.12,795.12,0,2011-09-23 14:05:00,2011-09-23 14:05:00,United Kingdom,0,0.0,Potential Customers
13338,158,1,487.02,487.02,0,2011-07-05 09:06:00,2011-07-05 09:06:00,United Kingdom,1,0.0,At Risk Customers
13339,201,1,860.12,860.12,0,2011-05-23 08:31:00,2011-05-23 08:31:00,United Kingdom,1,0.0,At Risk Customers
13340,46,7,10736.48,1533.7828571428572,231,2011-03-08 11:39:00,2011-10-25 13:15:00,United Kingdom,0,6794.868164383561,Potential Customers
13341,261,1,775.85,775.85,0,2011-03-24 09:50:00,2011-03-24 09:50:00,United Kingdom,1,0.0,At Risk Customers
13343,178,1,353.43,353.43,0,2011-06-15 12:24:00,2011-06-15 12:24:00,United Kingdom,1,0.0,At Risk Customers
13344,68,3,2511.69,837.23,210,2011-03-07 10:28:00,2011-10-03 09:45:00,United Kingdom,0,1445.081917808219,Potential Customers
13345,288,1,389.5,389.5,0,2011-02-25 09:01:00,2011-02-25 09:01:00,United Kingdom,1,0.0,At Risk Customers
13347,71,1,341.36,341.36,0,2011-09-30 13:28:00,2011-09-30 13:28:00,United Kingdom,0,0.0,Potential Customers
13348,65,1,233.76,233.76,0,2011-10-06 17:28:00,2011-10-06 17:28:00,United Kingdom,0,0.0,Potential Customers
13349,11,1,247.32,247.32,0,2011-11-29 08:07:00,2011-11-29 08:07:00,United Kingdom,0,0.0,Potential Customers
13350,17,2,979.12,489.56,63,2011-09-21 13:33:00,2011-11-23 16:33:00,United Kingdom,0,168.99879452054796,Potential Customers
13351,67,1,373.94,373.94,0,2011-10-04 12:55:00,2011-10-04 12:55:00,United Kingdom,0,0.0,Potential Customers
13352,61,1,397.98,397.98,0,2011-10-10 13:55:00,2011-10-10 13:55:00,United Kingdom,0,0.0,Potential Customers
13354,72,1,743.53,743.53,0,2011-09-29 13:17:00,2011-09-29 13:17:00,United Kingdom,0,0.0,Potential Customers
13355,123,1,674.7,674.7,0,2011-08-09 14:48:00,2011-08-09 14:48:00,United Kingdom,0,0.0,Potential Customers
13356,81,1,768.24,768.24,0,2011-09-20 14:33:00,2011-09-20 14:33:00,United Kingdom,0,0.0,Potential Customers
13357,258,1,609.4,609.4,0,2011-03-27 13:56:00,2011-03-27 13:56:00,United Kingdom,1,0.0,At Risk Customers
13358,269,1,439.03,439.03,0,2011-03-16 11:52:00,2011-03-16 11:52:00,United Kingdom,1,0.0,At Risk Customers
13359,64,1,439.56,439.56,0,2011-10-07 09:30:00,2011-10-07 09:30:00,United Kingdom,0,0.0,Potential Customers
13362,10,4,3090.74,772.685,278,2011-02-25 11:33:00,2011-11-30 14:41:00,United Kingdom,0,2354.0430684931503,Potential Customers
13363,18,2,992.5,496.25,26,2011-10-27 10:46:00,2011-11-22 12:40:00,United Kingdom,0,70.6986301369863,Potential Customers
13364,72,1,134.96,134.96,0,2011-09-29 18:13:00,2011-09-29 18:13:00,United Kingdom,0,0.0,Potential Customers
13365,34,2,2225.37,1112.685,184,2011-05-06 12:00:00,2011-11-06 12:36:00,United Kingdom,0,1121.8303561643836,Potential Customers
13366,51,1,56.16,56.16,0,2011-10-20 13:37:00,2011-10-20 13:37:00,United Kingdom,0,0.0,Potential Customers
13368,257,2,623.4,311.7,81,2011-01-06 12:32:00,2011-03-28 09:59:00,United Kingdom,1,138.3435616438356,At Risk Customers
13369,366,1,308.28,308.28,0,2010-12-09 11:30:00,2010-12-09 11:30:00,United Kingdom,1,0.0,At Risk Customers
13370,372,1,754.87,754.87,0,2010-12-03 10:26:00,2010-12-03 10:26:00,United Kingdom,1,0.0,At Risk Customers
13372,90,1,378.64,378.64,0,2011-09-11 12:46:00,2011-09-11 12:46:00,United Kingdom,0,0.0,Potential Customers
13373,61,3,3312.25,1104.0833333333333,216,2011-03-08 14:35:00,2011-10-10 10:51:00,United Kingdom,0,1960.1260273972603,Potential Customers
13375,89,1,778.65,778.65,0,2011-09-12 10:19:00,2011-09-12 10:19:00,United Kingdom,0,0.0,Potential Customers
13376,100,3,1019.76,339.92,135,2011-04-19 13:03:00,2011-09-01 16:16:00,United Kingdom,0,377.17150684931505,Potential Customers
13379,27,3,572.56,190.85333333333332,110,2011-07-26 12:26:00,2011-11-13 13:45:00,United Kingdom,0,172.55232876712327,Potential Customers
13381,32,6,3639.31,606.5516666666666,267,2011-02-14 10:10:00,2011-11-08 11:58:00,United Kingdom,0,2662.1801917808216,Potential Customers
13382,281,1,222.99,222.99,0,2011-03-04 10:03:00,2011-03-04 10:03:00,United Kingdom,1,0.0,At Risk Customers
13384,31,7,4151.93,593.1328571428571,148,2011-06-14 12:47:00,2011-11-09 11:04:00,United Kingdom,0,1683.522301369863,Potential Customers
13385,330,1,534.57,534.57,0,2011-01-14 09:52:00,2011-01-14 09:52:00,United Kingdom,1,0.0,At Risk Customers
13388,132,2,677.1,338.55,0,2011-07-31 12:52:00,2011-07-31 12:52:00,United Kingdom,0,0.0,Potential Customers
13389,12,3,797.96,265.9866666666666,221,2011-04-21 12:12:00,2011-11-28 14:01:00,United Kingdom,0,483.1483835616437,Potential Customers
13390,75,1,544.08,544.08,0,2011-09-26 08:38:00,2011-09-26 08:38:00,United Kingdom,0,0.0,Potential Customers
13391,204,1,59.8,59.8,0,2011-05-20 10:50:00,2011-05-20 10:50:00,United Kingdom,1,0.0,At Risk Customers
13394,2,8,2520.02,315.0025,308,2011-02-03 10:39:00,2011-12-08 11:36:00,United Kingdom,0,2126.4826301369862,Potential Customers
13395,186,1,307.72,307.72,0,2011-06-07 15:04:00,2011-06-07 15:04:00,United Kingdom,1,0.0,At Risk Customers
13396,30,2,1360.99,680.495,290,2011-01-24 13:37:00,2011-11-10 16:59:00,United Kingdom,0,1081.3345205479452,Potential Customers
13397,73,5,1544.13,308.826,267,2011-01-04 13:50:00,2011-09-28 10:56:00,United Kingdom,0,1129.5416712328768,Potential Customers
13398,193,1,457.34,457.34,0,2011-05-31 13:17:00,2011-05-31 13:17:00,United Kingdom,1,0.0,At Risk Customers
13402,128,2,621.23,310.615,245,2010-12-02 17:12:00,2011-08-04 15:51:00,United Kingdom,0,416.99,Potential Customers
13403,18,1,75.0,75.0,0,2011-11-22 08:28:00,2011-11-22 08:28:00,United Kingdom,0,0.0,Potential Customers
13404,2,2,252.49,126.245,211,2011-05-11 11:57:00,2011-12-08 15:37:00,United Kingdom,0,145.95997260273973,Potential Customers
13405,75,3,572.45,190.81666666666663,243,2011-01-26 09:27:00,2011-09-26 17:01:00,United Kingdom,0,381.11054794520544,Potential Customers
13408,2,62,28117.04,453.5006451612903,372,2010-12-01 10:39:00,2011-12-08 09:05:00,United Kingdom,3,28656.27090410959,Loyal Customers
13410,25,5,1003.06,200.612,267,2011-02-21 14:38:00,2011-11-15 15:33:00,United Kingdom,0,733.7452602739726,Potential Customers
13411,108,1,213.55,213.55,0,2011-08-24 13:57:00,2011-08-24 13:57:00,United Kingdom,0,0.0,Potential Customers
13414,134,3,1390.5,463.5,163,2011-02-16 12:13:00,2011-07-29 11:45:00,United Kingdom,0,620.9630136986301,Potential Customers
13416,44,2,712.5,356.25,38,2011-09-19 14:43:00,2011-10-27 08:56:00,United Kingdom,0,74.17808219178082,Potential Customers
13417,5,2,640.83,320.415,201,2011-05-18 16:26:00,2011-12-05 08:49:00,United Kingdom,0,352.89542465753425,Potential Customers
13418,12,18,6127.43,340.41277777777776,361,2010-12-02 10:45:00,2011-11-28 10:23:00,United Kingdom,3,6060.280082191781,Loyal Customers
13419,64,1,221.06,221.06,0,2011-10-07 12:49:00,2011-10-07 12:49:00,United Kingdom,0,0.0,Potential Customers
13420,150,2,159.85,79.925,21,2011-06-22 11:35:00,2011-07-13 08:48:00,United Kingdom,1,9.196849315068492,At Risk Customers
13421,41,2,1833.71,916.855,250,2011-02-22 15:46:00,2011-10-30 14:21:00,United Kingdom,0,1255.9657534246576,Potential Customers
13422,65,1,2626.3,2626.3,0,2011-10-06 13:42:00,2011-10-06 13:42:00,United Kingdom,0,0.0,Potential Customers
13425,109,3,1624.21,541.4033333333333,186,2011-02-18 08:34:00,2011-08-23 17:13:00,United Kingdom,0,827.6796164383562,Potential Customers
13426,1,10,3641.32,364.132,359,2010-12-15 12:43:00,2011-12-09 08:59:00,United Kingdom,0,3581.462684931507,Potential Customers
13427,20,3,582.6,194.2,196,2011-05-08 15:58:00,2011-11-20 13:02:00,United Kingdom,0,312.84821917808216,Potential Customers
13428,11,1,201.78,201.78,0,2011-11-29 14:20:00,2011-11-29 14:20:00,United Kingdom,0,0.0,Potential Customers
13429,11,4,1006.8,251.7,65,2011-09-25 15:59:00,2011-11-29 09:10:00,United Kingdom,0,179.29315068493148,Potential Customers
13430,19,2,679.45,339.725,68,2011-09-14 14:26:00,2011-11-21 08:19:00,United Kingdom,0,126.58246575342467,Potential Customers
13431,68,2,1269.1,634.55,21,2011-09-12 11:25:00,2011-10-03 13:49:00,United Kingdom,0,73.01671232876711,Potential Customers
13434,75,2,534.24,267.12,22,2011-09-04 10:35:00,2011-09-26 14:30:00,United Kingdom,0,32.200767123287676,Potential Customers
13435,6,7,3809.89,544.27,184,2011-06-03 17:07:00,2011-12-04 14:45:00,United Kingdom,0,1920.602082191781,Potential Customers
13436,2,1,196.89,196.89,0,2011-12-08 10:33:00,2011-12-08 10:33:00,United Kingdom,0,0.0,Potential Customers
13437,15,7,3408.06,486.8657142857143,176,2011-06-02 14:30:00,2011-11-25 14:00:00,United Kingdom,0,1643.3385205479456,Potential Customers
13439,256,1,283.71,283.71,0,2011-03-29 14:20:00,2011-03-29 14:20:00,United Kingdom,1,0.0,At Risk Customers
13441,92,1,296.64,296.64,0,2011-09-09 09:38:00,2011-09-09 09:38:00,United Kingdom,0,0.0,Potential Customers
13447,24,3,1129.14,376.38,12,2011-11-04 10:10:00,2011-11-16 13:38:00,United Kingdom,0,37.122410958904105,Potential Customers
13448,17,6,3534.69,589.115,357,2010-12-01 10:52:00,2011-11-23 12:33:00,United Kingdom,0,3457.2173424657535,Potential Customers
13449,24,1,291.88,291.88,0,2011-11-16 08:28:00,2011-11-16 08:28:00,United Kingdom,0,0.0,Potential Customers
13450,27,6,2043.72,340.62,192,2011-05-05 19:48:00,2011-11-13 11:54:00,United Kingdom,0,1075.052712328767,Potential Customers
13451,27,5,2898.26,579.652,308,2011-01-09 15:35:00,2011-11-13 15:58:00,United Kingdom,0,2445.6550136986302,Potential Customers
13452,260,2,590.0,295.0,11,2011-03-14 11:38:00,2011-03-25 14:19:00,United Kingdom,1,17.78082191780822,At Risk Customers
13453,166,2,356.98,178.49,124,2011-02-23 09:44:00,2011-06-27 09:34:00,United Kingdom,1,121.27539726027398,At Risk Customers
13455,25,2,1058.34,529.17,342,2010-12-08 13:11:00,2011-11-15 11:21:00,United Kingdom,0,991.6500821917808,Potential Customers
13456,18,6,1766.72,294.4533333333333,190,2011-05-16 15:34:00,2011-11-22 09:18:00,United Kingdom,0,919.6624657534245,Potential Customers
13458,8,14,9646.57,689.0407142857143,352,2010-12-15 12:05:00,2011-12-02 15:29:00,United Kingdom,3,9302.993534246576,Loyal Customers
13460,30,2,183.44,91.72,20,2011-10-21 09:50:00,2011-11-10 17:17:00,United Kingdom,0,10.051506849315068,Potential Customers
13461,39,3,1445.0,481.66666666666663,125,2011-06-29 10:23:00,2011-11-01 09:01:00,United Kingdom,0,494.8630136986301,Potential Customers
13462,253,1,151.5,151.5,0,2011-04-01 11:20:00,2011-04-01 11:20:00,United Kingdom,1,0.0,At Risk Customers
13464,59,1,674.68,674.68,0,2011-10-12 15:01:00,2011-10-12 15:01:00,United Kingdom,0,0.0,Potential Customers
13466,185,1,307.9,307.9,0,2011-06-08 16:39:00,2011-06-08 16:39:00,United Kingdom,1,0.0,At Risk Customers
13467,11,2,1071.91,535.955,26,2011-11-03 16:56:00,2011-11-29 10:01:00,United Kingdom,0,76.35523287671234,Potential Customers
13468,2,37,5704.97,154.18837837837836,372,2010-12-01 15:08:00,2011-12-08 10:39:00,United Kingdom,3,5814.380383561644,Loyal Customers
13470,100,2,165.0,82.5,16,2011-08-16 17:06:00,2011-09-01 14:57:00,United Kingdom,0,7.232876712328768,Potential Customers
13471,2,4,2501.84,625.46,46,2011-10-23 13:10:00,2011-12-08 15:44:00,United Kingdom,0,315.30038356164386,Potential Customers
13473,61,2,422.64,211.32,272,2011-01-11 08:45:00,2011-10-10 11:20:00,United Kingdom,0,314.95364383561645,Potential Customers
13474,237,1,226.84,226.84,0,2011-04-17 13:53:00,2011-04-17 13:53:00,United Kingdom,1,0.0,At Risk Customers
13475,192,4,1431.78,357.945,107,2011-02-14 12:36:00,2011-06-01 13:52:00,United Kingdom,1,419.7272876712329,At Risk Customers
13476,179,2,1238.47,619.235,103,2011-03-03 14:43:00,2011-06-14 12:00:00,United Kingdom,1,349.48605479452056,At Risk Customers
13477,38,6,1454.58,242.43,254,2011-02-21 12:29:00,2011-11-02 12:04:00,United Kingdom,0,1012.2282739726028,Potential Customers
13479,201,2,300.95,150.475,34,2011-04-19 11:27:00,2011-05-23 10:45:00,United Kingdom,1,28.033698630136985,At Risk Customers
13481,46,5,1804.56,360.912,211,2011-03-28 09:07:00,2011-10-25 09:07:00,United Kingdom,0,1043.184,Potential Customers
13482,233,1,184.64,184.64,0,2011-04-21 17:03:00,2011-04-21 17:03:00,United Kingdom,1,0.0,At Risk Customers
13483,66,1,140.34,140.34,0,2011-10-05 11:53:00,2011-10-05 11:53:00,United Kingdom,0,0.0,Potential Customers
13484,242,1,313.8,313.8,0,2011-04-12 16:30:00,2011-04-12 16:30:00,United Kingdom,1,0.0,At Risk Customers
13485,234,1,454.24,454.24,0,2011-04-20 13:58:00,2011-04-20 13:58:00,United Kingdom,1,0.0,At Risk Customers
13486,79,3,1122.41,374.13666666666666,77,2011-07-07 17:19:00,2011-09-22 13:13:00,United Kingdom,0,236.7823835616438,Potential Customers
13487,58,3,575.4,191.8,296,2010-12-21 14:54:00,2011-10-13 12:07:00,United Kingdom,0,466.6257534246576,Potential Customers
13488,18,13,8968.31,689.87,350,2010-12-07 13:01:00,2011-11-22 14:41:00,United Kingdom,3,8599.749315068491,Loyal Customers
13489,106,4,449.52,112.38,189,2011-02-18 10:42:00,2011-08-26 13:16:00,United Kingdom,0,232.76515068493148,Potential Customers
13491,52,10,1215.82,121.582,321,2010-12-02 14:30:00,2011-10-19 08:32:00,United Kingdom,0,1069.2553972602739,Potential Customers
13492,137,3,1269.84,423.28,78,2011-05-09 10:06:00,2011-07-26 14:25:00,Switzerland,0,271.3630684931507,Potential Customers
13493,276,2,618.63,309.315,12,2011-02-25 16:42:00,2011-03-09 15:35:00,Switzerland,1,20.338520547945205,At Risk Customers
13494,312,1,316.26,316.26,0,2011-02-01 11:58:00,2011-02-01 11:58:00,United Kingdom,1,0.0,At Risk Customers
13495,8,5,2044.87,408.974,361,2010-12-06 15:14:00,2011-12-02 11:21:00,United Kingdom,0,2022.4604657534246,Potential Customers
13496,11,2,653.33,326.665,349,2010-12-15 10:17:00,2011-11-29 10:58:00,United Kingdom,0,624.6908767123288,Potential Customers
13497,283,2,348.05,174.025,86,2010-12-06 11:37:00,2011-03-02 09:04:00,United Kingdom,1,82.00630136986302,At Risk Customers
13499,18,5,1159.11,231.822,252,2011-03-15 08:52:00,2011-11-22 11:21:00,United Kingdom,0,800.2622465753426,Potential Customers
13500,24,3,1166.77,388.9233333333333,99,2011-08-09 12:20:00,2011-11-16 15:35:00,United Kingdom,0,316.46638356164385,Potential Customers
13501,289,1,1340.32,1340.32,0,2011-02-24 18:59:00,2011-02-24 18:59:00,Switzerland,1,0.0,At Risk Customers
13502,17,3,292.0,97.33333333333331,307,2011-01-20 09:03:00,2011-11-23 10:39:00,United Kingdom,0,245.59999999999994,Potential Customers
13503,72,1,216.85,216.85,0,2011-09-29 13:23:00,2011-09-29 13:23:00,United Kingdom,0,0.0,Potential Customers
13504,65,1,295.93,295.93,0,2011-10-06 13:20:00,2011-10-06 13:20:00,United Kingdom,0,0.0,Potential Customers
13505,73,4,4393.63,1098.4075,160,2011-04-21 12:07:00,2011-09-28 11:56:00,Switzerland,0,1925.974794520548,Potential Customers
13506,317,2,458.52,229.26,53,2010-12-05 12:15:00,2011-01-27 13:53:00,United Kingdom,1,66.57961643835615,At Risk Customers
13507,4,4,2479.16,619.79,142,2011-07-17 11:50:00,2011-12-06 13:13:00,United Kingdom,0,964.4951232876712,Potential Customers
13508,244,1,110.97,110.97,0,2011-04-10 11:58:00,2011-04-10 11:58:00,United Kingdom,1,0.0,At Risk Customers
13509,9,7,979.72,139.96,276,2011-02-28 13:27:00,2011-12-01 10:10:00,United Kingdom,0,740.8293698630138,Potential Customers
13510,2,4,1791.56,447.89,182,2011-06-09 09:32:00,2011-12-08 13:46:00,United Kingdom,0,893.325808219178,Potential Customers
13512,261,1,251.21,251.21,0,2011-03-24 10:03:00,2011-03-24 10:03:00,United Kingdom,1,0.0,At Risk Customers
13513,127,1,205.1,205.1,0,2011-08-05 11:50:00,2011-08-05 11:50:00,United Kingdom,0,0.0,Potential Customers
13514,74,1,152.2,152.2,0,2011-09-27 09:39:00,2011-09-27 09:39:00,United Kingdom,0,0.0,Potential Customers
13515,73,4,891.12,222.78,175,2011-04-06 10:33:00,2011-09-28 11:26:00,United Kingdom,0,427.2493150684931,Potential Customers
13516,22,3,1389.41,463.13666666666666,217,2011-04-15 11:06:00,2011-11-18 13:15:00,United Kingdom,0,826.0327945205479,Potential Customers
13517,60,3,2128.42,709.4733333333332,120,2011-06-13 08:44:00,2011-10-11 11:43:00,United Kingdom,0,699.754520547945,Potential Customers
13518,86,1,627.16,627.16,0,2011-09-15 10:29:00,2011-09-15 10:29:00,United Kingdom,0,0.0,Potential Customers
13519,79,1,122.75,122.75,0,2011-09-22 18:24:00,2011-09-22 18:24:00,United Kingdom,0,0.0,Potential Customers
13520,59,6,3624.35,604.0583333333333,313,2010-12-03 10:36:00,2011-10-12 10:20:00,Switzerland,0,3108.004246575342,Potential Customers
13521,2,3,1071.73,357.24333333333334,9,2011-11-29 15:09:00,2011-12-08 13:50:00,United Kingdom,0,26.426219178082192,Potential Customers
13522,31,1,125.8,125.8,0,2011-11-09 15:11:00,2011-11-09 15:11:00,United Kingdom,0,0.0,Potential Customers
13523,34,5,3964.88,792.976,333,2010-12-08 14:22:00,2011-11-06 15:11:00,United Kingdom,0,3617.274082191781,Potential Customers
13524,41,5,680.18,136.036,179,2011-05-04 12:26:00,2011-10-30 12:34:00,United Kingdom,0,333.56772602739727,Potential Customers
13525,15,2,628.78,314.39,234,2011-04-05 15:36:00,2011-11-25 12:01:00,United Kingdom,0,403.1082739726027,Potential Customers
13527,34,7,2242.36,320.33714285714285,293,2011-01-17 11:17:00,2011-11-06 12:04:00,United Kingdom,0,1800.0314520547947,Potential Customers
13529,79,2,307.76,153.88,126,2011-05-19 11:50:00,2011-09-22 09:15:00,United Kingdom,0,106.24043835616439,Potential Customers
13531,206,2,483.8,241.9,161,2010-12-08 15:03:00,2011-05-18 16:56:00,United Kingdom,1,213.40219178082194,At Risk Customers
13532,34,1,210.31,210.31,0,2011-11-06 12:25:00,2011-11-06 12:25:00,United Kingdom,0,0.0,Potential Customers
13533,183,3,269.09,89.69666666666666,85,2011-03-17 12:47:00,2011-06-10 11:54:00,United Kingdom,1,62.664794520547936,At Risk Customers
13534,3,25,5870.08,234.8032,356,2010-12-16 15:23:00,2011-12-07 14:52:00,United Kingdom,3,5725.338301369863,Loyal Customers
13536,2,7,3444.39,492.0557142857143,74,2011-09-25 13:30:00,2011-12-08 16:38:00,United Kingdom,0,698.3146849315069,Potential Customers
13538,44,7,1280.85,182.97857142857143,272,2011-01-28 10:40:00,2011-10-27 16:34:00,United Kingdom,0,954.4964383561644,Potential Customers
13539,86,3,631.34,210.44666666666663,224,2011-02-03 15:23:00,2011-09-15 10:18:00,United Kingdom,0,387.4524931506849,Potential Customers
13544,40,2,276.06,138.03,201,2011-04-13 12:09:00,2011-10-31 11:57:00,United Kingdom,0,152.0220821917808,Potential Customers
13546,13,3,621.09,207.03,188,2011-05-23 12:14:00,2011-11-27 14:50:00,United Kingdom,0,319.9038904109589,Potential Customers
13548,97,2,678.16,339.08,147,2011-04-10 11:35:00,2011-09-04 14:50:00,United Kingdom,0,273.12197260273973,Potential Customers
13549,26,7,918.2,131.17142857142855,217,2011-04-11 13:42:00,2011-11-14 09:20:00,United Kingdom,0,545.8887671232876,Potential Customers
13551,320,1,91.8,91.8,0,2011-01-24 14:46:00,2011-01-24 14:46:00,United Kingdom,1,0.0,At Risk Customers
13552,67,12,3740.07,311.6725,249,2011-01-28 10:10:00,2011-10-04 15:19:00,United Kingdom,0,2551.44501369863,Potential Customers
13555,74,4,4098.88,1024.72,128,2011-05-22 11:06:00,2011-09-27 12:36:00,United Kingdom,0,1437.4154520547945,Potential Customers
13557,29,2,584.06,292.03,252,2011-03-04 12:14:00,2011-11-11 15:24:00,United Kingdom,0,403.24142465753425,Potential Customers
13558,6,4,594.52,148.63,63,2011-10-02 13:01:00,2011-12-04 11:24:00,United Kingdom,0,102.61578082191781,Potential Customers
13560,8,1,171.42,171.42,0,2011-12-02 13:11:00,2011-12-02 13:11:00,United Kingdom,0,0.0,Potential Customers
13561,216,1,141.86,141.86,0,2011-05-08 12:39:00,2011-05-08 12:39:00,United Kingdom,1,0.0,At Risk Customers
13562,82,3,1799.33,599.7766666666666,164,2011-04-08 12:42:00,2011-09-19 10:51:00,United Kingdom,0,808.4660821917807,Potential Customers
13563,85,2,777.53,388.765,56,2011-07-22 17:21:00,2011-09-16 14:45:00,United Kingdom,0,119.29227397260274,Potential Customers
13564,145,3,1724.67,574.89,224,2010-12-06 17:26:00,2011-07-18 14:33:00,United Kingdom,0,1058.4276164383562,Potential Customers
13565,20,2,240.22,120.11,315,2011-01-09 14:28:00,2011-11-20 14:33:00,United Kingdom,0,207.31315068493151,Potential Customers
13566,41,2,856.84,428.42,42,2011-09-18 12:40:00,2011-10-30 11:59:00,United Kingdom,0,98.59528767123288,Potential Customers
13568,174,1,187.05,187.05,0,2011-06-19 14:42:00,2011-06-19 14:42:00,United Kingdom,1,0.0,At Risk Customers
13569,18,2,338.62,169.31,350,2010-12-07 12:29:00,2011-11-22 13:07:00,United Kingdom,0,324.7041095890411,Potential Customers
13570,244,1,239.49,239.49,0,2011-04-10 13:36:00,2011-04-10 13:36:00,United Kingdom,1,0.0,At Risk Customers
13571,13,12,2088.94,174.07833333333332,241,2011-03-31 12:43:00,2011-11-27 10:47:00,United Kingdom,0,1379.2727123287668,Potential Customers
13572,206,1,1384.25,1384.25,0,2011-05-18 11:59:00,2011-05-18 11:59:00,United Kingdom,1,0.0,At Risk Customers
13573,51,2,290.25,145.125,203,2011-03-31 14:47:00,2011-10-20 14:33:00,United Kingdom,0,161.42671232876714,Potential Customers
13575,24,5,732.07,146.414,153,2011-06-16 14:24:00,2011-11-16 13:14:00,United Kingdom,0,306.86769863013694,Potential Customers
13576,11,18,6717.34,373.1855555555556,363,2010-12-01 17:24:00,2011-11-29 15:34:00,United Kingdom,3,6680.532657534248,Loyal Customers
13577,26,4,1687.6,421.9,216,2011-04-12 10:33:00,2011-11-14 15:19:00,United Kingdom,0,998.6893150684931,Potential Customers
13579,15,2,467.04,233.52,355,2010-12-05 16:10:00,2011-11-25 08:41:00,United Kingdom,0,454.2443835616439,Potential Customers
13581,310,1,118.0,118.0,0,2011-02-03 14:41:00,2011-02-03 14:41:00,United Kingdom,1,0.0,At Risk Customers
13583,156,1,781.03,781.03,0,2011-07-07 10:40:00,2011-07-07 10:40:00,United Kingdom,1,0.0,At Risk Customers
13584,307,1,142.4,142.4,0,2011-02-06 12:49:00,2011-02-06 12:49:00,United Kingdom,1,0.0,At Risk Customers
13587,64,1,712.4,712.4,0,2011-10-07 12:31:00,2011-10-07 12:31:00,United Kingdom,0,0.0,Potential Customers
13588,16,9,2478.95,275.43888888888887,240,2011-03-29 15:53:00,2011-11-24 10:42:00,United Kingdom,0,1629.994520547945,Potential Customers
13589,15,2,379.65,189.825,165,2011-06-13 12:44:00,2011-11-25 12:10:00,United Kingdom,0,171.622602739726,Potential Customers
13590,12,6,1981.92,330.32,292,2011-02-09 13:25:00,2011-11-28 12:54:00,United Kingdom,0,1585.536,Potential Customers
13591,65,3,1117.13,372.37666666666667,202,2011-03-18 12:18:00,2011-10-06 12:26:00,United Kingdom,0,618.2472876712329,Potential Customers
13592,36,4,247.96,61.99,229,2011-03-20 14:01:00,2011-11-04 09:49:00,United Kingdom,0,155.56942465753426,Potential Customers
13593,109,5,2011.88,402.376,228,2011-01-07 16:32:00,2011-08-23 13:35:00,United Kingdom,0,1256.7359999999999,Potential Customers
13594,53,1,396.97,396.97,0,2011-10-18 10:19:00,2011-10-18 10:19:00,United Kingdom,0,0.0,Potential Customers
13596,6,2,664.11,332.055,7,2011-11-27 11:57:00,2011-12-04 12:01:00,United Kingdom,0,12.736356164383563,Potential Customers
13598,48,1,160.04,160.04,0,2011-10-23 14:28:00,2011-10-23 14:28:00,United Kingdom,0,0.0,Potential Customers
13599,2,21,5149.92,245.23428571428568,365,2010-12-08 10:11:00,2011-12-08 16:10:00,United Kingdom,3,5149.919999999999,Loyal Customers
13600,313,1,219.52,219.52,0,2011-01-31 15:27:00,2011-01-31 15:27:00,United Kingdom,1,0.0,At Risk Customers
13601,46,2,693.32,346.66,166,2011-05-12 16:52:00,2011-10-25 17:31:00,United Kingdom,0,315.3181369863014,Potential Customers
13602,65,1,428.89,428.89,0,2011-10-06 11:47:00,2011-10-06 11:47:00,United Kingdom,0,0.0,Potential Customers
13603,27,1,164.34,164.34,0,2011-11-13 15:57:00,2011-11-13 15:57:00,United Kingdom,0,0.0,Potential Customers
13606,30,3,276.75,92.25,282,2011-02-01 11:42:00,2011-11-10 17:46:00,United Kingdom,0,213.8178082191781,Potential Customers
13607,41,1,675.51,675.51,0,2011-10-30 16:17:00,2011-10-30 16:17:00,United Kingdom,0,0.0,Potential Customers
13610,13,7,1082.33,154.6185714285714,273,2011-02-27 14:44:00,2011-11-27 15:38:00,United Kingdom,0,809.5235342465753,Potential Customers
13611,90,3,1154.4,384.8,270,2010-12-15 10:31:00,2011-09-11 14:51:00,United Kingdom,0,853.9397260273972,Potential Customers
13614,25,4,1585.46,396.365,306,2011-01-13 12:37:00,2011-11-15 14:47:00,United Kingdom,0,1329.1801643835618,Potential Customers
13615,319,1,417.69,417.69,0,2011-01-25 08:21:00,2011-01-25 08:21:00,United Kingdom,1,0.0,At Risk Customers
13617,41,3,544.18,181.39333333333332,140,2011-06-12 12:55:00,2011-10-30 13:50:00,United Kingdom,0,208.72657534246574,Potential Customers
13618,174,1,177.34,177.34,0,2011-06-19 11:09:00,2011-06-19 11:09:00,United Kingdom,1,0.0,At Risk Customers
13621,117,1,213.85,213.85,0,2011-08-15 08:26:00,2011-08-15 08:26:00,United Kingdom,0,0.0,Potential Customers
13623,31,5,727.74,145.548,267,2011-02-15 13:08:00,2011-11-09 12:00:00,United Kingdom,0,532.346794520548,Potential Customers
13626,253,1,257.23,257.23,0,2011-04-01 10:05:00,2011-04-01 10:05:00,United Kingdom,1,0.0,At Risk Customers
13627,60,5,1638.47,327.694,298,2010-12-17 09:52:00,2011-10-11 14:20:00,United Kingdom,0,1337.7097534246575,Potential Customers
13629,24,11,7792.36,708.3963636363636,315,2011-01-05 12:09:00,2011-11-16 13:21:00,United Kingdom,0,6724.913424657534,Potential Customers
13630,6,7,2031.78,290.2542857142857,280,2011-02-27 12:49:00,2011-12-04 15:16:00,United Kingdom,0,1558.6257534246572,Potential Customers
13631,100,11,3070.42,279.1290909090909,168,2011-03-17 17:13:00,2011-09-01 09:57:00,United Kingdom,0,1413.2344109589042,Potential Customers
13632,25,5,2118.93,423.786,219,2011-04-10 15:07:00,2011-11-15 10:51:00,United Kingdom,0,1271.358,Potential Customers
13634,34,5,1547.36,309.472,294,2011-01-16 15:30:00,2011-11-06 13:40:00,United Kingdom,0,1246.3666849315068,Potential Customers
13635,68,1,1071.03,1071.03,0,2011-10-03 10:55:00,2011-10-03 10:55:00,United Kingdom,0,0.0,Potential Customers
13636,37,5,949.12,189.824,249,2011-02-27 14:29:00,2011-11-03 10:30:00,United Kingdom,0,647.4818630136987,Potential Customers
13637,53,3,804.3,268.1,174,2011-04-27 13:06:00,2011-10-18 13:32:00,United Kingdom,0,383.4197260273973,Potential Customers
13638,16,1,122.64,122.64,0,2011-11-24 10:38:00,2011-11-24 10:38:00,United Kingdom,0,0.0,Potential Customers
13639,75,1,1033.34,1033.34,0,2011-09-26 13:36:00,2011-09-26 13:36:00,United Kingdom,0,0.0,Potential Customers
13642,216,1,312.28,312.28,0,2011-05-08 12:34:00,2011-05-08 12:34:00,United Kingdom,1,0.0,At Risk Customers
13643,32,3,519.44,173.14666666666665,154,2011-06-07 11:40:00,2011-11-08 15:37:00,United Kingdom,0,219.16098630136983,Potential Customers
13644,17,4,2624.26,656.065,89,2011-08-26 11:53:00,2011-11-23 14:07:00,United Kingdom,0,639.8880547945206,Potential Customers
13645,121,1,252.1,252.1,0,2011-08-11 16:11:00,2011-08-11 16:11:00,United Kingdom,0,0.0,Potential Customers
13647,10,4,1648.12,412.03,225,2011-04-19 09:49:00,2011-11-30 12:00:00,United Kingdom,0,1015.9643835616438,Potential Customers
13649,257,2,346.6,173.3,110,2010-12-08 14:46:00,2011-03-28 11:51:00,United Kingdom,1,104.45479452054795,At Risk Customers
13650,17,6,1836.34,306.0566666666666,251,2011-03-17 12:37:00,2011-11-23 12:22:00,United Kingdom,0,1262.7981917808215,Potential Customers
13651,36,2,94.2,47.1,4,2011-10-31 12:11:00,2011-11-04 14:59:00,United Kingdom,0,1.0323287671232877,Potential Customers
13652,46,3,1095.08,365.02666666666664,323,2010-12-06 09:21:00,2011-10-25 08:51:00,United Kingdom,0,969.0707945205479,Potential Customers
13654,44,6,2707.33,451.22166666666664,230,2011-03-11 12:54:00,2011-10-27 16:24:00,United Kingdom,0,1705.9887671232875,Potential Customers
13655,115,2,932.97,466.485,127,2011-04-12 09:53:00,2011-08-17 14:25:00,United Kingdom,0,324.6224383561644,Potential Customers
13656,165,2,379.65,189.825,173,2011-01-06 15:42:00,2011-06-28 10:31:00,United Kingdom,1,179.94369863013696,At Risk Customers
13657,11,2,382.14,191.07,191,2011-05-22 12:35:00,2011-11-29 12:32:00,United Kingdom,0,199.9691506849315,Potential Customers
13658,10,5,2639.17,527.834,195,2011-05-19 17:15:00,2011-11-30 10:13:00,United Kingdom,0,1409.9675342465753,Potential Customers
13659,206,2,1563.0,781.5,115,2011-01-23 12:08:00,2011-05-18 12:37:00,United Kingdom,1,492.4520547945205,At Risk Customers
13662,86,3,881.26,293.75333333333333,174,2011-03-25 13:23:00,2011-09-15 12:04:00,United Kingdom,0,420.10750684931503,Potential Customers
13663,180,1,189.47,189.47,0,2011-06-13 15:44:00,2011-06-13 15:44:00,United Kingdom,1,0.0,At Risk Customers
13666,61,3,84.65,28.216666666666665,227,2011-02-25 13:05:00,2011-10-10 15:39:00,United Kingdom,0,52.64534246575342,Potential Customers
13667,150,1,299.05,299.05,0,2011-07-13 15:42:00,2011-07-13 15:42:00,United Kingdom,1,0.0,At Risk Customers
13668,3,21,6309.83,300.46809523809526,360,2010-12-12 12:35:00,2011-12-07 12:11:00,United Kingdom,3,6223.39397260274,Loyal Customers
13669,51,2,218.55,109.275,99,2011-07-13 11:44:00,2011-10-20 09:32:00,United Kingdom,0,59.277945205479455,Potential Customers
13670,76,1,349.7,349.7,0,2011-09-25 15:25:00,2011-09-25 15:25:00,United Kingdom,0,0.0,Potential Customers
13672,302,2,186.39,93.195,31,2011-01-11 13:54:00,2011-02-11 13:53:00,United Kingdom,1,15.830383561643835,At Risk Customers
13673,19,2,387.44,193.72,14,2011-11-07 15:40:00,2011-11-21 12:11:00,United Kingdom,0,14.860712328767123,Potential Customers
13675,152,2,486.82,243.41,133,2011-02-28 12:14:00,2011-07-11 12:57:00,United Kingdom,1,177.38920547945204,At Risk Customers
13678,152,1,232.6,232.6,0,2011-07-11 10:14:00,2011-07-11 10:14:00,United Kingdom,1,0.0,At Risk Customers
13680,2,4,3719.12,929.78,338,2011-01-04 14:12:00,2011-12-08 13:47:00,United Kingdom,0,3444.00701369863,Potential Customers
13681,18,4,827.83,206.9575,138,2011-07-07 15:21:00,2011-11-22 11:13:00,United Kingdom,0,312.98778082191785,Potential Customers
13682,188,1,59.5,59.5,0,2011-06-05 14:06:00,2011-06-05 14:06:00,United Kingdom,1,0.0,At Risk Customers
13684,286,1,65.13,65.13,0,2011-02-27 10:13:00,2011-02-27 10:13:00,United Kingdom,1,0.0,At Risk Customers
13685,3,7,3119.44,445.6342857142857,58,2011-10-10 12:59:00,2011-12-07 11:41:00,United Kingdom,0,495.6918356164383,Potential Customers
13686,183,1,72.0,72.0,0,2011-06-10 09:10:00,2011-06-10 09:10:00,United Kingdom,1,0.0,At Risk Customers
13689,64,1,910.0,910.0,0,2011-10-07 13:21:00,2011-10-07 13:21:00,United Kingdom,0,0.0,Potential Customers
13690,60,1,172.25,172.25,0,2011-10-11 15:03:00,2011-10-11 15:03:00,United Kingdom,0,0.0,Potential Customers
13692,25,3,1488.32,496.1066666666666,212,2011-04-17 12:57:00,2011-11-15 11:17:00,United Kingdom,0,864.4488767123287,Potential Customers
13694,4,50,65039.62,1300.7924,370,2010-12-01 12:12:00,2011-12-06 09:32:00,United Kingdom,3,65930.57369863015,Loyal Customers
13695,32,15,2504.13,166.942,228,2011-03-25 11:31:00,2011-11-08 14:26:00,United Kingdom,0,1564.2236712328768,Potential Customers
13697,39,1,151.3,151.3,0,2011-11-01 09:14:00,2011-11-01 09:14:00,United Kingdom,0,0.0,Potential Customers
13699,156,1,308.58,308.58,0,2011-07-07 16:51:00,2011-07-07 16:51:00,United Kingdom,1,0.0,At Risk Customers
13700,27,10,2248.63,224.863,301,2011-01-16 13:18:00,2011-11-13 13:00:00,United Kingdom,0,1854.349671232877,Potential Customers
13703,319,1,99.5,99.5,0,2011-01-25 13:10:00,2011-01-25 13:10:00,United Kingdom,1,0.0,At Risk Customers
13704,6,9,2308.06,256.4511111111111,83,2011-09-12 14:40:00,2011-12-04 15:13:00,United Kingdom,0,524.8465205479453,Potential Customers
13705,8,3,711.86,237.28666666666663,366,2010-12-01 10:29:00,2011-12-02 12:32:00,United Kingdom,0,713.8103013698629,Potential Customers
13706,303,1,330.79,330.79,0,2011-02-10 09:21:00,2011-02-10 09:21:00,United Kingdom,1,0.0,At Risk Customers
13707,268,2,806.41,403.205,48,2011-01-28 13:27:00,2011-03-17 18:03:00,United Kingdom,1,106.04843835616437,At Risk Customers
13708,272,1,285.33,285.33,0,2011-03-13 13:46:00,2011-03-13 13:46:00,United Kingdom,1,0.0,At Risk Customers
13709,4,13,6307.65,485.20384615384614,312,2011-01-28 14:57:00,2011-12-06 10:28:00,United Kingdom,0,5391.7446575342465,Potential Customers
13710,32,1,180.48,180.48,0,2011-11-08 08:16:00,2011-11-08 08:16:00,United Kingdom,0,0.0,Potential Customers
13711,219,2,252.06,126.03,0,2011-05-05 10:29:00,2011-05-05 10:31:00,United Kingdom,1,0.0,At Risk Customers
13712,247,1,228.84,228.84,0,2011-04-07 12:33:00,2011-04-07 12:33:00,United Kingdom,1,0.0,At Risk Customers
13715,282,5,1077.39,215.478,91,2010-12-02 08:52:00,2011-03-03 19:21:00,United Kingdom,1,268.60956164383566,At Risk Customers
13716,270,1,138.28,138.28,0,2011-03-15 13:49:00,2011-03-15 13:49:00,United Kingdom,1,0.0,At Risk Customers
13717,33,6,1445.01,240.835,266,2011-02-14 13:21:00,2011-11-07 14:13:00,United Kingdom,0,1053.0757808219178,Potential Customers
13718,247,2,306.55,153.275,49,2011-02-17 11:58:00,2011-04-07 13:24:00,United Kingdom,1,41.15328767123288,At Risk Customers
13719,16,5,1041.68,208.336,219,2011-04-19 13:56:00,2011-11-24 15:26:00,United Kingdom,0,625.008,Potential Customers
13720,117,4,799.9,199.975,138,2011-03-30 09:17:00,2011-08-15 12:46:00,United Kingdom,0,302.42794520547943,Potential Customers
13721,37,1,524.14,524.14,0,2011-11-03 14:05:00,2011-11-03 14:05:00,United Kingdom,0,0.0,Potential Customers
13722,132,3,2375.41,791.8033333333333,151,2011-03-02 11:43:00,2011-07-31 12:44:00,United Kingdom,0,982.7038630136987,Potential Customers
13723,218,1,199.85,199.85,0,2011-05-06 17:04:00,2011-05-06 17:04:00,United Kingdom,1,0.0,At Risk Customers
13725,50,8,1980.56,247.57,259,2011-02-04 12:18:00,2011-10-21 10:03:00,United Kingdom,0,1405.3836712328766,Potential Customers
13726,39,2,1079.66,539.83,62,2011-08-31 11:06:00,2011-11-01 10:49:00,United Kingdom,0,183.39430136986303,Potential Customers
13727,29,2,333.48,166.74,5,2011-11-06 12:16:00,2011-11-11 09:46:00,United Kingdom,0,4.568219178082192,Potential Customers
13728,37,6,1016.14,169.35666666666665,274,2011-02-02 12:09:00,2011-11-03 10:49:00,United Kingdom,0,762.8009863013698,Potential Customers
13730,136,2,752.6,376.3,26,2011-07-01 12:47:00,2011-07-27 08:35:00,United Kingdom,0,53.60986301369863,Potential Customers
13731,220,2,610.59,305.295,27,2011-04-07 10:10:00,2011-05-04 14:33:00,United Kingdom,1,45.166931506849316,At Risk Customers
13732,29,1,491.86,491.86,0,2011-11-11 15:49:00,2011-11-11 15:49:00,United Kingdom,0,0.0,Potential Customers
13735,25,4,2883.54,720.885,210,2011-04-19 13:49:00,2011-11-15 11:14:00,United Kingdom,0,1659.02301369863,Potential Customers
13736,6,2,729.8,364.9,255,2011-03-24 13:04:00,2011-12-04 15:19:00,United Kingdom,0,509.8602739726027,Potential Customers
13737,201,1,339.6,339.6,0,2011-05-23 16:32:00,2011-05-23 16:32:00,United Kingdom,1,0.0,At Risk Customers
13739,19,1,216.9,216.9,0,2011-11-21 13:35:00,2011-11-21 13:35:00,United Kingdom,0,0.0,Potential Customers
13740,241,1,350.75,350.75,0,2011-04-13 10:32:00,2011-04-13 10:32:00,United Kingdom,1,0.0,At Risk Customers
13741,72,3,668.43,222.81,146,2011-05-06 13:43:00,2011-09-29 09:19:00,United Kingdom,0,267.372,Potential Customers
13742,17,12,3107.87,258.9891666666666,304,2011-01-23 14:59:00,2011-11-23 11:07:00,United Kingdom,0,2588.472547945205,Potential Customers
13743,3,7,1341.6,191.65714285714284,257,2011-03-25 14:46:00,2011-12-07 10:09:00,United Kingdom,0,944.6334246575342,Potential Customers
13744,96,2,1080.52,540.26,197,2011-02-20 14:08:00,2011-09-05 15:19:00,United Kingdom,0,583.1847671232877,Potential Customers
13745,163,1,300.04,300.04,0,2011-06-30 16:43:00,2011-06-30 16:43:00,United Kingdom,1,0.0,At Risk Customers
13747,374,1,79.6,79.6,0,2010-12-01 10:37:00,2010-12-01 10:37:00,United Kingdom,1,0.0,At Risk Customers
13748,96,5,948.25,189.65,278,2010-12-01 09:00:00,2011-09-05 09:45:00,United Kingdom,0,722.2287671232876,Potential Customers
13750,54,5,1647.26,329.452,283,2011-01-07 11:49:00,2011-10-17 12:16:00,United Kingdom,0,1277.1906301369863,Potential Customers
13751,289,1,296.25,296.25,0,2011-02-24 15:56:00,2011-02-24 15:56:00,United Kingdom,1,0.0,At Risk Customers
13752,125,6,1175.38,195.89666666666665,122,2011-04-07 12:04:00,2011-08-07 14:16:00,United Kingdom,0,392.8667397260274,Potential Customers
13753,288,1,741.26,741.26,0,2011-02-25 12:48:00,2011-02-25 12:48:00,United Kingdom,1,0.0,At Risk Customers
13754,152,2,282.6,141.3,166,2011-01-26 14:58:00,2011-07-11 11:51:00,United Kingdom,1,128.52493150684933,At Risk Customers
13755,4,9,2108.06,234.2288888888889,60,2011-10-07 15:45:00,2011-12-06 12:26:00,United Kingdom,0,346.5304109589041,Potential Customers
13756,3,14,5189.52,370.68,365,2010-12-07 11:41:00,2011-12-07 16:44:00,United Kingdom,3,5189.52,Loyal Customers
13758,12,7,3190.55,455.79285714285714,362,2010-12-01 12:08:00,2011-11-28 11:11:00,United Kingdom,0,3164.3263013698634,Potential Customers
13759,34,2,659.41,329.705,38,2011-09-29 15:40:00,2011-11-06 14:47:00,United Kingdom,0,68.65090410958904,Potential Customers
13760,55,2,286.79,143.395,202,2011-03-28 12:52:00,2011-10-16 16:13:00,United Kingdom,0,158.71665753424656,Potential Customers
13761,51,2,1070.65,535.325,129,2011-06-13 08:43:00,2011-10-20 14:01:00,United Kingdom,0,378.39410958904114,Potential Customers
13762,219,1,306.72,306.72,0,2011-05-05 09:15:00,2011-05-05 09:15:00,United Kingdom,1,0.0,At Risk Customers
13763,64,1,1714.96,1714.96,0,2011-10-07 15:13:00,2011-10-07 15:13:00,United Kingdom,0,0.0,Potential Customers
13764,71,3,1519.42,506.4733333333333,267,2011-01-06 14:53:00,2011-09-30 12:03:00,United Kingdom,0,1111.4661369863013,Potential Customers
13767,3,37,17220.36,465.41513513513513,371,2010-12-01 10:47:00,2011-12-07 15:00:00,United Kingdom,3,17503.434410958904,Loyal Customers
13769,3,10,2796.51,279.651,365,2010-12-07 13:28:00,2011-12-07 15:08:00,United Kingdom,0,2796.51,Potential Customers
13771,65,4,2634.45,658.6125,183,2011-04-06 15:47:00,2011-10-06 14:18:00,United Kingdom,0,1320.8338356164384,Potential Customers
13772,34,3,1122.63,374.21,206,2011-04-14 12:31:00,2011-11-06 11:43:00,United Kingdom,0,633.5939178082191,Potential Customers
13774,82,1,345.0,345.0,0,2011-09-19 12:06:00,2011-09-19 12:06:00,United Kingdom,0,0.0,Potential Customers
13777,1,33,25977.16,787.1866666666666,373,2010-12-01 16:01:00,2011-12-09 12:25:00,United Kingdom,3,26546.5224109589,Loyal Customers
13778,104,1,178.7,178.7,0,2011-08-28 15:25:00,2011-08-28 15:25:00,United Kingdom,0,0.0,Potential Customers
13780,8,2,360.01,180.005,163,2011-06-22 11:43:00,2011-12-02 13:49:00,United Kingdom,0,160.7715890410959,Potential Customers
13781,251,1,127.84,127.84,0,2011-04-03 12:08:00,2011-04-03 12:08:00,United Kingdom,1,0.0,At Risk Customers
13782,13,6,908.86,151.47666666666666,315,2011-01-16 11:08:00,2011-11-27 11:54:00,United Kingdom,0,784.3586301369862,Potential Customers
13784,10,11,2462.79,223.89,323,2011-01-11 14:38:00,2011-11-30 09:33:00,United Kingdom,0,2179.4004657534247,Potential Customers
13786,368,1,230.4,230.4,0,2010-12-07 13:53:00,2010-12-07 13:53:00,United Kingdom,1,0.0,At Risk Customers
13787,76,2,309.04,154.52,289,2010-12-10 14:45:00,2011-09-25 12:06:00,United Kingdom,0,244.69194520547947,Potential Customers
13790,5,1,348.8,348.8,0,2011-12-05 15:48:00,2011-12-05 15:48:00,United Kingdom,0,0.0,Potential Customers
13791,128,2,1516.0,758.0,41,2011-06-24 16:38:00,2011-08-04 11:44:00,United Kingdom,0,170.29041095890412,Potential Customers
13792,67,2,195.55,97.775,221,2011-02-25 14:03:00,2011-10-04 14:31:00,United Kingdom,0,118.40150684931507,Potential Customers
13798,2,57,37153.85,651.8219298245615,371,2010-12-02 17:24:00,2011-12-08 15:51:00,United Kingdom,3,37764.598219178086,Loyal Customers
13799,117,2,688.86,344.43,178,2011-02-18 14:18:00,2011-08-15 12:07:00,United Kingdom,0,335.9372054794521,Potential Customers
13800,310,1,558.32,558.32,0,2011-02-03 12:27:00,2011-02-03 12:27:00,United Kingdom,1,0.0,At Risk Customers
13801,67,1,324.8,324.8,0,2011-10-04 10:15:00,2011-10-04 10:15:00,United Kingdom,0,0.0,Potential Customers
13802,139,3,4599.42,1533.14,173,2011-02-01 12:03:00,2011-07-24 10:54:00,United Kingdom,0,2179.999068493151,Potential Customers
13803,256,1,277.07,277.07,0,2011-03-29 12:57:00,2011-03-29 12:57:00,United Kingdom,1,0.0,At Risk Customers
13804,31,7,2588.39,369.77,259,2011-02-23 09:09:00,2011-11-09 12:32:00,United Kingdom,0,1836.6931780821917,Potential Customers
13805,53,2,924.6,462.3,77,2011-08-02 15:29:00,2011-10-18 14:50:00,United Kingdom,0,195.05260273972604,Potential Customers
13806,64,1,256.38,256.38,0,2011-10-07 11:43:00,2011-10-07 11:43:00,United Kingdom,0,0.0,Potential Customers
13807,368,1,112.6,112.6,0,2010-12-07 15:48:00,2010-12-07 15:48:00,United Kingdom,1,0.0,At Risk Customers
13808,6,5,1747.66,349.532,91,2011-09-04 12:07:00,2011-12-04 12:18:00,United Kingdom,0,435.7179726027397,Potential Customers
13809,306,1,155.05,155.05,0,2011-02-07 13:15:00,2011-02-07 13:15:00,Cyprus,1,0.0,At Risk Customers
13810,29,3,1499.01,499.67,28,2011-10-14 12:57:00,2011-11-11 08:33:00,Germany,0,114.99254794520549,Potential Customers
13811,184,3,814.5,271.5,56,2011-04-14 18:40:00,2011-06-09 09:54:00,Germany,1,124.96438356164384,At Risk Customers
13812,43,3,539.0,179.66666666666666,63,2011-08-26 12:54:00,2011-10-28 14:27:00,Germany,0,93.03287671232877,Potential Customers
13813,40,4,1366.86,341.715,95,2011-07-28 10:33:00,2011-10-31 10:38:00,Germany,0,355.7580821917808,Potential Customers
13814,93,2,1579.12,789.56,45,2011-07-25 13:54:00,2011-09-08 13:48:00,Germany,0,194.68602739726026,Potential Customers
13815,23,4,4027.36,1006.84,296,2011-01-25 12:16:00,2011-11-17 14:19:00,Germany,0,3266.0234520547947,Potential Customers
13816,24,2,571.67,285.835,41,2011-10-06 14:37:00,2011-11-16 08:38:00,Germany,0,64.21498630136986,Potential Customers
13817,30,2,382.98,191.49,322,2010-12-23 11:46:00,2011-11-10 17:49:00,Germany,0,337.8618082191781,Potential Customers
13819,302,3,1140.35,380.1166666666666,18,2011-01-24 10:38:00,2011-02-11 10:38:00,United Kingdom,1,56.23643835616438,At Risk Customers
13821,145,2,385.64,192.82,117,2011-03-23 11:30:00,2011-07-18 09:49:00,United Kingdom,0,123.6161095890411,Potential Customers
13822,6,2,632.0,316.0,35,2011-10-30 15:55:00,2011-12-04 12:13:00,United Kingdom,0,60.602739726027394,Potential Customers
13823,19,2,957.66,478.83,73,2011-09-09 10:42:00,2011-11-21 10:22:00,United Kingdom,0,191.532,Potential Customers
13824,33,5,1698.94,339.788,278,2011-02-02 13:07:00,2011-11-07 12:41:00,United Kingdom,0,1293.9871780821918,Potential Customers
13826,177,1,189.5,189.5,0,2011-06-16 13:48:00,2011-06-16 13:48:00,United Kingdom,1,0.0,At Risk Customers
13827,58,3,409.8,136.6,86,2011-07-19 15:38:00,2011-10-13 12:38:00,United Kingdom,0,96.55561643835615,Potential Customers
13828,23,1,209.49,209.49,0,2011-11-17 16:02:00,2011-11-17 16:02:00,United Kingdom,0,0.0,Potential Customers
13831,17,6,2198.45,366.4083333333333,353,2010-12-05 12:13:00,2011-11-23 15:41:00,United Kingdom,0,2126.172191780822,Potential Customers
13832,20,1,52.2,52.2,0,2011-11-20 15:36:00,2011-11-20 15:36:00,United Kingdom,0,0.0,Potential Customers
13833,160,1,383.85,383.85,0,2011-07-03 13:27:00,2011-07-03 13:27:00,United Kingdom,1,0.0,At Risk Customers
13835,26,4,834.57,208.6425,190,2011-05-08 15:22:00,2011-11-14 15:37:00,United Kingdom,0,434.433698630137,Potential Customers
13837,212,2,266.59,133.295,106,2011-01-26 12:15:00,2011-05-12 12:10:00,United Kingdom,1,77.42065753424656,At Risk Customers
13838,6,4,674.82,168.705,364,2010-12-05 10:45:00,2011-12-04 11:00:00,United Kingdom,0,672.9711780821918,Potential Customers
13841,253,1,85.0,85.0,0,2011-04-01 12:10:00,2011-04-01 12:10:00,United Kingdom,1,0.0,At Risk Customers
13842,59,9,3385.62,376.18,308,2010-12-08 10:39:00,2011-10-12 10:51:00,United Kingdom,0,2856.9067397260274,Potential Customers
13844,12,1,361.62,361.62,0,2011-11-28 13:21:00,2011-11-28 13:21:00,United Kingdom,0,0.0,Potential Customers
13845,65,1,312.98,312.98,0,2011-10-06 08:25:00,2011-10-06 08:25:00,United Kingdom,0,0.0,Potential Customers
13846,25,3,865.06,288.3533333333333,336,2010-12-14 16:07:00,2011-11-15 12:07:00,United Kingdom,0,796.329205479452,Potential Customers
13848,93,3,1255.0,418.33333333333326,274,2010-12-08 15:10:00,2011-09-08 12:58:00,United Kingdom,0,942.1095890410958,Potential Customers
13849,52,2,1537.95,768.975,119,2011-06-22 10:11:00,2011-10-19 10:59:00,United Kingdom,0,501.41383561643835,Potential Customers
13850,130,1,1595.48,1595.48,0,2011-08-02 14:04:00,2011-08-02 14:04:00,United Kingdom,0,0.0,Potential Customers
13851,96,3,2651.46,883.82,193,2011-02-24 17:18:00,2011-09-05 12:36:00,United Kingdom,0,1402.004876712329,Potential Customers
13853,58,1,1090.14,1090.14,0,2011-10-13 14:18:00,2011-10-13 14:18:00,United Kingdom,0,0.0,Potential Customers
13854,9,25,8109.52,324.3808,357,2010-12-09 10:48:00,2011-12-01 09:06:00,United Kingdom,3,7931.777095890411,Loyal Customers
13856,169,3,388.5,129.5,35,2011-05-20 13:13:00,2011-06-24 10:03:00,United Kingdom,1,37.25342465753425,At Risk Customers
13858,58,1,216.17,216.17,0,2011-10-13 16:17:00,2011-10-13 16:17:00,United Kingdom,0,0.0,Potential Customers
13859,327,1,201.16,201.16,0,2011-01-17 16:14:00,2011-01-17 16:14:00,United Kingdom,1,0.0,At Risk Customers
13860,2,5,1245.9,249.18,85,2011-09-14 09:27:00,2011-12-08 12:57:00,United Kingdom,0,290.14109589041095,Potential Customers
13862,19,8,2209.36,276.17,314,2011-01-11 15:13:00,2011-11-21 16:24:00,United Kingdom,0,1900.654904109589,Potential Customers
13863,248,1,305.78,305.78,0,2011-04-06 10:20:00,2011-04-06 10:20:00,United Kingdom,1,0.0,At Risk Customers
13865,59,4,501.56,125.39,231,2011-02-23 12:04:00,2011-10-12 13:31:00,United Kingdom,0,317.4256438356164,Potential Customers
13866,75,1,145.67,145.67,0,2011-09-26 14:54:00,2011-09-26 14:54:00,United Kingdom,0,0.0,Potential Customers
13867,32,3,1005.09,335.03,187,2011-05-05 17:28:00,2011-11-08 15:48:00,United Kingdom,0,514.9365205479452,Potential Customers
13868,8,2,3192.54,1596.27,31,2011-11-01 12:45:00,2011-12-02 16:32:00,United Kingdom,0,271.14723287671234,Potential Customers
13869,124,4,3083.65,770.9125,234,2010-12-17 15:14:00,2011-08-08 13:53:00,United Kingdom,0,1976.9153424657536,Potential Customers
13870,3,8,2770.94,346.3675,285,2011-02-25 09:09:00,2011-12-07 13:23:00,United Kingdom,0,2163.610684931507,Potential Customers
13871,23,13,6403.25,492.5576923076923,286,2011-02-04 09:30:00,2011-11-17 10:49:00,United Kingdom,0,5017.3410958904105,Potential Customers
13873,120,3,389.6,129.86666666666665,190,2011-02-03 09:37:00,2011-08-12 10:08:00,United Kingdom,0,202.80547945205473,Potential Customers
13874,359,1,540.45,540.45,0,2010-12-16 18:20:00,2010-12-16 18:20:00,United Kingdom,1,0.0,At Risk Customers
13875,54,5,1786.79,357.358,248,2011-02-11 15:39:00,2011-10-17 09:36:00,United Kingdom,0,1214.0381369863014,Potential Customers
13876,64,1,122.7,122.7,0,2011-10-07 10:22:00,2011-10-07 10:22:00,United Kingdom,0,0.0,Potential Customers
13877,87,1,117.24,117.24,0,2011-09-14 15:49:00,2011-09-14 15:49:00,United Kingdom,0,0.0,Potential Customers
13878,55,1,1271.57,1271.57,0,2011-10-16 12:19:00,2011-10-16 12:19:00,United Kingdom,0,0.0,Potential Customers
13880,22,13,3219.77,247.67461538461535,346,2010-12-07 14:00:00,2011-11-18 13:44:00,United Kingdom,0,3052.1655342465747,Potential Customers
13881,4,20,17159.52,857.976,308,2011-02-01 10:14:00,2011-12-06 12:50:00,United Kingdom,3,14479.8141369863,Loyal Customers
13882,3,5,1191.13,238.226,62,2011-10-06 15:28:00,2011-12-07 11:16:00,United Kingdom,0,202.32893150684933,Potential Customers
13883,11,5,2674.48,534.896,243,2011-03-31 17:17:00,2011-11-29 10:45:00,United Kingdom,0,1780.544219178082,Potential Customers
13884,8,5,787.6,157.52,276,2011-03-01 13:40:00,2011-12-02 16:30:00,United Kingdom,0,595.5550684931507,Potential Customers
13885,190,2,506.8,253.4,11,2011-05-23 08:52:00,2011-06-03 15:07:00,United Kingdom,1,15.273424657534248,At Risk Customers
13886,72,1,243.56,243.56,0,2011-09-29 13:17:00,2011-09-29 13:17:00,United Kingdom,0,0.0,Potential Customers
13887,205,1,349.55,349.55,0,2011-05-19 17:22:00,2011-05-19 17:22:00,United Kingdom,1,0.0,At Risk Customers
13888,120,2,595.67,297.835,99,2011-05-05 14:41:00,2011-08-12 10:13:00,United Kingdom,0,161.56528767123285,Potential Customers
13889,93,1,416.9,416.9,0,2011-09-08 09:13:00,2011-09-08 09:13:00,United Kingdom,0,0.0,Potential Customers
13890,2,10,1883.81,188.381,357,2010-12-16 09:31:00,2011-12-08 15:36:00,United Kingdom,0,1842.52101369863,Potential Customers
13892,27,4,632.97,158.2425,220,2011-04-07 12:04:00,2011-11-13 11:50:00,United Kingdom,0,381.51616438356166,Potential Customers
13893,298,1,821.1,821.1,0,2011-02-15 11:30:00,2011-02-15 11:30:00,United Kingdom,1,0.0,At Risk Customers
13894,24,3,564.62,188.20666666666665,287,2011-02-02 12:54:00,2011-11-16 09:44:00,United Kingdom,0,443.9614794520547,Potential Customers
13895,29,4,2593.07,648.2675,136,2011-06-28 10:17:00,2011-11-11 16:57:00,United Kingdom,0,966.18498630137,Potential Customers
13897,51,1,311.16,311.16,0,2011-10-20 14:30:00,2011-10-20 14:30:00,United Kingdom,0,0.0,Potential Customers
13898,326,1,155.93,155.93,0,2011-01-18 10:28:00,2011-01-18 10:28:00,United Kingdom,1,0.0,At Risk Customers
13899,17,2,388.52,194.26,258,2011-03-10 09:30:00,2011-11-23 13:40:00,United Kingdom,0,274.62509589041093,Potential Customers
13900,184,3,740.95,246.98333333333332,79,2011-03-22 10:13:00,2011-06-09 19:26:00,United Kingdom,1,160.36999999999998,At Risk Customers
13901,73,5,2867.2,573.44,246,2011-01-25 09:01:00,2011-09-28 14:48:00,United Kingdom,0,1932.4142465753428,Potential Customers
13904,38,2,332.64,166.32,257,2011-02-18 11:18:00,2011-11-02 13:41:00,United Kingdom,0,234.21501369863012,Potential Customers
13908,80,4,2369.55,592.3875,197,2011-03-08 12:04:00,2011-09-21 11:49:00,United Kingdom,0,1278.9078082191782,Potential Customers
13911,58,9,2580.91,286.7677777777778,251,2011-02-04 14:46:00,2011-10-13 15:43:00,United Kingdom,0,1774.8175616438355,Potential Customers
13914,12,2,626.45,313.225,25,2011-11-03 16:28:00,2011-11-28 10:35:00,United Kingdom,0,42.907534246575345,Potential Customers
13917,50,2,272.04,136.02,142,2011-06-01 12:46:00,2011-10-21 09:56:00,United Kingdom,0,105.83473972602741,Potential Customers
13918,50,2,1212.84,606.42,204,2011-03-31 18:05:00,2011-10-21 12:25:00,United Kingdom,0,677.8612602739726,Potential Customers
13919,60,2,384.81,192.405,62,2011-08-10 10:15:00,2011-10-11 14:24:00,Denmark,0,65.36498630136987,Potential Customers
13922,352,1,172.25,172.25,0,2010-12-23 10:38:00,2010-12-23 10:38:00,United Kingdom,1,0.0,At Risk Customers
13923,54,1,351.13,351.13,0,2011-10-17 12:33:00,2011-10-17 12:33:00,United Kingdom,0,0.0,Potential Customers
13924,2,6,1838.85,306.475,71,2011-09-28 15:07:00,2011-12-08 09:39:00,United Kingdom,0,357.69410958904115,Potential Customers
13925,93,4,678.25,169.5625,42,2011-07-28 12:09:00,2011-09-08 12:47:00,United Kingdom,0,78.04520547945205,Potential Customers
13926,24,1,223.85,223.85,0,2011-11-16 13:16:00,2011-11-16 13:16:00,United Kingdom,0,0.0,Potential Customers
13927,75,1,348.99,348.99,0,2011-09-26 12:00:00,2011-09-26 12:00:00,United Kingdom,0,0.0,Potential Customers
13928,11,4,464.57,116.1425,123,2011-07-29 15:59:00,2011-11-29 10:33:00,United Kingdom,0,156.55372602739726,Potential Customers
13929,170,2,842.65,421.325,157,2011-01-17 15:11:00,2011-06-23 15:26:00,United Kingdom,1,362.45493150684933,At Risk Customers
13930,58,2,337.34,168.67,79,2011-07-26 11:00:00,2011-10-13 09:45:00,United Kingdom,0,73.01331506849314,Potential Customers
13931,96,2,1237.53,618.765,185,2011-03-04 08:43:00,2011-09-05 10:12:00,United Kingdom,0,627.2412328767124,Potential Customers
13932,295,1,307.4,307.4,0,2011-02-18 12:02:00,2011-02-18 12:02:00,United Kingdom,1,0.0,At Risk Customers
13933,110,2,608.79,304.395,39,2011-07-14 13:35:00,2011-08-22 14:03:00,United Kingdom,0,65.04879452054794,Potential Customers
13934,264,1,922.1,922.1,0,2011-03-21 08:39:00,2011-03-21 08:39:00,United Kingdom,1,0.0,At Risk Customers
13936,180,1,376.58,376.58,0,2011-06-13 08:47:00,2011-06-13 08:47:00,United Kingdom,1,0.0,At Risk Customers
13937,170,1,158.85,158.85,0,2011-06-23 16:35:00,2011-06-23 16:35:00,United Kingdom,1,0.0,At Risk Customers
13938,36,1,71.66,71.66,0,2011-11-04 14:37:00,2011-11-04 14:37:00,United Kingdom,0,0.0,Potential Customers
13939,24,3,568.55,189.51666666666665,288,2011-02-01 11:30:00,2011-11-16 13:33:00,United Kingdom,0,448.6093150684931,Potential Customers
13940,18,4,839.14,209.785,127,2011-07-18 16:05:00,2011-11-22 15:15:00,United Kingdom,0,291.9747397260274,Potential Customers
13941,22,5,5112.96,1022.592,351,2010-12-02 10:17:00,2011-11-18 09:43:00,United Kingdom,0,4916.846465753425,Potential Customers
13946,80,3,561.57,187.19,188,2011-03-17 10:02:00,2011-09-21 13:33:00,United Kingdom,0,289.2470136986301,Potential Customers
13947,66,1,90.6,90.6,0,2011-10-05 14:42:00,2011-10-05 14:42:00,United Kingdom,0,0.0,Potential Customers
13948,361,1,102.0,102.0,0,2010-12-14 10:18:00,2010-12-14 10:18:00,United Kingdom,1,0.0,At Risk Customers
13949,3,6,2427.32,404.5533333333333,92,2011-09-06 11:55:00,2011-12-07 09:35:00,United Kingdom,0,611.8176438356164,Potential Customers
13950,12,4,745.06,186.265,235,2011-04-07 11:29:00,2011-11-28 14:44:00,United Kingdom,0,479.6961643835616,Potential Customers
13951,177,3,674.45,224.81666666666663,118,2011-02-18 15:21:00,2011-06-16 16:43:00,United Kingdom,1,218.04136986301367,At Risk Customers
13952,218,2,3251.07,1625.535,21,2011-04-15 09:27:00,2011-05-06 09:00:00,United Kingdom,1,187.04786301369865,At Risk Customers
13953,8,7,3515.68,502.24,345,2010-12-22 10:29:00,2011-12-02 16:04:00,United Kingdom,0,3323.0400000000004,Potential Customers
13954,2,2,439.92,219.96,69,2011-09-30 10:52:00,2011-12-08 12:50:00,United Kingdom,0,83.16295890410959,Potential Customers
13955,155,2,322.96,161.48,151,2011-02-07 12:24:00,2011-07-08 17:19:00,United Kingdom,1,133.6081095890411,At Risk Customers
13956,6,5,1019.27,203.854,266,2011-03-13 12:51:00,2011-12-04 13:20:00,United Kingdom,0,742.8104657534248,Potential Customers
13959,80,3,594.04,198.01333333333332,283,2010-12-12 13:56:00,2011-09-21 15:06:00,United Kingdom,0,460.58443835616436,Potential Customers
13960,22,2,230.22,115.11,50,2011-09-29 12:39:00,2011-11-18 15:27:00,United Kingdom,0,31.53698630136986,Potential Customers
13962,22,2,169.55,84.775,224,2011-04-08 11:21:00,2011-11-18 08:47:00,United Kingdom,0,104.05260273972604,Potential Customers
13963,309,4,664.54,166.135,59,2010-12-07 09:21:00,2011-02-04 14:43:00,United Kingdom,1,107.41879452054793,At Risk Customers
13967,146,1,80.7,80.7,0,2011-07-17 12:02:00,2011-07-17 12:02:00,United Kingdom,1,0.0,At Risk Customers
13969,8,18,9024.17,501.34277777777777,358,2010-12-09 19:32:00,2011-12-02 15:11:00,United Kingdom,3,8851.103726027397,Loyal Customers
13971,19,8,2758.26,344.7825,267,2011-02-27 12:27:00,2011-11-21 12:06:00,United Kingdom,0,2017.686082191781,Potential Customers
13972,71,2,190.25,95.125,131,2011-05-22 11:34:00,2011-09-30 11:54:00,United Kingdom,0,68.28150684931508,Potential Customers
13973,288,1,264.7,264.7,0,2011-02-25 15:21:00,2011-02-25 15:21:00,United Kingdom,1,0.0,At Risk Customers
13974,50,1,413.59,413.59,0,2011-10-21 14:41:00,2011-10-21 14:41:00,United Kingdom,0,0.0,Potential Customers
13975,32,6,2461.24,410.20666666666665,245,2011-03-08 12:19:00,2011-11-08 13:19:00,United Kingdom,0,1652.065205479452,Potential Customers
13976,207,1,357.98,357.98,0,2011-05-17 09:13:00,2011-05-17 09:13:00,United Kingdom,1,0.0,At Risk Customers
13978,15,2,196.79,98.395,31,2011-10-25 15:04:00,2011-11-25 11:36:00,United Kingdom,0,16.71367123287671,Potential Customers
13979,74,1,869.87,869.87,0,2011-09-27 13:32:00,2011-09-27 13:32:00,United Kingdom,0,0.0,Potential Customers
13980,61,1,200.14,200.14,0,2011-10-10 13:34:00,2011-10-10 13:34:00,United Kingdom,0,0.0,Potential Customers
13982,40,4,1871.81,467.9525,326,2010-12-09 13:57:00,2011-10-31 16:24:00,United Kingdom,0,1671.8083835616437,Potential Customers
13983,30,12,2603.43,216.9525,337,2010-12-08 10:38:00,2011-11-10 11:06:00,United Kingdom,0,2403.714821917808,Potential Customers
13984,27,5,920.51,184.102,340,2010-12-08 15:58:00,2011-11-13 12:38:00,United Kingdom,0,857.4613698630136,Potential Customers
13985,5,15,7060.13,470.6753333333333,260,2011-03-20 13:48:00,2011-12-05 17:06:00,United Kingdom,3,5029.133698630136,Loyal Customers
13986,18,1,320.46,320.46,0,2011-11-22 15:00:00,2011-11-22 15:00:00,United Kingdom,0,0.0,Potential Customers
13988,20,6,4147.96,691.3266666666666,235,2011-03-30 11:48:00,2011-11-20 10:15:00,United Kingdom,0,2670.6043835616433,Potential Customers
13989,66,2,1266.08,633.04,174,2011-04-14 15:39:00,2011-10-05 09:47:00,United Kingdom,0,603.5559452054794,Potential Customers
13990,214,1,311.3,311.3,0,2011-05-10 15:19:00,2011-05-10 15:19:00,United Kingdom,1,0.0,At Risk Customers
13991,13,6,852.88,142.14666666666665,131,2011-07-19 12:58:00,2011-11-27 16:18:00,United Kingdom,0,306.10213698630133,Potential Customers
13992,31,1,76.8,76.8,0,2011-11-09 15:23:00,2011-11-09 15:23:00,United Kingdom,0,0.0,Potential Customers
13993,43,9,3466.36,385.1511111111111,288,2011-01-13 10:43:00,2011-10-28 09:06:00,United Kingdom,0,2735.100493150685,Potential Customers
13994,4,6,2274.14,379.02333333333326,145,2011-07-14 18:28:00,2011-12-06 11:05:00,United Kingdom,0,903.4254794520546,Potential Customers
13995,16,5,1393.69,278.738,230,2011-04-08 08:20:00,2011-11-24 14:22:00,United Kingdom,0,878.2156164383562,Potential Customers
13999,11,12,3901.81,325.1508333333333,351,2010-12-13 11:23:00,2011-11-29 13:40:00,United Kingdom,0,3752.151534246575,Potential Customers
14000,212,1,635.66,635.66,0,2011-05-12 16:50:00,2011-05-12 16:50:00,United Kingdom,1,0.0,At Risk Customers
14001,46,3,2043.08,681.0266666666666,328,2010-12-01 12:58:00,2011-10-25 10:31:00,United Kingdom,0,1835.9732602739725,Potential Customers
14002,135,2,529.73,264.865,22,2011-07-06 14:59:00,2011-07-28 15:55:00,United Kingdom,0,31.928931506849317,Potential Customers
14004,44,7,4582.64,654.6628571428571,245,2011-02-24 09:28:00,2011-10-27 14:40:00,United Kingdom,0,3076.018630136986,Potential Customers
14005,10,5,2874.72,574.944,206,2011-05-08 10:33:00,2011-11-30 12:41:00,United Kingdom,0,1622.444712328767,Potential Customers
14006,116,3,962.19,320.73,197,2011-01-31 15:11:00,2011-08-16 09:39:00,United Kingdom,0,519.3189863013699,Potential Customers
14009,199,2,695.61,347.805,7,2011-05-18 13:00:00,2011-05-25 15:47:00,United Kingdom,1,13.340465753424658,At Risk Customers
14012,278,1,328.8,328.8,0,2011-03-07 12:26:00,2011-03-07 12:26:00,United Kingdom,1,0.0,At Risk Customers
14013,111,3,473.02,157.67333333333332,165,2011-03-09 08:59:00,2011-08-21 15:01:00,United Kingdom,0,213.83095890410956,Potential Customers
14014,78,1,505.18,505.18,0,2011-09-23 13:18:00,2011-09-23 13:18:00,United Kingdom,0,0.0,Potential Customers
14015,53,1,917.34,917.34,0,2011-10-18 10:02:00,2011-10-18 10:02:00,United Kingdom,0,0.0,Potential Customers
14016,162,4,4341.21,1085.3025,196,2010-12-17 14:21:00,2011-07-01 11:29:00,EIRE,1,2331.170301369863,At Risk Customers
14019,47,3,1421.61,473.87,92,2011-07-24 15:39:00,2011-10-24 10:13:00,United Kingdom,0,358.3236164383562,Potential Customers
14020,17,2,642.8,321.4,72,2011-09-12 15:32:00,2011-11-23 09:22:00,United Kingdom,0,126.79890410958903,Potential Customers
14021,156,3,631.9,210.63333333333333,101,2011-03-28 15:10:00,2011-07-07 15:46:00,United Kingdom,1,174.85452054794519,At Risk Customers
14022,226,1,440.0,440.0,0,2011-04-28 14:39:00,2011-04-28 14:39:00,United Kingdom,1,0.0,At Risk Customers
14023,8,2,584.07,292.035,243,2011-04-03 15:50:00,2011-12-02 13:58:00,United Kingdom,0,388.8466027397261,Potential Customers
14024,122,2,327.7,163.85,3,2011-08-07 13:31:00,2011-08-10 11:30:00,United Kingdom,0,2.6934246575342464,Potential Customers
14027,61,1,104.82,104.82,0,2011-10-10 09:01:00,2011-10-10 09:01:00,United Kingdom,0,0.0,Potential Customers
14029,64,2,467.66,233.83,81,2011-07-18 16:57:00,2011-10-07 14:46:00,United Kingdom,0,103.78208219178083,Potential Customers
14030,19,8,2358.84,294.855,348,2010-12-08 16:11:00,2011-11-21 16:48:00,United Kingdom,0,2248.9762191780824,Potential Customers
14031,8,19,17286.86,909.8347368421053,365,2010-12-02 16:34:00,2011-12-02 17:13:00,United Kingdom,3,17286.86,Loyal Customers
14032,3,11,2975.59,270.5081818181818,364,2010-12-08 10:53:00,2011-12-07 15:23:00,United Kingdom,0,2967.437698630137,Potential Customers
14034,23,3,648.89,216.29666666666665,135,2011-07-05 13:06:00,2011-11-17 14:02:00,United Kingdom,0,240.0004109589041,Potential Customers
14035,29,5,1428.02,285.604,269,2011-02-15 12:48:00,2011-11-11 10:03:00,United Kingdom,0,1052.4311780821918,Potential Customers
14036,285,1,626.65,626.65,0,2011-02-28 09:26:00,2011-02-28 09:26:00,United Kingdom,1,0.0,At Risk Customers
14037,177,2,147.2,73.6,188,2010-12-10 11:39:00,2011-06-16 13:57:00,United Kingdom,1,75.81808219178082,At Risk Customers
14038,79,3,1560.38,520.1266666666667,129,2011-05-16 14:05:00,2011-09-22 13:37:00,United Kingdom,0,551.4767671232877,Potential Customers
14039,34,1,152.2,152.2,0,2011-11-06 13:48:00,2011-11-06 13:48:00,United Kingdom,0,0.0,Potential Customers
14040,41,12,3560.32,296.6933333333333,291,2011-01-12 14:57:00,2011-10-30 12:42:00,United Kingdom,0,2838.5016986301366,Potential Customers
14041,267,1,141.41,141.41,0,2011-03-18 13:25:00,2011-03-18 13:25:00,United Kingdom,1,0.0,At Risk Customers
14044,27,4,646.42,161.605,283,2011-02-03 11:39:00,2011-11-13 12:05:00,United Kingdom,0,501.19687671232873,Potential Customers
14045,110,4,1659.75,414.9375,264,2010-12-01 11:32:00,2011-08-22 15:27:00,United Kingdom,0,1200.4767123287672,Potential Customers
14046,285,1,154.99,154.99,0,2011-02-28 14:48:00,2011-02-28 14:48:00,United Kingdom,1,0.0,At Risk Customers
14047,9,5,1308.61,261.722,364,2010-12-02 10:09:00,2011-12-01 11:43:00,United Kingdom,0,1305.0247671232876,Potential Customers
14048,306,1,409.93,409.93,0,2011-02-07 14:53:00,2011-02-07 14:53:00,United Kingdom,1,0.0,At Risk Customers
14049,17,4,5578.72,1394.68,301,2011-01-26 11:27:00,2011-11-23 12:20:00,United Kingdom,0,4600.533479452055,Potential Customers
14050,32,2,746.36,373.18,75,2011-08-25 13:46:00,2011-11-08 10:00:00,United Kingdom,0,153.36164383561643,Potential Customers
14051,1,23,15610.39,678.7126086956522,366,2010-12-08 12:49:00,2011-12-09 10:20:00,United Kingdom,3,15653.158191780825,Loyal Customers
14052,20,1,225.36,225.36,0,2011-11-20 12:30:00,2011-11-20 12:30:00,United Kingdom,0,0.0,Potential Customers
14053,125,2,260.25,130.125,35,2011-07-03 12:21:00,2011-08-07 14:27:00,United Kingdom,0,24.955479452054792,Potential Customers
14054,66,1,92.46,92.46,0,2011-10-05 15:49:00,2011-10-05 15:49:00,United Kingdom,0,0.0,Potential Customers
14055,107,1,725.64,725.64,0,2011-08-25 15:04:00,2011-08-25 15:04:00,United Kingdom,0,0.0,Potential Customers
14056,2,23,8152.71,354.46565217391304,283,2011-02-28 15:19:00,2011-12-08 13:36:00,United Kingdom,3,6321.142273972603,Loyal Customers
14057,24,17,6211.66,365.3917647058824,337,2010-12-14 12:11:00,2011-11-16 10:32:00,United Kingdom,3,5735.149095890411,Loyal Customers
14059,267,1,183.6,183.6,0,2011-03-18 10:06:00,2011-03-18 10:06:00,United Kingdom,1,0.0,At Risk Customers
14060,5,19,6140.42,323.18,368,2010-12-02 12:11:00,2011-12-05 12:29:00,United Kingdom,3,6190.889205479452,Loyal Customers
14062,10,12,10464.85,872.0708333333333,355,2010-12-10 15:56:00,2011-11-30 10:04:00,United Kingdom,3,10178.141780821918,Loyal Customers
14064,30,5,1334.34,266.868,245,2011-03-10 12:59:00,2011-11-10 13:14:00,United Kingdom,0,895.6528767123287,Potential Customers
14066,267,1,152.55,152.55,0,2011-03-18 12:21:00,2011-03-18 12:21:00,United Kingdom,1,0.0,At Risk Customers
14067,64,2,374.7,187.35,33,2011-09-04 12:00:00,2011-10-07 10:21:00,United Kingdom,0,33.87698630136986,Potential Customers
14068,321,1,265.85,265.85,0,2011-01-23 16:02:00,2011-01-23 16:02:00,United Kingdom,1,0.0,At Risk Customers
14071,4,8,1437.57,179.69625,261,2011-03-20 11:33:00,2011-12-06 12:27:00,United Kingdom,0,1027.96101369863,Potential Customers
14073,33,1,151.04,151.04,0,2011-11-07 15:49:00,2011-11-07 15:49:00,United Kingdom,0,0.0,Potential Customers
14075,5,3,942.26,314.08666666666664,257,2011-03-23 16:35:00,2011-12-05 08:38:00,United Kingdom,0,663.454301369863,Potential Customers
14076,130,1,118.67,118.67,0,2011-08-02 15:19:00,2011-08-02 15:19:00,United Kingdom,0,0.0,Potential Customers
14077,41,5,499.42,99.884,234,2011-03-10 15:52:00,2011-10-30 12:35:00,United Kingdom,0,320.1761095890411,Potential Customers
14078,102,6,1049.37,174.895,272,2010-12-01 12:54:00,2011-08-30 12:16:00,United Kingdom,0,781.9962739726029,Potential Customers
14079,125,1,375.1,375.1,0,2011-08-07 12:10:00,2011-08-07 12:10:00,United Kingdom,0,0.0,Potential Customers
14080,33,1,45.6,45.6,0,2011-11-07 11:09:00,2011-11-07 11:09:00,United Kingdom,0,0.0,Potential Customers
14081,303,2,921.62,460.81,67,2010-12-05 15:47:00,2011-02-10 16:17:00,United Kingdom,1,169.17408219178083,At Risk Customers
14082,365,1,182.25,182.25,0,2010-12-10 11:02:00,2010-12-10 11:02:00,United Kingdom,1,0.0,At Risk Customers
14083,5,9,1002.9,111.43333333333332,367,2010-12-03 12:24:00,2011-12-05 13:14:00,United Kingdom,0,1008.3953424657533,Potential Customers
14085,3,18,4421.29,245.62722222222223,366,2010-12-06 12:39:00,2011-12-07 13:46:00,United Kingdom,3,4433.403123287671,Loyal Customers
14087,3,1,191.47,191.47,0,2011-12-07 12:41:00,2011-12-07 12:41:00,United Kingdom,0,0.0,Potential Customers
14088,11,13,50491.81,3883.9853846153846,312,2011-01-21 13:07:00,2011-11-29 16:16:00,United Kingdom,3,43160.12252054794,Loyal Customers
14089,57,1,158.75,158.75,0,2011-10-14 10:38:00,2011-10-14 10:38:00,United Kingdom,0,0.0,Potential Customers
14090,325,1,76.32,76.32,0,2011-01-19 10:51:00,2011-01-19 10:51:00,United Kingdom,1,0.0,At Risk Customers
14092,8,14,4076.91,291.20785714285716,351,2010-12-16 15:47:00,2011-12-02 12:13:00,United Kingdom,0,3920.5353698630142,Potential Customers
14093,13,1,433.86,433.86,0,2011-11-27 16:27:00,2011-11-27 16:27:00,United Kingdom,0,0.0,Potential Customers
14096,5,17,65164.79,3833.222941176471,97,2011-08-30 10:49:00,2011-12-05 17:17:00,United Kingdom,3,17317.766109589043,Loyal Customers
14098,37,1,147.35,147.35,0,2011-11-03 10:13:00,2011-11-03 10:13:00,United Kingdom,0,0.0,Potential Customers
14099,17,11,3104.17,282.1972727272727,338,2010-12-20 11:14:00,2011-11-23 13:53:00,United Kingdom,0,2874.546465753425,Potential Customers
14100,138,1,191.95,191.95,0,2011-07-25 11:01:00,2011-07-25 11:01:00,United Kingdom,0,0.0,Potential Customers
14101,74,6,5976.79,996.1316666666665,253,2011-01-17 13:09:00,2011-09-27 12:28:00,United Kingdom,0,4142.81608219178,Potential Customers
14102,6,5,1105.88,221.176,39,2011-10-26 12:46:00,2011-12-04 15:38:00,United Kingdom,0,118.16252054794519,Potential Customers
14104,155,2,216.21,108.105,11,2011-06-27 12:49:00,2011-07-08 12:50:00,United Kingdom,1,6.515917808219179,At Risk Customers
14105,240,1,1266.23,1266.23,0,2011-04-14 17:58:00,2011-04-14 17:58:00,United Kingdom,1,0.0,At Risk Customers
14107,52,7,2703.23,386.1757142857143,313,2010-12-10 13:29:00,2011-10-19 12:12:00,United Kingdom,0,2318.1123013698634,Potential Customers
14108,31,2,597.91,298.955,71,2011-08-30 11:32:00,2011-11-09 10:41:00,United Kingdom,0,116.3057808219178,Potential Customers
14109,73,1,144.2,144.2,0,2011-09-28 10:18:00,2011-09-28 10:18:00,United Kingdom,0,0.0,Potential Customers
14110,4,12,5683.15,473.5958333333333,263,2011-03-18 09:59:00,2011-12-06 12:26:00,United Kingdom,0,4094.9820547945205,Potential Customers
14111,15,4,692.85,173.2125,227,2011-04-12 11:36:00,2011-11-25 13:44:00,United Kingdom,0,430.8957534246575,Potential Customers
14112,23,7,2915.15,416.45,253,2011-03-09 11:28:00,2011-11-17 12:30:00,United Kingdom,0,2020.6382191780824,Potential Customers
14113,4,4,1840.42,460.105,351,2010-12-20 12:14:00,2011-12-06 12:18:00,United Kingdom,0,1769.8285479452056,Potential Customers
14114,274,2,386.53,193.265,57,2011-01-13 11:05:00,2011-03-11 09:42:00,United Kingdom,1,60.362219178082185,At Risk Customers
14116,20,5,1382.74,276.548,102,2011-08-10 12:44:00,2011-11-20 10:29:00,United Kingdom,0,386.4095342465754,Potential Customers
14117,144,1,90.0,90.0,0,2011-07-19 09:49:00,2011-07-19 09:49:00,United Kingdom,1,0.0,At Risk Customers
14121,4,4,2780.15,695.0375,56,2011-10-11 10:39:00,2011-12-06 12:19:00,United Kingdom,0,426.54356164383563,Potential Customers
14124,85,1,419.58,419.58,0,2011-09-16 13:32:00,2011-09-16 13:32:00,United Kingdom,0,0.0,Potential Customers
14125,11,3,2720.63,906.8766666666666,68,2011-09-22 15:40:00,2011-11-29 12:47:00,United Kingdom,0,506.8570958904109,Potential Customers
14126,8,3,706.13,235.37666666666664,3,2011-11-29 12:21:00,2011-12-02 11:45:00,United Kingdom,0,5.803808219178081,Potential Customers
14127,123,3,709.71,236.57,188,2011-02-02 12:26:00,2011-08-09 10:49:00,United Kingdom,0,365.5492602739726,Potential Customers
14128,61,2,637.5,318.75,195,2011-03-29 10:49:00,2011-10-10 12:00:00,United Kingdom,0,340.5821917808219,Potential Customers
14129,2,5,1123.86,224.772,259,2011-03-24 08:44:00,2011-12-08 11:02:00,United Kingdom,0,797.4787397260272,Potential Customers
14130,320,1,480.91,480.91,0,2011-01-24 16:05:00,2011-01-24 16:05:00,United Kingdom,1,0.0,At Risk Customers
14132,3,11,3586.03,326.00272727272727,181,2011-06-09 12:04:00,2011-12-07 13:35:00,United Kingdom,0,1778.277890410959,Potential Customers
14133,130,3,605.64,201.88,186,2011-01-28 11:27:00,2011-08-02 11:34:00,United Kingdom,0,308.62750684931507,Potential Customers
14135,2,15,4690.31,312.6873333333333,371,2010-12-02 10:27:00,2011-12-08 11:38:00,United Kingdom,3,4767.410986301369,Loyal Customers
14138,2,2,965.88,482.94,62,2011-10-07 09:38:00,2011-12-08 12:44:00,United Kingdom,0,164.06728767123286,Potential Customers
14139,47,1,415.82,415.82,0,2011-10-24 13:34:00,2011-10-24 13:34:00,United Kingdom,0,0.0,Potential Customers
14140,4,2,935.05,467.525,28,2011-11-08 11:20:00,2011-12-06 09:05:00,United Kingdom,0,71.72986301369863,Potential Customers
14141,3,4,915.13,228.7825,103,2011-08-26 14:40:00,2011-12-07 09:53:00,United Kingdom,0,258.24216438356166,Potential Customers
14142,374,1,311.81,311.81,0,2010-12-01 16:33:00,2010-12-01 16:33:00,United Kingdom,1,0.0,At Risk Customers
14143,134,1,115.8,115.8,0,2011-07-29 09:48:00,2011-07-29 09:48:00,United Kingdom,0,0.0,Potential Customers
14145,47,4,3742.2,935.55,171,2011-05-06 13:01:00,2011-10-24 12:10:00,United Kingdom,0,1753.1950684931508,Potential Customers
14146,9,5,4191.0,838.2,349,2010-12-17 15:52:00,2011-12-01 10:18:00,United Kingdom,0,4007.2849315068493,Potential Customers
14147,79,2,483.4,241.7,207,2011-02-27 11:42:00,2011-09-22 18:10:00,United Kingdom,0,274.147397260274,Potential Customers
14148,234,1,157.2,157.2,0,2011-04-20 12:02:00,2011-04-20 12:02:00,United Kingdom,1,0.0,At Risk Customers
14149,221,1,446.62,446.62,0,2011-05-03 09:44:00,2011-05-03 09:44:00,United Kingdom,1,0.0,At Risk Customers
14150,36,2,658.64,329.32,324,2010-12-15 10:04:00,2011-11-04 10:05:00,United Kingdom,0,584.6557808219178,Potential Customers
14152,76,2,621.29,310.645,159,2011-04-19 15:46:00,2011-09-25 12:54:00,United Kingdom,0,270.64413698630136,Potential Customers
14154,240,2,1345.62,672.81,0,2011-04-14 15:58:00,2011-04-14 16:26:00,United Kingdom,1,0.0,At Risk Customers
14155,267,1,118.75,118.75,0,2011-03-18 14:13:00,2011-03-18 14:13:00,United Kingdom,1,0.0,At Risk Customers
14156,10,55,117210.08,2131.092363636364,362,2010-12-03 11:48:00,2011-11-30 10:54:00,EIRE,2,116246.7094794521,Champions
14157,20,2,424.89,212.445,266,2011-02-27 13:04:00,2011-11-20 11:32:00,United Kingdom,0,309.6458630136986,Potential Customers
14158,41,1,507.66,507.66,0,2011-10-30 15:08:00,2011-10-30 15:08:00,United Kingdom,0,0.0,Potential Customers
14159,20,11,4630.35,420.94090909090903,343,2010-12-12 11:17:00,2011-11-20 12:36:00,United Kingdom,0,4351.260410958904,Potential Customers
14161,216,3,1097.62,365.8733333333333,154,2010-12-05 13:18:00,2011-05-08 11:41:00,United Kingdom,1,463.1054246575342,At Risk Customers
14162,174,2,289.36,144.68,119,2011-02-20 12:32:00,2011-06-19 11:36:00,United Kingdom,1,94.33928767123288,At Risk Customers
14163,88,4,2445.91,611.4775,152,2011-04-14 17:33:00,2011-09-13 15:18:00,United Kingdom,0,1018.5707397260273,Potential Customers
14164,71,2,1631.77,815.885,10,2011-09-20 12:18:00,2011-09-30 12:24:00,United Kingdom,0,44.70602739726027,Potential Customers
14165,276,1,120.44,120.44,0,2011-03-09 12:39:00,2011-03-09 12:39:00,United Kingdom,1,0.0,At Risk Customers
14167,40,4,562.59,140.6475,292,2011-01-12 15:44:00,2011-10-31 14:29:00,United Kingdom,0,450.07200000000006,Potential Customers
14171,99,1,363.79,363.79,0,2011-09-02 16:43:00,2011-09-02 16:43:00,United Kingdom,0,0.0,Potential Customers
14173,11,4,450.84,112.71,209,2011-05-04 14:03:00,2011-11-29 11:54:00,United Kingdom,0,258.1522191780822,Potential Customers
14174,34,1,134.46,134.46,0,2011-11-06 13:17:00,2011-11-06 13:17:00,United Kingdom,0,0.0,Potential Customers
14175,60,3,3222.3,1074.1,270,2011-01-14 12:22:00,2011-10-11 11:55:00,United Kingdom,0,2383.6191780821914,Potential Customers
14176,298,4,576.9,144.225,70,2010-12-07 11:45:00,2011-02-15 13:12:00,United Kingdom,1,110.63835616438355,At Risk Customers
14177,87,4,549.46,137.365,93,2011-06-13 11:10:00,2011-09-14 15:11:00,United Kingdom,0,139.99939726027398,Potential Customers
14178,9,7,1600.26,228.60857142857145,174,2011-06-10 12:51:00,2011-12-01 12:01:00,United Kingdom,0,762.8636712328768,Potential Customers
14179,41,2,701.57,350.785,12,2011-10-18 14:00:00,2011-10-30 12:07:00,United Kingdom,0,23.06531506849315,Potential Customers
14180,11,25,4748.52,189.9408,362,2010-12-02 13:08:00,2011-11-29 10:56:00,United Kingdom,3,4709.49106849315,Loyal Customers
14184,67,1,452.89,452.89,0,2011-10-04 12:43:00,2011-10-04 12:43:00,United Kingdom,0,0.0,Potential Customers
14185,332,1,197.65,197.65,0,2011-01-12 13:52:00,2011-01-12 13:52:00,United Kingdom,1,0.0,At Risk Customers
14188,31,6,2054.36,342.3933333333333,280,2011-02-02 13:46:00,2011-11-09 12:45:00,United Kingdom,0,1575.9473972602736,Potential Customers
14189,3,15,4654.08,310.272,366,2010-12-06 11:42:00,2011-12-07 15:55:00,United Kingdom,3,4666.830904109589,Loyal Customers
14191,2,13,4684.76,360.36615384615374,219,2011-05-03 10:30:00,2011-12-08 09:23:00,United Kingdom,0,2810.855999999999,Potential Customers
14193,68,2,853.39,426.695,202,2011-03-15 11:38:00,2011-10-03 09:34:00,United Kingdom,0,472.2870684931506,Potential Customers
14194,5,21,11349.52,540.4533333333333,304,2011-02-04 14:51:00,2011-12-05 10:38:00,United Kingdom,3,9452.750904109587,Loyal Customers
14195,202,2,1012.0,506.0,51,2011-04-01 16:50:00,2011-05-22 10:29:00,United Kingdom,1,141.40273972602742,At Risk Customers
14196,107,1,335.52,335.52,0,2011-08-25 10:25:00,2011-08-25 10:25:00,United Kingdom,0,0.0,Potential Customers
14198,19,4,701.4,175.35,221,2011-04-14 14:54:00,2011-11-21 16:35:00,United Kingdom,0,424.68328767123285,Potential Customers
14199,219,1,185.4,185.4,0,2011-05-05 13:44:00,2011-05-05 13:44:00,United Kingdom,1,0.0,At Risk Customers
14201,61,7,747.44,106.77714285714283,299,2010-12-15 13:25:00,2011-10-10 13:27:00,United Kingdom,0,612.2864657534245,Potential Customers
14204,3,1,150.61,150.61,0,2011-12-07 13:38:00,2011-12-07 13:38:00,United Kingdom,0,0.0,Potential Customers
14205,17,2,466.7,233.35,248,2011-03-20 15:07:00,2011-11-23 10:55:00,United Kingdom,0,317.10027397260274,Potential Customers
14206,240,1,328.16,328.16,0,2011-04-14 16:38:00,2011-04-14 16:38:00,United Kingdom,1,0.0,At Risk Customers
14208,95,1,151.74,151.74,0,2011-09-06 12:48:00,2011-09-06 12:48:00,United Kingdom,0,0.0,Potential Customers
14209,11,6,2073.43,345.57166666666666,322,2011-01-11 12:56:00,2011-11-29 10:18:00,United Kingdom,0,1829.162904109589,Potential Customers
14210,106,6,1905.84,317.64,266,2010-12-03 12:43:00,2011-08-26 12:36:00,United Kingdom,0,1388.9135342465752,Potential Customers
14211,54,9,2241.1,249.01111111111112,242,2011-02-17 15:50:00,2011-10-17 13:23:00,United Kingdom,0,1485.88,Potential Customers
14212,90,1,1070.48,1070.48,0,2011-09-11 12:45:00,2011-09-11 12:45:00,United Kingdom,0,0.0,Potential Customers
14214,31,5,1004.38,200.876,247,2011-03-07 12:26:00,2011-11-09 10:31:00,United Kingdom,0,679.6763287671233,Potential Customers
14215,12,6,1789.72,298.28666666666663,357,2010-12-06 15:34:00,2011-11-28 12:19:00,United Kingdom,0,1750.4932602739723,Potential Customers
14216,4,4,1839.3,459.825,34,2011-11-02 10:51:00,2011-12-06 14:56:00,United Kingdom,0,171.33205479452056,Potential Customers
14217,2,17,2004.98,117.94,365,2010-12-08 13:28:00,2011-12-08 11:53:00,United Kingdom,3,2004.98,Loyal Customers
14218,43,1,169.48,169.48,0,2011-10-28 10:00:00,2011-10-28 10:00:00,United Kingdom,0,0.0,Potential Customers
14219,5,1,89.94,89.94,0,2011-12-05 16:23:00,2011-12-05 16:23:00,United Kingdom,0,0.0,Potential Customers
14220,248,2,632.4,316.2,111,2010-12-16 18:18:00,2011-04-06 13:23:00,United Kingdom,1,192.31890410958906,At Risk Customers
14221,43,9,3432.8,381.4222222222222,297,2011-01-04 15:33:00,2011-10-28 13:42:00,United Kingdom,0,2793.264657534247,Potential Customers
14222,178,1,683.17,683.17,0,2011-06-15 16:42:00,2011-06-15 16:42:00,United Kingdom,1,0.0,At Risk Customers
14223,93,3,991.13,330.37666666666667,172,2011-03-20 16:02:00,2011-09-08 13:38:00,United Kingdom,0,467.0530410958904,Potential Customers
14224,111,4,1009.73,252.4325,210,2011-01-23 13:58:00,2011-08-21 13:24:00,United Kingdom,0,580.9405479452055,Potential Customers
14226,29,5,2214.79,442.958,241,2011-03-15 15:36:00,2011-11-11 11:34:00,United Kingdom,0,1462.3681917808217,Potential Customers
14227,27,10,3350.96,335.096,258,2011-02-28 12:27:00,2011-11-13 15:48:00,United Kingdom,0,2368.623780821918,Potential Customers
14229,52,3,1547.2,515.7333333333332,282,2011-01-10 12:03:00,2011-10-19 10:04:00,United Kingdom,0,1195.3709589041096,Potential Customers
14231,184,3,925.71,308.57,105,2011-02-24 11:55:00,2011-06-09 11:05:00,United Kingdom,1,266.30013698630137,At Risk Customers
14232,43,5,2048.07,409.614,222,2011-03-20 12:44:00,2011-10-28 11:09:00,United Kingdom,0,1245.6754520547945,Potential Customers
14233,50,4,1462.72,365.68,268,2011-01-26 12:43:00,2011-10-21 15:54:00,United Kingdom,0,1073.9971506849315,Potential Customers
14234,23,4,754.12,188.53,35,2011-10-13 13:58:00,2011-11-17 17:53:00,United Kingdom,0,72.31287671232876,Potential Customers
14235,76,5,3144.86,628.972,185,2011-03-24 13:23:00,2011-09-25 14:37:00,United Kingdom,0,1593.9701369863012,Potential Customers
14236,81,2,490.86,245.43,292,2010-12-02 18:49:00,2011-09-20 09:13:00,United Kingdom,0,392.68800000000005,Potential Customers
14237,374,1,161.0,161.0,0,2010-12-01 13:20:00,2010-12-01 13:20:00,United Kingdom,1,0.0,At Risk Customers
14238,327,1,146.85,146.85,0,2011-01-17 14:40:00,2011-01-17 14:40:00,United Kingdom,1,0.0,At Risk Customers
14239,44,11,2380.85,216.4409090909091,273,2011-01-27 14:45:00,2011-10-27 14:40:00,United Kingdom,0,1780.7453424657535,Potential Customers
14240,31,2,890.34,445.17,195,2011-04-28 11:40:00,2011-11-09 13:45:00,United Kingdom,0,475.661095890411,Potential Customers
14241,184,1,213.7,213.7,0,2011-06-09 11:46:00,2011-06-09 11:46:00,United Kingdom,1,0.0,At Risk Customers
14242,235,2,280.55,140.275,91,2011-01-18 08:53:00,2011-04-19 11:46:00,United Kingdom,1,69.94534246575343,At Risk Customers
14243,9,10,2588.77,258.877,357,2010-12-09 08:34:00,2011-12-01 11:12:00,United Kingdom,0,2532.0298356164385,Potential Customers
14245,220,2,1693.45,846.725,44,2011-03-21 10:41:00,2011-05-04 08:40:00,United Kingdom,1,204.1419178082192,At Risk Customers
14246,111,3,1474.06,491.3533333333333,135,2011-04-08 08:25:00,2011-08-21 11:50:00,United Kingdom,0,545.2002739726026,Potential Customers
14247,279,1,136.77,136.77,0,2011-03-06 15:21:00,2011-03-06 15:21:00,United Kingdom,1,0.0,At Risk Customers
14248,319,1,302.58,302.58,0,2011-01-25 14:45:00,2011-01-25 14:45:00,United Kingdom,1,0.0,At Risk Customers
14250,8,3,1904.05,634.6833333333333,82,2011-09-11 13:44:00,2011-12-02 14:30:00,United Kingdom,0,427.7591780821917,Potential Customers
14251,2,5,2879.7,575.94,56,2011-10-13 12:46:00,2011-12-08 08:32:00,United Kingdom,0,441.8169863013699,Potential Customers
14256,261,2,969.06,484.53,104,2010-12-10 11:44:00,2011-03-24 13:17:00,United Kingdom,1,276.1157260273972,At Risk Customers
14257,65,5,3099.72,619.944,254,2011-01-25 10:49:00,2011-10-06 16:54:00,United Kingdom,0,2157.065424657534,Potential Customers
14258,10,9,12669.98,1407.7755555555557,328,2011-01-06 12:18:00,2011-11-30 15:27:00,United Kingdom,0,11385.6258630137,Potential Customers
14259,142,1,120.0,120.0,0,2011-07-21 10:44:00,2011-07-21 10:44:00,United Kingdom,0,0.0,Potential Customers
14261,51,2,1163.45,581.725,28,2011-09-22 10:47:00,2011-10-20 10:04:00,United Kingdom,0,89.2509589041096,Potential Customers
14262,9,8,2618.23,327.27875,232,2011-04-13 12:23:00,2011-12-01 14:17:00,United Kingdom,0,1664.1900273972603,Potential Customers
14264,155,2,333.97,166.985,91,2011-04-08 12:20:00,2011-07-08 10:20:00,United Kingdom,1,83.26375342465754,At Risk Customers
14265,110,2,530.18,265.09,39,2011-07-14 09:10:00,2011-08-22 13:32:00,Unspecified,0,56.649369863013696,Potential Customers
14267,163,3,1516.24,505.4133333333333,98,2011-03-24 11:38:00,2011-06-30 10:09:00,United Kingdom,1,407.1000547945205,At Risk Customers
14270,332,1,492.65,492.65,0,2011-01-12 09:33:00,2011-01-12 09:33:00,United Kingdom,1,0.0,At Risk Customers
14271,226,1,112.32,112.32,0,2011-04-28 12:47:00,2011-04-28 12:47:00,United Kingdom,1,0.0,At Risk Customers
14272,74,2,437.96,218.98,181,2011-03-30 13:57:00,2011-09-27 10:08:00,United Kingdom,0,217.18016438356165,Potential Customers
14273,52,4,559.97,139.9925,191,2011-04-11 13:24:00,2011-10-19 13:20:00,United Kingdom,0,293.02539726027396,Potential Customers
14276,99,3,1119.74,373.2466666666666,191,2011-02-23 09:38:00,2011-09-02 09:45:00,United Kingdom,0,585.9461369863012,Potential Customers
14277,16,3,4188.0,1396.0,197,2011-05-11 13:20:00,2011-11-24 15:01:00,France,0,2260.372602739726,Potential Customers
14280,197,1,134.04,134.04,0,2011-05-27 10:37:00,2011-05-27 10:37:00,United Kingdom,1,0.0,At Risk Customers
14282,4,15,3701.44,246.76266666666663,364,2010-12-07 12:21:00,2011-12-06 17:04:00,United Kingdom,3,3691.29906849315,Loyal Customers
14284,31,2,595.25,297.625,56,2011-09-14 13:04:00,2011-11-09 08:11:00,United Kingdom,0,91.32602739726028,Potential Customers
14285,22,4,1910.01,477.5025,155,2011-06-16 12:36:00,2011-11-18 14:50:00,United Kingdom,0,811.1001369863013,Potential Customers
14286,24,3,4628.75,1542.9166666666665,219,2011-04-11 08:16:00,2011-11-16 10:34:00,United Kingdom,0,2777.25,Potential Customers
14287,9,3,176.63,58.876666666666665,190,2011-05-25 11:41:00,2011-12-01 13:25:00,United Kingdom,0,91.94438356164383,Potential Customers
14288,214,1,426.6,426.6,0,2011-05-10 13:22:00,2011-05-10 13:22:00,United Kingdom,1,0.0,At Risk Customers
14289,9,6,911.26,151.87666666666667,281,2011-02-23 12:33:00,2011-12-01 11:44:00,United Kingdom,0,701.5453698630137,Potential Customers
14290,12,5,2314.65,462.93,350,2010-12-13 10:24:00,2011-11-28 14:02:00,United Kingdom,0,2219.527397260274,Potential Customers
14291,2,11,3883.25,353.02272727272725,274,2011-03-09 15:20:00,2011-12-08 10:26:00,United Kingdom,0,2915.0972602739726,Potential Customers
14292,8,9,4871.93,541.3255555555556,275,2011-03-02 08:26:00,2011-12-02 11:50:00,United Kingdom,0,3670.6321917808223,Potential Customers
14293,4,4,1046.56,261.64,365,2010-12-06 10:18:00,2011-12-06 15:17:00,United Kingdom,0,1046.56,Potential Customers
14295,41,1,166.2,166.2,0,2011-10-30 15:50:00,2011-10-30 15:50:00,United Kingdom,0,0.0,Potential Customers
14297,18,4,1305.33,326.3325,257,2011-03-10 08:31:00,2011-11-22 09:06:00,United Kingdom,0,919.0953698630136,Potential Customers
14298,9,44,51527.3,1171.075,352,2010-12-14 12:59:00,2011-12-01 13:12:00,United Kingdom,3,49692.08109589042,Loyal Customers
14299,9,9,3965.62,440.62444444444446,357,2010-12-09 10:30:00,2011-12-01 16:05:00,United Kingdom,0,3878.702301369863,Potential Customers
14300,19,1,43.2,43.2,0,2011-11-21 08:57:00,2011-11-21 08:57:00,United Kingdom,0,0.0,Potential Customers
14301,118,1,640.14,640.14,0,2011-08-14 15:33:00,2011-08-14 15:33:00,United Kingdom,0,0.0,Potential Customers
14304,223,1,383.45,383.45,0,2011-05-01 11:50:00,2011-05-01 11:50:00,United Kingdom,1,0.0,At Risk Customers
14305,72,3,1858.96,619.6533333333333,64,2011-07-27 14:14:00,2011-09-29 15:29:00,United Kingdom,0,325.95463013698634,Potential Customers
14306,52,2,2093.32,1046.66,34,2011-09-15 10:31:00,2011-10-19 13:23:00,United Kingdom,0,194.99419178082195,Potential Customers
14307,89,6,2995.72,499.28666666666663,285,2010-12-01 11:41:00,2011-09-12 09:38:00,United Kingdom,0,2339.123835616438,Potential Customers
14309,9,9,2352.53,261.39222222222224,350,2010-12-16 13:05:00,2011-12-01 13:33:00,United Kingdom,0,2255.8506849315067,Potential Customers
14311,243,1,310.26,310.26,0,2011-04-11 10:14:00,2011-04-11 10:14:00,United Kingdom,1,0.0,At Risk Customers
14312,47,6,1611.59,268.5983333333333,291,2011-01-06 16:35:00,2011-10-24 09:46:00,United Kingdom,0,1284.8566849315066,Potential Customers
14314,107,1,120.0,120.0,0,2011-08-25 10:39:00,2011-08-25 10:39:00,United Kingdom,0,0.0,Potential Customers
14315,45,6,2481.13,413.52166666666665,222,2011-03-18 12:59:00,2011-10-26 12:06:00,United Kingdom,0,1509.0708493150687,Potential Customers
14317,65,1,508.58,508.58,0,2011-10-06 10:44:00,2011-10-06 10:44:00,United Kingdom,0,0.0,Potential Customers
14320,207,2,477.79,238.895,126,2011-01-11 09:12:00,2011-05-17 09:24:00,United Kingdom,1,164.93572602739727,At Risk Customers
14321,11,5,1530.75,306.15,323,2011-01-10 11:35:00,2011-11-29 09:47:00,United Kingdom,0,1354.608904109589,Potential Customers
14323,115,2,605.06,302.53,124,2011-04-15 11:44:00,2011-08-17 11:37:00,United Kingdom,0,205.55463013698628,Potential Customers
14326,243,1,183.85,183.85,0,2011-04-11 15:04:00,2011-04-11 15:04:00,United Kingdom,1,0.0,At Risk Customers
14327,164,1,311.65,311.65,0,2011-06-29 13:58:00,2011-06-29 13:58:00,United Kingdom,1,0.0,At Risk Customers
14329,18,7,4975.24,710.7485714285714,312,2011-01-14 13:42:00,2011-11-22 15:50:00,United Kingdom,0,4252.807890410959,Potential Customers
14331,125,2,462.66,231.33,11,2011-07-27 15:14:00,2011-08-07 13:17:00,United Kingdom,0,13.943178082191782,Potential Customers
14332,23,3,840.21,280.07,125,2011-07-15 10:33:00,2011-11-17 11:54:00,United Kingdom,0,287.7431506849315,Potential Customers
14333,68,1,415.2,415.2,0,2011-10-03 10:38:00,2011-10-03 10:38:00,United Kingdom,0,0.0,Potential Customers
14334,17,8,2552.21,319.02625,342,2010-12-16 17:37:00,2011-11-23 10:01:00,United Kingdom,0,2391.385808219178,Potential Customers
14335,17,2,454.86,227.43,80,2011-09-04 13:07:00,2011-11-23 13:41:00,Germany,0,99.69534246575343,Potential Customers
14336,17,4,1614.91,403.7275,260,2011-03-08 16:48:00,2011-11-23 11:40:00,United Kingdom,0,1150.3468493150685,Potential Customers
14338,162,2,588.22,294.11,35,2011-05-27 13:30:00,2011-07-01 14:08:00,United Kingdom,1,56.404657534246574,At Risk Customers
14339,243,1,309.52,309.52,0,2011-04-11 11:06:00,2011-04-11 11:06:00,United Kingdom,1,0.0,At Risk Customers
14340,219,1,134.7,134.7,0,2011-05-05 09:44:00,2011-05-05 09:44:00,United Kingdom,1,0.0,At Risk Customers
14341,46,8,2166.98,270.8725,273,2011-01-25 13:55:00,2011-10-25 15:48:00,United Kingdom,0,1620.782301369863,Potential Customers
14342,22,4,668.56,167.14,189,2011-05-13 13:50:00,2011-11-18 13:21:00,United Kingdom,0,346.18586301369857,Potential Customers
14344,128,8,889.93,111.24125,241,2010-12-06 11:58:00,2011-08-04 13:51:00,United Kingdom,0,587.5976164383561,Potential Customers
14345,39,1,108.98,108.98,0,2011-11-01 09:51:00,2011-11-01 09:51:00,United Kingdom,0,0.0,Potential Customers
14346,121,2,1021.58,510.79,177,2011-02-15 13:52:00,2011-08-11 09:47:00,United Kingdom,0,495.3963287671233,Potential Customers
14348,261,1,409.57,409.57,0,2011-03-24 16:23:00,2011-03-24 16:23:00,United Kingdom,1,0.0,At Risk Customers
14349,11,1,133.5,133.5,0,2011-11-29 15:39:00,2011-11-29 15:39:00,United Kingdom,0,0.0,Potential Customers
14350,275,1,282.93,282.93,0,2011-03-10 14:14:00,2011-03-10 14:14:00,United Kingdom,1,0.0,At Risk Customers
14351,165,1,51.0,51.0,0,2011-06-28 11:56:00,2011-06-28 11:56:00,United Kingdom,1,0.0,At Risk Customers
14352,158,4,1078.96,269.74,116,2011-03-11 14:58:00,2011-07-05 15:41:00,United Kingdom,1,342.9023561643836,At Risk Customers
14353,216,1,90.6,90.6,0,2011-05-08 16:06:00,2011-05-08 16:06:00,United Kingdom,1,0.0,At Risk Customers
14354,6,2,163.62,81.81,25,2011-11-09 15:36:00,2011-12-04 11:32:00,United Kingdom,0,11.206849315068492,Potential Customers
14355,366,1,174.4,174.4,0,2010-12-09 12:16:00,2010-12-09 12:16:00,United Kingdom,1,0.0,At Risk Customers
14356,80,2,701.23,350.615,2,2011-09-19 14:43:00,2011-09-21 09:18:00,United Kingdom,0,3.842356164383562,Potential Customers
14357,44,1,225.12,225.12,0,2011-10-27 16:23:00,2011-10-27 16:23:00,United Kingdom,0,0.0,Potential Customers
14359,20,3,912.18,304.06,68,2011-09-13 09:03:00,2011-11-20 13:17:00,United Kingdom,0,169.94038356164387,Potential Customers
14360,32,4,2118.03,529.5075,63,2011-09-06 11:58:00,2011-11-08 09:12:00,United Kingdom,0,365.5777808219179,Potential Customers
14362,23,1,151.5,151.5,0,2011-11-17 15:08:00,2011-11-17 15:08:00,United Kingdom,0,0.0,Potential Customers
14364,109,8,3717.35,464.66875,103,2011-05-12 12:56:00,2011-08-23 11:01:00,United Kingdom,0,1049.0056164383561,Potential Customers
14367,9,16,9227.82,576.73875,268,2011-03-08 14:12:00,2011-12-01 13:19:00,United Kingdom,3,6775.495232876712,Loyal Customers
14368,320,1,155.0,155.0,0,2011-01-24 09:52:00,2011-01-24 09:52:00,United Kingdom,1,0.0,At Risk Customers
14371,296,1,100.5,100.5,0,2011-02-17 16:35:00,2011-02-17 16:35:00,United Kingdom,1,0.0,At Risk Customers
14373,359,1,76.55,76.55,0,2010-12-16 15:40:00,2010-12-16 15:40:00,United Kingdom,1,0.0,At Risk Customers
14375,186,1,235.56,235.56,0,2011-06-07 13:44:00,2011-06-07 13:44:00,United Kingdom,1,0.0,At Risk Customers
14377,192,2,617.05,308.525,71,2011-03-22 13:38:00,2011-06-01 13:32:00,United Kingdom,1,120.02890410958904,At Risk Customers
14379,45,2,348.1,174.05,251,2011-02-17 15:03:00,2011-10-26 16:43:00,United Kingdom,0,239.37835616438355,Potential Customers
14381,53,1,202.68,202.68,0,2011-10-18 17:10:00,2011-10-18 17:10:00,United Kingdom,0,0.0,Potential Customers
14382,27,1,615.49,615.49,0,2011-11-13 16:18:00,2011-11-13 16:18:00,United Kingdom,0,0.0,Potential Customers
14383,39,3,1247.69,415.89666666666665,125,2011-06-29 10:18:00,2011-11-01 15:53:00,United Kingdom,0,427.29109589041093,Potential Customers
14385,10,3,202.11,67.37,14,2011-11-16 11:55:00,2011-11-30 15:36:00,United Kingdom,0,7.752164383561645,Potential Customers
14386,297,1,142.4,142.4,0,2011-02-16 09:45:00,2011-02-16 09:45:00,United Kingdom,1,0.0,At Risk Customers
14387,33,3,1727.6,575.8666666666667,77,2011-08-22 14:13:00,2011-11-07 12:29:00,United Kingdom,0,364.452602739726,Potential Customers
14388,11,8,3212.84,401.605,362,2010-12-02 11:02:00,2011-11-29 13:32:00,United Kingdom,0,3186.433095890411,Potential Customers
14389,66,2,1043.46,521.73,125,2011-06-02 12:04:00,2011-10-05 15:17:00,United Kingdom,0,357.3493150684931,Potential Customers
14390,11,9,4642.57,515.8411111111111,362,2010-12-02 11:57:00,2011-11-29 13:49:00,United Kingdom,0,4604.411890410959,Potential Customers
14393,219,1,67.95,67.95,0,2011-05-05 18:16:00,2011-05-05 18:16:00,United Kingdom,1,0.0,At Risk Customers
14395,3,9,3479.91,386.65666666666664,370,2010-12-02 18:15:00,2011-12-07 14:34:00,United Kingdom,0,3527.58,Potential Customers
14396,66,2,487.99,243.995,306,2010-12-03 15:19:00,2011-10-05 16:09:00,United Kingdom,0,409.10942465753425,Potential Customers
14397,3,19,2612.96,137.52421052631578,211,2011-05-10 12:25:00,2011-12-07 09:22:00,United Kingdom,3,1510.5056438356164,Loyal Customers
14400,150,1,574.7,574.7,0,2011-07-13 15:50:00,2011-07-13 15:50:00,United Kingdom,1,0.0,At Risk Customers
14401,5,13,4051.48,311.65230769230766,355,2010-12-15 09:07:00,2011-12-05 13:30:00,United Kingdom,0,3940.480547945205,Potential Customers
14403,131,4,1475.81,368.9525,117,2011-04-06 14:23:00,2011-08-01 12:57:00,United Kingdom,0,473.0678630136986,Potential Customers
14404,34,6,1449.32,241.5533333333333,336,2010-12-05 16:00:00,2011-11-06 12:30:00,United Kingdom,0,1334.1685479452053,Potential Customers
14406,120,1,156.75,156.75,0,2011-08-12 16:54:00,2011-08-12 16:54:00,United Kingdom,0,0.0,Potential Customers
14407,108,6,2157.73,359.6216666666666,169,2011-03-08 11:59:00,2011-08-24 14:02:00,United Kingdom,0,999.0585479452052,Potential Customers
14408,11,7,2599.03,371.29,254,2011-03-20 14:41:00,2011-11-29 11:41:00,United Kingdom,0,1808.6400547945207,Potential Customers
14409,72,6,2059.45,343.2416666666666,297,2010-12-06 15:03:00,2011-09-29 18:18:00,United Kingdom,0,1675.7716438356163,Potential Customers
14410,93,9,1100.27,122.25222222222222,213,2011-02-07 09:36:00,2011-09-08 15:08:00,United Kingdom,0,642.0753698630137,Potential Customers
14411,311,1,1063.0,1063.0,0,2011-02-02 10:56:00,2011-02-02 10:56:00,United Kingdom,1,0.0,At Risk Customers
14412,43,2,770.03,385.015,30,2011-09-28 08:48:00,2011-10-28 10:45:00,United Kingdom,0,63.29013698630136,Potential Customers
14413,363,1,121.05,121.05,0,2010-12-12 13:37:00,2010-12-12 13:37:00,United Kingdom,1,0.0,At Risk Customers
14414,92,7,1496.98,213.85428571428568,267,2010-12-16 11:11:00,2011-09-09 12:09:00,United Kingdom,0,1095.051123287671,Potential Customers
14415,2,13,5855.57,450.42846153846153,359,2010-12-14 13:31:00,2011-12-08 14:38:00,United Kingdom,0,5759.31405479452,Potential Customers
14416,23,2,490.22,245.11,20,2011-10-28 15:10:00,2011-11-17 15:22:00,United Kingdom,0,26.8613698630137,Potential Customers
14418,4,3,1937.25,645.75,105,2011-08-23 17:18:00,2011-12-06 11:39:00,United Kingdom,0,557.2910958904109,Potential Customers
14419,11,6,1051.79,175.29833333333332,354,2010-12-10 10:56:00,2011-11-29 11:22:00,United Kingdom,0,1020.0922191780821,Potential Customers
14420,100,1,387.52,387.52,0,2011-09-01 18:07:00,2011-09-01 18:07:00,United Kingdom,0,0.0,Potential Customers
14421,58,2,813.11,406.555,154,2011-05-12 10:49:00,2011-10-13 13:24:00,United Kingdom,0,343.0655890410959,Potential Customers
14422,1,6,4263.64,710.6066666666667,267,2011-03-17 17:26:00,2011-12-09 11:26:00,United Kingdom,0,3118.881863013699,Potential Customers
14423,219,1,265.2,265.2,0,2011-05-05 15:12:00,2011-05-05 15:12:00,United Kingdom,1,0.0,At Risk Customers
14424,18,1,322.08,322.08,0,2011-11-22 11:48:00,2011-11-22 11:48:00,United Kingdom,0,0.0,Potential Customers
14426,24,10,4481.67,448.167,289,2011-01-31 09:51:00,2011-11-16 12:25:00,United Kingdom,0,3548.5003561643834,Potential Customers
14427,51,2,363.34,181.67,13,2011-10-07 09:10:00,2011-10-20 14:23:00,United Kingdom,0,12.940876712328766,Potential Customers
14428,8,5,1224.06,244.812,318,2011-01-18 16:39:00,2011-12-02 13:17:00,United Kingdom,0,1066.4413150684932,Potential Customers
14431,303,1,470.36,470.36,0,2011-02-10 10:40:00,2011-02-10 10:40:00,United Kingdom,1,0.0,At Risk Customers
14432,10,6,2248.5,374.75,80,2011-09-11 14:09:00,2011-11-30 08:04:00,United Kingdom,0,492.82191780821915,Potential Customers
14434,22,6,1372.8,228.8,51,2011-09-28 15:31:00,2011-11-18 08:56:00,United Kingdom,0,191.81589041095893,Potential Customers
14436,99,1,89.06,89.06,0,2011-09-02 10:13:00,2011-09-02 10:13:00,United Kingdom,0,0.0,Potential Customers
14437,366,1,63.0,63.0,0,2010-12-09 09:27:00,2010-12-09 09:27:00,United Kingdom,1,0.0,At Risk Customers
14438,307,1,131.9,131.9,0,2011-02-06 14:56:00,2011-02-06 14:56:00,United Kingdom,1,0.0,At Risk Customers
14439,320,1,2661.24,2661.24,0,2011-01-24 11:39:00,2011-01-24 11:39:00,Greece,1,0.0,At Risk Customers
14440,9,5,2357.68,471.536,357,2010-12-09 12:49:00,2011-12-01 15:42:00,United Kingdom,0,2306.004821917808,Potential Customers
14441,1,4,1712.89,428.2225,255,2011-03-29 12:01:00,2011-12-09 09:07:00,United Kingdom,0,1196.6765753424659,Potential Customers
14442,205,2,1589.82,794.91,112,2011-01-27 09:33:00,2011-05-19 11:36:00,Channel Islands,1,487.83517808219176,At Risk Customers
14443,54,4,1420.2,355.05,315,2010-12-06 11:03:00,2011-10-17 10:10:00,United Kingdom,0,1225.6520547945206,Potential Customers
14446,1,4,1010.35,252.5875,246,2011-04-07 12:10:00,2011-12-09 11:34:00,United Kingdom,0,680.9482191780822,Potential Customers
14447,19,5,1163.23,232.646,262,2011-03-04 10:49:00,2011-11-21 08:28:00,United Kingdom,0,834.9760547945206,Potential Customers
14448,10,2,375.35,187.675,355,2010-12-10 17:26:00,2011-11-30 13:50:00,United Kingdom,0,365.0664383561644,Potential Customers
14449,19,4,885.8,221.45,354,2010-12-02 14:09:00,2011-11-21 12:06:00,United Kingdom,0,859.1046575342466,Potential Customers
14450,181,3,483.25,161.08333333333331,140,2011-01-23 11:53:00,2011-06-12 10:46:00,United Kingdom,1,185.3561643835616,At Risk Customers
14451,61,2,643.9,321.95,134,2011-05-29 12:35:00,2011-10-10 13:38:00,United Kingdom,0,236.39068493150683,Potential Customers
14452,11,2,259.05,129.525,83,2011-09-07 11:32:00,2011-11-29 12:06:00,United Kingdom,0,58.90726027397261,Potential Customers
14453,191,1,119.93,119.93,0,2011-06-02 14:15:00,2011-06-02 14:15:00,United Kingdom,1,0.0,At Risk Customers
14456,6,9,3017.28,335.25333333333333,137,2011-07-20 13:06:00,2011-12-04 13:59:00,United Kingdom,0,1132.513315068493,Potential Customers
14457,311,1,113.64,113.64,0,2011-02-02 09:39:00,2011-02-02 09:39:00,United Kingdom,1,0.0,At Risk Customers
14459,156,1,1837.92,1837.92,0,2011-07-07 13:35:00,2011-07-07 13:35:00,United Kingdom,1,0.0,At Risk Customers
14460,111,3,434.34,144.78,200,2011-02-02 11:55:00,2011-08-21 14:19:00,United Kingdom,0,237.9945205479452,Potential Customers
14461,149,3,2103.06,701.02,113,2011-03-23 12:15:00,2011-07-14 17:11:00,United Kingdom,1,651.0843287671232,At Risk Customers
14462,67,11,1980.57,180.0518181818182,273,2011-01-04 12:45:00,2011-10-04 15:55:00,United Kingdom,0,1481.3578356164385,Potential Customers
14463,99,3,529.62,176.54,107,2011-05-18 14:42:00,2011-09-02 15:20:00,United Kingdom,0,155.25846575342467,Potential Customers
14465,247,3,1038.44,346.14666666666665,56,2011-02-10 12:13:00,2011-04-07 12:38:00,United Kingdom,1,159.32230136986303,At Risk Customers
14466,30,7,2272.4,324.62857142857143,343,2010-12-02 13:36:00,2011-11-10 14:07:00,United Kingdom,0,2135.4334246575345,Potential Customers
14467,18,4,596.26,149.065,295,2011-01-31 12:35:00,2011-11-22 12:48:00,United Kingdom,0,481.90876712328765,Potential Customers
14470,12,2,461.19,230.595,276,2011-02-25 11:56:00,2011-11-28 10:31:00,United Kingdom,0,348.7354520547945,Potential Customers
14472,104,8,1852.67,231.58375,252,2010-12-19 14:03:00,2011-08-28 11:01:00,United Kingdom,0,1279.1036712328769,Potential Customers
14473,75,2,234.34,117.17,208,2011-03-02 13:56:00,2011-09-26 15:10:00,United Kingdom,0,133.54169863013698,Potential Customers
14474,47,1,547.66,547.66,0,2011-10-24 13:26:00,2011-10-24 13:26:00,United Kingdom,0,0.0,Potential Customers
14475,72,3,925.85,308.6166666666666,233,2011-02-08 10:12:00,2011-09-29 10:46:00,United Kingdom,0,591.0220547945205,Potential Customers
14476,258,1,193.0,193.0,0,2011-03-27 15:39:00,2011-03-27 15:39:00,United Kingdom,1,0.0,At Risk Customers
14477,20,4,1309.6,327.4,278,2011-02-15 15:44:00,2011-11-20 11:11:00,United Kingdom,0,997.4487671232876,Potential Customers
14479,254,2,316.25,158.125,112,2010-12-09 12:59:00,2011-03-31 09:07:00,United Kingdom,1,97.04109589041096,At Risk Customers
14480,12,1,279.05,279.05,0,2011-11-28 16:35:00,2011-11-28 16:35:00,United Kingdom,0,0.0,Potential Customers
14481,165,2,636.51,318.255,123,2011-02-25 13:53:00,2011-06-28 10:38:00,United Kingdom,1,214.4951506849315,At Risk Customers
14482,19,6,2022.81,337.135,221,2011-04-14 16:41:00,2011-11-21 13:14:00,United Kingdom,0,1224.7698904109589,Potential Customers
14483,282,1,137.1,137.1,0,2011-03-03 10:26:00,2011-03-03 10:26:00,United Kingdom,1,0.0,At Risk Customers
14484,51,1,321.92,321.92,0,2011-10-20 14:11:00,2011-10-20 14:11:00,United Kingdom,0,0.0,Potential Customers
14485,39,1,162.8,162.8,0,2011-11-01 12:25:00,2011-11-01 12:25:00,United Kingdom,0,0.0,Potential Customers
14487,27,6,1165.48,194.24666666666664,342,2010-12-06 13:22:00,2011-11-13 12:17:00,United Kingdom,0,1092.0387945205478,Potential Customers
14488,68,1,1064.28,1064.28,0,2011-10-03 09:30:00,2011-10-03 09:30:00,United Kingdom,0,0.0,Potential Customers
14489,208,1,463.38,463.38,0,2011-05-16 14:51:00,2011-05-16 14:51:00,United Kingdom,1,0.0,At Risk Customers
14491,176,2,340.93,170.465,197,2010-12-02 12:10:00,2011-06-17 15:22:00,United Kingdom,1,184.00879452054795,At Risk Customers
14493,8,5,2383.24,476.648,148,2011-07-07 16:59:00,2011-12-02 16:14:00,United Kingdom,0,966.3548493150686,Potential Customers
14494,26,1,139.56,139.56,0,2011-11-14 09:21:00,2011-11-14 09:21:00,United Kingdom,0,0.0,Potential Customers
14495,51,2,123.8,61.9,71,2011-08-10 14:13:00,2011-10-20 12:28:00,United Kingdom,0,24.08164383561644,Potential Customers
14496,312,2,538.81,269.405,62,2010-12-01 15:35:00,2011-02-01 09:01:00,United Kingdom,1,91.5238904109589,At Risk Customers
14497,310,1,475.37,475.37,0,2011-02-03 17:01:00,2011-02-03 17:01:00,United Kingdom,1,0.0,At Risk Customers
14498,43,5,1957.32,391.464,319,2010-12-13 11:29:00,2011-10-28 12:09:00,United Kingdom,0,1710.6440547945203,Potential Customers
14499,27,3,808.44,269.48,252,2011-03-06 11:55:00,2011-11-13 13:01:00,United Kingdom,0,558.1558356164385,Potential Customers
14500,89,3,356.85,118.95,101,2011-06-03 10:08:00,2011-09-12 16:45:00,United Kingdom,0,98.74479452054794,Potential Customers
14501,184,2,251.21,125.605,136,2011-01-24 10:43:00,2011-06-09 12:02:00,United Kingdom,1,93.60153424657535,At Risk Customers
14502,20,11,2429.83,220.8936363636364,294,2011-01-30 15:52:00,2011-11-20 11:50:00,United Kingdom,0,1957.1781369863018,Potential Customers
14503,4,6,3543.26,590.5433333333333,175,2011-06-14 10:00:00,2011-12-06 13:30:00,United Kingdom,0,1698.8232876712327,Potential Customers
14504,48,4,673.26,168.315,231,2011-03-06 14:38:00,2011-10-23 16:00:00,United Kingdom,0,426.09057534246574,Potential Customers
14505,18,8,5859.43,732.42875,345,2010-12-12 16:14:00,2011-11-22 15:45:00,United Kingdom,0,5538.365342465754,Potential Customers
14506,18,5,1960.65,392.13,352,2010-12-05 14:25:00,2011-11-22 13:02:00,United Kingdom,0,1890.8186301369865,Potential Customers
14507,24,6,1367.88,227.98,253,2011-03-08 17:23:00,2011-11-16 12:21:00,United Kingdom,0,948.1469589041095,Potential Customers
14508,23,2,268.05,134.025,67,2011-09-11 11:29:00,2011-11-17 19:48:00,United Kingdom,0,49.203698630136984,Potential Customers
14511,12,5,1314.81,262.962,122,2011-07-29 12:13:00,2011-11-28 17:05:00,United Kingdom,0,439.4707397260274,Potential Customers
14512,188,2,275.28,137.64,45,2011-04-21 19:05:00,2011-06-05 12:39:00,United Kingdom,1,33.9386301369863,At Risk Customers
14513,101,3,455.59,151.86333333333332,188,2011-02-24 09:36:00,2011-08-31 11:25:00,United Kingdom,0,234.6600547945205,Potential Customers
14514,62,3,990.2,330.06666666666666,270,2011-01-12 15:22:00,2011-10-09 16:05:00,United Kingdom,0,732.4767123287671,Potential Customers
14515,18,6,2076.89,346.1483333333333,201,2011-05-05 12:13:00,2011-11-22 11:37:00,United Kingdom,0,1143.71202739726,Potential Customers
14517,34,2,330.45,165.225,108,2011-07-21 11:42:00,2011-11-06 14:20:00,United Kingdom,0,97.77698630136986,Potential Customers
14518,65,1,174.37,174.37,0,2011-10-06 14:43:00,2011-10-06 14:43:00,United Kingdom,0,0.0,Potential Customers
14520,2,2,270.6,135.3,289,2011-02-22 09:15:00,2011-12-08 09:46:00,United Kingdom,0,214.25589041095893,Potential Customers
14522,25,4,974.54,243.635,174,2011-05-25 16:01:00,2011-11-15 13:24:00,United Kingdom,0,464.5752328767123,Potential Customers
14523,109,1,241.09,241.09,0,2011-08-23 13:13:00,2011-08-23 13:13:00,United Kingdom,0,0.0,Potential Customers
14524,32,9,1843.83,204.87,329,2010-12-14 11:01:00,2011-11-08 12:29:00,United Kingdom,0,1661.9727945205477,Potential Customers
14525,20,9,4215.9,468.4333333333333,342,2010-12-13 17:40:00,2011-11-20 11:37:00,United Kingdom,0,3950.2405479452054,Potential Customers
14527,3,55,8507.13,154.6750909090909,367,2010-12-05 13:17:00,2011-12-07 12:19:00,United Kingdom,3,8553.744410958903,Loyal Customers
14528,38,1,364.22,364.22,0,2011-11-02 17:09:00,2011-11-02 17:09:00,United Kingdom,0,0.0,Potential Customers
14529,61,3,578.61,192.87,50,2011-08-21 14:10:00,2011-10-10 15:27:00,United Kingdom,0,79.26164383561644,Potential Customers
14530,26,6,2862.11,477.01833333333326,271,2011-02-16 10:47:00,2011-11-14 10:38:00,United Kingdom,0,2125.0186575342464,Potential Customers
14532,237,4,932.85,233.2125,116,2010-12-22 13:48:00,2011-04-17 13:05:00,United Kingdom,1,296.467397260274,At Risk Customers
14533,25,7,1949.72,278.53142857142853,328,2010-12-22 11:07:00,2011-11-15 12:05:00,United Kingdom,0,1752.0771506849312,Potential Customers
14534,3,18,4397.3,244.29444444444445,316,2011-01-25 12:33:00,2011-12-07 12:19:00,United Kingdom,3,3806.9775342465755,Loyal Customers
14535,61,3,2854.84,951.6133333333331,188,2011-04-05 12:50:00,2011-10-10 15:39:00,United Kingdom,0,1470.438136986301,Potential Customers
14536,260,1,170.95,170.95,0,2011-03-25 12:21:00,2011-03-25 12:21:00,United Kingdom,1,0.0,At Risk Customers
14537,58,1,355.56,355.56,0,2011-10-13 10:54:00,2011-10-13 10:54:00,United Kingdom,0,0.0,Potential Customers
14538,65,2,388.25,194.125,192,2011-03-28 14:57:00,2011-10-06 10:31:00,United Kingdom,0,204.23013698630135,Potential Customers
14539,16,2,537.48,268.74,29,2011-10-26 12:03:00,2011-11-24 09:50:00,United Kingdom,0,42.70389041095891,Potential Customers
14540,10,3,952.66,317.55333333333334,300,2011-02-03 15:02:00,2011-11-30 10:15:00,United Kingdom,0,783.0082191780822,Potential Customers
14541,59,8,1453.35,181.66875,261,2011-01-24 14:16:00,2011-10-12 10:08:00,United Kingdom,0,1039.2447945205479,Potential Customers
14542,186,1,103.25,103.25,0,2011-06-07 08:19:00,2011-06-07 08:19:00,United Kingdom,1,0.0,At Risk Customers
14543,29,16,3599.73,224.983125,336,2010-12-10 11:51:00,2011-11-11 12:45:00,United Kingdom,3,3313.7240547945207,Loyal Customers
14544,25,2,2004.3,1002.15,337,2010-12-13 12:50:00,2011-11-15 15:06:00,United Kingdom,0,1850.5454794520547,Potential Customers
14546,6,5,2573.93,514.786,243,2011-04-05 12:37:00,2011-12-04 13:00:00,United Kingdom,0,1713.6027123287672,Potential Customers
14547,4,8,3974.75,496.84375,51,2011-10-16 14:35:00,2011-12-06 11:06:00,United Kingdom,0,555.3760273972603,Potential Customers
14548,151,2,652.8,326.4,167,2011-01-26 08:38:00,2011-07-12 12:19:00,United Kingdom,1,298.67835616438356,At Risk Customers
14549,312,1,289.24,289.24,0,2011-02-01 13:47:00,2011-02-01 13:47:00,United Kingdom,1,0.0,At Risk Customers
14550,11,2,757.37,378.685,34,2011-10-26 12:14:00,2011-11-29 12:12:00,United Kingdom,0,70.54953424657535,Potential Customers
14551,19,2,186.23,93.115,186,2011-05-19 18:21:00,2011-11-21 13:36:00,United Kingdom,0,94.90076712328766,Potential Customers
14552,152,1,164.22,164.22,0,2011-07-11 12:49:00,2011-07-11 12:49:00,United Kingdom,1,0.0,At Risk Customers
14553,20,5,859.27,171.854,320,2011-01-04 15:40:00,2011-11-20 13:20:00,United Kingdom,0,753.3326027397261,Potential Customers
14554,11,4,2279.49,569.8725,42,2011-10-18 13:04:00,2011-11-29 16:44:00,United Kingdom,0,262.29747945205474,Potential Customers
14555,58,2,312.54,156.27,245,2011-02-10 17:19:00,2011-10-13 16:24:00,United Kingdom,0,209.78712328767125,Potential Customers
14557,86,1,788.38,788.38,0,2011-09-15 15:48:00,2011-09-15 15:48:00,United Kingdom,0,0.0,Potential Customers
14560,8,22,2237.77,101.71681818181818,350,2010-12-17 09:22:00,2011-12-02 15:22:00,United Kingdom,3,2145.8068493150686,Loyal Customers
14561,76,3,1080.76,360.25333333333333,109,2011-06-08 13:26:00,2011-09-25 12:39:00,United Kingdom,0,322.7475068493151,Potential Customers
14562,4,18,5006.77,278.1538888888889,301,2011-02-08 14:45:00,2011-12-06 11:05:00,United Kingdom,3,4128.870602739727,Loyal Customers
14565,96,4,3099.12,774.78,266,2010-12-13 13:25:00,2011-09-05 09:07:00,United Kingdom,0,2258.5367671232875,Potential Customers
14566,111,1,1432.0,1432.0,0,2011-08-21 11:05:00,2011-08-21 11:05:00,Channel Islands,0,0.0,Potential Customers
14567,57,2,1530.36,765.18,74,2011-08-01 13:48:00,2011-10-14 10:21:00,United Kingdom,0,310.26476712328764,Potential Customers
14569,2,1,227.39,227.39,0,2011-12-08 14:58:00,2011-12-08 14:58:00,United Kingdom,0,0.0,Potential Customers
14570,281,2,218.06,109.03,0,2011-03-04 10:39:00,2011-03-04 10:58:00,United Kingdom,1,0.0,At Risk Customers
14572,4,7,2804.54,400.64857142857136,321,2011-01-19 17:23:00,2011-12-06 14:40:00,United Kingdom,0,2466.458465753424,Potential Customers
14573,180,9,1639.82,182.20222222222225,193,2010-12-02 19:59:00,2011-06-13 11:15:00,United Kingdom,1,867.0829041095892,At Risk Customers
14576,373,1,35.4,35.4,0,2010-12-02 17:51:00,2010-12-02 17:51:00,United Kingdom,1,0.0,At Risk Customers
14577,13,4,859.71,214.9275,350,2010-12-12 11:26:00,2011-11-27 12:47:00,United Kingdom,0,824.3794520547945,Potential Customers
14578,4,1,168.63,168.63,0,2011-12-06 17:18:00,2011-12-06 17:18:00,United Kingdom,0,0.0,Potential Customers
14581,17,1,138.6,138.6,0,2011-11-23 12:39:00,2011-11-23 12:39:00,United Kingdom,0,0.0,Potential Customers
14582,41,1,114.11,114.11,0,2011-10-30 11:56:00,2011-10-30 11:56:00,United Kingdom,0,0.0,Potential Customers
14583,6,5,986.96,197.392,200,2011-05-18 11:28:00,2011-12-04 12:32:00,United Kingdom,0,540.8,Potential Customers
14584,170,4,1033.06,258.265,29,2011-05-25 17:31:00,2011-06-23 18:33:00,United Kingdom,1,82.0787397260274,At Risk Customers
14585,51,1,157.05,157.05,0,2011-10-20 14:33:00,2011-10-20 14:33:00,United Kingdom,0,0.0,Potential Customers
14586,277,1,237.36,237.36,0,2011-03-08 10:04:00,2011-03-08 10:04:00,United Kingdom,1,0.0,At Risk Customers
14587,19,9,1580.29,175.58777777777777,313,2011-01-12 13:16:00,2011-11-21 11:34:00,United Kingdom,0,1355.152794520548,Potential Customers
14589,372,1,39.75,39.75,0,2010-12-03 11:42:00,2010-12-03 11:42:00,United Kingdom,1,0.0,At Risk Customers
14591,16,4,1320.21,330.0525,198,2011-05-10 14:09:00,2011-11-24 13:57:00,United Kingdom,0,716.1687123287671,Potential Customers
14592,36,3,557.94,185.98,29,2011-10-06 18:08:00,2011-11-04 16:35:00,United Kingdom,0,44.32947945205479,Potential Customers
14593,22,3,617.15,205.71666666666664,177,2011-05-25 11:14:00,2011-11-18 12:48:00,United Kingdom,0,299.27547945205475,Potential Customers
14594,8,2,363.33,181.665,366,2010-12-01 13:54:00,2011-12-02 13:28:00,United Kingdom,0,364.32542465753426,Potential Customers
14595,20,6,1740.6,290.1,294,2011-01-30 13:36:00,2011-11-20 12:12:00,United Kingdom,0,1402.0175342465755,Potential Customers
14597,12,2,866.24,433.12,180,2011-06-01 12:33:00,2011-11-28 13:13:00,United Kingdom,0,427.18684931506846,Potential Customers
14598,45,1,221.97,221.97,0,2011-10-26 13:19:00,2011-10-26 13:19:00,United Kingdom,0,0.0,Potential Customers
14600,306,1,393.33,393.33,0,2011-02-07 09:48:00,2011-02-07 09:48:00,United Kingdom,1,0.0,At Risk Customers
14601,11,1,213.96,213.96,0,2011-11-29 09:48:00,2011-11-29 09:48:00,United Kingdom,0,0.0,Potential Customers
14603,275,1,660.0,660.0,0,2011-03-10 10:27:00,2011-03-10 10:27:00,United Kingdom,1,0.0,At Risk Customers
14606,2,93,12076.15,129.8510752688172,372,2010-12-01 16:57:00,2011-12-08 19:28:00,United Kingdom,3,12307.747397260275,Loyal Customers
14607,16,14,16209.5,1157.8214285714284,246,2011-03-23 15:22:00,2011-11-24 10:35:00,United Kingdom,3,10924.758904109587,Loyal Customers
14608,5,4,1785.15,446.2875,358,2010-12-12 14:49:00,2011-12-05 16:52:00,United Kingdom,0,1750.9142465753425,Potential Customers
14609,73,4,601.56,150.39,224,2011-02-16 12:10:00,2011-09-28 12:54:00,United Kingdom,0,369.17654794520547,Potential Customers
14616,243,3,406.08,135.36,75,2011-01-26 12:42:00,2011-04-11 09:54:00,United Kingdom,1,83.44109589041096,At Risk Customers
14618,10,3,553.44,184.48,328,2011-01-06 11:59:00,2011-11-30 13:45:00,United Kingdom,0,497.33786301369855,Potential Customers
14619,246,1,394.44,394.44,0,2011-04-08 07:37:00,2011-04-08 07:37:00,United Kingdom,1,0.0,At Risk Customers
14620,206,2,412.78,206.39,78,2011-03-01 08:30:00,2011-05-18 11:58:00,United Kingdom,1,88.21052054794521,At Risk Customers
14621,2,5,1788.36,357.672,357,2010-12-16 13:00:00,2011-12-08 16:22:00,United Kingdom,0,1749.1630684931508,Potential Customers
14622,185,1,320.58,320.58,0,2011-06-08 12:42:00,2011-06-08 12:42:00,United Kingdom,1,0.0,At Risk Customers
14623,33,5,886.7,177.34,203,2011-04-18 13:54:00,2011-11-07 13:56:00,United Kingdom,0,493.15095890410964,Potential Customers
14624,58,2,225.85,112.925,2,2011-10-11 14:39:00,2011-10-13 13:44:00,United Kingdom,0,1.2375342465753425,Potential Customers
14625,197,2,899.63,449.815,165,2010-12-13 15:36:00,2011-05-27 15:32:00,United Kingdom,1,406.6820547945205,At Risk Customers
14626,24,4,2791.27,697.8175,210,2011-04-20 13:18:00,2011-11-16 10:37:00,United Kingdom,0,1605.9361643835616,Potential Customers
14628,92,2,671.96,335.98,151,2011-04-11 14:43:00,2011-09-09 14:58:00,United Kingdom,0,277.9889315068493,Potential Customers
14629,5,2,955.26,477.63,43,2011-10-23 16:13:00,2011-12-05 16:55:00,United Kingdom,0,112.5374794520548,Potential Customers
14631,51,3,1006.98,335.66,248,2011-02-14 09:31:00,2011-10-20 11:17:00,United Kingdom,0,684.1946301369863,Potential Customers
14632,263,1,114.56,114.56,0,2011-03-22 08:49:00,2011-03-22 08:49:00,United Kingdom,1,0.0,At Risk Customers
14633,267,1,344.9,344.9,0,2011-03-18 17:07:00,2011-03-18 17:07:00,United Kingdom,1,0.0,At Risk Customers
14636,37,2,609.85,304.925,232,2011-03-16 09:52:00,2011-11-03 16:12:00,United Kingdom,0,387.6306849315069,Potential Customers
14638,51,1,443.6,443.6,0,2011-10-20 10:10:00,2011-10-20 10:10:00,United Kingdom,0,0.0,Potential Customers
14639,53,6,2984.49,497.415,309,2010-12-13 13:50:00,2011-10-18 15:06:00,United Kingdom,0,2526.5956438356166,Potential Customers
14640,25,6,2107.38,351.23,203,2011-04-26 12:31:00,2011-11-15 13:07:00,United Kingdom,0,1172.049698630137,Potential Customers
14641,22,1,110.46,110.46,0,2011-11-18 10:42:00,2011-11-18 10:42:00,United Kingdom,0,0.0,Potential Customers
14642,59,1,96.12,96.12,0,2011-10-12 11:08:00,2011-10-12 11:08:00,United Kingdom,0,0.0,Potential Customers
14643,171,2,693.81,346.905,188,2010-12-16 17:53:00,2011-06-22 14:41:00,United Kingdom,1,357.3596712328767,At Risk Customers
14644,68,2,830.76,415.38,231,2011-02-14 14:14:00,2011-10-03 08:30:00,United Kingdom,0,525.7686575342466,Potential Customers
14645,157,2,597.09,298.545,119,2011-03-09 09:52:00,2011-07-06 09:15:00,United Kingdom,1,194.66769863013698,At Risk Customers
14646,2,73,280206.02,3838.4386301369855,353,2010-12-20 10:09:00,2011-12-08 12:12:00,Netherlands,2,270993.7672876712,Champions
14647,202,1,236.04,236.04,0,2011-05-22 13:40:00,2011-05-22 13:40:00,United Kingdom,1,0.0,At Risk Customers
14649,5,4,1402.59,350.6475,208,2011-05-11 14:37:00,2011-12-05 12:30:00,United Kingdom,0,799.2841643835616,Potential Customers
14651,68,2,653.75,326.875,144,2011-05-12 16:29:00,2011-10-03 15:52:00,United Kingdom,0,257.9178082191781,Potential Customers
14652,78,1,114.18,114.18,0,2011-09-23 14:21:00,2011-09-23 14:21:00,United Kingdom,0,0.0,Potential Customers
14653,2,7,1926.65,275.23571428571427,337,2011-01-05 13:40:00,2011-12-08 13:45:00,United Kingdom,0,1778.8521917808218,Potential Customers
14655,9,4,1932.23,483.0575,214,2011-05-01 14:59:00,2011-12-01 16:28:00,United Kingdom,0,1132.869095890411,Potential Customers
14656,170,2,291.05,145.525,114,2011-03-01 13:19:00,2011-06-23 13:51:00,United Kingdom,1,90.90328767123287,At Risk Customers
14657,18,4,848.22,212.055,309,2011-01-17 15:19:00,2011-11-22 12:47:00,United Kingdom,0,718.0821369863014,Potential Customers
14658,6,2,247.15,123.575,112,2011-08-14 15:42:00,2011-12-04 15:35:00,United Kingdom,0,75.83780821917809,Potential Customers
14659,9,9,2529.93,281.1033333333333,307,2011-01-28 12:43:00,2011-12-01 12:17:00,United Kingdom,0,2127.913726027397,Potential Customers
14660,87,2,285.74,142.87,14,2011-08-31 10:40:00,2011-09-14 11:34:00,United Kingdom,0,10.959890410958906,Potential Customers
14661,27,1,107.95,107.95,0,2011-11-13 11:51:00,2011-11-13 11:51:00,United Kingdom,0,0.0,Potential Customers
14662,29,4,741.37,185.3425,288,2011-01-27 17:41:00,2011-11-11 12:13:00,United Kingdom,0,584.971397260274,Potential Customers
14664,20,2,636.24,318.12,14,2011-11-06 14:56:00,2011-11-20 10:59:00,United Kingdom,0,24.403726027397262,Potential Customers
14665,61,5,1835.7,367.14,250,2011-02-02 09:08:00,2011-10-10 09:14:00,United Kingdom,0,1257.3287671232874,Potential Customers
14666,25,1,195.25,195.25,0,2011-11-15 12:57:00,2011-11-15 12:57:00,United Kingdom,0,0.0,Potential Customers
14667,11,25,9175.04,367.0016,358,2010-12-06 13:13:00,2011-11-29 11:30:00,United Kingdom,3,8999.080328767122,Loyal Customers
14669,242,3,1259.24,419.7466666666666,91,2011-01-11 12:30:00,2011-04-12 11:43:00,United Kingdom,1,313.947506849315,At Risk Customers
14670,281,2,392.86,196.43,0,2011-03-04 13:58:00,2011-03-04 14:13:00,United Kingdom,1,0.0,At Risk Customers
14672,235,2,765.55,382.775,102,2011-01-07 15:48:00,2011-04-19 10:19:00,United Kingdom,1,213.9345205479452,At Risk Customers
14673,4,5,1736.4,347.28,364,2010-12-07 12:49:00,2011-12-06 14:31:00,United Kingdom,0,1731.6427397260272,Potential Customers
14675,17,1,596.36,596.36,0,2011-11-23 12:58:00,2011-11-23 12:58:00,United Kingdom,0,0.0,Potential Customers
14676,32,6,2548.24,424.70666666666665,252,2011-03-01 14:26:00,2011-11-08 13:29:00,United Kingdom,0,1759.3328219178081,Potential Customers
14680,26,16,28754.11,1797.131875,346,2010-12-03 12:05:00,2011-11-14 16:59:00,United Kingdom,3,27257.32071232877,Loyal Customers
14681,72,3,498.95,166.31666666666666,140,2011-05-12 10:45:00,2011-09-29 15:52:00,United Kingdom,0,191.3780821917808,Potential Customers
14682,188,2,52.0,26.0,14,2011-05-22 12:51:00,2011-06-05 12:12:00,United Kingdom,1,1.9945205479452055,At Risk Customers
14684,26,5,1201.51,240.302,337,2010-12-12 12:44:00,2011-11-14 11:33:00,United Kingdom,0,1109.3393698630136,Potential Customers
14687,107,1,628.38,628.38,0,2011-08-25 11:59:00,2011-08-25 11:59:00,United Kingdom,0,0.0,Potential Customers
14688,8,21,5579.1,265.6714285714286,366,2010-12-01 09:37:00,2011-12-02 12:26:00,United Kingdom,3,5594.385205479453,Loyal Customers
14689,209,1,112.8,112.8,0,2011-05-15 11:22:00,2011-05-15 11:22:00,United Kingdom,1,0.0,At Risk Customers
14690,45,2,355.05,177.525,107,2011-07-11 11:58:00,2011-10-26 15:39:00,United Kingdom,0,104.08315068493151,Potential Customers
14691,31,5,2114.33,422.866,182,2011-05-11 09:55:00,2011-11-09 12:30:00,United Kingdom,0,1054.2686575342466,Potential Customers
14692,138,4,591.55,147.8875,185,2011-01-21 13:47:00,2011-07-25 15:08:00,United Kingdom,0,299.82671232876714,Potential Customers
14693,265,1,172.9,172.9,0,2011-03-20 12:50:00,2011-03-20 12:50:00,United Kingdom,1,0.0,At Risk Customers
14696,5,7,2078.95,296.99285714285713,369,2010-12-01 15:37:00,2011-12-05 13:43:00,United Kingdom,0,2101.7330136986297,Potential Customers
14697,219,2,188.61,94.305,0,2011-05-05 15:29:00,2011-05-05 15:39:00,United Kingdom,1,0.0,At Risk Customers
14698,2,5,1217.27,243.454,50,2011-10-19 12:54:00,2011-12-08 12:26:00,United Kingdom,0,166.74931506849313,Potential Customers
14699,215,1,109.13,109.13,0,2011-05-09 14:54:00,2011-05-09 14:54:00,United Kingdom,1,0.0,At Risk Customers
14700,33,3,2195.1,731.7,206,2011-04-15 13:16:00,2011-11-07 14:40:00,United Kingdom,0,1238.8783561643838,Potential Customers
14701,11,9,2526.09,280.6766666666666,306,2011-01-27 12:40:00,2011-11-29 12:38:00,United Kingdom,0,2117.763123287671,Potential Customers
14702,2,17,3251.79,191.28176470588235,364,2010-12-09 19:23:00,2011-12-08 19:29:00,United Kingdom,3,3242.88098630137,Loyal Customers
14703,15,1,318.17,318.17,0,2011-11-25 09:23:00,2011-11-25 09:23:00,United Kingdom,0,0.0,Potential Customers
14704,12,9,1493.96,165.99555555555557,169,2011-06-12 13:59:00,2011-11-28 12:51:00,United Kingdom,0,691.7239452054795,Potential Customers
14705,199,1,179.0,179.0,0,2011-05-25 12:39:00,2011-05-25 12:39:00,United Kingdom,1,0.0,At Risk Customers
14708,3,3,1126.37,375.45666666666665,366,2010-12-06 12:23:00,2011-12-07 08:21:00,United Kingdom,0,1129.4559452054796,Potential Customers
14709,16,13,4921.04,378.5415384615385,343,2010-12-16 13:43:00,2011-11-24 15:41:00,United Kingdom,0,4624.4293698630145,Potential Customers
14710,15,4,599.48,149.87,45,2011-10-11 13:49:00,2011-11-25 14:53:00,United Kingdom,0,73.90849315068493,Potential Customers
14711,11,11,2839.62,258.1472727272727,252,2011-03-22 13:32:00,2011-11-29 14:58:00,United Kingdom,0,1960.5047671232878,Potential Customers
14712,30,3,917.07,305.69,83,2011-08-19 13:33:00,2011-11-10 12:59:00,United Kingdom,0,208.53920547945205,Potential Customers
14713,10,11,2662.2,242.0181818181818,356,2010-12-09 18:58:00,2011-11-30 16:26:00,United Kingdom,0,2596.556712328767,Potential Customers
14714,25,1,160.19,160.19,0,2011-11-15 13:07:00,2011-11-15 13:07:00,United Kingdom,0,0.0,Potential Customers
14715,25,4,867.38,216.845,307,2011-01-12 13:27:00,2011-11-15 12:10:00,United Kingdom,0,729.5497534246575,Potential Customers
14716,44,2,307.51,153.755,105,2011-07-14 12:42:00,2011-10-27 17:29:00,United Kingdom,0,88.4617808219178,Potential Customers
14719,2,5,1581.84,316.368,248,2011-04-04 14:17:00,2011-12-08 12:43:00,United Kingdom,0,1074.7844383561644,Potential Customers
14720,6,3,663.81,221.27,121,2011-08-05 12:06:00,2011-12-04 12:02:00,United Kingdom,0,220.05756164383564,Potential Customers
14722,148,1,180.42,180.42,0,2011-07-15 14:58:00,2011-07-15 14:58:00,United Kingdom,1,0.0,At Risk Customers
14723,11,6,1122.36,187.06,361,2010-12-03 14:18:00,2011-11-29 15:23:00,United Kingdom,0,1110.0601643835619,Potential Customers
14725,25,1,655.58,655.58,0,2011-11-15 12:42:00,2011-11-15 12:42:00,United Kingdom,0,0.0,Potential Customers
14727,275,1,268.58,268.58,0,2011-03-10 14:45:00,2011-03-10 14:45:00,United Kingdom,1,0.0,At Risk Customers
14729,374,1,313.49,313.49,0,2010-12-01 12:43:00,2010-12-01 12:43:00,United Kingdom,1,0.0,At Risk Customers
14730,2,8,1897.57,237.19625,275,2011-03-08 12:49:00,2011-12-08 14:39:00,United Kingdom,0,1429.6760273972602,Potential Customers
14731,48,3,380.02,126.67333333333332,165,2011-05-11 13:06:00,2011-10-23 15:54:00,United Kingdom,0,171.7898630136986,Potential Customers
14732,9,8,2702.49,337.81125,331,2011-01-04 14:40:00,2011-12-01 14:34:00,United Kingdom,0,2450.751205479452,Potential Customers
14733,17,12,9585.91,798.8258333333333,351,2010-12-07 11:30:00,2011-11-23 15:39:00,United Kingdom,3,9218.231260273973,Loyal Customers
14735,4,32,6065.69,189.5528125,355,2010-12-16 16:05:00,2011-12-06 12:09:00,United Kingdom,3,5899.506712328766,Loyal Customers
14737,4,3,1164.55,388.1833333333333,350,2010-12-21 13:49:00,2011-12-06 10:16:00,United Kingdom,0,1116.6917808219175,Potential Customers
14738,43,7,1314.45,187.77857142857144,274,2011-01-27 14:10:00,2011-10-28 08:56:00,United Kingdom,0,986.7378082191782,Potential Customers
14739,5,7,3902.28,557.4685714285714,363,2010-12-07 14:58:00,2011-12-05 16:54:00,United Kingdom,0,3880.8976438356162,Potential Customers
14740,198,3,1448.21,482.7366666666666,86,2011-03-01 08:35:00,2011-05-26 18:17:00,United Kingdom,1,341.22208219178077,At Risk Customers
14741,12,6,1400.34,233.39,361,2010-12-02 08:43:00,2011-11-28 08:48:00,United Kingdom,0,1384.9938082191782,Potential Customers
14744,17,7,1099.98,157.14,350,2010-12-08 10:21:00,2011-11-23 12:51:00,United Kingdom,0,1054.7753424657533,Potential Customers
14745,113,5,1220.26,244.052,173,2011-02-27 15:25:00,2011-08-19 10:05:00,United Kingdom,0,578.369808219178,Potential Customers
14747,250,1,328.2,328.2,0,2011-04-04 14:09:00,2011-04-04 14:09:00,United Kingdom,1,0.0,At Risk Customers
14748,30,5,1415.75,283.15,339,2010-12-06 10:19:00,2011-11-10 18:33:00,United Kingdom,0,1314.9020547945204,Potential Customers
14752,44,1,389.64,389.64,0,2011-10-27 11:55:00,2011-10-27 11:55:00,United Kingdom,0,0.0,Potential Customers
14753,88,1,563.15,563.15,0,2011-09-13 14:50:00,2011-09-13 14:50:00,United Kingdom,0,0.0,Potential Customers
14754,45,2,638.05,319.025,251,2011-02-17 12:21:00,2011-10-26 12:01:00,United Kingdom,0,438.76863013698625,Potential Customers
14755,10,11,5010.28,455.48,325,2011-01-09 14:02:00,2011-11-30 11:24:00,United Kingdom,0,4461.208219178083,Potential Customers
14756,16,1,738.96,738.96,0,2011-11-24 18:13:00,2011-11-24 18:13:00,United Kingdom,0,0.0,Potential Customers
14757,76,1,420.5,420.5,0,2011-09-25 14:36:00,2011-09-25 14:36:00,United Kingdom,0,0.0,Potential Customers
14758,145,4,1484.06,371.015,115,2011-03-25 12:10:00,2011-07-18 08:21:00,United Kingdom,0,467.5805479452054,Potential Customers
14759,5,3,1625.97,541.99,228,2011-04-21 10:55:00,2011-12-05 12:03:00,United Kingdom,0,1015.6744109589041,Potential Customers
14760,298,1,89.2,89.2,0,2011-02-15 16:27:00,2011-02-15 16:27:00,United Kingdom,1,0.0,At Risk Customers
14761,59,2,255.9,127.95,276,2011-01-09 12:03:00,2011-10-12 12:10:00,United Kingdom,0,193.50246575342467,Potential Customers
14762,264,1,300.52,300.52,0,2011-03-21 08:20:00,2011-03-21 08:20:00,United Kingdom,1,0.0,At Risk Customers
14764,47,1,278.3,278.3,0,2011-10-24 11:54:00,2011-10-24 11:54:00,United Kingdom,0,0.0,Potential Customers
14765,30,3,254.11,84.70333333333333,147,2011-06-16 19:49:00,2011-11-10 19:53:00,United Kingdom,0,102.34019178082193,Potential Customers
14766,9,6,2473.37,412.2283333333333,358,2010-12-08 15:33:00,2011-12-01 16:05:00,United Kingdom,0,2425.935506849315,Potential Customers
14768,18,2,192.6,96.3,110,2011-08-04 13:25:00,2011-11-22 12:54:00,United Kingdom,0,58.04383561643835,Potential Customers
14769,3,8,10416.98,1302.1225,355,2010-12-17 11:40:00,2011-12-07 10:24:00,United Kingdom,0,10131.583287671232,Potential Customers
14770,233,2,876.42,438.21,91,2011-01-20 15:00:00,2011-04-21 14:21:00,United Kingdom,1,218.5047123287671,At Risk Customers
14772,113,1,139.26,139.26,0,2011-08-19 15:04:00,2011-08-19 15:04:00,United Kingdom,0,0.0,Potential Customers
14775,59,3,1011.9,337.3,314,2010-12-02 16:38:00,2011-10-12 15:27:00,United Kingdom,0,870.5112328767124,Potential Customers
14776,52,11,2538.3,230.75454545454545,261,2011-01-31 13:17:00,2011-10-19 15:34:00,United Kingdom,0,1815.0583561643837,Potential Customers
14778,128,2,730.86,365.43,181,2011-02-04 11:43:00,2011-08-04 15:23:00,United Kingdom,0,362.4264657534247,Potential Customers
14779,281,3,386.15,128.71666666666667,43,2011-01-20 12:04:00,2011-03-04 12:42:00,United Kingdom,1,45.491643835616436,At Risk Customers
14780,55,2,447.68,223.84,25,2011-09-21 15:15:00,2011-10-16 12:46:00,United Kingdom,0,30.663013698630134,Potential Customers
14782,320,1,200.1,200.1,0,2011-01-24 11:12:00,2011-01-24 11:12:00,United Kingdom,1,0.0,At Risk Customers
14784,27,2,289.99,144.995,297,2011-01-20 09:25:00,2011-11-13 13:30:00,United Kingdom,0,235.96446575342466,Potential Customers
14785,11,2,77.4,38.7,5,2011-11-24 13:40:00,2011-11-29 13:21:00,United Kingdom,0,1.0602739726027397,Potential Customers
14788,8,2,679.44,339.72,19,2011-11-13 15:52:00,2011-12-02 17:06:00,United Kingdom,0,35.3681095890411,Potential Customers
14789,29,1,197.64,197.64,0,2011-11-11 08:59:00,2011-11-11 08:59:00,United Kingdom,0,0.0,Potential Customers
14790,17,4,745.06,186.265,237,2011-03-31 11:49:00,2011-11-23 09:28:00,United Kingdom,0,483.7786849315068,Potential Customers
14792,64,1,6.2,6.2,0,2011-10-07 09:19:00,2011-10-07 09:19:00,United Kingdom,0,0.0,Potential Customers
14793,22,1,228.99,228.99,0,2011-11-18 14:50:00,2011-11-18 14:50:00,United Kingdom,0,0.0,Potential Customers
14794,3,7,1319.91,188.55857142857144,332,2011-01-09 16:11:00,2011-12-07 10:11:00,United Kingdom,0,1200.5756712328769,Potential Customers
14795,167,1,131.45,131.45,0,2011-06-26 13:04:00,2011-06-26 13:04:00,United Kingdom,1,0.0,At Risk Customers
14796,2,17,7975.49,469.1464705882353,365,2010-12-08 10:40:00,2011-12-08 15:31:00,United Kingdom,3,7975.49,Loyal Customers
14798,53,3,173.74,57.91333333333333,258,2011-02-02 15:26:00,2011-10-18 10:58:00,United Kingdom,0,122.80799999999998,Potential Customers
14799,52,1,157.7,157.7,0,2011-10-19 16:16:00,2011-10-19 16:16:00,United Kingdom,0,0.0,Potential Customers
14800,48,12,4331.79,360.9825,322,2010-12-05 11:10:00,2011-10-23 12:46:00,United Kingdom,0,3821.4695342465757,Potential Customers
14801,62,1,189.34,189.34,0,2011-10-09 15:24:00,2011-10-09 15:24:00,United Kingdom,0,0.0,Potential Customers
14803,163,3,845.55,281.85,130,2011-02-20 13:21:00,2011-06-30 13:58:00,United Kingdom,1,301.15479452054797,At Risk Customers
14804,9,1,353.27,353.27,0,2011-12-01 11:20:00,2011-12-01 11:20:00,United Kingdom,0,0.0,Potential Customers
14805,16,4,546.4,136.6,298,2011-01-30 10:43:00,2011-11-24 16:20:00,United Kingdom,0,446.1019178082191,Potential Customers
14806,76,1,193.39,193.39,0,2011-09-25 15:32:00,2011-09-25 15:32:00,United Kingdom,0,0.0,Potential Customers
14808,40,8,2718.6,339.825,133,2011-06-20 12:53:00,2011-10-31 12:21:00,United Kingdom,0,990.6131506849315,Potential Customers
14810,41,11,2085.33,189.57545454545453,329,2010-12-05 12:08:00,2011-10-30 11:19:00,United Kingdom,0,1879.653616438356,Potential Customers
14813,370,2,152.88,76.44,0,2010-12-05 11:54:00,2010-12-05 11:57:00,United Kingdom,1,0.0,At Risk Customers
14815,37,2,778.5,389.25,31,2011-10-03 11:36:00,2011-11-03 11:36:00,United Kingdom,0,66.11917808219178,Potential Customers
14816,198,1,271.85,271.85,0,2011-05-26 13:16:00,2011-05-26 13:16:00,United Kingdom,1,0.0,At Risk Customers
14817,201,2,1110.34,555.17,77,2011-03-07 13:51:00,2011-05-23 13:35:00,United Kingdom,1,234.23610958904106,At Risk Customers
14818,74,3,657.8,219.26666666666665,180,2011-03-31 12:28:00,2011-09-27 11:01:00,United Kingdom,0,324.39452054794515,Potential Customers
14819,65,2,272.07,136.035,128,2011-05-31 13:50:00,2011-10-06 13:41:00,United Kingdom,0,95.41084931506849,Potential Customers
14820,22,4,507.29,126.8225,152,2011-06-19 14:56:00,2011-11-18 15:41:00,United Kingdom,0,211.25501369863014,Potential Customers
14821,367,1,48.8,48.8,0,2010-12-08 08:43:00,2010-12-08 08:43:00,United Kingdom,1,0.0,At Risk Customers
14823,181,3,321.43,107.14333333333332,14,2011-05-29 12:48:00,2011-06-12 13:12:00,United Kingdom,1,12.328821917808218,At Risk Customers
14824,11,4,1127.71,281.9275,81,2011-09-09 14:12:00,2011-11-29 14:20:00,United Kingdom,0,250.25893150684934,Potential Customers
14825,4,12,2221.01,185.08416666666665,365,2010-12-06 12:30:00,2011-12-06 11:38:00,United Kingdom,0,2221.0099999999998,Potential Customers
14828,197,3,2139.76,713.2533333333333,140,2011-01-07 09:50:00,2011-05-27 10:16:00,United Kingdom,1,820.7298630136987,At Risk Customers
14829,30,4,697.55,174.3875,343,2010-12-02 16:12:00,2011-11-10 16:16:00,United Kingdom,0,655.5058904109588,Potential Customers
14830,54,1,188.88,188.88,0,2011-10-17 14:29:00,2011-10-17 14:29:00,United Kingdom,0,0.0,Potential Customers
14834,18,6,1720.3,286.71666666666664,223,2011-04-13 15:00:00,2011-11-22 10:30:00,United Kingdom,0,1051.032602739726,Potential Customers
14836,11,3,102.45,34.15,20,2011-11-09 13:26:00,2011-11-29 16:45:00,United Kingdom,0,5.613698630136986,Potential Customers
14837,90,4,1649.5,412.375,112,2011-05-22 12:49:00,2011-09-11 10:58:00,United Kingdom,0,506.14794520547946,Potential Customers
14840,268,1,62.85,62.85,0,2011-03-17 12:00:00,2011-03-17 12:00:00,United Kingdom,1,0.0,At Risk Customers
14841,54,6,3295.76,549.2933333333333,305,2010-12-16 10:28:00,2011-10-17 15:03:00,United Kingdom,0,2753.9912328767123,Potential Customers
14842,44,4,2824.69,706.1725,265,2011-02-04 15:32:00,2011-10-27 12:37:00,United Kingdom,0,2050.8023287671235,Potential Customers
14844,64,4,3189.81,797.4525,178,2011-04-12 13:10:00,2011-10-07 10:41:00,United Kingdom,0,1555.5785753424657,Potential Customers
14847,149,1,309.4,309.4,0,2011-07-14 10:52:00,2011-07-14 10:52:00,United Kingdom,1,0.0,At Risk Customers
14849,22,25,7930.54,317.2216,352,2010-12-01 12:22:00,2011-11-18 10:58:00,United Kingdom,3,7648.082410958905,Loyal Customers
14850,312,1,325.75,325.75,0,2011-02-01 11:21:00,2011-02-01 11:21:00,United Kingdom,1,0.0,At Risk Customers
14851,24,2,511.35,255.675,233,2011-03-28 14:59:00,2011-11-16 14:20:00,United Kingdom,0,326.42342465753427,Potential Customers
14852,59,6,2836.69,472.78166666666664,194,2011-04-01 13:22:00,2011-10-12 13:20:00,United Kingdom,0,1507.7201643835615,Potential Customers
14853,25,2,475.8,237.9,187,2011-05-12 15:17:00,2011-11-15 16:56:00,United Kingdom,0,243.76602739726027,Potential Customers
14854,79,7,2740.03,391.43285714285713,196,2011-03-10 12:22:00,2011-09-22 17:00:00,United Kingdom,0,1471.3585753424657,Potential Customers
14855,120,2,645.65,322.825,15,2011-07-28 12:06:00,2011-08-12 14:02:00,United Kingdom,0,26.533561643835615,Potential Customers
14856,37,3,1290.53,430.1766666666666,20,2011-10-14 09:35:00,2011-11-03 14:53:00,United Kingdom,0,70.7139726027397,Potential Customers
14857,60,2,1173.12,586.56,89,2011-07-14 15:03:00,2011-10-11 09:23:00,United Kingdom,0,286.04843835616435,Potential Customers
14859,13,4,1353.74,338.435,192,2011-05-19 14:42:00,2011-11-27 11:18:00,United Kingdom,0,712.1043287671232,Potential Customers
14860,20,1,170.32,170.32,0,2011-11-20 14:17:00,2011-11-20 14:17:00,United Kingdom,0,0.0,Potential Customers
14861,53,1,125.79,125.79,0,2011-10-18 12:54:00,2011-10-18 12:54:00,United Kingdom,0,0.0,Potential Customers
14862,26,2,841.2,420.6,123,2011-07-14 11:20:00,2011-11-14 10:01:00,United Kingdom,0,283.4728767123288,Potential Customers
14863,30,1,266.76,266.76,0,2011-11-10 15:04:00,2011-11-10 15:04:00,United Kingdom,0,0.0,Potential Customers
14865,8,2,52.2,26.1,365,2010-12-02 18:23:00,2011-12-02 16:25:00,United Kingdom,0,52.2,Potential Customers
14866,11,12,14389.9,1199.1583333333333,356,2010-12-08 14:58:00,2011-11-29 11:45:00,United Kingdom,3,14035.080547945205,Loyal Customers
14867,186,3,710.28,236.76,151,2011-01-07 16:34:00,2011-06-07 11:39:00,United Kingdom,1,293.8418630136986,At Risk Customers
14868,4,8,2953.59,369.19875,230,2011-04-20 13:36:00,2011-12-06 14:49:00,United Kingdom,0,1861.166301369863,Potential Customers
14869,9,2,721.45,360.725,95,2011-08-28 16:09:00,2011-12-01 12:36:00,United Kingdom,0,187.7746575342466,Potential Customers
14870,262,1,327.25,327.25,0,2011-03-23 10:51:00,2011-03-23 10:51:00,United Kingdom,1,0.0,At Risk Customers
14871,4,4,501.28,125.32,357,2010-12-14 12:18:00,2011-12-06 13:42:00,United Kingdom,0,490.2930410958904,Potential Customers
14873,211,1,519.68,519.68,0,2011-05-13 13:52:00,2011-05-13 13:52:00,United Kingdom,1,0.0,At Risk Customers
14875,108,2,1465.32,732.66,155,2011-03-22 11:53:00,2011-08-24 12:20:00,United Kingdom,0,622.2591780821917,Potential Customers
14878,13,9,1476.09,164.01,346,2010-12-16 12:11:00,2011-11-27 11:15:00,United Kingdom,0,1399.2524383561642,Potential Customers
14880,78,3,690.59,230.19666666666663,211,2011-02-24 12:27:00,2011-09-23 13:42:00,United Kingdom,0,399.21778082191776,Potential Customers
14881,20,1,255.4,255.4,0,2011-11-20 11:06:00,2011-11-20 11:06:00,United Kingdom,0,0.0,Potential Customers
14882,27,2,589.7,294.85,7,2011-11-06 10:15:00,2011-11-13 12:47:00,United Kingdom,0,11.309315068493152,Potential Customers
14883,19,6,761.59,126.93166666666666,193,2011-05-12 09:49:00,2011-11-21 10:23:00,United Kingdom,0,402.7037534246575,Potential Customers
14885,132,1,765.32,765.32,0,2011-07-31 12:05:00,2011-07-31 12:05:00,United Kingdom,0,0.0,Potential Customers
14886,253,1,364.8,364.8,0,2011-04-01 08:56:00,2011-04-01 08:56:00,United Kingdom,1,0.0,At Risk Customers
14887,80,1,1862.0,1862.0,0,2011-09-21 15:32:00,2011-09-21 15:32:00,United Kingdom,0,0.0,Potential Customers
14888,208,1,369.2,369.2,0,2011-05-16 14:58:00,2011-05-16 14:58:00,United Kingdom,1,0.0,At Risk Customers
14889,337,1,135.9,135.9,0,2011-01-07 15:19:00,2011-01-07 15:19:00,United Kingdom,1,0.0,At Risk Customers
14890,254,1,125.65,125.65,0,2011-03-31 11:57:00,2011-03-31 11:57:00,United Kingdom,1,0.0,At Risk Customers
14891,149,2,554.38,277.19,39,2011-06-05 10:58:00,2011-07-14 18:08:00,United Kingdom,1,59.235123287671236,At Risk Customers
14893,10,2,1237.85,618.925,2,2011-11-28 10:49:00,2011-11-30 12:31:00,United Kingdom,0,6.782739726027397,Potential Customers
14894,86,1,655.75,655.75,0,2011-09-15 13:51:00,2011-09-15 13:51:00,United Kingdom,0,0.0,Potential Customers
14895,8,20,11138.71,556.9355,283,2011-02-22 13:08:00,2011-12-02 09:23:00,United Kingdom,3,8636.31487671233,Loyal Customers
14896,205,2,468.77,234.385,161,2010-12-09 12:24:00,2011-05-19 10:20:00,United Kingdom,1,206.77252054794522,At Risk Customers
14897,8,4,1366.38,341.595,289,2011-02-16 08:37:00,2011-12-02 10:32:00,United Kingdom,0,1081.8734794520549,Potential Customers
14898,24,6,1269.31,211.55166666666665,348,2010-12-03 15:25:00,2011-11-16 14:54:00,United Kingdom,0,1210.1914520547944,Potential Customers
14901,12,9,1421.29,157.92111111111112,361,2010-12-02 11:20:00,2011-11-28 17:09:00,United Kingdom,0,1405.7142191780822,Potential Customers
14902,26,1,332.66,332.66,0,2011-11-14 10:34:00,2011-11-14 10:34:00,United Kingdom,0,0.0,Potential Customers
14903,22,5,2795.33,559.066,257,2011-03-06 11:50:00,2011-11-18 16:07:00,United Kingdom,0,1968.2186575342464,Potential Customers
14904,3,2,1025.44,512.72,23,2011-11-14 09:13:00,2011-12-07 12:55:00,United Kingdom,0,64.61676712328767,Potential Customers
14905,158,2,616.15,308.075,76,2011-04-20 10:48:00,2011-07-05 12:41:00,United Kingdom,1,128.29424657534247,At Risk Customers
14907,4,7,3501.1,500.1571428571429,364,2010-12-07 10:14:00,2011-12-06 14:14:00,United Kingdom,0,3491.5079452054797,Potential Customers
14908,75,1,277.8,277.8,0,2011-09-26 12:56:00,2011-09-26 12:56:00,United Kingdom,0,0.0,Potential Customers
14910,3,4,434.35,108.5875,52,2011-10-16 11:06:00,2011-12-07 10:06:00,United Kingdom,0,61.88,Potential Customers
14911,2,201,143711.17,714.9809452736318,372,2010-12-01 14:05:00,2011-12-08 15:54:00,EIRE,2,146467.274630137,Champions
14912,17,2,867.85,433.925,230,2011-04-07 11:06:00,2011-11-23 09:20:00,Italy,0,546.8643835616439,Potential Customers
14913,36,4,1227.43,306.8575,324,2010-12-15 14:35:00,2011-11-04 08:29:00,United Kingdom,0,1089.5543013698632,Potential Customers
14915,92,2,307.48,153.74,186,2011-03-07 09:39:00,2011-09-09 13:34:00,United Kingdom,0,156.6884383561644,Potential Customers
14916,71,4,1268.98,317.245,254,2011-01-19 15:30:00,2011-09-30 09:20:00,United Kingdom,0,883.0710136986302,Potential Customers
14918,116,2,1610.15,805.075,39,2011-07-08 12:50:00,2011-08-16 11:50:00,United Kingdom,0,172.04342465753427,Potential Customers
14920,213,2,977.77,488.885,0,2011-05-11 10:31:00,2011-05-11 10:32:00,United Kingdom,1,0.0,At Risk Customers
14921,31,2,1316.07,658.035,171,2011-05-22 12:51:00,2011-11-09 13:17:00,United Kingdom,0,616.5697808219178,Potential Customers
14923,51,1,749.1,749.1,0,2011-10-20 11:51:00,2011-10-20 11:51:00,United Kingdom,0,0.0,Potential Customers
14924,246,1,310.05,310.05,0,2011-04-08 09:25:00,2011-04-08 09:25:00,United Kingdom,1,0.0,At Risk Customers
14929,33,1,223.88,223.88,0,2011-11-07 17:21:00,2011-11-07 17:21:00,United Kingdom,0,0.0,Potential Customers
14930,109,3,2362.96,787.6533333333333,166,2011-03-10 14:42:00,2011-08-23 10:31:00,Channel Islands,0,1074.6612602739726,Potential Customers
14931,5,5,1257.68,251.536,236,2011-04-13 09:32:00,2011-12-05 10:19:00,Channel Islands,0,813.1848767123288,Potential Customers
14932,366,1,363.53,363.53,0,2010-12-09 11:48:00,2010-12-09 11:48:00,Channel Islands,1,0.0,At Risk Customers
14934,82,2,1890.94,945.47,201,2011-03-02 11:48:00,2011-09-19 10:10:00,Channel Islands,0,1041.3121643835616,Potential Customers
14935,298,1,1784.71,1784.71,0,2011-02-15 14:44:00,2011-02-15 14:44:00,Channel Islands,1,0.0,At Risk Customers
14936,34,8,8137.02,1017.1275,242,2011-03-09 11:53:00,2011-11-06 10:30:00,Channel Islands,0,5394.955726027398,Potential Customers
14937,57,3,1621.88,540.6266666666667,74,2011-08-01 14:16:00,2011-10-14 12:29:00,Channel Islands,0,328.8195068493151,Potential Customers
14944,30,12,5900.25,491.6875,267,2011-02-16 12:47:00,2011-11-10 09:10:00,United Kingdom,0,4316.073287671233,Potential Customers
14946,15,1,100.9,100.9,0,2011-11-25 13:33:00,2011-11-25 13:33:00,United Kingdom,0,0.0,Potential Customers
14947,73,2,290.82,145.41,58,2011-08-01 09:31:00,2011-09-28 15:48:00,United Kingdom,0,46.212493150684935,Potential Customers
14948,24,6,1101.97,183.66166666666663,196,2011-05-04 14:52:00,2011-11-16 17:16:00,United Kingdom,0,591.7427945205478,Potential Customers
14950,20,1,371.2,371.2,0,2011-11-20 13:48:00,2011-11-20 13:48:00,United Kingdom,0,0.0,Potential Customers
14951,80,1,311.69,311.69,0,2011-09-21 15:15:00,2011-09-21 15:15:00,United Kingdom,0,0.0,Potential Customers
14952,60,11,8099.49,736.3172727272727,305,2010-12-10 12:48:00,2011-10-11 10:33:00,United Kingdom,0,6768.06698630137,Potential Customers
14953,26,1,285.67,285.67,0,2011-11-14 14:59:00,2011-11-14 14:59:00,United Kingdom,0,0.0,Potential Customers
14954,13,1,294.85,294.85,0,2011-11-27 14:30:00,2011-11-27 14:30:00,United Kingdom,0,0.0,Potential Customers
14957,254,1,58.49,58.49,0,2011-03-31 17:59:00,2011-03-31 17:59:00,United Kingdom,1,0.0,At Risk Customers
14958,148,3,483.73,161.2433333333333,98,2011-04-08 11:28:00,2011-07-15 14:20:00,United Kingdom,1,129.8781917808219,At Risk Customers
14959,65,4,695.42,173.855,232,2011-02-16 13:00:00,2011-10-06 18:23:00,United Kingdom,0,442.0203835616438,Potential Customers
14960,9,2,221.27,110.635,163,2011-06-21 13:38:00,2011-12-01 12:54:00,United Kingdom,0,98.81372602739727,Potential Customers
14961,11,9,7044.68,782.7422222222223,350,2010-12-14 11:38:00,2011-11-29 09:42:00,United Kingdom,0,6755.172602739726,Potential Customers
14962,271,1,126.7,126.7,0,2011-03-14 09:42:00,2011-03-14 09:42:00,United Kingdom,1,0.0,At Risk Customers
14963,10,5,1472.34,294.468,174,2011-06-09 12:30:00,2011-11-30 12:16:00,United Kingdom,0,701.8826301369863,Potential Customers
14964,248,1,206.21,206.21,0,2011-04-06 14:13:00,2011-04-06 14:13:00,United Kingdom,1,0.0,At Risk Customers
14965,97,2,596.09,298.045,0,2011-09-04 13:15:00,2011-09-04 13:20:00,United Kingdom,0,0.0,Potential Customers
14966,15,1,183.02,183.02,0,2011-11-25 12:20:00,2011-11-25 12:20:00,United Kingdom,0,0.0,Potential Customers
14967,50,1,463.8,463.8,0,2011-10-21 11:06:00,2011-10-21 11:06:00,United Kingdom,0,0.0,Potential Customers
14968,31,1,147.59,147.59,0,2011-11-09 13:58:00,2011-11-09 13:58:00,United Kingdom,0,0.0,Potential Customers
14970,69,4,1592.06,398.015,248,2011-01-27 12:23:00,2011-10-02 13:44:00,United Kingdom,0,1081.7284383561644,Potential Customers
14971,36,3,1097.98,365.9933333333333,8,2011-10-27 13:33:00,2011-11-04 17:07:00,United Kingdom,0,24.065315068493145,Potential Customers
14972,129,1,114.77,114.77,0,2011-08-03 14:54:00,2011-08-03 14:54:00,United Kingdom,0,0.0,Potential Customers
14973,108,3,1314.45,438.15,118,2011-04-28 12:22:00,2011-08-24 15:51:00,United Kingdom,0,424.94547945205477,Potential Customers
14974,38,1,89.94,89.94,0,2011-11-02 13:01:00,2011-11-02 13:01:00,United Kingdom,0,0.0,Potential Customers
14975,58,1,279.94,279.94,0,2011-10-13 14:08:00,2011-10-13 14:08:00,United Kingdom,0,0.0,Potential Customers
14976,58,7,790.86,112.98,269,2011-01-17 11:09:00,2011-10-13 16:37:00,United Kingdom,0,582.8529863013698,Potential Customers
14978,73,5,1921.37,384.274,258,2011-01-13 12:03:00,2011-09-28 13:07:00,United Kingdom,0,1358.1190684931505,Potential Customers
14981,247,1,102.12,102.12,0,2011-04-07 13:45:00,2011-04-07 13:45:00,United Kingdom,1,0.0,At Risk Customers
14984,20,2,202.37,101.185,161,2011-06-12 11:04:00,2011-11-20 14:28:00,United Kingdom,0,89.26457534246576,Potential Customers
14985,199,2,292.01,146.005,160,2010-12-16 19:51:00,2011-05-25 14:29:00,United Kingdom,1,128.00438356164383,At Risk Customers
14987,16,2,326.4,163.2,350,2010-12-09 12:13:00,2011-11-24 09:59:00,United Kingdom,0,312.986301369863,Potential Customers
14988,212,1,334.54,334.54,0,2011-05-12 12:05:00,2011-05-12 12:05:00,United Kingdom,1,0.0,At Risk Customers
14995,39,2,231.98,115.99,242,2011-03-04 13:14:00,2011-11-01 11:39:00,United Kingdom,0,153.8059178082192,Potential Customers
14997,47,3,546.2,182.06666666666663,132,2011-06-14 16:52:00,2011-10-24 13:28:00,United Kingdom,0,197.52986301369862,Potential Customers
14998,171,2,414.87,207.435,71,2011-04-12 16:28:00,2011-06-22 17:30:00,United Kingdom,1,80.70073972602741,At Risk Customers
15000,48,1,490.52,490.52,0,2011-10-23 11:42:00,2011-10-23 11:42:00,United Kingdom,0,0.0,Potential Customers
15002,116,4,1641.76,410.44,252,2010-12-07 13:16:00,2011-08-16 10:44:00,United Kingdom,0,1133.4890958904111,Potential Customers
15004,148,1,1220.77,1220.77,0,2011-07-15 14:05:00,2011-07-15 14:05:00,United Kingdom,1,0.0,At Risk Customers
15005,16,28,6295.37,224.83464285714285,351,2010-12-08 14:36:00,2011-11-24 12:25:00,United Kingdom,3,6053.903753424658,Loyal Customers
15006,52,1,480.38,480.38,0,2011-10-19 15:08:00,2011-10-19 15:08:00,United Kingdom,0,0.0,Potential Customers
15007,160,1,156.91,156.91,0,2011-07-03 16:00:00,2011-07-03 16:00:00,United Kingdom,1,0.0,At Risk Customers
15009,13,3,1259.43,419.81,13,2011-11-14 17:40:00,2011-11-27 13:35:00,United Kingdom,0,44.856410958904114,Potential Customers
15010,36,1,308.94,308.94,0,2011-11-04 12:42:00,2011-11-04 12:42:00,United Kingdom,0,0.0,Potential Customers
15012,54,2,405.04,202.52,320,2010-12-01 12:49:00,2011-10-17 12:22:00,United Kingdom,0,355.10356164383563,Potential Customers
15014,44,2,257.67,128.835,133,2011-06-16 19:40:00,2011-10-27 20:07:00,United Kingdom,0,93.89071232876712,Potential Customers
15016,173,1,170.04,170.04,0,2011-06-20 12:06:00,2011-06-20 12:06:00,United Kingdom,1,0.0,At Risk Customers
15017,34,1,125.58,125.58,0,2011-11-06 10:33:00,2011-11-06 10:33:00,United Kingdom,0,0.0,Potential Customers
15018,39,3,496.21,165.4033333333333,329,2010-12-07 10:47:00,2011-11-01 12:47:00,United Kingdom,0,447.2687397260273,Potential Customers
15019,267,1,252.81,252.81,0,2011-03-18 12:35:00,2011-03-18 12:35:00,United Kingdom,1,0.0,At Risk Customers
15021,9,9,1871.77,207.97444444444443,358,2010-12-08 12:17:00,2011-12-01 11:53:00,United Kingdom,0,1835.8730410958904,Potential Customers
15022,12,4,852.39,213.0975,36,2011-10-23 15:47:00,2011-11-28 12:35:00,United Kingdom,0,84.07134246575342,Potential Customers
15023,4,11,6720.41,610.9463636363636,366,2010-12-05 13:49:00,2011-12-06 17:23:00,United Kingdom,0,6738.82208219178,Potential Customers
15024,10,10,1636.43,163.643,358,2010-12-07 13:20:00,2011-11-30 12:06:00,United Kingdom,0,1605.046410958904,Potential Customers
15025,34,1,361.96,361.96,0,2011-11-06 15:20:00,2011-11-06 15:20:00,United Kingdom,0,0.0,Potential Customers
15026,81,3,469.0,156.33333333333331,197,2011-03-07 13:45:00,2011-09-20 13:52:00,United Kingdom,0,253.13150684931503,Potential Customers
15027,31,4,1066.15,266.5375,208,2011-04-15 14:14:00,2011-11-09 10:16:00,United Kingdom,0,607.5594520547945,Potential Customers
15028,9,4,627.13,156.7825,360,2010-12-06 12:47:00,2011-12-01 14:06:00,United Kingdom,0,618.5391780821917,Potential Customers
15030,72,2,518.28,259.14,197,2011-03-16 15:34:00,2011-09-29 10:50:00,United Kingdom,0,279.72920547945205,Potential Customers
15031,5,4,653.19,163.2975,278,2011-03-02 14:46:00,2011-12-05 14:19:00,United Kingdom,0,497.4981369863014,Potential Customers
15032,257,3,4959.1,1653.0333333333333,110,2010-12-08 12:57:00,2011-03-28 15:03:00,United Kingdom,1,1494.523287671233,At Risk Customers
15033,5,10,2557.18,255.718,325,2011-01-14 13:28:00,2011-12-05 12:40:00,United Kingdom,0,2276.941095890411,Potential Customers
15034,16,8,4274.16,534.27,338,2010-12-21 09:47:00,2011-11-24 12:11:00,United Kingdom,0,3957.9892602739724,Potential Customers
15035,90,1,252.73,252.73,0,2011-09-11 11:08:00,2011-09-11 11:08:00,United Kingdom,0,0.0,Potential Customers
15036,73,3,429.56,143.18666666666667,107,2011-06-13 12:19:00,2011-09-28 15:42:00,United Kingdom,0,125.9258082191781,Potential Customers
15038,59,6,685.74,114.29,311,2010-12-05 10:54:00,2011-10-12 11:33:00,United Kingdom,0,584.2880547945206,Potential Customers
15039,10,47,19766.59,420.56574468085114,359,2010-12-06 11:26:00,2011-11-30 11:31:00,United Kingdom,3,19441.65975342466,Loyal Customers
15041,171,1,179.93,179.93,0,2011-06-22 16:16:00,2011-06-22 16:16:00,United Kingdom,1,0.0,At Risk Customers
15042,200,1,135.93,135.93,0,2011-05-24 16:25:00,2011-05-24 16:25:00,United Kingdom,1,0.0,At Risk Customers
15043,32,1,537.0,537.0,0,2011-11-08 14:26:00,2011-11-08 14:26:00,United Kingdom,0,0.0,Potential Customers
15044,20,17,7634.73,449.1017647058824,343,2010-12-12 14:27:00,2011-11-20 13:20:00,United Kingdom,3,7174.554493150686,Loyal Customers
15045,152,2,735.66,367.83,106,2011-03-27 11:44:00,2011-07-11 11:33:00,United Kingdom,1,213.64372602739724,At Risk Customers
15046,10,15,5090.42,339.36133333333333,329,2011-01-05 15:30:00,2011-11-30 15:50:00,United Kingdom,3,4588.351178082192,Loyal Customers
15047,270,1,343.62,343.62,0,2011-03-15 10:49:00,2011-03-15 10:49:00,United Kingdom,1,0.0,At Risk Customers
15048,66,4,381.0,95.25,303,2010-12-06 12:15:00,2011-10-05 14:55:00,United Kingdom,0,316.2821917808219,Potential Customers
15049,274,1,121.17,121.17,0,2011-03-11 12:13:00,2011-03-11 12:13:00,United Kingdom,1,0.0,At Risk Customers
15050,26,3,1737.69,579.23,46,2011-09-29 13:22:00,2011-11-14 16:17:00,United Kingdom,0,218.9965479452055,Potential Customers
15051,24,3,1383.36,461.12,127,2011-07-12 15:29:00,2011-11-16 15:38:00,United Kingdom,0,481.33347945205486,Potential Customers
15052,320,1,207.73,207.73,0,2011-01-24 15:52:00,2011-01-24 15:52:00,United Kingdom,1,0.0,At Risk Customers
15053,5,3,693.95,231.31666666666663,277,2011-03-03 12:06:00,2011-12-05 12:08:00,United Kingdom,0,526.641506849315,Potential Customers
15054,13,2,302.1,151.05,28,2011-10-30 14:33:00,2011-11-27 15:02:00,United Kingdom,0,23.174794520547948,Potential Customers
15057,276,2,1489.5,744.75,40,2011-01-28 09:09:00,2011-03-09 15:17:00,United Kingdom,1,163.23287671232876,At Risk Customers
15058,26,11,2102.54,191.14,287,2011-01-31 15:35:00,2011-11-14 14:57:00,United Kingdom,0,1653.2300821917809,Potential Customers
15059,41,9,1337.72,148.63555555555556,294,2011-01-09 11:54:00,2011-10-30 11:35:00,United Kingdom,0,1077.5059726027398,Potential Customers
15060,9,4,294.25,73.5625,1,2011-11-30 14:03:00,2011-12-01 13:47:00,United Kingdom,0,0.8061643835616439,Potential Customers
15061,4,48,54534.14,1136.1279166666666,369,2010-12-02 15:19:00,2011-12-06 12:06:00,United Kingdom,3,55131.774410958904,Loyal Customers
15062,72,4,987.86,246.965,288,2010-12-15 15:37:00,2011-09-29 16:51:00,United Kingdom,0,779.4621369863014,Potential Customers
15063,214,1,370.8,370.8,0,2011-05-10 13:25:00,2011-05-10 13:25:00,United Kingdom,1,0.0,At Risk Customers
15065,38,4,3158.13,789.5325,254,2011-02-21 12:54:00,2011-11-02 09:45:00,United Kingdom,0,2197.712383561644,Potential Customers
15066,54,1,893.59,893.59,0,2011-10-17 13:25:00,2011-10-17 13:25:00,United Kingdom,0,0.0,Potential Customers
15067,79,3,1744.76,581.5866666666666,204,2011-03-02 12:10:00,2011-09-22 13:20:00,United Kingdom,0,975.1535342465753,Potential Customers
15068,47,2,553.36,276.68,210,2011-03-28 14:27:00,2011-10-24 14:47:00,United Kingdom,0,318.37150684931504,Potential Customers
15069,180,1,1109.53,1109.53,0,2011-06-13 14:16:00,2011-06-13 14:16:00,United Kingdom,1,0.0,At Risk Customers
15070,373,1,106.2,106.2,0,2010-12-02 11:23:00,2010-12-02 11:23:00,United Kingdom,1,0.0,At Risk Customers
15071,94,2,982.07,491.035,182,2011-03-09 10:19:00,2011-09-07 11:43:00,United Kingdom,0,489.689698630137,Potential Customers
15073,10,3,1043.41,347.80333333333334,177,2011-06-06 09:59:00,2011-11-30 10:44:00,United Kingdom,0,505.98238356164387,Potential Customers
15074,106,1,735.67,735.67,0,2011-08-26 14:45:00,2011-08-26 14:45:00,United Kingdom,0,0.0,Potential Customers
15075,78,1,773.03,773.03,0,2011-09-23 12:27:00,2011-09-23 12:27:00,United Kingdom,0,0.0,Potential Customers
15076,173,1,880.85,880.85,0,2011-06-20 08:23:00,2011-06-20 08:23:00,United Kingdom,1,0.0,At Risk Customers
15078,8,32,9743.11,304.4721875,361,2010-12-06 12:38:00,2011-12-02 15:41:00,United Kingdom,3,9636.336191780823,Loyal Customers
15079,213,4,895.61,223.9025,153,2010-12-09 09:25:00,2011-05-11 12:45:00,United Kingdom,1,375.4200821917808,At Risk Customers
15081,23,5,504.8,100.96,345,2010-12-07 16:20:00,2011-11-17 17:08:00,United Kingdom,0,477.1397260273972,Potential Customers
15083,257,1,88.2,88.2,0,2011-03-28 12:18:00,2011-03-28 12:18:00,United Kingdom,1,0.0,At Risk Customers
15087,282,1,306.94,306.94,0,2011-03-03 10:34:00,2011-03-03 10:34:00,United Kingdom,1,0.0,At Risk Customers
15088,22,2,1160.07,580.035,46,2011-10-03 14:05:00,2011-11-18 13:14:00,United Kingdom,0,146.20060273972604,Potential Customers
15089,11,6,2420.84,403.4733333333333,118,2011-08-03 14:14:00,2011-11-29 16:31:00,United Kingdom,0,782.6277260273972,Potential Customers
15090,309,1,381.32,381.32,0,2011-02-04 14:03:00,2011-02-04 14:03:00,United Kingdom,1,0.0,At Risk Customers
15091,68,1,480.71,480.71,0,2011-10-03 12:47:00,2011-10-03 12:47:00,United Kingdom,0,0.0,Potential Customers
15092,216,2,457.81,228.905,68,2011-03-01 12:24:00,2011-05-08 14:10:00,United Kingdom,1,85.29063013698631,At Risk Customers
15093,19,6,4597.02,766.17,354,2010-12-02 18:25:00,2011-11-21 13:09:00,United Kingdom,0,4458.479671232876,Potential Customers
15095,104,4,1370.6,342.65,100,2011-05-20 14:27:00,2011-08-28 12:01:00,United Kingdom,0,375.50684931506845,Potential Customers
15096,43,1,219.39,219.39,0,2011-10-28 10:27:00,2011-10-28 10:27:00,United Kingdom,0,0.0,Potential Customers
15097,5,1,248.08,248.08,0,2011-12-05 14:03:00,2011-12-05 14:03:00,United Kingdom,0,0.0,Potential Customers
15098,183,3,39916.5,13305.5,0,2011-06-10 15:22:00,2011-06-10 15:33:00,United Kingdom,3,0.0,Loyal Customers
15099,85,1,410.48,410.48,0,2011-09-16 13:13:00,2011-09-16 13:13:00,United Kingdom,0,0.0,Potential Customers
15100,334,3,876.0,292.0,40,2010-12-01 09:09:00,2011-01-10 10:35:00,United Kingdom,1,96.0,At Risk Customers
15101,9,2,317.53,158.765,351,2010-12-15 12:54:00,2011-12-01 10:18:00,United Kingdom,0,305.35076712328765,Potential Customers
15103,32,2,703.36,351.68,55,2011-09-14 13:54:00,2011-11-08 14:53:00,United Kingdom,0,105.98575342465753,Potential Customers
15104,197,2,993.54,496.77,86,2011-03-02 14:16:00,2011-05-27 12:29:00,United Kingdom,1,234.09435616438356,At Risk Customers
15105,19,7,2298.93,328.41857142857145,116,2011-07-28 10:09:00,2011-11-21 16:54:00,United Kingdom,0,730.6188493150687,Potential Customers
15106,18,5,1422.52,284.504,252,2011-03-15 12:52:00,2011-11-22 09:16:00,United Kingdom,0,982.123397260274,Potential Customers
15107,312,6,319.5,53.25,61,2010-12-02 13:45:00,2011-02-01 14:46:00,United Kingdom,1,53.395890410958906,At Risk Customers
15108,142,4,1300.25,325.0625,86,2011-04-26 10:54:00,2011-07-21 10:24:00,European Community,0,306.3602739726027,Potential Customers
15109,246,1,484.95,484.95,0,2011-04-08 09:58:00,2011-04-08 09:58:00,United Kingdom,1,0.0,At Risk Customers
15110,24,4,996.1,249.025,295,2011-01-25 11:41:00,2011-11-16 11:16:00,United Kingdom,0,805.0671232876713,Potential Customers
15111,30,3,1567.48,522.4933333333332,343,2010-12-02 11:45:00,2011-11-10 16:58:00,United Kingdom,0,1473.0017534246572,Potential Customers
15113,10,3,3509.43,1169.81,45,2011-10-16 15:27:00,2011-11-30 08:23:00,United Kingdom,0,432.6694520547945,Potential Customers
15114,31,10,2760.56,276.056,271,2011-02-11 08:45:00,2011-11-09 15:05:00,United Kingdom,0,2049.6212602739724,Potential Customers
15115,19,1,340.11,340.11,0,2011-11-21 14:59:00,2011-11-21 14:59:00,United Kingdom,0,0.0,Potential Customers
15116,18,4,1352.75,338.1875,187,2011-05-19 08:50:00,2011-11-22 12:25:00,United Kingdom,0,693.0527397260274,Potential Customers
15117,15,5,1551.78,310.356,201,2011-05-08 12:38:00,2011-11-25 08:12:00,United Kingdom,0,854.5418630136985,Potential Customers
15118,135,1,244.8,244.8,0,2011-07-28 14:54:00,2011-07-28 14:54:00,United Kingdom,0,0.0,Potential Customers
15119,246,1,266.4,266.4,0,2011-04-08 09:08:00,2011-04-08 09:08:00,United Kingdom,1,0.0,At Risk Customers
15120,134,1,358.82,358.82,0,2011-07-29 09:48:00,2011-07-29 09:48:00,United Kingdom,0,0.0,Potential Customers
15121,51,2,457.72,228.86,238,2011-02-24 12:41:00,2011-10-20 14:51:00,United Kingdom,0,298.4585205479452,Potential Customers
15122,115,3,1633.78,544.5933333333332,183,2011-02-15 09:59:00,2011-08-17 16:48:00,United Kingdom,0,819.1280547945205,Potential Customers
15123,8,2,2199.31,1099.655,199,2011-05-17 14:57:00,2011-12-02 13:12:00,United Kingdom,0,1199.0758630136986,Potential Customers
15124,23,2,184.19,92.095,169,2011-06-01 09:06:00,2011-11-17 10:09:00,United Kingdom,0,85.28249315068493,Potential Customers
15125,26,15,11528.48,768.5653333333332,245,2011-03-14 09:59:00,2011-11-14 13:57:00,United Kingdom,3,7738.294794520547,Loyal Customers
15127,66,1,406.53,406.53,0,2011-10-05 10:30:00,2011-10-05 10:30:00,United Kingdom,0,0.0,Potential Customers
15128,61,4,1471.0,367.75,159,2011-05-04 12:32:00,2011-10-10 13:54:00,United Kingdom,0,640.7917808219178,Potential Customers
15129,51,11,3447.4,313.4,241,2011-02-21 09:09:00,2011-10-20 14:40:00,United Kingdom,0,2276.2284931506847,Potential Customers
15130,170,1,330.11,330.11,0,2011-06-23 10:15:00,2011-06-23 10:15:00,United Kingdom,1,0.0,At Risk Customers
15132,19,5,977.93,195.586,244,2011-03-22 12:02:00,2011-11-21 17:10:00,United Kingdom,0,653.7395068493151,Potential Customers
15133,128,3,982.42,327.4733333333333,174,2011-02-11 10:38:00,2011-08-04 10:44:00,United Kingdom,0,468.33172602739717,Potential Customers
15134,15,8,1387.99,173.49875,226,2011-04-13 11:05:00,2011-11-25 08:55:00,United Kingdom,0,859.4129863013699,Potential Customers
15135,240,1,139.05,139.05,0,2011-04-14 19:16:00,2011-04-14 19:16:00,United Kingdom,1,0.0,At Risk Customers
15136,3,4,1286.7,321.675,94,2011-09-04 16:05:00,2011-12-07 12:26:00,United Kingdom,0,331.36931506849317,Potential Customers
15139,240,2,178.96,89.48,97,2011-01-07 12:44:00,2011-04-14 11:39:00,United Kingdom,1,47.559232876712336,At Risk Customers
15140,53,7,2354.25,336.32142857142856,212,2011-03-20 14:37:00,2011-10-18 14:07:00,United Kingdom,0,1367.3999999999999,Potential Customers
15142,47,1,498.74,498.74,0,2011-10-24 12:51:00,2011-10-24 12:51:00,United Kingdom,0,0.0,Potential Customers
15143,226,1,259.45,259.45,0,2011-04-28 12:03:00,2011-04-28 12:03:00,United Kingdom,1,0.0,At Risk Customers
15144,9,17,6580.44,387.084705882353,304,2011-01-31 13:17:00,2011-12-01 15:12:00,United Kingdom,3,5480.695232876713,Loyal Customers
15145,5,4,1194.73,298.6825,244,2011-04-05 15:20:00,2011-12-05 17:21:00,United Kingdom,0,798.6688219178083,Potential Customers
15146,165,2,1327.16,663.58,127,2011-02-21 13:07:00,2011-06-28 12:09:00,United Kingdom,1,461.77895890410963,At Risk Customers
15147,241,1,623.5,623.5,0,2011-04-13 15:57:00,2011-04-13 15:57:00,United Kingdom,1,0.0,At Risk Customers
15148,11,1,301.29,301.29,0,2011-11-29 08:21:00,2011-11-29 08:21:00,United Kingdom,0,0.0,Potential Customers
15149,134,1,520.8,520.8,0,2011-07-29 10:58:00,2011-07-29 10:58:00,United Kingdom,0,0.0,Potential Customers
15150,18,10,5291.33,529.133,252,2011-03-15 14:21:00,2011-11-22 12:52:00,United Kingdom,0,3653.1922191780823,Potential Customers
15152,10,13,4745.69,365.0530769230769,178,2011-06-05 15:36:00,2011-11-30 12:32:00,United Kingdom,0,2314.336493150685,Potential Customers
15153,32,1,329.25,329.25,0,2011-11-08 17:09:00,2011-11-08 17:09:00,United Kingdom,0,0.0,Potential Customers
15154,76,1,254.28,254.28,0,2011-09-25 16:05:00,2011-09-25 16:05:00,United Kingdom,0,0.0,Potential Customers
15156,2,3,961.49,320.4966666666666,32,2011-11-06 12:41:00,2011-12-08 18:22:00,United Kingdom,0,84.29501369863011,Potential Customers
15157,4,3,1936.07,645.3566666666667,355,2010-12-16 13:44:00,2011-12-06 11:28:00,United Kingdom,0,1883.02698630137,Potential Customers
15158,46,1,401.4,401.4,0,2011-10-25 13:53:00,2011-10-25 13:53:00,United Kingdom,0,0.0,Potential Customers
15159,2,30,18641.01,621.367,360,2010-12-13 15:44:00,2011-12-08 12:05:00,United Kingdom,3,18385.653698630136,Loyal Customers
15160,358,1,158.16,158.16,0,2010-12-17 14:15:00,2010-12-17 14:15:00,United Kingdom,1,0.0,At Risk Customers
15163,19,2,304.47,152.235,174,2011-05-31 15:22:00,2011-11-21 13:10:00,United Kingdom,0,145.14460273972603,Potential Customers
15164,69,3,824.58,274.86,271,2011-01-04 14:21:00,2011-10-02 12:05:00,United Kingdom,0,612.2224109589041,Potential Customers
15165,374,1,487.75,487.75,0,2010-12-01 14:03:00,2010-12-01 14:03:00,United Kingdom,1,0.0,At Risk Customers
15167,321,1,158.8,158.8,0,2011-01-23 12:41:00,2011-01-23 12:41:00,United Kingdom,1,0.0,At Risk Customers
15168,26,1,106.56,106.56,0,2011-11-14 11:26:00,2011-11-14 11:26:00,United Kingdom,0,0.0,Potential Customers
15171,332,1,1289.5,1289.5,0,2011-01-12 15:36:00,2011-01-12 15:36:00,United Kingdom,1,0.0,At Risk Customers
15172,9,5,1624.05,324.81,228,2011-04-17 11:56:00,2011-12-01 11:51:00,United Kingdom,0,1014.4750684931506,Potential Customers
15174,323,1,135.75,135.75,0,2011-01-21 09:06:00,2011-01-21 09:06:00,United Kingdom,1,0.0,At Risk Customers
15175,72,1,224.14,224.14,0,2011-09-29 11:31:00,2011-09-29 11:31:00,United Kingdom,0,0.0,Potential Customers
15178,261,1,40.5,40.5,0,2011-03-24 15:12:00,2011-03-24 15:12:00,United Kingdom,1,0.0,At Risk Customers
15179,19,5,2206.95,441.39,301,2011-01-24 13:48:00,2011-11-21 12:53:00,United Kingdom,0,1819.9779452054795,Potential Customers
15180,368,1,87.5,87.5,0,2010-12-07 14:57:00,2010-12-07 14:57:00,United Kingdom,1,0.0,At Risk Customers
15181,67,3,689.48,229.82666666666665,203,2011-03-15 12:03:00,2011-10-04 13:58:00,United Kingdom,0,383.46421917808226,Potential Customers
15182,155,2,622.85,311.425,114,2011-03-16 12:42:00,2011-07-08 13:37:00,United Kingdom,1,194.53397260273974,At Risk Customers
15184,30,2,402.2,201.1,161,2011-06-02 12:06:00,2011-11-10 13:41:00,United Kingdom,0,177.40876712328767,Potential Customers
15185,71,1,310.62,310.62,0,2011-09-30 14:06:00,2011-09-30 14:06:00,United Kingdom,0,0.0,Potential Customers
15186,15,2,411.41,205.705,154,2011-06-24 14:54:00,2011-11-25 14:58:00,United Kingdom,0,173.58120547945205,Potential Customers
15187,2,16,4777.18,298.57375,211,2011-05-11 13:49:00,2011-12-08 11:56:00,United Kingdom,3,2761.6026849315067,Loyal Customers
15189,2,41,16225.39,395.74121951219513,331,2011-01-11 12:29:00,2011-12-08 13:22:00,United Kingdom,3,14713.983808219178,Loyal Customers
15192,120,3,1044.32,348.1066666666666,246,2010-12-09 14:56:00,2011-08-12 11:41:00,United Kingdom,0,703.8430684931507,Potential Customers
15193,61,1,499.32,499.32,0,2011-10-10 08:23:00,2011-10-10 08:23:00,United Kingdom,0,0.0,Potential Customers
15194,4,15,7616.53,507.76866666666666,365,2010-12-06 15:00:00,2011-12-06 15:10:00,United Kingdom,3,7616.53,Loyal Customers
15195,3,1,3861.0,3861.0,0,2011-12-07 12:20:00,2011-12-07 12:20:00,United Kingdom,0,0.0,Potential Customers
15197,11,3,1079.61,359.87,348,2010-12-16 18:01:00,2011-11-29 10:00:00,United Kingdom,0,1029.326794520548,Potential Customers
15198,93,2,193.64,96.82,32,2011-08-07 15:16:00,2011-09-08 14:42:00,United Kingdom,0,16.976657534246574,Potential Customers
15199,60,4,1268.7,317.175,249,2011-02-04 14:04:00,2011-10-11 15:12:00,United Kingdom,0,865.4967123287671,Potential Customers
15201,88,5,1236.54,247.308,160,2011-04-06 14:02:00,2011-09-13 14:53:00,United Kingdom,0,542.0449315068493,Potential Customers
15203,26,6,1827.8,304.6333333333333,286,2011-02-01 12:29:00,2011-11-14 08:16:00,United Kingdom,0,1432.1939726027397,Potential Customers
15204,358,1,316.58,316.58,0,2010-12-17 13:49:00,2010-12-17 13:49:00,United Kingdom,1,0.0,At Risk Customers
15205,86,2,653.24,326.62,42,2011-08-04 16:07:00,2011-09-15 19:36:00,United Kingdom,0,75.16734246575342,Potential Customers
15206,11,4,420.3,105.075,265,2011-03-09 08:59:00,2011-11-29 13:41:00,United Kingdom,0,305.14931506849314,Potential Customers
15208,2,5,870.12,174.024,352,2010-12-21 13:03:00,2011-12-08 17:24:00,United Kingdom,0,839.1294246575343,Potential Customers
15210,226,1,331.18,331.18,0,2011-04-28 16:11:00,2011-04-28 16:11:00,United Kingdom,1,0.0,At Risk Customers
15211,61,2,894.41,447.205,305,2010-12-09 16:08:00,2011-10-10 13:31:00,United Kingdom,0,747.383698630137,Potential Customers
15212,242,1,101.8,101.8,0,2011-04-12 13:45:00,2011-04-12 13:45:00,United Kingdom,1,0.0,At Risk Customers
15213,319,2,328.35,164.175,11,2011-01-14 11:05:00,2011-01-25 12:21:00,United Kingdom,1,9.895479452054795,At Risk Customers
15214,2,8,1661.44,207.68,241,2011-04-11 09:46:00,2011-12-08 12:07:00,United Kingdom,0,1097.0055890410958,Potential Customers
15215,47,3,734.94,244.98,50,2011-09-04 12:24:00,2011-10-24 11:41:00,United Kingdom,0,100.67671232876711,Potential Customers
15216,88,1,96.6,96.6,0,2011-09-13 11:41:00,2011-09-13 11:41:00,United Kingdom,0,0.0,Potential Customers
15218,11,11,5756.89,523.3536363636364,308,2011-01-25 11:20:00,2011-11-29 11:48:00,United Kingdom,0,4857.868821917808,Potential Customers
15219,177,1,305.75,305.75,0,2011-06-16 16:57:00,2011-06-16 16:57:00,United Kingdom,1,0.0,At Risk Customers
15220,52,6,1778.96,296.49333333333334,229,2011-03-04 10:24:00,2011-10-19 12:39:00,United Kingdom,0,1116.1146301369863,Potential Customers
15221,367,1,403.25,403.25,0,2010-12-08 13:08:00,2010-12-08 13:08:00,United Kingdom,1,0.0,At Risk Customers
15222,319,1,585.0,585.0,0,2011-01-25 08:03:00,2011-01-25 08:03:00,United Kingdom,1,0.0,At Risk Customers
15223,226,2,755.75,377.875,24,2011-04-04 12:17:00,2011-04-28 11:31:00,United Kingdom,1,49.6931506849315,At Risk Customers
15224,359,2,322.08,161.04,4,2010-12-12 12:34:00,2010-12-16 15:02:00,United Kingdom,1,3.5296438356164384,At Risk Customers
15225,235,1,409.4,409.4,0,2011-04-19 14:51:00,2011-04-19 14:51:00,United Kingdom,1,0.0,At Risk Customers
15226,311,1,154.41,154.41,0,2011-02-02 11:41:00,2011-02-02 11:41:00,United Kingdom,1,0.0,At Risk Customers
15227,37,5,1219.4,243.88,281,2011-01-26 15:31:00,2011-11-03 11:59:00,United Kingdom,0,938.7709589041096,Potential Customers
15228,67,4,3386.71,846.6775,228,2011-02-18 09:04:00,2011-10-04 13:56:00,United Kingdom,0,2115.533917808219,Potential Customers
15230,240,2,429.6,214.8,1,2011-04-13 11:04:00,2011-04-14 14:39:00,United Kingdom,1,1.1769863013698632,At Risk Customers
15232,114,2,612.06,306.03,27,2011-07-22 12:21:00,2011-08-18 16:27:00,United Kingdom,0,45.27567123287671,Potential Customers
15234,277,1,197.0,197.0,0,2011-03-08 08:53:00,2011-03-08 08:53:00,United Kingdom,1,0.0,At Risk Customers
15235,218,12,2247.51,187.2925,156,2010-12-01 17:22:00,2011-05-06 09:44:00,United Kingdom,1,960.5796164383561,At Risk Customers
15236,299,1,321.05,321.05,0,2011-02-14 10:52:00,2011-02-14 10:52:00,United Kingdom,1,0.0,At Risk Customers
15237,2,4,1412.32,353.08,226,2011-04-26 15:04:00,2011-12-08 09:46:00,United Kingdom,0,874.4775890410958,Potential Customers
15238,30,3,1071.99,357.33,155,2011-06-08 16:00:00,2011-11-10 14:28:00,United Kingdom,0,455.2286301369863,Potential Customers
15239,11,2,780.59,390.295,68,2011-09-22 09:53:00,2011-11-29 14:14:00,United Kingdom,0,145.42498630136987,Potential Customers
15240,45,5,1706.57,341.314,267,2011-02-01 08:23:00,2011-10-26 09:50:00,United Kingdom,0,1248.3676438356165,Potential Customers
15241,67,8,1756.44,219.555,217,2011-03-01 11:02:00,2011-10-04 09:05:00,United Kingdom,0,1044.2396712328768,Potential Customers
15243,75,1,316.68,316.68,0,2011-09-26 14:12:00,2011-09-26 14:12:00,United Kingdom,0,0.0,Potential Customers
15244,66,2,631.57,315.785,183,2011-04-05 15:12:00,2011-10-05 13:19:00,United Kingdom,0,316.6501643835617,Potential Customers
15245,135,3,2515.84,838.6133333333332,127,2011-03-23 13:42:00,2011-07-28 18:56:00,United Kingdom,0,875.3744657534246,Potential Customers
15246,239,2,514.15,257.075,120,2010-12-16 09:46:00,2011-04-15 14:45:00,United Kingdom,1,169.03561643835616,At Risk Customers
15247,123,1,356.0,356.0,0,2011-08-09 12:52:00,2011-08-09 12:52:00,United Kingdom,0,0.0,Potential Customers
15249,32,13,6688.46,514.4969230769232,225,2011-03-28 12:49:00,2011-11-08 11:45:00,United Kingdom,0,4123.023287671233,Potential Customers
15251,10,11,10484.99,953.1809090909092,232,2011-04-12 10:38:00,2011-11-30 15:02:00,United Kingdom,0,6664.432000000002,Potential Customers
15252,37,2,740.78,370.39,147,2011-06-09 14:15:00,2011-11-03 13:30:00,United Kingdom,0,298.34153424657535,Potential Customers
15253,17,5,918.2,183.64,153,2011-06-23 12:19:00,2011-11-23 16:22:00,United Kingdom,0,384.88931506849315,Potential Customers
15254,128,1,300.36,300.36,0,2011-08-04 15:04:00,2011-08-04 15:04:00,United Kingdom,0,0.0,Potential Customers
15255,67,1,890.85,890.85,0,2011-10-04 12:43:00,2011-10-04 12:43:00,United Kingdom,0,0.0,Potential Customers
15256,149,1,98.45,98.45,0,2011-07-14 11:47:00,2011-07-14 11:47:00,United Kingdom,1,0.0,At Risk Customers
15257,284,1,317.15,317.15,0,2011-03-01 12:58:00,2011-03-01 12:58:00,United Kingdom,1,0.0,At Risk Customers
15258,169,2,623.16,311.58,49,2011-05-06 14:16:00,2011-06-24 12:30:00,United Kingdom,1,83.65709589041096,At Risk Customers
15260,101,7,1810.77,258.68142857142857,272,2010-12-02 12:09:00,2011-08-31 13:55:00,United Kingdom,0,1349.3957260273974,Potential Customers
15261,136,1,254.82,254.82,0,2011-07-27 15:20:00,2011-07-27 15:20:00,United Kingdom,0,0.0,Potential Customers
15262,324,1,178.95,178.95,0,2011-01-20 12:16:00,2011-01-20 12:16:00,United Kingdom,1,0.0,At Risk Customers
15263,107,1,156.51,156.51,0,2011-08-25 10:26:00,2011-08-25 10:26:00,United Kingdom,0,0.0,Potential Customers
15264,65,1,393.74,393.74,0,2011-10-06 13:49:00,2011-10-06 13:49:00,United Kingdom,0,0.0,Potential Customers
15265,152,2,1506.12,753.06,84,2011-04-18 12:16:00,2011-07-11 14:46:00,United Kingdom,1,346.6139178082191,At Risk Customers
15266,339,1,119.3,119.3,0,2011-01-05 13:40:00,2011-01-05 13:40:00,United Kingdom,1,0.0,At Risk Customers
15267,23,5,1717.36,343.472,160,2011-06-10 10:24:00,2011-11-17 15:59:00,United Kingdom,0,752.8153424657534,Potential Customers
15269,24,1,408.8,408.8,0,2011-11-16 09:32:00,2011-11-16 09:32:00,United Kingdom,0,0.0,Potential Customers
15270,16,7,2379.49,339.9271428571428,295,2011-02-02 13:25:00,2011-11-24 09:24:00,United Kingdom,0,1923.1494520547944,Potential Customers
15271,8,15,2493.34,166.22266666666667,358,2010-12-09 13:47:00,2011-12-02 14:11:00,United Kingdom,3,2445.522520547945,Loyal Customers
15272,58,2,721.94,360.97,29,2011-09-14 16:36:00,2011-10-13 12:59:00,United Kingdom,0,57.35961643835618,Potential Customers
15274,5,2,716.57,358.285,14,2011-11-21 14:17:00,2011-12-05 16:57:00,United Kingdom,0,27.48487671232877,Potential Customers
15275,38,1,615.14,615.14,0,2011-11-02 11:20:00,2011-11-02 11:20:00,United Kingdom,0,0.0,Potential Customers
15276,67,1,128.63,128.63,0,2011-10-04 16:39:00,2011-10-04 16:39:00,United Kingdom,0,0.0,Potential Customers
15277,47,1,255.9,255.9,0,2011-10-24 10:08:00,2011-10-24 10:08:00,United Kingdom,0,0.0,Potential Customers
15279,355,1,290.51,290.51,0,2010-12-20 10:48:00,2010-12-20 10:48:00,United Kingdom,1,0.0,At Risk Customers
15280,173,1,113.12,113.12,0,2011-06-20 17:14:00,2011-06-20 17:14:00,United Kingdom,1,0.0,At Risk Customers
15281,59,9,2332.15,259.12777777777774,275,2011-01-10 15:51:00,2011-10-12 09:10:00,United Kingdom,0,1757.0993150684928,Potential Customers
15286,50,1,240.55,240.55,0,2011-10-21 11:08:00,2011-10-21 11:08:00,United Kingdom,0,0.0,Potential Customers
15287,23,2,486.69,243.345,48,2011-09-30 12:30:00,2011-11-17 15:34:00,United Kingdom,0,64.00306849315068,Potential Customers
15288,44,5,2306.52,461.304,322,2010-12-09 13:59:00,2011-10-27 16:58:00,United Kingdom,0,2034.7929863013699,Potential Customers
15289,30,3,939.78,313.26,220,2011-04-04 12:44:00,2011-11-10 13:49:00,United Kingdom,0,566.4427397260273,Potential Customers
15290,5,18,7943.22,441.29,355,2010-12-15 16:03:00,2011-12-05 11:39:00,United Kingdom,3,7725.597534246575,Loyal Customers
15291,26,15,4668.3,311.22,348,2010-12-01 09:32:00,2011-11-14 11:02:00,United Kingdom,3,4450.872328767124,Loyal Customers
15292,202,1,178.39,178.39,0,2011-05-22 15:00:00,2011-05-22 15:00:00,United Kingdom,1,0.0,At Risk Customers
15296,51,6,3672.86,612.1433333333333,276,2011-01-17 11:57:00,2011-10-20 11:47:00,United Kingdom,0,2777.285917808219,Potential Customers
15297,11,3,641.94,213.98,53,2011-10-07 09:42:00,2011-11-29 16:32:00,United Kingdom,0,93.21320547945204,Potential Customers
15298,3,12,4799.9,399.9916666666666,364,2010-12-08 13:55:00,2011-12-07 17:17:00,United Kingdom,0,4786.7495890410955,Potential Customers
15299,68,7,4507.01,643.8585714285714,305,2010-12-02 16:48:00,2011-10-03 14:19:00,United Kingdom,0,3766.1316438356166,Potential Customers
15300,65,1,496.44,496.44,0,2011-10-06 17:08:00,2011-10-06 17:08:00,United Kingdom,0,0.0,Potential Customers
15301,51,12,5049.95,420.82916666666665,318,2010-12-06 12:21:00,2011-10-20 09:57:00,United Kingdom,0,4399.682465753424,Potential Customers
15303,291,1,574.02,574.02,0,2011-02-22 13:59:00,2011-02-22 13:59:00,United Kingdom,1,0.0,At Risk Customers
15304,61,8,694.4,86.8,308,2010-12-06 11:42:00,2011-10-10 10:23:00,United Kingdom,0,585.9594520547945,Potential Customers
15306,65,3,1174.35,391.45,84,2011-07-14 15:22:00,2011-10-06 12:56:00,United Kingdom,0,270.26136986301367,Potential Customers
15307,96,1,205.3,205.3,0,2011-09-05 11:38:00,2011-09-05 11:38:00,United Kingdom,0,0.0,Potential Customers
15308,275,1,310.47,310.47,0,2011-03-10 13:08:00,2011-03-10 13:08:00,United Kingdom,1,0.0,At Risk Customers
15311,1,91,60632.75,666.293956043956,373,2010-12-01 09:41:00,2011-12-09 12:00:00,United Kingdom,2,61961.686986301356,Champions
15312,76,4,924.85,231.2125,279,2010-12-20 12:51:00,2011-09-25 13:10:00,United Kingdom,0,706.9401369863014,Potential Customers
15313,111,1,52.0,52.0,0,2011-08-21 16:02:00,2011-08-21 16:02:00,United Kingdom,0,0.0,Potential Customers
15314,200,1,327.97,327.97,0,2011-05-24 14:39:00,2011-05-24 14:39:00,United Kingdom,1,0.0,At Risk Customers
15315,65,2,570.5,285.25,52,2011-08-15 15:17:00,2011-10-06 12:51:00,United Kingdom,0,81.27671232876712,Potential Customers
15316,327,1,165.0,165.0,0,2011-01-17 11:34:00,2011-01-17 11:34:00,United Kingdom,1,0.0,At Risk Customers
15318,4,1,312.62,312.62,0,2011-12-06 11:30:00,2011-12-06 11:30:00,United Kingdom,0,0.0,Potential Customers
15319,284,1,204.5,204.5,0,2011-03-01 12:48:00,2011-03-01 12:48:00,United Kingdom,1,0.0,At Risk Customers
15320,45,1,267.13,267.13,0,2011-10-26 13:27:00,2011-10-26 13:27:00,United Kingdom,0,0.0,Potential Customers
15321,71,3,2748.31,916.1033333333331,221,2011-02-21 11:10:00,2011-09-30 09:40:00,United Kingdom,0,1664.045232876712,Potential Customers
15322,86,1,679.68,679.68,0,2011-09-15 09:34:00,2011-09-15 09:34:00,United Kingdom,0,0.0,Potential Customers
15325,104,1,161.74,161.74,0,2011-08-28 11:55:00,2011-08-28 11:55:00,United Kingdom,0,0.0,Potential Customers
15326,334,1,311.71,311.71,0,2011-01-10 11:38:00,2011-01-10 11:38:00,United Kingdom,1,0.0,At Risk Customers
15327,53,1,208.75,208.75,0,2011-10-18 11:55:00,2011-10-18 11:55:00,United Kingdom,0,0.0,Potential Customers
15329,40,3,1049.7,349.9,132,2011-06-21 10:37:00,2011-10-31 15:36:00,United Kingdom,0,379.6175342465753,Potential Customers
15330,33,2,714.96,357.48,28,2011-10-10 12:30:00,2011-11-07 17:50:00,United Kingdom,0,54.84624657534247,Potential Customers
15332,367,4,1661.06,415.265,3,2010-12-05 12:00:00,2010-12-08 14:43:00,Lithuania,1,13.652547945205479,At Risk Customers
15333,209,1,1028.56,1028.56,0,2011-05-15 13:27:00,2011-05-15 13:27:00,United Kingdom,1,0.0,At Risk Customers
15334,157,3,350.82,116.94,17,2011-06-19 13:51:00,2011-07-06 11:22:00,United Kingdom,1,16.339561643835616,At Risk Customers
15335,54,1,170.22,170.22,0,2011-10-17 12:50:00,2011-10-17 12:50:00,United Kingdom,0,0.0,Potential Customers
15339,67,2,574.07,287.035,252,2011-01-25 13:15:00,2011-10-04 12:51:00,United Kingdom,0,396.34421917808226,Potential Customers
15341,81,1,2020.52,2020.52,0,2011-09-20 09:40:00,2011-09-20 09:40:00,United Kingdom,0,0.0,Potential Customers
15342,130,1,406.09,406.09,0,2011-08-02 10:19:00,2011-08-02 10:19:00,United Kingdom,0,0.0,Potential Customers
15343,88,1,364.5,364.5,0,2011-09-13 13:55:00,2011-09-13 13:55:00,United Kingdom,0,0.0,Potential Customers
15344,1,3,563.94,187.98,74,2011-09-26 14:48:00,2011-12-09 10:45:00,United Kingdom,0,114.3330410958904,Potential Customers
15345,46,1,393.54,393.54,0,2011-10-25 11:28:00,2011-10-25 11:28:00,United Kingdom,0,0.0,Potential Customers
15346,333,1,252.42,252.42,0,2011-01-11 11:18:00,2011-01-11 11:18:00,United Kingdom,1,0.0,At Risk Customers
15347,367,1,201.6,201.6,0,2010-12-08 15:25:00,2010-12-08 15:25:00,United Kingdom,1,0.0,At Risk Customers
15348,73,1,158.04,158.04,0,2011-09-28 13:17:00,2011-09-28 13:17:00,United Kingdom,0,0.0,Potential Customers
15349,159,2,463.91,231.955,29,2011-06-05 15:46:00,2011-07-04 16:06:00,United Kingdom,1,36.85860273972603,At Risk Customers
15350,374,1,115.65,115.65,0,2010-12-01 13:33:00,2010-12-01 13:33:00,United Kingdom,1,0.0,At Risk Customers
15351,13,7,1934.66,276.38,357,2010-12-05 11:49:00,2011-11-27 12:52:00,United Kingdom,0,1892.2564931506847,Potential Customers
15353,255,2,770.12,385.06,113,2010-12-07 11:49:00,2011-03-30 12:15:00,United Kingdom,1,238.42071232876714,At Risk Customers
15355,30,2,277.05,138.525,24,2011-10-17 15:22:00,2011-11-10 13:44:00,United Kingdom,0,18.21698630136986,Potential Customers
15356,32,10,2718.03,271.803,337,2010-12-06 14:05:00,2011-11-08 13:11:00,United Kingdom,0,2509.5235890410954,Potential Customers
15358,5,22,8347.2,379.4181818181818,361,2010-12-09 10:04:00,2011-12-05 09:04:00,United Kingdom,3,8255.723835616438,Loyal Customers
15360,40,1,427.93,427.93,0,2011-10-31 09:35:00,2011-10-31 09:35:00,United Kingdom,0,0.0,Potential Customers
15361,362,1,418.92,418.92,0,2010-12-13 09:52:00,2010-12-13 09:52:00,United Kingdom,1,0.0,At Risk Customers
15363,373,1,326.0,326.0,0,2010-12-02 12:28:00,2010-12-02 12:28:00,United Kingdom,1,0.0,At Risk Customers
15364,96,2,913.19,456.595,159,2011-03-30 13:39:00,2011-09-05 09:46:00,United Kingdom,0,397.8005753424658,Potential Customers
15365,26,7,2314.32,330.6171428571428,290,2011-01-28 13:08:00,2011-11-14 08:29:00,United Kingdom,0,1838.7747945205476,Potential Customers
15366,76,2,602.51,301.255,283,2010-12-16 15:59:00,2011-09-25 15:01:00,United Kingdom,0,467.1515890410959,Potential Customers
15367,58,4,1877.59,469.3975,218,2011-03-09 13:53:00,2011-10-13 14:13:00,United Kingdom,0,1121.409917808219,Potential Customers
15368,22,1,446.94,446.94,0,2011-11-18 14:42:00,2011-11-18 14:42:00,United Kingdom,0,0.0,Potential Customers
15370,41,7,2386.05,340.8642857142857,292,2011-01-11 11:32:00,2011-10-30 10:58:00,United Kingdom,0,1908.84,Potential Customers
15372,138,1,2007.4,2007.4,0,2011-07-25 16:39:00,2011-07-25 16:39:00,United Kingdom,0,0.0,Potential Customers
15373,9,12,2415.91,201.32583333333332,363,2010-12-03 14:40:00,2011-12-01 15:05:00,United Kingdom,0,2402.672136986301,Potential Customers
15374,129,1,168.0,168.0,0,2011-08-03 09:59:00,2011-08-03 09:59:00,United Kingdom,0,0.0,Potential Customers
15376,41,3,1221.56,407.18666666666667,182,2011-05-01 13:45:00,2011-10-30 15:04:00,United Kingdom,0,609.1066301369863,Potential Customers
15379,170,7,3703.29,529.0414285714286,189,2010-12-16 13:02:00,2011-06-23 13:13:00,United Kingdom,1,1917.5939999999998,At Risk Customers
15380,9,5,1690.26,338.052,357,2010-12-09 15:01:00,2011-12-01 12:13:00,United Kingdom,0,1653.2132054794522,Potential Customers
15381,214,2,596.85,298.425,55,2011-03-16 13:44:00,2011-05-10 11:55:00,United Kingdom,1,89.93630136986302,At Risk Customers
15382,15,6,5955.71,992.6183333333331,281,2011-02-17 12:01:00,2011-11-25 10:58:00,United Kingdom,0,4585.080849315067,Potential Customers
15384,170,2,642.41,321.205,190,2010-12-15 11:34:00,2011-06-23 10:57:00,United Kingdom,1,334.40520547945204,At Risk Customers
15385,41,1,316.88,316.88,0,2011-10-30 15:11:00,2011-10-30 15:11:00,United Kingdom,0,0.0,Potential Customers
15386,187,1,394.14,394.14,0,2011-06-06 13:47:00,2011-06-06 13:47:00,United Kingdom,1,0.0,At Risk Customers
15388,271,1,140.54,140.54,0,2011-03-14 13:53:00,2011-03-14 13:53:00,Canada,1,0.0,At Risk Customers
15389,173,1,500.0,500.0,0,2011-06-20 16:18:00,2011-06-20 16:18:00,United Kingdom,1,0.0,At Risk Customers
15392,5,4,1535.53,383.8825,356,2010-12-14 15:50:00,2011-12-05 11:01:00,United Kingdom,0,1497.6676164383562,Potential Customers
15393,17,2,231.86,115.93,265,2011-03-03 16:58:00,2011-11-23 16:48:00,United Kingdom,0,168.33671232876713,Potential Customers
15394,10,4,2183.54,545.885,349,2010-12-16 12:46:00,2011-11-30 11:49:00,United Kingdom,0,2087.8231780821916,Potential Customers
15395,326,1,107.45,107.45,0,2011-01-18 12:40:00,2011-01-18 12:40:00,United Kingdom,1,0.0,At Risk Customers
15396,113,1,288.18,288.18,0,2011-08-19 10:56:00,2011-08-19 10:56:00,United Kingdom,0,0.0,Potential Customers
15397,290,1,94.0,94.0,0,2011-02-23 09:25:00,2011-02-23 09:25:00,United Kingdom,1,0.0,At Risk Customers
15398,17,2,1345.53,672.765,62,2011-09-22 14:56:00,2011-11-23 16:47:00,United Kingdom,0,228.5557808219178,Potential Customers
15399,2,3,815.77,271.92333333333335,78,2011-09-21 15:57:00,2011-12-08 13:04:00,United Kingdom,0,174.32893150684933,Potential Customers
15400,93,5,716.2,143.24,186,2011-03-06 11:27:00,2011-09-08 13:57:00,United Kingdom,0,364.96767123287674,Potential Customers
15402,149,2,626.77,313.385,48,2011-05-27 13:32:00,2011-07-14 12:17:00,United Kingdom,1,82.42454794520548,At Risk Customers
15405,190,1,349.1,349.1,0,2011-06-03 14:44:00,2011-06-03 14:44:00,United Kingdom,1,0.0,At Risk Customers
15406,32,2,510.71,255.355,270,2011-02-11 16:19:00,2011-11-08 13:22:00,United Kingdom,0,377.78547945205474,Potential Customers
15407,34,4,1046.74,261.685,272,2011-02-07 13:18:00,2011-11-06 11:55:00,United Kingdom,0,780.0363835616439,Potential Customers
15408,265,1,267.18,267.18,0,2011-03-20 15:02:00,2011-03-20 15:02:00,United Kingdom,1,0.0,At Risk Customers
15410,85,8,3450.84,431.355,177,2011-03-23 10:15:00,2011-09-16 14:47:00,United Kingdom,0,1673.4210410958906,Potential Customers
15411,27,4,1348.93,337.2325,156,2011-06-10 12:30:00,2011-11-13 15:19:00,United Kingdom,0,576.52898630137,Potential Customers
15412,172,1,190.53,190.53,0,2011-06-21 15:24:00,2011-06-21 15:24:00,United Kingdom,1,0.0,At Risk Customers
15414,10,3,774.9,258.3,233,2011-04-11 13:45:00,2011-11-30 09:50:00,United Kingdom,0,494.662191780822,Potential Customers
15415,314,1,559.61,559.61,0,2011-01-30 14:13:00,2011-01-30 14:13:00,United Kingdom,1,0.0,At Risk Customers
15416,65,4,3984.32,996.08,218,2011-03-02 08:41:00,2011-10-06 09:38:00,United Kingdom,0,2379.6760547945205,Potential Customers
15417,86,1,508.8,508.8,0,2011-09-15 15:26:00,2011-09-15 15:26:00,United Kingdom,0,0.0,Potential Customers
15419,25,1,135.86,135.86,0,2011-11-15 09:23:00,2011-11-15 09:23:00,United Kingdom,0,0.0,Potential Customers
15421,59,4,950.36,237.59,252,2011-02-02 14:36:00,2011-10-12 09:20:00,United Kingdom,0,656.1389589041097,Potential Customers
15422,324,2,97.7,48.85,0,2011-01-20 14:17:00,2011-01-20 16:17:00,United Kingdom,1,0.0,At Risk Customers
15423,39,1,43.5,43.5,0,2011-11-01 14:01:00,2011-11-01 14:01:00,United Kingdom,0,0.0,Potential Customers
15424,255,2,383.34,191.67,0,2011-03-30 13:00:00,2011-03-30 13:02:00,United Kingdom,1,0.0,At Risk Customers
15426,20,5,1404.07,280.814,350,2010-12-05 13:55:00,2011-11-20 15:36:00,United Kingdom,0,1346.368493150685,Potential Customers
15427,34,3,1430.54,476.84666666666664,14,2011-10-23 14:47:00,2011-11-06 14:29:00,United Kingdom,0,54.87002739726027,Potential Customers
15428,16,1,93.78,93.78,0,2011-11-24 16:54:00,2011-11-24 16:54:00,United Kingdom,0,0.0,Potential Customers
15429,27,2,397.35,198.675,49,2011-09-25 13:42:00,2011-11-13 12:28:00,United Kingdom,0,53.342876712328774,Potential Customers
15432,24,1,171.19,171.19,0,2011-11-16 16:30:00,2011-11-16 16:30:00,United Kingdom,0,0.0,Potential Customers
15433,214,2,533.3,266.65,54,2011-03-17 14:12:00,2011-05-10 10:45:00,United Kingdom,1,78.89917808219178,At Risk Customers
15434,9,5,1041.48,208.296,192,2011-05-23 14:18:00,2011-12-01 13:33:00,United Kingdom,0,547.8470136986301,Potential Customers
15435,23,1,149.29,149.29,0,2011-11-17 16:39:00,2011-11-17 16:39:00,United Kingdom,0,0.0,Potential Customers
15436,13,3,1067.75,355.91666666666663,222,2011-04-19 16:52:00,2011-11-27 16:05:00,United Kingdom,0,649.4260273972603,Potential Customers
15437,263,1,200.16,200.16,0,2011-03-22 13:11:00,2011-03-22 13:11:00,United Kingdom,1,0.0,At Risk Customers
15438,132,1,156.58,156.58,0,2011-07-31 14:19:00,2011-07-31 14:19:00,United Kingdom,0,0.0,Potential Customers
15440,55,3,383.68,127.89333333333332,154,2011-05-15 11:30:00,2011-10-16 12:16:00,United Kingdom,0,161.8814246575342,Potential Customers
15442,249,1,594.0,594.0,0,2011-04-05 12:24:00,2011-04-05 12:24:00,United Kingdom,1,0.0,At Risk Customers
15443,2,7,3213.59,459.08428571428567,319,2011-01-23 13:25:00,2011-12-08 10:40:00,United Kingdom,0,2808.5896164383557,Potential Customers
15444,10,2,1411.21,705.605,31,2011-10-30 16:12:00,2011-11-30 17:37:00,United Kingdom,0,119.85619178082192,Potential Customers
15445,265,1,113.5,113.5,0,2011-03-20 15:06:00,2011-03-20 15:06:00,United Kingdom,1,0.0,At Risk Customers
15447,331,1,155.17,155.17,0,2011-01-13 11:26:00,2011-01-13 11:26:00,United Kingdom,1,0.0,At Risk Customers
15448,313,1,494.64,494.64,0,2011-01-31 10:42:00,2011-01-31 10:42:00,United Kingdom,1,0.0,At Risk Customers
15449,27,3,974.52,324.84,235,2011-03-23 10:43:00,2011-11-13 15:02:00,United Kingdom,0,627.4306849315069,Potential Customers
15450,31,1,429.84,429.84,0,2011-11-09 17:11:00,2011-11-09 17:11:00,United Kingdom,0,0.0,Potential Customers
15452,30,3,528.48,176.16,235,2011-03-20 15:21:00,2011-11-10 12:13:00,United Kingdom,0,340.2542465753425,Potential Customers
15453,2,7,1371.77,195.96714285714285,186,2011-06-05 12:37:00,2011-12-08 10:59:00,United Kingdom,0,699.0389589041096,Potential Customers
15454,363,1,179.1,179.1,0,2010-12-12 14:21:00,2010-12-12 14:21:00,United Kingdom,1,0.0,At Risk Customers
15456,284,3,434.59,144.86333333333332,76,2010-12-15 15:34:00,2011-03-01 13:51:00,United Kingdom,1,90.48997260273971,At Risk Customers
15457,263,1,237.07,237.07,0,2011-03-22 15:31:00,2011-03-22 15:31:00,United Kingdom,1,0.0,At Risk Customers
15458,26,1,161.64,161.64,0,2011-11-14 13:08:00,2011-11-14 13:08:00,United Kingdom,0,0.0,Potential Customers
15460,355,1,214.26,214.26,0,2010-12-20 16:08:00,2010-12-20 16:08:00,United Kingdom,1,0.0,At Risk Customers
15462,95,3,234.6,78.2,93,2011-06-05 15:36:00,2011-09-06 13:11:00,United Kingdom,0,59.77479452054795,Potential Customers
15463,30,1,126.14,126.14,0,2011-11-10 12:57:00,2011-11-10 12:57:00,United Kingdom,0,0.0,Potential Customers
15464,339,1,1044.65,1044.65,0,2011-01-05 15:56:00,2011-01-05 15:56:00,United Kingdom,1,0.0,At Risk Customers
15465,20,18,7354.62,408.59,350,2010-12-05 10:12:00,2011-11-20 10:11:00,United Kingdom,3,7052.3753424657525,Loyal Customers
15466,86,1,334.53,334.53,0,2011-09-15 14:08:00,2011-09-15 14:08:00,United Kingdom,0,0.0,Potential Customers
15467,10,3,524.88,174.96,143,2011-07-10 14:42:00,2011-11-30 14:17:00,United Kingdom,0,205.63791780821919,Potential Customers
15468,52,2,467.51,233.755,0,2011-10-19 13:38:00,2011-10-19 13:49:00,United Kingdom,0,0.0,Potential Customers
15469,51,2,538.55,269.275,70,2011-08-11 16:54:00,2011-10-20 16:21:00,United Kingdom,0,103.2835616438356,Potential Customers
15471,3,1,454.48,454.48,0,2011-12-07 14:12:00,2011-12-07 14:12:00,United Kingdom,0,0.0,Potential Customers
15472,114,1,371.56,371.56,0,2011-08-18 15:17:00,2011-08-18 15:17:00,United Kingdom,0,0.0,Potential Customers
15473,15,7,1771.2,253.02857142857144,46,2011-10-10 11:12:00,2011-11-25 15:15:00,United Kingdom,0,223.2197260273973,Potential Customers
15475,78,1,454.11,454.11,0,2011-09-23 15:20:00,2011-09-23 15:20:00,United Kingdom,0,0.0,Potential Customers
15478,41,2,1399.92,699.96,16,2011-10-14 11:09:00,2011-10-30 14:19:00,United Kingdom,0,61.36635616438357,Potential Customers
15480,117,1,905.5,905.5,0,2011-08-15 14:32:00,2011-08-15 14:32:00,Malta,0,0.0,Potential Customers
15482,16,12,10879.76,906.6466666666665,343,2010-12-16 10:08:00,2011-11-24 10:46:00,United Kingdom,3,10223.993643835614,Loyal Customers
15483,162,4,225.26,56.315,105,2011-03-18 12:26:00,2011-07-01 13:07:00,United Kingdom,1,64.80082191780821,At Risk Customers
15484,2,4,3590.41,897.6025,77,2011-09-22 13:31:00,2011-12-08 15:03:00,United Kingdom,0,757.4289589041095,Potential Customers
15485,31,3,2564.5,854.8333333333333,343,2010-12-01 13:23:00,2011-11-09 14:31:00,United Kingdom,0,2409.927397260274,Potential Customers
15488,93,1,91.32,91.32,0,2011-09-08 10:11:00,2011-09-08 10:11:00,United Kingdom,0,0.0,Potential Customers
15489,23,3,1134.28,378.0933333333333,189,2011-05-12 12:54:00,2011-11-17 08:53:00,United Kingdom,0,587.3395068493151,Potential Customers
15491,96,6,3100.09,516.6816666666666,140,2011-04-18 10:04:00,2011-09-05 15:56:00,United Kingdom,0,1189.075616438356,Potential Customers
15492,29,2,659.46,329.73,46,2011-09-26 14:02:00,2011-11-11 14:53:00,United Kingdom,0,83.11002739726028,Potential Customers
15493,33,5,1953.41,390.682,238,2011-03-14 11:44:00,2011-11-07 12:04:00,United Kingdom,0,1273.7303561643837,Potential Customers
15494,22,2,1280.58,640.29,100,2011-08-10 15:29:00,2011-11-18 14:51:00,United Kingdom,0,350.8438356164383,Potential Customers
15497,18,2,1262.2,631.1,302,2011-01-24 10:01:00,2011-11-22 11:51:00,United Kingdom,0,1044.3408219178084,Potential Customers
15498,3,27,13316.4,493.2,364,2010-12-08 12:29:00,2011-12-07 12:48:00,United Kingdom,3,13279.916712328766,Loyal Customers
15500,9,4,1131.56,282.89,73,2011-09-19 13:47:00,2011-12-01 13:47:00,United Kingdom,0,226.312,Potential Customers
15502,16,12,10384.93,865.4108333333332,354,2010-12-05 15:40:00,2011-11-24 12:48:00,United Kingdom,3,10071.959506849314,Loyal Customers
15503,363,1,141.04,141.04,0,2010-12-12 10:57:00,2010-12-12 10:57:00,United Kingdom,1,0.0,At Risk Customers
15504,82,1,52.83,52.83,0,2011-09-19 13:45:00,2011-09-19 13:45:00,United Kingdom,0,0.0,Potential Customers
15505,53,5,3610.96,722.192,103,2011-07-07 13:33:00,2011-10-18 07:56:00,United Kingdom,0,1018.9832328767123,Potential Customers
15506,23,3,972.08,324.02666666666664,116,2011-07-24 11:45:00,2011-11-17 12:11:00,United Kingdom,0,308.93501369863014,Potential Customers
15507,172,1,475.86,475.86,0,2011-06-21 11:19:00,2011-06-21 11:19:00,United Kingdom,1,0.0,At Risk Customers
15508,190,6,1000.27,166.71166666666667,46,2011-04-18 15:31:00,2011-06-03 15:43:00,United Kingdom,1,126.06142465753426,At Risk Customers
15510,331,1,250.0,250.0,0,2011-01-13 12:10:00,2011-01-13 12:10:00,United Kingdom,1,0.0,At Risk Customers
15511,12,5,900.53,180.106,74,2011-09-15 15:05:00,2011-11-28 09:43:00,United Kingdom,0,182.57320547945204,Potential Customers
15512,156,2,121.0,60.5,204,2010-12-15 12:01:00,2011-07-07 10:20:00,United Kingdom,1,67.62739726027398,At Risk Customers
15513,34,19,14758.22,776.7484210526316,340,2010-12-01 11:22:00,2011-11-06 14:36:00,United Kingdom,3,13747.383013698629,Loyal Customers
15514,13,11,4023.72,365.7927272727273,352,2010-12-10 13:50:00,2011-11-27 14:40:00,United Kingdom,0,3880.4094246575346,Potential Customers
15516,45,3,62.43,20.81,2,2011-10-24 11:33:00,2011-10-26 10:51:00,United Kingdom,0,0.3420821917808219,Potential Customers
15517,234,1,267.03,267.03,0,2011-04-20 14:02:00,2011-04-20 14:02:00,United Kingdom,1,0.0,At Risk Customers
15518,65,8,1921.55,240.19375,268,2011-01-11 12:55:00,2011-10-06 13:05:00,United Kingdom,0,1410.891506849315,Potential Customers
15520,2,1,343.5,343.5,0,2011-12-08 10:58:00,2011-12-08 10:58:00,United Kingdom,0,0.0,Potential Customers
15521,41,8,3000.2,375.025,214,2011-03-30 09:15:00,2011-10-30 13:42:00,United Kingdom,0,1759.0213698630137,Potential Customers
15522,33,2,397.99,198.995,55,2011-09-13 12:26:00,2011-11-07 11:26:00,United Kingdom,0,59.97109589041096,Potential Customers
15523,85,1,412.01,412.01,0,2011-09-16 16:29:00,2011-09-16 16:29:00,United Kingdom,0,0.0,Potential Customers
15524,25,1,440.0,440.0,0,2011-11-15 12:09:00,2011-11-15 12:09:00,United Kingdom,0,0.0,Potential Customers
15525,3,3,734.37,244.79,371,2010-12-01 13:17:00,2011-12-07 14:43:00,United Kingdom,0,746.4418356164383,Potential Customers
15526,34,2,148.44,74.22,0,2011-11-06 15:01:00,2011-11-06 15:04:00,United Kingdom,0,0.0,Potential Customers
15527,19,8,2428.53,303.56625,336,2010-12-20 14:15:00,2011-11-21 12:17:00,United Kingdom,0,2235.5783013698633,Potential Customers
15528,255,1,229.33,229.33,0,2011-03-30 16:14:00,2011-03-30 16:14:00,United Kingdom,1,0.0,At Risk Customers
15529,23,11,3962.6,360.23636363636365,344,2010-12-08 12:24:00,2011-11-17 11:29:00,United Kingdom,0,3734.6147945205485,Potential Customers
15530,22,4,1497.31,374.3275,225,2011-04-07 11:16:00,2011-11-18 12:25:00,United Kingdom,0,922.9993150684932,Potential Customers
15531,9,2,1972.39,986.195,22,2011-11-09 17:47:00,2011-12-01 18:43:00,United Kingdom,0,118.88378082191782,Potential Customers
15532,26,4,1564.73,391.1825,333,2010-12-16 16:45:00,2011-11-14 14:51:00,United Kingdom,0,1427.548191780822,Potential Customers
15533,20,3,807.57,269.19,70,2011-09-11 15:41:00,2011-11-20 15:35:00,United Kingdom,0,154.87643835616436,Potential Customers
15535,174,4,502.9,125.725,154,2011-01-16 12:35:00,2011-06-19 16:02:00,United Kingdom,1,212.18246575342465,At Risk Customers
15537,164,1,110.92,110.92,0,2011-06-29 13:10:00,2011-06-29 13:10:00,United Kingdom,1,0.0,At Risk Customers
15539,8,1,538.46,538.46,0,2011-12-02 13:36:00,2011-12-02 13:36:00,United Kingdom,0,0.0,Potential Customers
15540,12,1,213.3,213.3,0,2011-11-28 13:51:00,2011-11-28 13:51:00,United Kingdom,0,0.0,Potential Customers
15541,115,1,85.13,85.13,0,2011-08-17 14:58:00,2011-08-17 14:58:00,United Kingdom,0,0.0,Potential Customers
15543,289,1,127.86,127.86,0,2011-02-24 15:26:00,2011-02-24 15:26:00,United Kingdom,1,0.0,At Risk Customers
15544,10,9,3546.71,394.07888888888886,363,2010-12-02 12:47:00,2011-11-30 16:43:00,United Kingdom,0,3527.2759726027393,Potential Customers
15545,55,2,288.97,144.485,317,2010-12-03 17:28:00,2011-10-16 13:24:00,United Kingdom,0,250.96846575342468,Potential Customers
15547,8,14,4910.6,350.75714285714287,355,2010-12-12 13:26:00,2011-12-02 12:52:00,United Kingdom,3,4776.06301369863,Loyal Customers
15549,78,3,1681.46,560.4866666666667,239,2011-01-27 15:38:00,2011-09-23 16:22:00,United Kingdom,0,1101.010794520548,Potential Customers
15550,5,4,575.63,143.9075,297,2011-02-11 12:49:00,2011-12-05 15:38:00,United Kingdom,0,468.38934246575343,Potential Customers
15551,37,1,436.06,436.06,0,2011-11-03 12:37:00,2011-11-03 12:37:00,United Kingdom,0,0.0,Potential Customers
15552,218,1,90.12,90.12,0,2011-05-06 14:47:00,2011-05-06 14:47:00,United Kingdom,1,0.0,At Risk Customers
15553,61,1,428.93,428.93,0,2011-10-10 14:02:00,2011-10-10 14:02:00,United Kingdom,0,0.0,Potential Customers
15554,278,1,217.2,217.2,0,2011-03-07 09:00:00,2011-03-07 09:00:00,United Kingdom,1,0.0,At Risk Customers
15555,13,16,4794.86,299.67875,357,2010-12-05 14:45:00,2011-11-27 16:19:00,United Kingdom,3,4689.767178082191,Loyal Customers
15556,25,1,279.77,279.77,0,2011-11-15 16:08:00,2011-11-15 16:08:00,United Kingdom,0,0.0,Potential Customers
15557,29,1,468.91,468.91,0,2011-11-11 12:46:00,2011-11-11 12:46:00,United Kingdom,0,0.0,Potential Customers
15561,12,4,800.59,200.1475,204,2011-05-08 11:38:00,2011-11-28 11:07:00,United Kingdom,0,447.45304109589046,Potential Customers
15562,352,1,134.55,134.55,0,2010-12-23 09:55:00,2010-12-23 09:55:00,United Kingdom,1,0.0,At Risk Customers
15563,23,4,1400.44,350.11,336,2010-12-16 11:27:00,2011-11-17 14:50:00,United Kingdom,0,1289.1721643835617,Potential Customers
15565,51,2,173.16,86.58,20,2011-09-30 10:44:00,2011-10-20 14:33:00,United Kingdom,0,9.488219178082192,Potential Customers
15567,19,1,186.01,186.01,0,2011-11-21 10:48:00,2011-11-21 10:48:00,United Kingdom,0,0.0,Potential Customers
15568,3,3,758.29,252.76333333333332,71,2011-09-27 14:37:00,2011-12-07 11:27:00,United Kingdom,0,147.50298630136987,Potential Customers
15569,104,5,1375.71,275.142,229,2011-01-11 13:26:00,2011-08-28 10:15:00,United Kingdom,0,863.1166849315068,Potential Customers
15570,8,12,4148.82,345.735,362,2010-12-05 12:57:00,2011-12-02 14:47:00,United Kingdom,0,4114.720109589041,Potential Customers
15571,12,4,650.43,162.6075,67,2011-09-22 13:15:00,2011-11-28 10:02:00,United Kingdom,0,119.39399999999999,Potential Customers
15572,5,7,2533.42,361.9171428571429,274,2011-03-06 14:44:00,2011-12-05 10:09:00,United Kingdom,0,1901.8002191780822,Potential Customers
15573,32,2,591.19,295.595,54,2011-09-15 12:16:00,2011-11-08 11:38:00,United Kingdom,0,87.46372602739727,Potential Customers
15574,178,4,675.64,168.91,195,2010-12-02 15:46:00,2011-06-15 12:01:00,United Kingdom,1,360.9583561643836,At Risk Customers
15576,38,1,921.37,921.37,0,2011-11-02 12:03:00,2011-11-02 12:03:00,United Kingdom,0,0.0,Potential Customers
15577,152,3,258.88,86.29333333333332,154,2011-02-07 13:32:00,2011-07-11 17:03:00,United Kingdom,1,109.22608219178082,At Risk Customers
15578,163,1,127.1,127.1,0,2011-06-30 13:03:00,2011-06-30 13:03:00,United Kingdom,1,0.0,At Risk Customers
15579,69,2,327.6,163.8,245,2011-01-30 12:09:00,2011-10-02 12:45:00,United Kingdom,0,219.8958904109589,Potential Customers
15581,121,13,3675.77,282.7515384615385,246,2010-12-08 14:38:00,2011-08-11 09:38:00,United Kingdom,0,2477.3682739726028,Potential Customers
15582,25,3,682.91,227.63666666666663,196,2011-05-03 13:36:00,2011-11-15 09:55:00,United Kingdom,0,366.7133150684931,Potential Customers
15584,24,4,720.86,180.215,139,2011-06-30 16:39:00,2011-11-16 10:55:00,United Kingdom,0,274.51928767123286,Potential Customers
15585,177,1,455.3,455.3,0,2011-06-16 08:38:00,2011-06-16 08:38:00,United Kingdom,1,0.0,At Risk Customers
15587,51,4,913.68,228.42,301,2010-12-23 09:59:00,2011-10-20 13:37:00,United Kingdom,0,753.473095890411,Potential Customers
15589,256,3,478.53,159.51,55,2011-02-02 10:46:00,2011-03-29 09:54:00,United Kingdom,1,72.1072602739726,At Risk Customers
15592,47,1,388.58,388.58,0,2011-10-24 08:59:00,2011-10-24 08:59:00,United Kingdom,0,0.0,Potential Customers
15593,71,1,199.8,199.8,0,2011-09-30 11:46:00,2011-09-30 11:46:00,United Kingdom,0,0.0,Potential Customers
15594,16,5,1771.78,354.356,219,2011-04-19 10:08:00,2011-11-24 08:53:00,United Kingdom,0,1063.068,Potential Customers
15596,101,5,1406.59,281.318,265,2010-12-09 16:10:00,2011-08-31 10:55:00,United Kingdom,0,1021.2228767123287,Potential Customers
15597,36,1,324.57,324.57,0,2011-11-04 13:26:00,2011-11-04 13:26:00,United Kingdom,0,0.0,Potential Customers
15598,54,1,240.68,240.68,0,2011-10-17 16:04:00,2011-10-17 16:04:00,United Kingdom,0,0.0,Potential Customers
15599,27,2,761.74,380.87,178,2011-05-19 13:05:00,2011-11-13 11:44:00,United Kingdom,0,371.47868493150685,Potential Customers
15601,12,14,6776.56,484.04,361,2010-12-02 10:39:00,2011-11-28 15:15:00,United Kingdom,3,6702.296328767124,Loyal Customers
15602,9,9,1297.87,144.20777777777775,360,2010-12-06 15:35:00,2011-12-01 14:14:00,United Kingdom,0,1280.0909589041091,Potential Customers
15603,79,1,48.48,48.48,0,2011-09-22 10:04:00,2011-09-22 10:04:00,United Kingdom,0,0.0,Potential Customers
15604,53,1,216.39,216.39,0,2011-10-18 14:47:00,2011-10-18 14:47:00,United Kingdom,0,0.0,Potential Customers
15605,37,5,1198.23,239.646,337,2010-12-01 13:38:00,2011-11-03 14:17:00,United Kingdom,0,1106.31098630137,Potential Customers
15606,62,9,2920.16,324.46222222222224,263,2011-01-19 12:07:00,2011-10-09 15:47:00,United Kingdom,0,2104.115287671233,Potential Customers
15607,337,1,104.76,104.76,0,2011-01-07 12:44:00,2011-01-07 12:44:00,United Kingdom,1,0.0,At Risk Customers
15608,29,4,1093.68,273.42,92,2011-08-11 09:56:00,2011-11-11 13:20:00,United Kingdom,0,275.66728767123294,Potential Customers
15609,185,1,298.48,298.48,0,2011-06-08 13:00:00,2011-06-08 13:00:00,United Kingdom,1,0.0,At Risk Customers
15610,52,1,112.46,112.46,0,2011-10-19 10:36:00,2011-10-19 10:36:00,United Kingdom,0,0.0,Potential Customers
15611,10,13,1591.45,122.41923076923077,325,2011-01-09 11:32:00,2011-11-30 12:36:00,United Kingdom,0,1417.0445205479452,Potential Customers
15612,37,2,195.15,97.575,25,2011-10-09 12:49:00,2011-11-03 14:52:00,United Kingdom,0,13.366438356164384,Potential Customers
15615,11,23,10399.74,452.1626086956522,349,2010-12-15 16:21:00,2011-11-29 14:42:00,United Kingdom,3,9943.86098630137,Loyal Customers
15618,33,4,776.85,194.2125,104,2011-07-26 10:13:00,2011-11-07 08:34:00,United Kingdom,0,221.3490410958904,Potential Customers
15619,11,1,336.4,336.4,0,2011-11-29 08:14:00,2011-11-29 08:14:00,United Kingdom,0,0.0,Potential Customers
15620,57,3,1553.18,517.7266666666667,302,2010-12-16 14:34:00,2011-10-14 12:41:00,United Kingdom,0,1285.0968767123288,Potential Customers
15621,5,4,1293.03,323.2575,17,2011-11-18 11:49:00,2011-12-05 14:01:00,United Kingdom,0,60.22331506849315,Potential Customers
15622,44,9,3709.56,412.1733333333333,239,2011-03-02 13:42:00,2011-10-27 16:44:00,United Kingdom,0,2428.999561643835,Potential Customers
15623,142,1,301.03,301.03,0,2011-07-21 17:26:00,2011-07-21 17:26:00,United Kingdom,0,0.0,Potential Customers
15624,117,4,588.13,147.0325,140,2011-03-28 13:32:00,2011-08-15 11:38:00,United Kingdom,0,225.58410958904108,Potential Customers
15625,104,4,1534.26,383.565,132,2011-04-18 14:01:00,2011-08-28 10:21:00,United Kingdom,0,554.8556712328767,Potential Customers
15626,75,2,675.8,337.9,255,2011-01-14 10:10:00,2011-09-26 10:03:00,United Kingdom,0,472.13424657534244,Potential Customers
15628,5,9,2870.24,318.91555555555556,362,2010-12-08 09:51:00,2011-12-05 10:24:00,United Kingdom,0,2846.64898630137,Potential Customers
15630,46,2,1186.35,593.175,159,2011-05-19 10:16:00,2011-10-25 15:36:00,United Kingdom,0,516.7935616438356,Potential Customers
15632,16,8,3285.31,410.66375,259,2011-03-10 08:29:00,2011-11-24 09:51:00,United Kingdom,0,2331.2199726027397,Potential Customers
15634,18,1,243.55,243.55,0,2011-11-22 16:28:00,2011-11-22 16:28:00,United Kingdom,0,0.0,Potential Customers
15636,90,2,724.76,362.38,193,2011-03-02 14:50:00,2011-09-11 11:17:00,United Kingdom,0,383.2292602739726,Potential Customers
15637,53,1,223.36,223.36,0,2011-10-18 08:28:00,2011-10-18 08:28:00,United Kingdom,0,0.0,Potential Customers
15639,135,1,425.32,425.32,0,2011-07-28 14:30:00,2011-07-28 14:30:00,United Kingdom,0,0.0,Potential Customers
15640,5,15,12416.11,827.7406666666666,368,2010-12-02 15:40:00,2011-12-05 14:35:00,United Kingdom,3,12518.160219178082,Loyal Customers
15641,106,4,1887.2,471.8,254,2010-12-15 14:45:00,2011-08-26 14:04:00,United Kingdom,0,1313.2843835616438,Potential Customers
15643,192,3,664.0,221.33333333333331,91,2011-03-02 14:34:00,2011-06-01 07:38:00,United Kingdom,1,165.54520547945205,At Risk Customers
15644,167,4,803.54,200.885,95,2011-03-23 15:37:00,2011-06-26 14:54:00,United Kingdom,1,209.14054794520547,At Risk Customers
15645,19,1,612.01,612.01,0,2011-11-21 11:55:00,2011-11-21 11:55:00,United Kingdom,0,0.0,Potential Customers
15646,158,3,447.64,149.2133333333333,215,2010-12-02 16:59:00,2011-07-05 09:53:00,United Kingdom,1,263.67835616438356,At Risk Customers
15648,205,2,639.5,319.75,63,2011-03-17 18:59:00,2011-05-19 15:53:00,United Kingdom,1,110.37945205479453,At Risk Customers
15649,337,2,816.0,408.0,31,2010-12-07 10:06:00,2011-01-07 13:34:00,United Kingdom,1,69.30410958904109,At Risk Customers
15651,37,3,646.3,215.4333333333333,224,2011-03-24 08:56:00,2011-11-03 08:41:00,United Kingdom,0,396.63342465753425,Potential Customers
15652,92,1,337.74,337.74,0,2011-09-09 14:22:00,2011-09-09 14:22:00,United Kingdom,0,0.0,Potential Customers
15653,93,2,877.44,438.72,23,2011-08-16 09:50:00,2011-09-08 10:49:00,United Kingdom,0,55.290739726027404,Potential Customers
15654,10,2,922.53,461.265,17,2011-11-13 15:15:00,2011-11-30 13:08:00,United Kingdom,0,42.96715068493151,Potential Customers
15655,244,1,560.67,560.67,0,2011-04-10 15:25:00,2011-04-10 15:25:00,United Kingdom,1,0.0,At Risk Customers
15656,46,4,748.5,187.125,239,2011-02-28 15:32:00,2011-10-25 14:56:00,United Kingdom,0,490.113698630137,Potential Customers
15657,23,1,30.0,30.0,0,2011-11-17 12:19:00,2011-11-17 12:19:00,United Kingdom,0,0.0,Potential Customers
15658,191,5,1024.1,204.82,182,2010-12-02 10:53:00,2011-06-02 15:22:00,United Kingdom,1,510.6471232876712,At Risk Customers
15659,44,1,306.45,306.45,0,2011-10-27 09:23:00,2011-10-27 09:23:00,United Kingdom,0,0.0,Potential Customers
15660,26,9,1600.86,177.8733333333333,340,2010-12-09 09:49:00,2011-11-14 16:58:00,United Kingdom,0,1491.21205479452,Potential Customers
15661,318,2,309.8,154.9,21,2011-01-05 12:32:00,2011-01-26 13:56:00,United Kingdom,1,17.824109589041097,At Risk Customers
15663,107,1,138.14,138.14,0,2011-08-25 15:50:00,2011-08-25 15:50:00,United Kingdom,0,0.0,Potential Customers
15664,51,1,386.43,386.43,0,2011-10-20 10:57:00,2011-10-20 10:57:00,United Kingdom,0,0.0,Potential Customers
15665,169,2,2222.21,1111.105,75,2011-04-10 15:09:00,2011-06-24 14:57:00,United Kingdom,1,456.6184931506849,At Risk Customers
15667,40,1,301.32,301.32,0,2011-10-31 10:56:00,2011-10-31 10:56:00,United Kingdom,0,0.0,Potential Customers
15668,218,1,76.32,76.32,0,2011-05-06 10:39:00,2011-05-06 10:39:00,United Kingdom,1,0.0,At Risk Customers
15669,41,4,684.34,171.085,223,2011-03-21 09:13:00,2011-10-30 16:03:00,United Kingdom,0,418.1036164383562,Potential Customers
15670,297,1,173.05,173.05,0,2011-02-16 10:50:00,2011-02-16 10:50:00,United Kingdom,1,0.0,At Risk Customers
15671,19,7,2657.13,379.59,252,2011-03-14 09:37:00,2011-11-21 12:43:00,United Kingdom,0,1834.5116712328766,Potential Customers
15673,89,4,2726.23,681.5575,239,2011-01-16 16:25:00,2011-09-12 16:12:00,United Kingdom,0,1785.1204657534247,Potential Customers
15674,74,5,2446.6,489.32,181,2011-03-30 09:19:00,2011-09-27 15:17:00,United Kingdom,0,1213.2454794520547,Potential Customers
15675,82,3,323.69,107.89666666666666,199,2011-03-04 14:21:00,2011-09-19 13:48:00,United Kingdom,0,176.4775616438356,Potential Customers
15676,19,3,3435.76,1145.253333333333,265,2011-03-01 10:19:00,2011-11-21 12:40:00,United Kingdom,0,2494.4558904109585,Potential Customers
15677,50,1,657.23,657.23,0,2011-10-21 15:36:00,2011-10-21 15:36:00,United Kingdom,0,0.0,Potential Customers
15678,53,1,352.7,352.7,0,2011-10-18 09:25:00,2011-10-18 09:25:00,United Kingdom,0,0.0,Potential Customers
15679,25,4,781.28,195.32,158,2011-06-10 08:24:00,2011-11-15 16:19:00,United Kingdom,0,338.1979178082192,Potential Customers
15680,10,3,1333.68,444.56,357,2010-12-08 14:43:00,2011-11-30 13:46:00,United Kingdom,0,1304.4486575342466,Potential Customers
15681,26,5,1426.16,285.232,255,2011-03-04 13:46:00,2011-11-14 16:30:00,United Kingdom,0,996.3583561643836,Potential Customers
15683,118,1,193.75,193.75,0,2011-08-14 12:56:00,2011-08-14 12:56:00,United Kingdom,0,0.0,Potential Customers
15687,9,9,2993.1,332.56666666666666,322,2011-01-13 15:13:00,2011-12-01 08:33:00,United Kingdom,0,2640.488219178082,Potential Customers
15689,120,2,254.1,127.05,242,2010-12-13 09:57:00,2011-08-12 09:37:00,United Kingdom,0,168.4717808219178,Potential Customers
15690,5,2,239.76,119.88,96,2011-08-31 11:40:00,2011-12-05 15:59:00,United Kingdom,0,63.060164383561634,Potential Customers
15691,253,1,136.8,136.8,0,2011-04-01 15:13:00,2011-04-01 15:13:00,United Kingdom,1,0.0,At Risk Customers
15692,29,1,191.04,191.04,0,2011-11-11 14:12:00,2011-11-11 14:12:00,United Kingdom,0,0.0,Potential Customers
15694,1,14,6479.4,462.8142857142857,372,2010-12-02 07:49:00,2011-12-09 09:44:00,United Kingdom,3,6603.662465753425,Loyal Customers
15695,267,2,409.98,204.99,0,2011-03-18 08:31:00,2011-03-18 08:32:00,United Kingdom,1,0.0,At Risk Customers
15696,34,8,2711.11,338.88875,293,2011-01-17 11:24:00,2011-11-06 14:02:00,United Kingdom,0,2176.3156986301374,Potential Customers
15699,18,1,309.65,309.65,0,2011-11-22 08:26:00,2011-11-22 08:26:00,United Kingdom,0,0.0,Potential Customers
15700,173,2,696.68,348.34,1,2011-06-19 15:36:00,2011-06-20 16:53:00,United Kingdom,1,1.9087123287671233,At Risk Customers
15701,3,4,1529.0,382.25,108,2011-08-21 12:36:00,2011-12-07 14:39:00,United Kingdom,0,452.4164383561644,Potential Customers
15703,265,1,211.5,211.5,0,2011-03-20 10:51:00,2011-03-20 10:51:00,United Kingdom,1,0.0,At Risk Customers
15704,141,4,2293.62,573.405,75,2011-05-08 12:42:00,2011-07-22 13:35:00,United Kingdom,0,471.29178082191777,Potential Customers
15705,202,1,143.1,143.1,0,2011-05-22 15:37:00,2011-05-22 15:37:00,United Kingdom,1,0.0,At Risk Customers
15706,64,4,1060.56,265.14,53,2011-08-15 14:32:00,2011-10-07 10:09:00,United Kingdom,0,153.9991232876712,Potential Customers
15707,36,4,916.98,229.245,51,2011-09-14 14:19:00,2011-11-04 14:35:00,United Kingdom,0,128.12597260273975,Potential Customers
15708,41,7,3235.25,462.1785714285714,329,2010-12-05 11:12:00,2011-10-30 10:54:00,United Kingdom,0,2916.156849315068,Potential Customers
15709,284,1,133.25,133.25,0,2011-03-01 10:38:00,2011-03-01 10:38:00,United Kingdom,1,0.0,At Risk Customers
15712,10,5,1072.36,214.472,278,2011-02-25 11:32:00,2011-11-30 14:09:00,United Kingdom,0,816.7563835616439,Potential Customers
15713,144,2,356.7,178.35,223,2010-12-08 15:16:00,2011-07-19 13:34:00,United Kingdom,0,217.92904109589043,Potential Customers
15714,12,2,330.03,165.015,66,2011-09-23 11:25:00,2011-11-28 11:26:00,United Kingdom,0,59.67665753424657,Potential Customers
15716,146,4,1101.11,275.2775,224,2010-12-05 12:26:00,2011-07-17 11:59:00,United Kingdom,0,675.749698630137,Potential Customers
15717,235,1,150.3,150.3,0,2011-04-19 13:21:00,2011-04-19 13:21:00,United Kingdom,1,0.0,At Risk Customers
15719,33,13,5030.07,386.92846153846153,305,2011-01-06 12:31:00,2011-11-07 12:29:00,United Kingdom,0,4203.209178082192,Potential Customers
15720,25,1,598.73,598.73,0,2011-11-15 14:48:00,2011-11-15 14:48:00,United Kingdom,0,0.0,Potential Customers
15721,12,1,471.4,471.4,0,2011-11-28 12:14:00,2011-11-28 12:14:00,United Kingdom,0,0.0,Potential Customers
15722,36,5,2211.21,442.242,255,2011-02-22 12:24:00,2011-11-04 11:43:00,United Kingdom,0,1544.8179452054794,Potential Customers
15723,365,1,190.7,190.7,0,2010-12-10 11:12:00,2010-12-10 11:12:00,United Kingdom,1,0.0,At Risk Customers
15724,202,2,218.25,109.125,83,2011-02-28 10:40:00,2011-05-22 14:40:00,United Kingdom,1,49.62945205479452,At Risk Customers
15725,16,1,415.25,415.25,0,2011-11-24 14:51:00,2011-11-24 14:51:00,United Kingdom,0,0.0,Potential Customers
15727,17,7,5159.06,737.0085714285714,343,2010-12-15 15:47:00,2011-11-23 12:36:00,United Kingdom,0,4848.102958904109,Potential Customers
15729,213,1,85.0,85.0,0,2011-05-11 12:36:00,2011-05-11 12:36:00,United Kingdom,1,0.0,At Risk Customers
15730,66,3,1120.88,373.62666666666667,141,2011-05-17 12:43:00,2011-10-05 12:31:00,United Kingdom,0,432.99747945205485,Potential Customers
15732,213,2,294.12,147.06,160,2010-12-02 15:00:00,2011-05-11 14:24:00,United Kingdom,1,128.92931506849314,At Risk Customers
15733,283,1,162.3,162.3,0,2011-03-02 09:05:00,2011-03-02 09:05:00,United Kingdom,1,0.0,At Risk Customers
15734,115,2,1339.45,669.725,86,2011-05-23 14:59:00,2011-08-17 10:50:00,United Kingdom,0,315.5964383561644,Potential Customers
15737,15,8,1188.12,148.515,228,2011-04-11 10:01:00,2011-11-25 11:21:00,United Kingdom,0,742.168109589041,Potential Customers
15738,19,16,4812.42,300.77625,354,2010-12-02 12:50:00,2011-11-21 08:26:00,United Kingdom,3,4667.388164383562,Loyal Customers
15739,67,1,449.12,449.12,0,2011-10-04 13:42:00,2011-10-04 13:42:00,United Kingdom,0,0.0,Potential Customers
15740,50,1,154.88,154.88,0,2011-10-21 14:29:00,2011-10-21 14:29:00,United Kingdom,0,0.0,Potential Customers
15743,17,4,775.96,193.99,168,2011-06-08 10:14:00,2011-11-23 17:19:00,United Kingdom,0,357.1541917808219,Potential Customers
15744,78,1,34.8,34.8,0,2011-09-23 09:52:00,2011-09-23 09:52:00,United Kingdom,0,0.0,Potential Customers
15745,20,4,1094.59,273.6475,217,2011-04-17 13:04:00,2011-11-20 13:45:00,United Kingdom,0,650.7562465753424,Potential Customers
15746,135,1,196.88,196.88,0,2011-07-28 15:21:00,2011-07-28 15:21:00,United Kingdom,0,0.0,Potential Customers
15747,13,3,946.64,315.5466666666666,160,2011-06-20 11:30:00,2011-11-27 12:26:00,United Kingdom,0,414.9654794520547,Potential Customers
15748,41,1,144.36,144.36,0,2011-10-30 12:51:00,2011-10-30 12:51:00,United Kingdom,0,0.0,Potential Customers
15749,236,3,44534.3,14844.766666666668,97,2011-01-11 12:55:00,2011-04-18 13:20:00,United Kingdom,3,11835.142739726029,Loyal Customers
15750,3,8,2463.05,307.88125,364,2010-12-08 10:36:00,2011-12-07 12:34:00,United Kingdom,0,2456.3019178082195,Potential Customers
15752,40,7,2626.6,375.22857142857134,333,2010-12-02 09:43:00,2011-10-31 11:37:00,United Kingdom,0,2396.322739726027,Potential Customers
15753,305,1,79.2,79.2,0,2011-02-08 12:41:00,2011-02-08 12:41:00,United Kingdom,1,0.0,At Risk Customers
15754,52,3,458.57,152.85666666666665,195,2011-04-07 12:24:00,2011-10-19 14:40:00,United Kingdom,0,244.9894520547945,Potential Customers
15755,11,6,2364.25,394.04166666666663,284,2011-02-18 11:53:00,2011-11-29 14:57:00,United Kingdom,0,1839.5808219178082,Potential Customers
15756,62,4,528.01,132.0025,188,2011-04-04 14:00:00,2011-10-09 13:30:00,United Kingdom,0,271.96131506849315,Potential Customers
15757,66,2,714.42,357.21,152,2011-05-06 11:40:00,2011-10-05 12:14:00,United Kingdom,0,297.51189041095887,Potential Customers
15758,25,1,205.25,205.25,0,2011-11-15 10:48:00,2011-11-15 10:48:00,United Kingdom,0,0.0,Potential Customers
15759,219,3,253.04,84.34666666666665,140,2010-12-16 15:29:00,2011-05-05 15:13:00,United Kingdom,1,97.05643835616436,At Risk Customers
15762,66,2,583.75,291.875,12,2011-09-23 15:17:00,2011-10-05 16:15:00,United Kingdom,0,19.191780821917806,Potential Customers
15763,32,2,1086.92,543.46,46,2011-09-23 12:10:00,2011-11-08 09:44:00,United Kingdom,0,136.981698630137,Potential Customers
15764,89,6,3279.97,546.6616666666666,188,2011-03-08 09:23:00,2011-09-12 17:58:00,United Kingdom,0,1689.4092054794519,Potential Customers
15766,65,1,315.06,315.06,0,2011-10-06 17:03:00,2011-10-06 17:03:00,United Kingdom,0,0.0,Potential Customers
15768,116,3,621.83,207.27666666666664,110,2011-04-28 09:20:00,2011-08-16 10:48:00,United Kingdom,0,187.40082191780817,Potential Customers
15769,8,26,56252.72,2163.5661538461536,364,2010-12-03 15:16:00,2011-12-02 13:52:00,United Kingdom,3,56098.602958904106,Loyal Customers
15773,6,1,635.68,635.68,0,2011-12-04 12:48:00,2011-12-04 12:48:00,United Kingdom,0,0.0,Potential Customers
15774,69,1,270.8,270.8,0,2011-10-02 12:04:00,2011-10-02 12:04:00,United Kingdom,0,0.0,Potential Customers
15775,246,1,104.9,104.9,0,2011-04-08 12:56:00,2011-04-08 12:56:00,United Kingdom,1,0.0,At Risk Customers
15776,134,1,241.62,241.62,0,2011-07-29 13:46:00,2011-07-29 13:46:00,United Kingdom,0,0.0,Potential Customers
15777,242,4,1047.11,261.7775,120,2010-12-13 16:38:00,2011-04-12 16:43:00,United Kingdom,1,344.25534246575336,At Risk Customers
15780,184,3,475.28,158.42666666666665,174,2010-12-17 11:43:00,2011-06-09 12:01:00,United Kingdom,1,226.57183561643834,At Risk Customers
15781,26,3,345.46,115.15333333333332,280,2011-02-07 09:15:00,2011-11-14 14:57:00,United Kingdom,0,265.01041095890406,Potential Customers
15782,10,3,2614.74,871.58,80,2011-09-11 14:29:00,2011-11-30 10:49:00,United Kingdom,0,573.093698630137,Potential Customers
15783,11,1,246.3,246.3,0,2011-11-29 09:50:00,2011-11-29 09:50:00,United Kingdom,0,0.0,Potential Customers
15785,33,5,2328.97,465.794,263,2011-02-17 14:17:00,2011-11-07 11:33:00,United Kingdom,0,1678.1345479452054,Potential Customers
15786,47,3,4919.0,1639.6666666666665,68,2011-08-17 13:33:00,2011-10-24 14:13:00,United Kingdom,0,916.4164383561645,Potential Customers
15787,27,3,933.26,311.08666666666664,35,2011-10-09 13:11:00,2011-11-13 14:55:00,United Kingdom,0,89.49068493150685,Potential Customers
15789,359,1,351.3,351.3,0,2010-12-16 14:35:00,2010-12-16 14:35:00,United Kingdom,1,0.0,At Risk Customers
15790,11,1,218.75,218.75,0,2011-11-29 14:53:00,2011-11-29 14:53:00,United Kingdom,0,0.0,Potential Customers
15791,44,2,1612.69,806.345,161,2011-05-19 15:15:00,2011-10-27 10:14:00,United Kingdom,0,711.3509315068494,Potential Customers
15793,15,3,965.61,321.87,254,2011-03-16 10:45:00,2011-11-25 09:31:00,United Kingdom,0,671.9587397260275,Potential Customers
15795,150,1,610.01,610.01,0,2011-07-13 10:43:00,2011-07-13 10:43:00,United Kingdom,1,0.0,At Risk Customers
15796,2,8,2708.61,338.57625,301,2011-02-10 15:40:00,2011-12-08 19:55:00,United Kingdom,0,2233.6756438356165,Potential Customers
15797,114,4,2207.4,551.85,206,2011-01-24 15:47:00,2011-08-18 17:04:00,United Kingdom,0,1245.8202739726028,Potential Customers
15799,76,3,884.14,294.7133333333333,259,2011-01-09 15:13:00,2011-09-25 12:46:00,United Kingdom,0,627.3760547945204,Potential Customers
15800,108,2,696.89,348.445,139,2011-04-07 12:39:00,2011-08-24 14:23:00,United Kingdom,0,265.3909863013699,Potential Customers
15801,47,3,1063.95,354.65,63,2011-08-22 09:53:00,2011-10-24 13:52:00,United Kingdom,0,183.64068493150683,Potential Customers
15802,143,1,451.42,451.42,0,2011-07-20 11:38:00,2011-07-20 11:38:00,United Kingdom,0,0.0,Potential Customers
15803,52,1,415.82,415.82,0,2011-10-19 14:56:00,2011-10-19 14:56:00,United Kingdom,0,0.0,Potential Customers
15804,1,13,4206.39,323.5684615384616,198,2011-05-25 10:12:00,2011-12-09 12:31:00,United Kingdom,0,2281.8225205479453,Potential Customers
15805,24,17,5488.18,322.8341176470588,341,2010-12-10 09:33:00,2011-11-16 16:32:00,United Kingdom,3,5127.313369863014,Loyal Customers
15806,47,3,784.58,261.52666666666664,230,2011-03-08 09:24:00,2011-10-24 14:35:00,United Kingdom,0,494.3928767123287,Potential Customers
15807,51,3,903.9,301.3,27,2011-09-23 14:43:00,2011-10-20 14:10:00,United Kingdom,0,66.86383561643837,Potential Customers
15808,307,4,3651.27,912.8175,63,2010-12-05 13:05:00,2011-02-06 14:33:00,United Kingdom,1,630.2192054794521,At Risk Customers
15809,37,5,515.77,103.154,266,2011-02-10 11:16:00,2011-11-03 16:40:00,United Kingdom,0,375.8762191780822,Potential Customers
15810,79,4,1391.98,347.995,218,2011-02-16 09:11:00,2011-09-22 09:38:00,United Kingdom,0,831.3743561643836,Potential Customers
15811,23,6,2218.62,369.77,343,2010-12-09 15:29:00,2011-11-17 15:31:00,United Kingdom,0,2084.8949589041094,Potential Customers
15812,108,5,1801.14,360.228,210,2011-01-26 12:12:00,2011-08-24 14:19:00,United Kingdom,0,1036.2723287671233,Potential Customers
15813,208,2,1303.91,651.955,32,2011-04-14 09:09:00,2011-05-16 08:13:00,United Kingdom,1,114.31539726027398,At Risk Customers
15814,17,4,1945.33,486.3325,34,2011-10-20 09:04:00,2011-11-23 08:17:00,United Kingdom,0,181.20882191780822,Potential Customers
15815,64,5,2100.6,420.12,196,2011-03-25 08:43:00,2011-10-07 12:42:00,United Kingdom,0,1127.9934246575342,Potential Customers
15819,50,4,1905.45,476.3625,227,2011-03-08 09:45:00,2011-10-21 14:50:00,United Kingdom,0,1185.033287671233,Potential Customers
15820,320,1,206.98,206.98,0,2011-01-24 12:00:00,2011-01-24 12:00:00,United Kingdom,1,0.0,At Risk Customers
15821,45,2,570.96,285.48,17,2011-10-09 13:28:00,2011-10-26 15:48:00,United Kingdom,0,26.59265753424658,Potential Customers
15822,4,2,885.47,442.735,356,2010-12-15 13:38:00,2011-12-06 14:50:00,United Kingdom,0,863.6364931506849,Potential Customers
15823,373,1,15.0,15.0,0,2010-12-02 15:08:00,2010-12-02 15:08:00,United Kingdom,1,0.0,At Risk Customers
15825,173,1,532.94,532.94,0,2011-06-20 13:27:00,2011-06-20 13:27:00,United Kingdom,1,0.0,At Risk Customers
15826,57,3,1654.31,551.4366666666666,154,2011-05-13 10:44:00,2011-10-14 16:05:00,United Kingdom,0,697.9828493150685,Potential Customers
15827,74,14,1836.09,131.14928571428572,299,2010-12-02 13:06:00,2011-09-27 15:35:00,United Kingdom,0,1504.084684931507,Potential Customers
15829,100,2,636.14,318.07,41,2011-07-22 10:23:00,2011-09-01 16:45:00,United Kingdom,0,71.45682191780821,Potential Customers
15830,38,1,576.0,576.0,0,2011-11-02 10:40:00,2011-11-02 10:40:00,United Kingdom,0,0.0,Potential Customers
15831,59,3,794.64,264.88,266,2011-01-19 14:52:00,2011-10-12 13:14:00,United Kingdom,0,579.1075068493151,Potential Customers
15832,255,1,836.79,836.79,0,2011-03-30 15:29:00,2011-03-30 15:29:00,United Kingdom,1,0.0,At Risk Customers
15834,71,4,2225.15,556.2875,207,2011-03-07 17:52:00,2011-09-30 14:41:00,United Kingdom,0,1261.934383561644,Potential Customers
15835,45,4,954.09,238.5225,286,2011-01-13 10:35:00,2011-10-26 15:47:00,United Kingdom,0,747.5883287671234,Potential Customers
15836,51,1,137.37,137.37,0,2011-10-20 17:13:00,2011-10-20 17:13:00,United Kingdom,0,0.0,Potential Customers
15837,65,1,391.98,391.98,0,2011-10-06 09:01:00,2011-10-06 09:01:00,United Kingdom,0,0.0,Potential Customers
15838,12,19,33643.08,1770.6884210526316,356,2010-12-07 11:26:00,2011-11-28 14:00:00,United Kingdom,3,32813.52460273973,Loyal Customers
15839,34,3,1048.49,349.4966666666666,115,2011-07-14 16:35:00,2011-11-06 13:54:00,United Kingdom,0,330.34616438356153,Potential Customers
15840,59,2,355.56,177.78,114,2011-06-20 11:42:00,2011-10-12 09:08:00,United Kingdom,0,111.05161643835616,Potential Customers
15841,73,4,1224.06,306.015,266,2011-01-05 11:25:00,2011-09-28 12:15:00,United Kingdom,0,892.0546849315068,Potential Customers
15843,304,1,118.95,118.95,0,2011-02-09 10:19:00,2011-02-09 10:19:00,United Kingdom,1,0.0,At Risk Customers
15844,47,1,130.74,130.74,0,2011-10-24 15:19:00,2011-10-24 15:19:00,United Kingdom,0,0.0,Potential Customers
15845,18,8,3711.77,463.97125,320,2011-01-06 17:19:00,2011-11-22 09:42:00,United Kingdom,0,3254.154520547945,Potential Customers
15847,39,2,389.27,194.635,250,2011-02-24 16:46:00,2011-11-01 14:41:00,United Kingdom,0,266.62328767123284,Potential Customers
15850,20,2,234.88,117.44,149,2011-06-24 14:16:00,2011-11-20 14:14:00,United Kingdom,0,95.8825205479452,Potential Customers
15852,187,2,160.71,80.355,11,2011-05-26 13:26:00,2011-06-06 11:22:00,United Kingdom,1,4.843315068493151,At Risk Customers
15853,52,1,110.8,110.8,0,2011-10-19 10:38:00,2011-10-19 10:38:00,United Kingdom,0,0.0,Potential Customers
15854,5,12,2969.12,247.42666666666665,357,2010-12-13 11:47:00,2011-12-05 13:39:00,United Kingdom,0,2904.0433972602737,Potential Customers
15855,137,5,712.24,142.448,127,2011-03-21 12:32:00,2011-07-26 10:20:00,United Kingdom,0,247.82049315068494,Potential Customers
15856,5,27,16143.64,597.9125925925925,361,2010-12-09 13:34:00,2011-12-05 17:09:00,United Kingdom,3,15966.723397260273,Loyal Customers
15857,19,1,297.0,297.0,0,2011-11-21 12:18:00,2011-11-21 12:18:00,United Kingdom,0,0.0,Potential Customers
15858,16,5,1427.57,285.514,352,2010-12-07 14:31:00,2011-11-24 12:48:00,United Kingdom,0,1376.7250410958907,Potential Customers
15860,41,8,965.16,120.645,328,2010-12-06 11:38:00,2011-10-30 11:25:00,United Kingdom,0,867.3218630136986,Potential Customers
15861,13,8,3146.92,393.365,255,2011-03-17 20:12:00,2011-11-27 15:59:00,United Kingdom,0,2198.5331506849316,Potential Customers
15862,9,4,832.88,208.22,365,2010-12-01 11:21:00,2011-12-01 13:28:00,United Kingdom,0,832.88,Potential Customers
15863,26,2,68.84,34.42,167,2011-05-31 11:36:00,2011-11-14 12:49:00,United Kingdom,0,31.496657534246577,Potential Customers
15864,23,6,1936.32,322.72,294,2011-01-27 16:43:00,2011-11-17 13:32:00,United Kingdom,0,1559.6659726027399,Potential Customers
15865,41,3,895.13,298.37666666666667,173,2011-05-10 11:44:00,2011-10-30 12:43:00,United Kingdom,0,424.2670958904109,Potential Customers
15866,102,1,211.89,211.89,0,2011-08-30 14:09:00,2011-08-30 14:09:00,United Kingdom,0,0.0,Potential Customers
15867,6,15,3810.14,254.00933333333333,364,2010-12-05 14:17:00,2011-12-04 13:32:00,United Kingdom,3,3799.7012602739724,Loyal Customers
15869,278,2,149.64,74.82,0,2011-03-07 17:19:00,2011-03-07 17:23:00,United Kingdom,1,0.0,At Risk Customers
15870,33,1,351.44,351.44,0,2011-11-07 10:58:00,2011-11-07 10:58:00,United Kingdom,0,0.0,Potential Customers
15872,15,2,316.25,158.125,0,2011-11-25 11:54:00,2011-11-25 11:55:00,United Kingdom,0,0.0,Potential Customers
15874,64,7,4405.88,629.4114285714286,221,2011-02-28 13:28:00,2011-10-07 12:31:00,United Kingdom,0,2667.669808219178,Potential Customers
15877,2,2,490.33,245.165,16,2011-11-22 11:18:00,2011-12-08 11:53:00,United Kingdom,0,21.493917808219177,Potential Customers
15880,370,1,329.03,329.03,0,2010-12-05 13:00:00,2010-12-05 13:00:00,United Kingdom,1,0.0,At Risk Customers
15881,313,5,501.39,100.278,52,2010-12-10 13:32:00,2011-01-31 16:59:00,United Kingdom,1,71.43090410958905,At Risk Customers
15882,199,4,516.36,129.09,170,2010-12-06 13:01:00,2011-05-25 11:35:00,United Kingdom,1,240.4964383561644,At Risk Customers
15883,3,2,396.48,198.24,31,2011-11-06 14:50:00,2011-12-07 17:05:00,United Kingdom,0,33.67364383561644,Potential Customers
15885,93,3,379.35,126.45,217,2011-02-03 15:28:00,2011-09-08 10:43:00,United Kingdom,0,225.5313698630137,Potential Customers
15886,61,1,181.09,181.09,0,2011-10-10 14:25:00,2011-10-10 14:25:00,United Kingdom,0,0.0,Potential Customers
15888,81,1,168.31,168.31,0,2011-09-20 12:30:00,2011-09-20 12:30:00,United Kingdom,0,0.0,Potential Customers
15889,157,2,420.07,210.035,213,2010-12-05 15:12:00,2011-07-06 11:10:00,United Kingdom,1,245.1367397260274,At Risk Customers
15891,227,1,511.68,511.68,0,2011-04-27 12:35:00,2011-04-27 12:35:00,United Kingdom,1,0.0,At Risk Customers
15894,254,2,258.25,129.125,116,2010-12-05 14:06:00,2011-03-31 13:50:00,United Kingdom,1,82.07397260273973,At Risk Customers
15895,150,1,179.17,179.17,0,2011-07-13 10:27:00,2011-07-13 10:27:00,United Kingdom,1,0.0,At Risk Customers
15897,195,2,208.59,104.295,0,2011-05-29 13:32:00,2011-05-29 13:50:00,United Kingdom,1,0.0,At Risk Customers
15898,2,5,1383.83,276.766,367,2010-12-06 11:01:00,2011-12-08 15:23:00,United Kingdom,0,1391.4126301369865,Potential Customers
15899,369,1,56.25,56.25,0,2010-12-06 10:36:00,2010-12-06 10:36:00,United Kingdom,1,0.0,At Risk Customers
15900,24,1,337.28,337.28,0,2011-11-16 12:19:00,2011-11-16 12:19:00,United Kingdom,0,0.0,Potential Customers
15901,17,3,351.73,117.24333333333333,138,2011-07-08 12:18:00,2011-11-23 12:43:00,United Kingdom,0,132.98284931506848,Potential Customers
15903,10,7,5126.76,732.3942857142857,286,2011-02-17 14:04:00,2011-11-30 08:08:00,United Kingdom,0,4017.132493150685,Potential Customers
15904,9,1,164.68,164.68,0,2011-12-01 14:50:00,2011-12-01 14:50:00,United Kingdom,0,0.0,Potential Customers
15906,20,7,1567.69,223.9557142857143,236,2011-03-29 13:28:00,2011-11-20 12:24:00,United Kingdom,0,1013.629698630137,Potential Customers
15907,4,3,882.72,294.24,207,2011-05-13 13:01:00,2011-12-06 12:21:00,United Kingdom,0,500.6110684931507,Potential Customers
15909,174,1,191.94,191.94,0,2011-06-19 10:38:00,2011-06-19 10:38:00,United Kingdom,1,0.0,At Risk Customers
15910,1,8,1228.88,153.61,316,2011-01-27 11:55:00,2011-12-09 10:51:00,United Kingdom,0,1063.9070684931507,Potential Customers
15912,179,2,264.62,132.31,55,2011-04-20 17:10:00,2011-06-14 14:29:00,United Kingdom,1,39.87424657534246,At Risk Customers
15916,17,8,1502.86,187.8575,350,2010-12-08 13:07:00,2011-11-23 13:46:00,United Kingdom,0,1441.0986301369862,Potential Customers
15917,248,1,123.1,123.1,0,2011-04-06 10:40:00,2011-04-06 10:40:00,United Kingdom,1,0.0,At Risk Customers
15918,191,2,334.23,167.115,81,2011-03-13 15:55:00,2011-06-02 11:42:00,United Kingdom,1,74.1715890410959,At Risk Customers
15919,20,2,525.69,262.845,349,2010-12-06 11:26:00,2011-11-20 11:28:00,United Kingdom,0,502.6460547945206,Potential Customers
15920,155,4,167.5,41.875,0,2011-07-08 15:16:00,2011-07-08 15:31:00,United Kingdom,1,0.0,At Risk Customers
15921,173,1,323.03,323.03,0,2011-06-20 11:03:00,2011-06-20 11:03:00,United Kingdom,1,0.0,At Risk Customers
15922,374,1,369.5,369.5,0,2010-12-01 13:51:00,2010-12-01 13:51:00,United Kingdom,1,0.0,At Risk Customers
15923,373,1,127.08,127.08,0,2010-12-02 12:16:00,2010-12-02 12:16:00,United Kingdom,1,0.0,At Risk Customers
15925,195,1,207.15,207.15,0,2011-05-29 15:35:00,2011-05-29 15:35:00,United Kingdom,1,0.0,At Risk Customers
15930,68,1,426.63,426.63,0,2011-10-03 14:52:00,2011-10-03 14:52:00,United Kingdom,0,0.0,Potential Customers
15932,5,8,2495.87,311.98375,285,2011-02-23 14:50:00,2011-12-05 17:13:00,United Kingdom,0,1948.83,Potential Customers
15933,22,3,1107.46,369.1533333333333,65,2011-09-14 12:05:00,2011-11-18 13:14:00,United Kingdom,0,197.21890410958903,Potential Customers
15935,240,2,416.86,208.43,2,2011-04-12 09:35:00,2011-04-14 13:27:00,United Kingdom,1,2.284164383561644,At Risk Customers
15937,65,1,145.35,145.35,0,2011-10-06 15:48:00,2011-10-06 15:48:00,United Kingdom,0,0.0,Potential Customers
15938,113,5,404.58,80.916,211,2011-01-20 10:11:00,2011-08-19 12:56:00,United Kingdom,0,233.8804931506849,Potential Customers
15939,90,15,6115.01,407.66733333333326,242,2011-01-12 12:43:00,2011-09-11 11:30:00,United Kingdom,3,4054.335397260274,Loyal Customers
15940,312,1,35.8,35.8,0,2011-02-01 16:18:00,2011-02-01 16:18:00,United Kingdom,1,0.0,At Risk Customers
15942,134,1,337.44,337.44,0,2011-07-29 09:01:00,2011-07-29 09:01:00,United Kingdom,0,0.0,Potential Customers
15944,277,1,325.1,325.1,0,2011-03-08 10:33:00,2011-03-08 10:33:00,United Kingdom,1,0.0,At Risk Customers
15945,366,1,181.0,181.0,0,2010-12-09 13:14:00,2010-12-09 13:14:00,United Kingdom,1,0.0,At Risk Customers
15947,83,1,1708.24,1708.24,0,2011-09-18 10:46:00,2011-09-18 10:46:00,United Kingdom,0,0.0,Potential Customers
15948,9,2,955.24,477.62,35,2011-10-27 08:35:00,2011-12-01 15:32:00,United Kingdom,0,91.59835616438356,Potential Customers
15949,17,2,364.72,182.36,55,2011-09-29 17:34:00,2011-11-23 09:09:00,United Kingdom,0,54.957808219178084,Potential Customers
15950,32,4,1744.71,436.1775,328,2010-12-15 11:56:00,2011-11-08 11:09:00,United Kingdom,0,1567.84898630137,Potential Customers
15951,9,2,708.22,354.11,277,2011-02-27 11:57:00,2011-12-01 08:34:00,United Kingdom,0,537.4710684931507,Potential Customers
15952,34,4,781.91,195.4775,192,2011-04-28 12:55:00,2011-11-06 11:18:00,United Kingdom,0,411.3060821917808,Potential Customers
15953,16,8,1657.28,207.16,354,2010-12-05 15:15:00,2011-11-24 15:32:00,United Kingdom,0,1607.3345753424658,Potential Customers
15955,25,14,4416.26,315.44714285714286,348,2010-12-02 11:22:00,2011-11-15 14:15:00,United Kingdom,0,4210.571178082192,Potential Customers
15957,32,1,428.89,428.89,0,2011-11-08 12:14:00,2011-11-08 12:14:00,United Kingdom,0,0.0,Potential Customers
15958,75,1,104.35,104.35,0,2011-09-26 13:41:00,2011-09-26 13:41:00,United Kingdom,0,0.0,Potential Customers
15963,20,2,470.76,235.38,26,2011-10-25 13:05:00,2011-11-20 11:33:00,United Kingdom,0,33.53358904109589,Potential Customers
15965,18,4,808.87,202.2175,350,2010-12-07 13:18:00,2011-11-22 16:44:00,United Kingdom,0,775.6287671232876,Potential Customers
15967,24,2,397.68,198.84,295,2011-01-25 11:57:00,2011-11-16 15:41:00,United Kingdom,0,321.412602739726,Potential Customers
15969,3,3,666.1,222.03333333333333,183,2011-06-07 12:19:00,2011-12-07 11:06:00,United Kingdom,0,333.9624657534247,Potential Customers
15970,304,1,314.1,314.1,0,2011-02-09 12:08:00,2011-02-09 12:08:00,United Kingdom,1,0.0,At Risk Customers
15971,18,12,4199.85,349.9875,294,2011-02-01 16:47:00,2011-11-22 12:50:00,United Kingdom,0,3382.8928767123293,Potential Customers
15973,367,1,307.82,307.82,0,2010-12-08 11:42:00,2010-12-08 11:42:00,United Kingdom,1,0.0,At Risk Customers
15974,40,7,3442.15,491.7357142857143,249,2011-02-24 10:10:00,2011-10-31 13:13:00,United Kingdom,0,2348.206438356164,Potential Customers
15975,85,1,371.01,371.01,0,2011-09-16 13:33:00,2011-09-16 13:33:00,United Kingdom,0,0.0,Potential Customers
15976,166,2,427.64,213.82,55,2011-05-03 17:12:00,2011-06-27 13:00:00,United Kingdom,1,64.43890410958903,At Risk Customers
15977,18,2,1054.73,527.365,22,2011-10-31 16:24:00,2011-11-22 13:29:00,United Kingdom,0,63.572767123287676,Potential Customers
15978,78,1,1098.78,1098.78,0,2011-09-23 15:21:00,2011-09-23 15:21:00,United Kingdom,0,0.0,Potential Customers
15980,89,3,2398.86,799.62,166,2011-03-30 15:05:00,2011-09-12 09:41:00,United Kingdom,0,1090.988383561644,Potential Customers
15981,25,8,3408.48,426.06,287,2011-02-01 13:50:00,2011-11-15 08:00:00,United Kingdom,0,2680.0924931506847,Potential Customers
15983,23,4,1465.12,366.28,351,2010-12-01 12:15:00,2011-11-17 17:34:00,United Kingdom,0,1408.923616438356,Potential Customers
15984,3,10,2780.63,278.063,366,2010-12-06 13:21:00,2011-12-07 12:16:00,United Kingdom,0,2788.248164383562,Potential Customers
15985,124,2,1142.42,571.21,113,2011-04-17 11:04:00,2011-08-08 16:31:00,United Kingdom,0,353.68071232876713,Potential Customers
15986,31,1,168.12,168.12,0,2011-11-09 15:17:00,2011-11-09 15:17:00,United Kingdom,0,0.0,Potential Customers
15987,13,7,1432.77,204.68142857142857,356,2010-12-06 08:34:00,2011-11-27 15:38:00,United Kingdom,0,1397.4414246575343,Potential Customers
15988,20,1,156.78,156.78,0,2011-11-20 13:23:00,2011-11-20 13:23:00,United Kingdom,0,0.0,Potential Customers
15990,45,2,792.11,396.055,243,2011-02-25 15:35:00,2011-10-26 15:58:00,United Kingdom,0,527.3499452054795,Potential Customers
15992,4,1,41.99,41.99,0,2011-12-06 11:00:00,2011-12-06 11:00:00,United Kingdom,0,0.0,Potential Customers
15993,9,7,2777.67,396.81,36,2011-10-26 16:21:00,2011-12-01 10:45:00,United Kingdom,0,273.9619726027397,Potential Customers
15994,55,1,414.27,414.27,0,2011-10-16 12:28:00,2011-10-16 12:28:00,United Kingdom,0,0.0,Potential Customers
15996,89,6,1032.58,172.09666666666666,278,2010-12-08 15:59:00,2011-09-12 15:14:00,United Kingdom,0,786.4581917808218,Potential Customers
15998,37,5,3080.22,616.044,326,2010-12-12 13:32:00,2011-11-03 12:45:00,United Kingdom,0,2751.1006027397257,Potential Customers
16000,3,3,12393.7,4131.233333333333,0,2011-12-07 12:14:00,2011-12-07 12:17:00,United Kingdom,0,0.0,Potential Customers
16003,30,5,2735.37,547.074,330,2010-12-15 12:09:00,2011-11-10 09:57:00,United Kingdom,0,2473.0742465753424,Potential Customers
16005,13,4,578.71,144.6775,258,2011-03-14 11:46:00,2011-11-27 13:47:00,United Kingdom,0,409.0607671232877,Potential Customers
16006,212,1,101.4,101.4,0,2011-05-12 13:12:00,2011-05-12 13:12:00,United Kingdom,1,0.0,At Risk Customers
16007,48,4,1693.81,423.4525,168,2011-05-08 13:32:00,2011-10-23 11:05:00,United Kingdom,0,779.6166575342465,Potential Customers
16008,24,3,478.78,159.59333333333333,181,2011-05-19 10:54:00,2011-11-16 10:32:00,United Kingdom,0,237.4224109589041,Potential Customers
16009,23,4,972.11,243.0275,137,2011-07-03 11:26:00,2011-11-17 16:51:00,United Kingdom,0,364.87416438356166,Potential Customers
16010,246,3,392.4,130.8,117,2010-12-12 12:18:00,2011-04-08 10:14:00,United Kingdom,1,125.78301369863016,At Risk Customers
16011,9,16,3352.96,209.56,358,2010-12-08 16:34:00,2011-12-01 16:31:00,United Kingdom,3,3288.6566575342463,Loyal Customers
16012,36,3,1415.29,471.76333333333326,120,2011-07-07 18:02:00,2011-11-04 13:25:00,United Kingdom,0,465.3008219178081,Potential Customers
16013,4,47,37130.6,790.0127659574467,368,2010-12-03 13:09:00,2011-12-06 10:36:00,United Kingdom,3,37435.78301369863,Loyal Customers
16014,38,3,646.83,215.61,254,2011-02-21 17:42:00,2011-11-02 12:04:00,United Kingdom,0,450.122794520548,Potential Customers
16015,4,3,704.55,234.85,46,2011-10-21 12:56:00,2011-12-06 10:58:00,United Kingdom,0,88.79260273972604,Potential Customers
16016,4,8,1465.51,183.18875,363,2010-12-08 12:36:00,2011-12-06 14:35:00,United Kingdom,0,1457.479808219178,Potential Customers
16017,48,1,211.88,211.88,0,2011-10-23 12:56:00,2011-10-23 12:56:00,United Kingdom,0,0.0,Potential Customers
16018,40,2,408.9,204.45,141,2011-06-12 13:52:00,2011-10-31 14:13:00,United Kingdom,0,157.9586301369863,Potential Customers
16019,47,9,3786.24,420.69333333333327,318,2010-12-10 12:29:00,2011-10-24 11:51:00,United Kingdom,0,3298.696767123287,Potential Customers
16020,17,3,851.01,283.67,49,2011-10-05 13:54:00,2011-11-23 11:18:00,United Kingdom,0,114.24517808219179,Potential Customers
16022,261,1,602.63,602.63,0,2011-03-24 13:16:00,2011-03-24 13:16:00,United Kingdom,1,0.0,At Risk Customers
16023,47,3,719.81,239.93666666666664,220,2011-03-18 13:32:00,2011-10-24 16:34:00,United Kingdom,0,433.85808219178074,Potential Customers
16024,13,1,251.03,251.03,0,2011-11-27 13:26:00,2011-11-27 13:26:00,United Kingdom,0,0.0,Potential Customers
16025,30,1,439.66,439.66,0,2011-11-10 11:45:00,2011-11-10 11:45:00,United Kingdom,0,0.0,Potential Customers
16026,44,1,236.09,236.09,0,2011-10-27 13:53:00,2011-10-27 13:53:00,United Kingdom,0,0.0,Potential Customers
16027,92,6,934.62,155.77,211,2011-02-10 12:19:00,2011-09-09 10:47:00,United Kingdom,0,540.2871780821918,Potential Customers
16029,39,63,80850.84,1283.3466666666666,335,2010-12-01 09:57:00,2011-11-01 10:27:00,United Kingdom,2,74205.56547945205,Champions
16030,310,1,331.24,331.24,0,2011-02-03 11:28:00,2011-02-03 11:28:00,United Kingdom,1,0.0,At Risk Customers
16031,93,2,547.9,273.95,155,2011-04-06 14:23:00,2011-09-08 13:07:00,United Kingdom,0,232.6698630136986,Potential Customers
16033,6,20,8778.82,438.941,364,2010-12-05 10:36:00,2011-12-04 12:44:00,United Kingdom,3,8754.768438356165,Loyal Customers
16034,197,3,437.7,145.9,136,2011-01-11 11:54:00,2011-05-27 16:17:00,United Kingdom,1,163.08821917808223,At Risk Customers
16036,88,2,758.92,379.46,176,2011-03-21 13:01:00,2011-09-13 14:53:00,United Kingdom,0,365.94498630136985,Potential Customers
16037,270,3,855.02,285.00666666666666,89,2010-12-16 10:18:00,2011-03-15 09:13:00,United Kingdom,1,208.4843287671233,At Risk Customers
16038,8,3,471.78,157.26,194,2011-05-22 11:29:00,2011-12-02 12:40:00,United Kingdom,0,250.75430136986301,Potential Customers
16040,66,3,1313.55,437.85,203,2011-03-16 09:58:00,2011-10-05 13:47:00,United Kingdom,0,730.5497260273975,Potential Customers
16041,31,3,3166.4,1055.4666666666667,111,2011-07-21 16:27:00,2011-11-09 12:25:00,United Kingdom,0,962.9326027397261,Potential Customers
16042,23,5,1177.47,235.494,310,2011-01-11 13:25:00,2011-11-17 17:50:00,United Kingdom,0,1000.0430136986301,Potential Customers
16043,38,4,773.99,193.4975,280,2011-01-26 11:14:00,2011-11-02 12:50:00,United Kingdom,0,593.7457534246576,Potential Customers
16045,120,4,1340.7,335.175,171,2011-02-22 14:55:00,2011-08-12 12:41:00,United Kingdom,0,628.1087671232877,Potential Customers
16048,374,2,256.44,128.22,0,2010-12-01 15:27:00,2010-12-01 15:28:00,United Kingdom,1,0.0,At Risk Customers
16049,41,3,1074.81,358.27,35,2011-09-25 14:33:00,2011-10-30 13:19:00,United Kingdom,0,103.06397260273971,Potential Customers
16050,174,1,137.9,137.9,0,2011-06-19 11:44:00,2011-06-19 11:44:00,United Kingdom,1,0.0,At Risk Customers
16052,55,1,362.06,362.06,0,2011-10-16 15:13:00,2011-10-16 15:13:00,United Kingdom,0,0.0,Potential Customers
16053,33,2,1511.95,755.975,90,2011-08-09 14:57:00,2011-11-07 11:21:00,United Kingdom,0,372.8095890410959,Potential Customers
16054,146,1,783.9,783.9,0,2011-07-17 13:08:00,2011-07-17 13:08:00,United Kingdom,1,0.0,At Risk Customers
16055,221,1,134.8,134.8,0,2011-05-03 09:26:00,2011-05-03 09:26:00,United Kingdom,1,0.0,At Risk Customers
16056,46,1,650.75,650.75,0,2011-10-25 15:19:00,2011-10-25 15:19:00,United Kingdom,0,0.0,Potential Customers
16057,17,7,2263.12,323.30285714285714,268,2011-02-28 10:35:00,2011-11-23 15:23:00,United Kingdom,0,1661.688109589041,Potential Customers
16059,66,6,1453.16,242.19333333333333,302,2010-12-07 10:36:00,2011-10-05 09:56:00,United Kingdom,0,1202.340602739726,Potential Customers
16062,10,4,1153.62,288.405,355,2010-12-10 12:00:00,2011-11-30 12:15:00,United Kingdom,0,1122.0139726027396,Potential Customers
16063,261,1,335.32,335.32,0,2011-03-24 14:55:00,2011-03-24 14:56:00,United Kingdom,1,0.0,At Risk Customers
16065,366,1,367.14,367.14,0,2010-12-09 13:03:00,2010-12-09 13:03:00,United Kingdom,1,0.0,At Risk Customers
16066,17,5,1521.04,304.208,108,2011-08-07 14:33:00,2011-11-23 11:54:00,United Kingdom,0,450.0611506849316,Potential Customers
16070,23,2,852.15,426.075,10,2011-11-07 16:36:00,2011-11-17 15:50:00,United Kingdom,0,23.34657534246575,Potential Customers
16071,45,1,326.24,326.24,0,2011-10-26 11:14:00,2011-10-26 11:14:00,United Kingdom,0,0.0,Potential Customers
16072,289,1,584.32,584.32,0,2011-02-24 14:32:00,2011-02-24 14:32:00,United Kingdom,1,0.0,At Risk Customers
16073,298,1,122.4,122.4,0,2011-02-15 15:41:00,2011-02-15 15:41:00,United Kingdom,1,0.0,At Risk Customers
16076,4,10,2234.73,223.473,205,2011-05-15 12:31:00,2011-12-06 14:59:00,United Kingdom,0,1255.1223287671235,Potential Customers
16078,284,1,79.2,79.2,0,2011-03-01 09:47:00,2011-03-01 09:47:00,United Kingdom,1,0.0,At Risk Customers
16079,17,3,1352.0,450.66666666666663,24,2011-10-30 13:06:00,2011-11-23 12:48:00,United Kingdom,0,88.8986301369863,Potential Customers
16080,82,2,217.16,108.58,193,2011-03-10 14:44:00,2011-09-19 10:42:00,United Kingdom,0,114.82706849315069,Potential Customers
16081,57,5,2799.42,559.884,310,2010-12-08 11:16:00,2011-10-14 13:06:00,United Kingdom,0,2377.5895890410957,Potential Customers
16083,101,2,1317.62,658.81,260,2010-12-14 11:51:00,2011-08-31 10:47:00,United Kingdom,0,938.5786301369861,Potential Customers
16084,300,1,436.18,436.18,0,2011-02-13 16:05:00,2011-02-13 16:05:00,United Kingdom,1,0.0,At Risk Customers
16085,24,5,981.51,196.302,297,2011-01-23 12:07:00,2011-11-16 13:24:00,United Kingdom,0,798.6533424657534,Potential Customers
16086,60,5,1121.39,224.278,308,2010-12-07 13:45:00,2011-10-11 13:09:00,United Kingdom,0,946.268821917808,Potential Customers
16091,155,2,315.06,157.53,44,2011-05-25 09:18:00,2011-07-08 08:45:00,United Kingdom,1,37.97983561643836,At Risk Customers
16092,115,3,817.86,272.62,140,2011-03-30 15:38:00,2011-08-17 10:46:00,United Kingdom,0,313.6997260273973,Potential Customers
16093,107,1,17.0,17.0,0,2011-08-25 11:09:00,2011-08-25 11:09:00,United Kingdom,0,0.0,Potential Customers
16094,12,4,1078.23,269.5575,208,2011-05-04 13:57:00,2011-11-28 12:45:00,United Kingdom,0,614.443397260274,Potential Customers
16096,265,1,320.62,320.62,0,2011-03-20 13:38:00,2011-03-20 13:38:00,United Kingdom,1,0.0,At Risk Customers
16097,241,1,185.05,185.05,0,2011-04-13 13:47:00,2011-04-13 13:47:00,United Kingdom,1,0.0,At Risk Customers
16098,88,7,2005.63,286.5185714285714,286,2010-12-01 09:45:00,2011-09-13 09:59:00,United Kingdom,0,1571.5347397260273,Potential Customers
16099,51,3,731.9,243.96666666666664,175,2011-04-28 08:34:00,2011-10-20 13:13:00,United Kingdom,0,350.9109589041095,Potential Customers
16101,71,1,1290.7,1290.7,0,2011-09-30 10:18:00,2011-09-30 10:18:00,United Kingdom,0,0.0,Potential Customers
16102,43,3,1842.14,614.0466666666666,86,2011-08-03 12:50:00,2011-10-28 13:19:00,United Kingdom,0,434.03846575342465,Potential Customers
16103,8,6,1429.64,238.2733333333333,226,2011-04-20 12:28:00,2011-12-02 14:16:00,United Kingdom,0,885.2017534246575,Potential Customers
16104,62,1,298.21,298.21,0,2011-10-09 10:23:00,2011-10-09 10:23:00,United Kingdom,0,0.0,Potential Customers
16105,249,1,336.96,336.96,0,2011-04-05 10:13:00,2011-04-05 10:13:00,United Kingdom,1,0.0,At Risk Customers
16106,66,1,108.38,108.38,0,2011-10-05 10:37:00,2011-10-05 10:37:00,United Kingdom,0,0.0,Potential Customers
16107,18,7,3204.16,457.7371428571429,166,2011-06-09 18:42:00,2011-11-22 09:40:00,United Kingdom,0,1457.2344109589044,Potential Customers
16108,85,1,842.5,842.5,0,2011-09-16 11:48:00,2011-09-16 11:48:00,United Kingdom,0,0.0,Potential Customers
16109,219,2,611.88,305.94,90,2011-02-04 12:37:00,2011-05-05 09:17:00,United Kingdom,1,150.8745205479452,At Risk Customers
16110,46,3,1320.95,440.31666666666666,266,2011-02-01 14:01:00,2011-10-25 14:35:00,United Kingdom,0,962.6649315068494,Potential Customers
16112,144,4,195.74,48.935,195,2011-01-05 11:47:00,2011-07-19 14:28:00,United Kingdom,0,104.57342465753426,Potential Customers
16113,184,1,161.38,161.38,0,2011-06-09 16:16:00,2011-06-09 16:16:00,United Kingdom,1,0.0,At Risk Customers
16114,171,1,135.75,135.75,0,2011-06-22 10:13:00,2011-06-22 10:13:00,United Kingdom,1,0.0,At Risk Customers
16115,10,8,1660.88,207.61,283,2011-02-20 12:14:00,2011-11-30 11:32:00,United Kingdom,0,1287.7507945205482,Potential Customers
16116,212,1,612.78,612.78,0,2011-05-12 12:01:00,2011-05-12 12:01:00,United Kingdom,1,0.0,At Risk Customers
16117,190,1,232.21,232.21,0,2011-06-03 11:42:00,2011-06-03 11:42:00,United Kingdom,1,0.0,At Risk Customers
16119,9,2,423.36,211.68,64,2011-09-28 10:15:00,2011-12-01 15:11:00,United Kingdom,0,74.23298630136986,Potential Customers
16120,60,4,1309.14,327.285,0,2011-10-11 14:10:00,2011-10-11 14:22:00,United Kingdom,0,0.0,Potential Customers
16121,58,2,854.66,427.33,158,2011-05-08 11:52:00,2011-10-13 12:59:00,United Kingdom,0,369.9624109589041,Potential Customers
16122,74,4,684.42,171.105,293,2010-12-08 11:41:00,2011-09-27 15:34:00,United Kingdom,0,549.4111232876712,Potential Customers
16123,52,1,307.78,307.78,0,2011-10-19 09:18:00,2011-10-19 09:18:00,United Kingdom,0,0.0,Potential Customers
16124,318,1,249.0,249.0,0,2011-01-26 14:45:00,2011-01-26 14:45:00,United Kingdom,1,0.0,At Risk Customers
16125,368,1,289.35,289.35,0,2010-12-07 15:48:00,2010-12-07 15:48:00,United Kingdom,1,0.0,At Risk Customers
16126,30,4,6287.77,1571.9425,267,2011-02-16 11:18:00,2011-11-10 16:03:00,United Kingdom,0,4599.546821917808,Potential Customers
16127,40,1,656.25,656.25,0,2011-10-31 13:58:00,2011-10-31 13:58:00,United Kingdom,0,0.0,Potential Customers
16128,18,5,1880.22,376.044,265,2011-03-02 12:21:00,2011-11-22 11:14:00,United Kingdom,0,1365.0912328767122,Potential Customers
16131,52,6,3506.54,584.4233333333333,188,2011-04-14 08:32:00,2011-10-19 11:53:00,United Kingdom,0,1806.1082739726028,Potential Customers
16133,4,33,14589.04,442.0921212121212,315,2011-01-25 15:55:00,2011-12-06 11:24:00,United Kingdom,3,12590.541369863013,Loyal Customers
16134,22,2,618.09,309.045,338,2010-12-15 14:00:00,2011-11-18 10:05:00,United Kingdom,0,572.3682739726028,Potential Customers
16135,263,1,517.55,517.55,0,2011-03-22 12:30:00,2011-03-22 12:30:00,United Kingdom,1,0.0,At Risk Customers
16136,60,3,709.38,236.46,218,2011-03-07 09:52:00,2011-10-11 09:10:00,United Kingdom,0,423.68449315068494,Potential Customers
16139,19,3,635.41,211.8033333333333,188,2011-05-17 10:23:00,2011-11-21 08:37:00,United Kingdom,0,327.2796712328767,Potential Customers
16140,66,2,725.18,362.59,306,2010-12-03 14:40:00,2011-10-05 12:15:00,United Kingdom,0,607.9591232876712,Potential Customers
16141,89,1,620.4,620.4,0,2011-09-12 13:11:00,2011-09-12 13:11:00,United Kingdom,0,0.0,Potential Customers
16142,250,1,535.34,535.34,0,2011-04-04 10:16:00,2011-04-04 10:16:00,United Kingdom,1,0.0,At Risk Customers
16143,4,6,2424.94,404.15666666666664,366,2010-12-05 15:18:00,2011-12-06 14:13:00,United Kingdom,0,2431.5836712328764,Potential Customers
16144,247,1,175.2,175.2,0,2011-04-07 10:09:00,2011-04-07 10:09:00,United Kingdom,1,0.0,At Risk Customers
16145,9,11,3799.49,345.4081818181818,351,2010-12-15 09:09:00,2011-12-01 10:33:00,United Kingdom,0,3653.7561369863015,Potential Customers
16146,158,3,734.13,244.71,75,2011-04-21 15:25:00,2011-07-05 14:20:00,United Kingdom,1,150.8486301369863,At Risk Customers
16147,134,1,375.0,375.0,0,2011-07-29 09:57:00,2011-07-29 09:57:00,United Kingdom,0,0.0,Potential Customers
16148,297,1,76.32,76.32,0,2011-02-16 14:01:00,2011-02-16 14:01:00,United Kingdom,1,0.0,At Risk Customers
16149,5,2,280.52,140.26,138,2011-07-20 14:54:00,2011-12-05 11:29:00,United Kingdom,0,106.05961643835616,Potential Customers
16150,43,5,2053.02,410.604,330,2010-12-02 18:27:00,2011-10-28 12:39:00,United Kingdom,0,1856.1550684931506,Potential Customers
16152,269,1,1829.04,1829.04,0,2011-03-16 09:47:00,2011-03-16 09:47:00,United Kingdom,1,0.0,At Risk Customers
16153,50,5,1824.23,364.846,305,2010-12-20 09:22:00,2011-10-21 10:50:00,United Kingdom,0,1524.3565753424657,Potential Customers
16156,9,9,3092.04,343.56,302,2011-02-02 12:02:00,2011-12-01 12:42:00,United Kingdom,0,2558.3454246575343,Potential Customers
16157,16,3,656.69,218.89666666666665,57,2011-09-28 11:48:00,2011-11-24 11:41:00,United Kingdom,0,102.55158904109588,Potential Customers
16159,282,1,348.2,348.2,0,2011-03-03 12:27:00,2011-03-03 12:27:00,United Kingdom,1,0.0,At Risk Customers
16160,66,2,1025.44,512.72,20,2011-09-15 10:53:00,2011-10-05 14:19:00,United Kingdom,0,56.188493150684934,Potential Customers
16161,2,19,5533.67,291.2457894736842,367,2010-12-06 10:03:00,2011-12-08 12:10:00,United Kingdom,3,5563.991479452055,Loyal Customers
16162,253,1,37.4,37.4,0,2011-04-01 15:03:00,2011-04-01 15:03:00,United Kingdom,1,0.0,At Risk Customers
16163,233,2,856.6,428.3,133,2010-12-09 16:28:00,2011-04-21 15:15:00,United Kingdom,1,312.1309589041096,At Risk Customers
16164,18,3,822.48,274.16,25,2011-10-28 09:12:00,2011-11-22 15:04:00,United Kingdom,0,56.33424657534246,Potential Customers
16168,11,27,3787.6,140.28148148148148,359,2010-12-05 11:38:00,2011-11-29 12:45:00,United Kingdom,3,3725.3380821917804,Loyal Customers
16169,9,4,1822.97,455.7425,67,2011-09-25 11:33:00,2011-12-01 15:28:00,United Kingdom,0,334.6273698630137,Potential Customers
16170,51,6,1885.05,314.175,198,2011-04-05 13:42:00,2011-10-20 08:21:00,United Kingdom,0,1022.5750684931508,Potential Customers
16171,60,1,73.2,73.2,0,2011-10-11 14:51:00,2011-10-11 14:51:00,United Kingdom,0,0.0,Potential Customers
16172,96,5,1140.21,228.042,146,2011-04-12 12:02:00,2011-09-05 13:22:00,United Kingdom,0,456.08400000000006,Potential Customers
16173,16,6,1418.32,236.38666666666663,83,2011-09-02 15:23:00,2011-11-24 10:53:00,United Kingdom,0,322.5220821917808,Potential Customers
16174,127,3,1009.55,336.51666666666665,25,2011-07-11 09:23:00,2011-08-05 13:26:00,United Kingdom,0,69.14726027397259,Potential Customers
16175,95,4,1037.59,259.3975,146,2011-04-13 14:38:00,2011-09-06 14:32:00,United Kingdom,0,415.036,Potential Customers
16177,51,1,331.95,331.95,0,2011-10-20 12:57:00,2011-10-20 12:57:00,United Kingdom,0,0.0,Potential Customers
16178,139,1,197.9,197.9,0,2011-07-24 16:05:00,2011-07-24 16:05:00,United Kingdom,0,0.0,Potential Customers
16179,61,1,215.83,215.83,0,2011-10-10 09:41:00,2011-10-10 09:41:00,United Kingdom,0,0.0,Potential Customers
16180,101,8,10254.18,1281.7725,152,2011-04-01 10:23:00,2011-08-31 16:28:00,United Kingdom,0,4270.233863013699,Potential Customers
16181,74,1,305.54,305.54,0,2011-09-27 13:38:00,2011-09-27 13:38:00,United Kingdom,0,0.0,Potential Customers
16182,73,4,6617.65,1654.4125,222,2011-02-18 10:11:00,2011-09-28 13:23:00,United Kingdom,0,4024.9816438356165,Potential Customers
16183,68,1,338.71,338.71,0,2011-10-03 14:59:00,2011-10-03 14:59:00,United Kingdom,0,0.0,Potential Customers
16184,65,6,1158.79,193.13166666666663,147,2011-05-12 13:33:00,2011-10-06 17:43:00,United Kingdom,0,466.69076712328757,Potential Customers
16185,17,2,529.41,264.705,216,2011-04-21 11:59:00,2011-11-23 09:41:00,United Kingdom,0,313.2946849315068,Potential Customers
16186,23,12,4006.94,333.91166666666663,350,2010-12-02 14:40:00,2011-11-17 12:43:00,United Kingdom,0,3842.2712328767116,Potential Customers
16187,32,15,6911.44,460.76266666666663,253,2011-02-28 13:34:00,2011-11-08 09:50:00,United Kingdom,3,4790.669369863013,Loyal Customers
16188,45,4,981.86,245.465,198,2011-04-11 09:44:00,2011-10-26 12:19:00,United Kingdom,0,532.6254246575343,Potential Customers
16189,16,2,215.48,107.74,70,2011-09-15 15:21:00,2011-11-24 11:47:00,United Kingdom,0,41.32493150684931,Potential Customers
16190,41,1,215.08,215.08,0,2011-10-30 15:59:00,2011-10-30 15:59:00,United Kingdom,0,0.0,Potential Customers
16191,3,13,5180.52,398.5015384615385,358,2010-12-14 12:38:00,2011-12-07 11:26:00,United Kingdom,0,5081.167561643836,Potential Customers
16193,237,1,314.45,314.45,0,2011-04-17 11:45:00,2011-04-17 11:45:00,United Kingdom,1,0.0,At Risk Customers
16198,76,1,400.68,400.68,0,2011-09-25 14:58:00,2011-09-25 14:58:00,United Kingdom,0,0.0,Potential Customers
16200,5,2,1068.87,534.435,160,2011-06-28 15:47:00,2011-12-05 14:40:00,United Kingdom,0,468.54575342465745,Potential Customers
16201,4,4,1863.47,465.8675,106,2011-08-22 10:47:00,2011-12-06 16:02:00,United Kingdom,0,541.172109589041,Potential Customers
16202,361,1,365.27,365.27,0,2010-12-14 10:43:00,2010-12-14 10:43:00,United Kingdom,1,0.0,At Risk Customers
16203,59,4,592.9,148.225,314,2010-12-02 15:39:00,2011-10-12 12:31:00,United Kingdom,0,510.0564383561644,Potential Customers
16204,24,1,384.18,384.18,0,2011-11-16 13:40:00,2011-11-16 13:40:00,United Kingdom,0,0.0,Potential Customers
16205,31,4,757.63,189.4075,149,2011-06-13 11:33:00,2011-11-09 09:32:00,United Kingdom,0,309.27909589041093,Potential Customers
16206,55,4,537.06,134.265,273,2011-01-16 11:07:00,2011-10-16 10:41:00,United Kingdom,0,401.6914520547945,Potential Customers
16207,26,1,394.38,394.38,0,2011-11-14 13:51:00,2011-11-14 13:51:00,United Kingdom,0,0.0,Potential Customers
16208,45,2,664.26,332.13,245,2011-02-23 13:37:00,2011-10-26 11:36:00,United Kingdom,0,445.8731506849315,Potential Customers
16209,89,5,2262.62,452.524,158,2011-04-07 12:23:00,2011-09-12 11:58:00,United Kingdom,0,979.4355068493151,Potential Customers
16210,2,18,21086.3,1171.4611111111112,372,2010-12-01 12:27:00,2011-12-08 12:36:00,United Kingdom,3,21490.69479452055,Loyal Customers
16211,89,1,547.02,547.02,0,2011-09-12 12:11:00,2011-09-12 12:11:00,United Kingdom,0,0.0,Potential Customers
16212,20,2,690.34,345.17,264,2011-03-01 12:51:00,2011-11-20 13:00:00,United Kingdom,0,499.31441095890415,Potential Customers
16213,79,1,159.0,159.0,0,2011-09-22 10:03:00,2011-09-22 10:03:00,United Kingdom,0,0.0,Potential Customers
16214,171,3,1062.75,354.25,99,2011-03-15 13:23:00,2011-06-22 11:30:00,United Kingdom,1,288.2527397260274,At Risk Customers
16215,81,1,242.35,242.35,0,2011-09-20 10:18:00,2011-09-20 10:18:00,United Kingdom,0,0.0,Potential Customers
16216,268,1,914.93,914.93,0,2011-03-17 15:34:00,2011-03-17 15:34:00,United Kingdom,1,0.0,At Risk Customers
16217,236,2,304.25,152.125,47,2011-03-02 15:28:00,2011-04-18 13:31:00,United Kingdom,1,39.17739726027397,At Risk Customers
16218,30,7,3084.68,440.66857142857134,344,2010-12-01 11:29:00,2011-11-10 09:59:00,United Kingdom,0,2907.2052602739723,Potential Customers
16221,37,3,860.86,286.9533333333333,331,2010-12-07 13:13:00,2011-11-03 11:43:00,United Kingdom,0,780.670301369863,Potential Customers
16222,319,1,773.55,773.55,0,2011-01-25 13:38:00,2011-01-25 13:38:00,United Kingdom,1,0.0,At Risk Customers
16224,58,4,1295.3,323.825,192,2011-04-04 12:00:00,2011-10-13 17:51:00,United Kingdom,0,681.3632876712328,Potential Customers
16225,45,5,1096.32,219.264,233,2011-03-07 12:17:00,2011-10-26 08:30:00,United Kingdom,0,699.8426301369865,Potential Customers
16226,204,3,255.12,85.04,32,2011-04-18 12:58:00,2011-05-20 14:41:00,United Kingdom,1,22.36668493150685,At Risk Customers
16227,226,1,314.22,314.22,0,2011-04-28 13:33:00,2011-04-28 13:33:00,United Kingdom,1,0.0,At Risk Customers
16229,88,2,1010.6,505.3,125,2011-05-11 10:18:00,2011-09-13 17:16:00,United Kingdom,0,346.0958904109589,Potential Customers
16230,190,2,542.03,271.015,31,2011-05-03 15:12:00,2011-06-03 10:06:00,United Kingdom,1,46.03542465753424,At Risk Customers
16232,44,4,990.88,247.72,172,2011-05-08 14:05:00,2011-10-27 12:16:00,United Kingdom,0,466.93523287671235,Potential Customers
16233,72,3,536.68,178.89333333333332,295,2010-12-08 12:51:00,2011-09-29 17:27:00,United Kingdom,0,433.75506849315065,Potential Customers
16235,41,5,867.31,173.462,292,2011-01-11 15:42:00,2011-10-30 10:56:00,United Kingdom,0,693.848,Potential Customers
16236,79,1,432.2,432.2,0,2011-09-22 14:10:00,2011-09-22 14:10:00,United Kingdom,0,0.0,Potential Customers
16239,57,2,414.2,207.1,133,2011-06-03 09:30:00,2011-10-14 08:29:00,United Kingdom,0,150.92767123287672,Potential Customers
16240,25,2,3718.8,1859.4,53,2011-09-23 13:44:00,2011-11-15 14:30:00,United Kingdom,0,539.9901369863013,Potential Customers
16241,10,13,2590.31,199.25461538461536,360,2010-12-05 11:04:00,2011-11-30 11:08:00,United Kingdom,0,2554.8263013698624,Potential Customers
16242,9,7,3579.86,511.40857142857135,269,2011-03-07 17:04:00,2011-12-01 15:12:00,United Kingdom,0,2638.3077808219173,Potential Customers
16243,34,2,409.1,204.55,21,2011-10-16 12:09:00,2011-11-06 12:32:00,United Kingdom,0,23.537260273972603,Potential Customers
16244,212,2,1522.75,761.375,161,2010-12-02 11:41:00,2011-05-12 10:18:00,United Kingdom,1,671.6787671232877,At Risk Customers
16245,24,3,1413.66,471.22,233,2011-03-28 09:30:00,2011-11-16 10:14:00,United Kingdom,0,902.4185753424658,Potential Customers
16247,171,1,114.56,114.56,0,2011-06-22 14:23:00,2011-06-22 14:23:00,United Kingdom,1,0.0,At Risk Customers
16248,62,1,152.94,152.94,0,2011-10-09 11:32:00,2011-10-09 11:32:00,United Kingdom,0,0.0,Potential Customers
16249,53,5,1800.07,360.014,187,2011-04-14 13:50:00,2011-10-18 10:07:00,United Kingdom,0,922.2276438356165,Potential Customers
16250,262,2,389.44,194.72,112,2010-12-01 09:59:00,2011-03-23 15:07:00,United Kingdom,1,119.49939726027398,At Risk Customers
16253,67,2,3683.86,1841.93,189,2011-03-29 13:33:00,2011-10-04 09:09:00,United Kingdom,0,1907.5329863013699,Potential Customers
16255,17,8,2619.91,327.48875,349,2010-12-09 14:25:00,2011-11-23 12:40:00,United Kingdom,0,2505.064630136986,Potential Customers
16256,267,1,752.43,752.43,0,2011-03-18 12:18:00,2011-03-18 12:18:00,United Kingdom,1,0.0,At Risk Customers
16257,177,1,46.95,46.95,0,2011-06-16 10:11:00,2011-06-16 10:11:00,United Kingdom,1,0.0,At Risk Customers
16258,46,5,5203.51,1040.702,174,2011-05-04 14:33:00,2011-10-25 13:30:00,United Kingdom,0,2480.5773698630137,Potential Customers
16260,51,1,1035.45,1035.45,0,2011-10-20 09:40:00,2011-10-20 09:40:00,United Kingdom,0,0.0,Potential Customers
16261,18,4,728.54,182.135,229,2011-04-07 19:05:00,2011-11-22 17:23:00,United Kingdom,0,457.08399999999995,Potential Customers
16265,10,9,5447.0,605.2222222222223,355,2010-12-10 10:21:00,2011-11-30 16:41:00,United Kingdom,0,5297.767123287672,Potential Customers
16266,74,7,861.89,123.12714285714284,133,2011-05-17 14:50:00,2011-09-27 12:08:00,United Kingdom,0,314.0585479452054,Potential Customers
16268,72,2,667.65,333.825,0,2011-09-29 18:30:00,2011-09-29 18:30:00,United Kingdom,0,0.0,Potential Customers
16270,354,1,1141.24,1141.24,0,2010-12-21 14:26:00,2010-12-21 14:26:00,United Kingdom,1,0.0,At Risk Customers
16271,3,5,1404.64,280.928,356,2010-12-16 16:36:00,2011-12-07 12:45:00,United Kingdom,0,1370.0050410958902,Potential Customers
16272,117,1,411.7,411.7,0,2011-08-15 10:53:00,2011-08-15 10:54:00,United Kingdom,0,0.0,Potential Customers
16274,374,1,351.75,351.75,0,2010-12-01 15:35:00,2010-12-01 15:35:00,United Kingdom,1,0.0,At Risk Customers
16275,197,1,559.87,559.87,0,2011-05-27 12:41:00,2011-05-27 12:41:00,United Kingdom,1,0.0,At Risk Customers
16276,177,1,810.6,810.6,0,2011-06-16 09:34:00,2011-06-16 09:34:00,United Kingdom,1,0.0,At Risk Customers
16278,101,1,566.38,566.38,0,2011-08-31 17:12:00,2011-08-31 17:12:00,United Kingdom,0,0.0,Potential Customers
16279,22,3,1502.78,500.9266666666666,155,2011-06-16 11:50:00,2011-11-18 15:00:00,United Kingdom,0,638.1668493150684,Potential Customers
16281,73,1,2062.06,2062.06,0,2011-09-28 14:57:00,2011-09-28 14:57:00,United Kingdom,0,0.0,Potential Customers
16282,340,1,168.3,168.3,0,2011-01-04 11:42:00,2011-01-04 11:42:00,United Kingdom,1,0.0,At Risk Customers
16283,6,5,1570.81,314.162,203,2011-05-15 13:37:00,2011-12-04 12:08:00,United Kingdom,0,873.6285753424658,Potential Customers
16284,32,2,812.68,406.34,19,2011-10-20 13:54:00,2011-11-08 16:12:00,United Kingdom,0,42.3038904109589,Potential Customers
16287,170,1,142.5,142.5,0,2011-06-23 09:08:00,2011-06-23 09:08:00,United Kingdom,1,0.0,At Risk Customers
16292,122,1,302.25,302.25,0,2011-08-10 12:24:00,2011-08-10 12:24:00,United Kingdom,0,0.0,Potential Customers
16293,22,10,2248.99,224.899,346,2010-12-07 15:02:00,2011-11-18 09:58:00,United Kingdom,0,2131.9192876712327,Potential Customers
16295,10,4,1328.55,332.1375,55,2011-10-06 10:45:00,2011-11-30 08:17:00,United Kingdom,0,200.19246575342464,Potential Customers
16297,269,1,301.9,301.9,0,2011-03-16 08:29:00,2011-03-16 08:29:00,United Kingdom,1,0.0,At Risk Customers
16298,23,3,598.2,199.4,164,2011-06-06 10:06:00,2011-11-17 11:59:00,United Kingdom,0,268.78027397260274,Potential Customers
16302,127,1,233.22,233.22,0,2011-08-05 09:44:00,2011-08-05 09:44:00,United Kingdom,0,0.0,Potential Customers
16303,26,3,5360.63,1786.8766666666666,308,2011-01-10 14:16:00,2011-11-14 10:49:00,United Kingdom,0,4523.4905205479445,Potential Customers
16305,139,1,361.22,361.22,0,2011-07-24 12:18:00,2011-07-24 12:18:00,United Kingdom,0,0.0,Potential Customers
16306,214,6,632.27,105.37833333333332,154,2010-12-07 15:18:00,2011-05-10 12:12:00,United Kingdom,1,266.7659726027397,At Risk Customers
16308,38,4,2560.0,640.0,224,2011-03-23 14:46:00,2011-11-02 11:24:00,United Kingdom,0,1571.068493150685,Potential Customers
16309,107,2,706.57,353.285,134,2011-04-13 11:46:00,2011-08-25 15:35:00,United Kingdom,0,259.398301369863,Potential Customers
16311,18,2,616.26,308.13,32,2011-10-21 13:13:00,2011-11-22 08:54:00,United Kingdom,0,54.02827397260274,Potential Customers
16313,4,2,274.15,137.075,46,2011-10-21 09:04:00,2011-12-06 13:02:00,United Kingdom,0,34.55041095890411,Potential Customers
16315,331,1,226.37,226.37,0,2011-01-13 11:57:00,2011-01-13 11:57:00,United Kingdom,1,0.0,At Risk Customers
16316,65,8,2938.91,367.36375,294,2010-12-16 14:26:00,2011-10-06 13:48:00,United Kingdom,0,2367.231616438356,Potential Customers
16317,120,3,1341.65,447.21666666666664,178,2011-02-15 14:30:00,2011-08-12 12:46:00,United Kingdom,0,654.284109589041,Potential Customers
16318,36,1,328.15,328.15,0,2011-11-04 13:05:00,2011-11-04 13:05:00,United Kingdom,0,0.0,Potential Customers
16319,218,1,404.4,404.4,0,2011-05-06 11:27:00,2011-05-06 11:27:00,United Kingdom,1,0.0,At Risk Customers
16320,173,2,1038.46,519.23,41,2011-05-10 15:31:00,2011-06-20 15:25:00,Unspecified,1,116.64893150684932,At Risk Customers
16321,73,5,373.65,74.73,251,2011-01-20 12:11:00,2011-09-28 14:55:00,Australia,0,256.94835616438354,Potential Customers
16322,2,2,326.75,163.375,35,2011-11-03 14:33:00,2011-12-08 15:41:00,United Kingdom,0,31.332191780821915,Potential Customers
16323,197,1,207.5,207.5,0,2011-05-27 14:48:00,2011-05-27 14:48:00,United Kingdom,1,0.0,At Risk Customers
16324,129,3,408.59,136.19666666666666,49,2011-06-15 14:26:00,2011-08-03 12:58:00,United Kingdom,0,54.85180821917808,Potential Customers
16325,47,3,594.24,198.08,199,2011-04-08 09:20:00,2011-10-24 08:48:00,United Kingdom,0,323.982904109589,Potential Customers
16326,6,14,3039.22,217.08714285714285,329,2011-01-09 12:01:00,2011-12-04 10:11:00,United Kingdom,0,2739.4613150684927,Potential Customers
16327,15,6,3820.27,636.7116666666666,355,2010-12-05 12:43:00,2011-11-25 13:23:00,United Kingdom,0,3715.60506849315,Potential Customers
16330,18,3,251.91,83.97,95,2011-08-19 17:08:00,2011-11-22 12:24:00,United Kingdom,0,65.56561643835616,Potential Customers
16332,29,7,1582.8,226.11428571428567,277,2011-02-07 14:16:00,2011-11-11 14:22:00,United Kingdom,0,1201.193424657534,Potential Customers
16333,8,22,26626.8,1210.3090909090909,302,2011-02-03 10:50:00,2011-12-02 12:19:00,United Kingdom,3,22030.941369863016,Loyal Customers
16337,37,1,151.05,151.05,0,2011-11-03 10:03:00,2011-11-03 10:03:00,United Kingdom,0,0.0,Potential Customers
16338,158,1,214.8,214.8,0,2011-07-05 13:56:00,2011-07-05 13:56:00,United Kingdom,1,0.0,At Risk Customers
16339,285,1,94.05,94.05,0,2011-02-28 13:41:00,2011-02-28 13:41:00,United Kingdom,1,0.0,At Risk Customers
16340,108,1,534.31,534.31,0,2011-08-24 14:53:00,2011-08-24 14:53:00,United Kingdom,0,0.0,Potential Customers
16341,25,4,1971.87,492.9675,177,2011-05-22 13:20:00,2011-11-15 09:12:00,United Kingdom,0,956.2218904109588,Potential Customers
16342,76,4,322.41,80.6025,104,2011-06-13 10:10:00,2011-09-25 14:36:00,United Kingdom,0,91.86476712328768,Potential Customers
16343,17,2,328.58,164.29,0,2011-11-23 17:43:00,2011-11-23 17:45:00,United Kingdom,0,0.0,Potential Customers
16344,159,1,101.1,101.1,0,2011-07-04 15:50:00,2011-07-04 15:50:00,United Kingdom,1,0.0,At Risk Customers
16345,45,1,565.46,565.46,0,2011-10-26 16:03:00,2011-10-26 16:03:00,United Kingdom,0,0.0,Potential Customers
16347,12,2,847.45,423.725,25,2011-11-03 13:01:00,2011-11-28 13:14:00,United Kingdom,0,58.044520547945204,Potential Customers
16348,33,7,1415.65,202.23571428571427,208,2011-04-13 15:49:00,2011-11-07 15:44:00,United Kingdom,0,806.7265753424657,Potential Customers
16349,291,1,53.5,53.5,0,2011-02-22 12:40:00,2011-02-22 12:40:00,United Kingdom,1,0.0,At Risk Customers
16350,22,4,1116.47,279.1175,312,2011-01-10 09:44:00,2011-11-18 15:53:00,United Kingdom,0,954.3524383561645,Potential Customers
16351,333,1,153.9,153.9,0,2011-01-11 10:26:00,2011-01-11 10:26:00,United Kingdom,1,0.0,At Risk Customers
16352,18,2,494.44,247.22,20,2011-11-02 08:44:00,2011-11-22 10:32:00,United Kingdom,0,27.092602739726026,Potential Customers
16353,4,23,6675.71,290.2482608695652,366,2010-12-05 12:09:00,2011-12-06 12:23:00,United Kingdom,3,6693.999616438356,Loyal Customers
16354,64,2,395.8,197.9,10,2011-09-27 16:28:00,2011-10-07 14:28:00,United Kingdom,0,10.843835616438357,Potential Customers
16356,198,3,211.77,70.59,80,2011-03-07 12:31:00,2011-05-26 11:51:00,United Kingdom,1,46.415342465753426,At Risk Customers
16357,34,3,658.88,219.62666666666664,180,2011-05-10 10:35:00,2011-11-06 16:04:00,United Kingdom,0,324.9271232876712,Potential Customers
16358,2,4,2027.5,506.875,183,2011-06-08 15:05:00,2011-12-08 15:09:00,United Kingdom,0,1016.527397260274,Potential Customers
16359,8,9,1750.92,194.54666666666665,324,2011-01-12 10:49:00,2011-12-02 17:04:00,United Kingdom,0,1554.2413150684931,Potential Customers
16360,5,6,3450.41,575.0683333333333,84,2011-09-12 13:50:00,2011-12-05 12:16:00,United Kingdom,0,794.0669589041096,Potential Customers
16361,10,4,891.21,222.8025,62,2011-09-29 13:13:00,2011-11-30 12:32:00,United Kingdom,0,151.38361643835617,Potential Customers
16362,33,5,709.99,141.998,59,2011-09-09 14:47:00,2011-11-07 13:01:00,United Kingdom,0,114.76550684931507,Potential Customers
16363,54,1,109.36,109.36,0,2011-10-17 14:14:00,2011-10-17 14:14:00,United Kingdom,0,0.0,Potential Customers
16364,12,2,705.79,352.895,126,2011-07-25 14:35:00,2011-11-28 11:27:00,United Kingdom,0,243.64257534246576,Potential Customers
16365,18,9,1540.42,171.15777777777777,350,2010-12-07 17:19:00,2011-11-22 11:24:00,United Kingdom,0,1477.1150684931504,Potential Customers
16366,19,1,327.3,327.3,0,2011-11-21 08:19:00,2011-11-21 08:19:00,United Kingdom,0,0.0,Potential Customers
16367,38,2,800.67,400.335,325,2010-12-12 12:01:00,2011-11-02 13:13:00,United Kingdom,0,712.9253424657534,Potential Customers
16368,3,2,479.91,239.955,26,2011-11-11 15:08:00,2011-12-07 13:12:00,United Kingdom,0,34.1853698630137,Potential Customers
16369,19,3,1545.41,515.1366666666667,178,2011-05-27 09:39:00,2011-11-21 16:25:00,United Kingdom,0,753.6519999999999,Potential Customers
16370,83,4,1301.91,325.4775,143,2011-04-28 16:40:00,2011-09-18 15:55:00,United Kingdom,0,510.06336986301375,Potential Customers
16372,34,2,355.73,177.865,0,2011-11-06 12:50:00,2011-11-06 13:08:00,United Kingdom,0,0.0,Potential Customers
16374,67,2,466.73,233.365,196,2011-03-22 13:46:00,2011-10-04 15:21:00,United Kingdom,0,250.62761643835617,Potential Customers
16376,9,2,974.96,487.48,9,2011-11-22 16:47:00,2011-12-01 11:38:00,United Kingdom,0,24.040109589041098,Potential Customers
16377,268,1,676.2,676.2,0,2011-03-17 15:41:00,2011-03-17 15:41:00,United Kingdom,1,0.0,At Risk Customers
16378,248,3,362.95,120.98333333333332,63,2011-02-02 12:42:00,2011-04-06 15:07:00,United Kingdom,1,62.64616438356164,At Risk Customers
16379,5,4,2157.4,539.35,74,2011-09-22 09:33:00,2011-12-05 15:38:00,United Kingdom,0,437.3906849315069,Potential Customers
16380,62,1,1743.15,1743.15,0,2011-10-09 15:40:00,2011-10-09 15:40:00,United Kingdom,0,0.0,Potential Customers
16383,75,2,643.76,321.88,194,2011-03-16 13:00:00,2011-09-26 12:45:00,United Kingdom,0,342.1628493150685,Potential Customers
16384,90,2,584.5,292.25,174,2011-03-21 10:13:00,2011-09-11 11:19:00,United Kingdom,0,278.63835616438354,Potential Customers
16385,61,3,554.86,184.95333333333332,306,2010-12-08 12:56:00,2011-10-10 13:12:00,United Kingdom,0,465.17030136986295,Potential Customers
16386,29,2,302.57,151.285,225,2011-03-31 12:19:00,2011-11-11 12:28:00,United Kingdom,0,186.51575342465753,Potential Customers
16387,323,1,94.36,94.36,0,2011-01-21 11:34:00,2011-01-21 11:34:00,United Kingdom,1,0.0,At Risk Customers
16389,54,4,1382.07,345.5175,230,2011-03-01 15:47:00,2011-10-17 14:41:00,United Kingdom,0,870.8934246575342,Potential Customers
16392,270,1,217.89,217.89,0,2011-03-15 12:11:00,2011-03-15 12:11:00,United Kingdom,1,0.0,At Risk Customers
16393,3,13,3040.96,233.92,367,2010-12-05 13:10:00,2011-12-07 12:51:00,United Kingdom,0,3057.622794520548,Potential Customers
16394,57,5,1555.34,311.068,233,2011-02-23 10:58:00,2011-10-14 09:48:00,United Kingdom,0,992.8608767123288,Potential Customers
16395,61,5,1482.06,296.412,270,2011-01-13 12:10:00,2011-10-10 12:50:00,United Kingdom,0,1096.3183561643834,Potential Customers
16398,155,2,1705.8,852.9,99,2011-03-31 09:38:00,2011-07-08 15:16:00,United Kingdom,1,462.6690410958904,At Risk Customers
16399,20,2,408.02,204.01,216,2011-04-18 13:46:00,2011-11-20 16:12:00,United Kingdom,0,241.4584109589041,Potential Customers
16400,95,1,303.93,303.93,0,2011-09-06 12:27:00,2011-09-06 12:27:00,United Kingdom,0,0.0,Potential Customers
16401,2,12,4098.32,341.52666666666664,326,2011-01-16 10:56:00,2011-12-08 18:15:00,United Kingdom,0,3660.417315068493,Potential Customers
16402,265,2,293.45,146.725,105,2010-12-05 13:42:00,2011-03-20 12:25:00,United Kingdom,1,84.41712328767123,At Risk Customers
16403,313,1,177.5,177.5,0,2011-01-31 13:39:00,2011-01-31 13:39:00,United Kingdom,1,0.0,At Risk Customers
16404,71,1,443.05,443.05,0,2011-09-30 14:55:00,2011-09-30 14:55:00,United Kingdom,0,0.0,Potential Customers
16405,303,2,167.25,83.625,8,2011-02-02 17:08:00,2011-02-10 15:24:00,United Kingdom,1,3.665753424657534,At Risk Customers
16406,19,1,154.35,154.35,0,2011-11-21 11:57:00,2011-11-21 11:57:00,United Kingdom,0,0.0,Potential Customers
16407,13,10,2079.68,207.968,300,2011-01-31 14:02:00,2011-11-27 11:05:00,United Kingdom,0,1709.32602739726,Potential Customers
16409,37,5,2022.98,404.596,281,2011-01-26 14:51:00,2011-11-03 16:45:00,United Kingdom,0,1557.4174794520547,Potential Customers
16411,20,2,211.7,105.85,350,2010-12-05 13:26:00,2011-11-20 13:23:00,United Kingdom,0,202.99999999999997,Potential Customers
16412,54,1,135.99,135.99,0,2011-10-17 12:35:00,2011-10-17 12:35:00,United Kingdom,0,0.0,Potential Customers
16413,57,1,262.2,262.2,0,2011-10-14 12:08:00,2011-10-14 12:08:00,United Kingdom,0,0.0,Potential Customers
16414,22,2,126.25,63.125,259,2011-03-04 13:27:00,2011-11-18 09:42:00,United Kingdom,0,89.58561643835615,Potential Customers
16415,45,1,200.27,200.27,0,2011-10-26 13:35:00,2011-10-26 13:35:00,United Kingdom,0,0.0,Potential Customers
16416,27,3,1051.4,350.46666666666664,30,2011-10-14 13:35:00,2011-11-13 12:50:00,United Kingdom,0,86.41643835616436,Potential Customers
16418,45,3,631.12,210.3733333333333,182,2011-04-27 16:54:00,2011-10-26 12:39:00,United Kingdom,0,314.6954520547945,Potential Customers
16419,113,6,958.71,159.785,199,2011-02-01 12:25:00,2011-08-19 12:33:00,United Kingdom,0,522.6939452054795,Potential Customers
16422,18,51,34684.4,680.086274509804,352,2010-12-05 15:35:00,2011-11-22 14:00:00,United Kingdom,3,33449.065205479455,Loyal Customers
16423,25,1,346.12,346.12,0,2011-11-15 09:21:00,2011-11-15 09:21:00,United Kingdom,0,0.0,Potential Customers
16424,192,1,133.56,133.56,0,2011-06-01 13:40:00,2011-06-01 13:40:00,United Kingdom,1,0.0,At Risk Customers
16425,303,1,302.7,302.7,0,2011-02-10 14:30:00,2011-02-10 14:30:00,United Kingdom,1,0.0,At Risk Customers
16426,3,10,1863.76,186.376,274,2011-03-08 15:45:00,2011-12-07 14:01:00,United Kingdom,0,1399.0965479452054,Potential Customers
16427,264,2,241.06,120.53,21,2011-02-28 15:18:00,2011-03-21 17:10:00,United Kingdom,1,13.869205479452054,At Risk Customers
16429,107,1,284.55,284.55,0,2011-08-25 13:54:00,2011-08-25 13:54:00,United Kingdom,0,0.0,Potential Customers
16430,58,1,300.85,300.85,0,2011-10-13 14:47:00,2011-10-13 14:47:00,United Kingdom,0,0.0,Potential Customers
16431,214,3,623.28,207.76,84,2011-02-15 14:02:00,2011-05-10 14:09:00,United Kingdom,1,143.4397808219178,At Risk Customers
16432,65,1,287.4,287.4,0,2011-10-06 13:59:00,2011-10-06 13:59:00,United Kingdom,0,0.0,Potential Customers
16433,29,1,184.26,184.26,0,2011-11-11 14:09:00,2011-11-11 14:09:00,United Kingdom,0,0.0,Potential Customers
16434,30,7,1511.8,215.97142857142856,270,2011-02-13 12:17:00,2011-11-10 14:28:00,United Kingdom,0,1118.317808219178,Potential Customers
16438,6,5,798.35,159.67,77,2011-09-18 13:31:00,2011-12-04 10:51:00,United Kingdom,0,168.41904109589038,Potential Customers
16440,8,5,3640.67,728.134,207,2011-05-09 12:25:00,2011-12-02 12:02:00,United Kingdom,0,2064.7087397260275,Potential Customers
16441,68,2,381.2,190.6,224,2011-02-21 17:35:00,2011-10-03 17:48:00,United Kingdom,0,233.9419178082192,Potential Customers
16442,2,3,609.3,203.1,359,2010-12-14 10:46:00,2011-12-08 11:43:00,United Kingdom,0,599.284109589041,Potential Customers
16444,47,4,654.67,163.6675,218,2011-03-20 12:14:00,2011-10-24 13:50:00,United Kingdom,0,391.0083835616438,Potential Customers
16445,34,1,230.51,230.51,0,2011-11-06 12:32:00,2011-11-06 12:32:00,United Kingdom,0,0.0,Potential Customers
16446,1,2,168472.5,84236.25,205,2011-05-18 09:52:00,2011-12-09 09:15:00,United Kingdom,2,94621.54109589041,Champions
16447,136,1,255.91,255.91,0,2011-07-27 12:45:00,2011-07-27 12:45:00,United Kingdom,0,0.0,Potential Customers
16448,199,1,182.99,182.99,0,2011-05-25 16:28:00,2011-05-25 16:28:00,United Kingdom,1,0.0,At Risk Customers
16449,198,2,707.69,353.845,83,2011-03-04 12:15:00,2011-05-26 10:25:00,United Kingdom,1,160.9267671232877,At Risk Customers
16450,150,1,311.92,311.92,0,2011-07-13 11:47:00,2011-07-13 11:47:00,United Kingdom,1,0.0,At Risk Customers
16451,88,1,266.97,266.97,0,2011-09-13 09:17:00,2011-09-13 09:17:00,United Kingdom,0,0.0,Potential Customers
16454,45,2,6.9,3.45,20,2011-10-06 16:57:00,2011-10-26 11:40:00,United Kingdom,0,0.3780821917808219,Potential Customers
16455,64,7,1841.18,263.0257142857143,308,2010-12-03 16:44:00,2011-10-07 12:17:00,United Kingdom,0,1553.6532602739726,Potential Customers
16456,100,5,2158.18,431.636,274,2010-12-01 14:11:00,2011-09-01 13:50:00,United Kingdom,0,1620.1132054794523,Potential Customers
16457,219,1,208.36,208.36,0,2011-05-05 13:19:00,2011-05-05 13:19:00,United Kingdom,1,0.0,At Risk Customers
16458,3,18,3482.74,193.48555555555555,358,2010-12-14 11:51:00,2011-12-07 09:34:00,United Kingdom,3,3415.947726027397,Loyal Customers
16460,29,3,811.23,270.41,53,2011-09-19 10:15:00,2011-11-11 13:46:00,United Kingdom,0,117.7950410958904,Potential Customers
16461,178,1,142.92,142.92,0,2011-06-15 12:07:00,2011-06-15 12:07:00,United Kingdom,1,0.0,At Risk Customers
16462,74,3,136.0,45.33333333333333,210,2011-03-01 08:58:00,2011-09-27 10:24:00,United Kingdom,0,78.24657534246575,Potential Customers
16463,22,4,1422.4,355.6,183,2011-05-19 14:45:00,2011-11-18 14:01:00,United Kingdom,0,713.148493150685,Potential Customers
16464,20,3,1298.66,432.88666666666666,123,2011-07-20 13:53:00,2011-11-20 12:11:00,United Kingdom,0,437.63063013698627,Potential Customers
16466,34,7,1595.96,227.99428571428567,259,2011-02-20 11:39:00,2011-11-06 11:35:00,United Kingdom,0,1132.4757260273968,Potential Customers
16468,75,1,74.9,74.9,0,2011-09-26 14:13:00,2011-09-26 14:13:00,United Kingdom,0,0.0,Potential Customers
16469,24,4,625.42,156.355,223,2011-04-07 13:11:00,2011-11-16 12:25:00,United Kingdom,0,382.1059178082192,Potential Customers
16470,52,4,752.77,188.1925,307,2010-12-16 11:53:00,2011-10-19 12:11:00,United Kingdom,0,633.1517534246575,Potential Customers
16471,275,1,223.95,223.95,0,2011-03-10 09:41:00,2011-03-10 09:41:00,United Kingdom,1,0.0,At Risk Customers
16473,165,3,316.11,105.37,172,2011-01-07 10:55:00,2011-06-28 09:10:00,United Kingdom,1,148.96142465753425,At Risk Customers
16474,8,7,1810.65,258.66428571428565,138,2011-07-17 14:51:00,2011-12-02 13:02:00,United Kingdom,0,684.5745205479451,Potential Customers
16475,89,4,544.3,136.075,185,2011-03-11 09:39:00,2011-09-12 14:37:00,United Kingdom,0,275.87808219178083,Potential Customers
16477,64,7,2494.46,356.3514285714286,308,2010-12-03 12:48:00,2011-10-07 09:44:00,United Kingdom,0,2104.914191780822,Potential Customers
16478,26,3,331.0,110.33333333333331,40,2011-10-05 12:02:00,2011-11-14 15:51:00,United Kingdom,0,36.27397260273972,Potential Customers
16479,11,2,300.83,150.415,0,2011-11-29 13:04:00,2011-11-29 13:40:00,United Kingdom,0,0.0,Potential Customers
16480,76,1,769.29,769.29,0,2011-09-25 11:40:00,2011-09-25 11:40:00,United Kingdom,0,0.0,Potential Customers
16482,16,1,220.62,220.62,0,2011-11-24 12:33:00,2011-11-24 12:33:00,United Kingdom,0,0.0,Potential Customers
16483,193,1,139.35,139.35,0,2011-05-31 13:08:00,2011-05-31 13:08:00,United Kingdom,1,0.0,At Risk Customers
16484,174,2,404.3,202.15,17,2011-06-02 10:39:00,2011-06-19 12:06:00,United Kingdom,1,18.83041095890411,At Risk Customers
16485,78,1,363.65,363.65,0,2011-09-23 15:50:00,2011-09-23 15:50:00,United Kingdom,0,0.0,Potential Customers
16488,34,3,498.8,166.26666666666665,115,2011-07-14 11:46:00,2011-11-06 13:42:00,United Kingdom,0,157.15616438356162,Potential Customers
16491,47,1,731.5,731.5,0,2011-10-24 10:18:00,2011-10-24 10:18:00,United Kingdom,0,0.0,Potential Customers
16493,80,4,1351.63,337.9075,250,2011-01-14 08:16:00,2011-09-21 11:10:00,United Kingdom,0,925.7739726027397,Potential Customers
16494,297,1,826.53,826.53,0,2011-02-16 12:49:00,2011-02-16 12:49:00,United Kingdom,1,0.0,At Risk Customers
16495,4,3,648.26,216.08666666666664,273,2011-03-08 16:38:00,2011-12-06 13:20:00,United Kingdom,0,484.86295890410963,Potential Customers
16496,9,3,1599.52,533.1733333333333,308,2011-01-27 09:42:00,2011-12-01 10:31:00,United Kingdom,0,1349.7319452054794,Potential Customers
16497,50,6,2965.69,494.28166666666664,284,2011-01-10 13:20:00,2011-10-21 10:55:00,United Kingdom,0,2307.5505753424654,Potential Customers
16498,162,2,100.97,50.485,1,2011-06-30 19:52:00,2011-07-01 15:07:00,United Kingdom,1,0.27663013698630134,At Risk Customers
16499,361,2,365.45,182.725,4,2010-12-10 10:27:00,2010-12-14 13:31:00,United Kingdom,1,4.0049315068493145,At Risk Customers
16500,5,6,400.86,66.81,326,2011-01-13 10:28:00,2011-12-05 12:04:00,United Kingdom,0,358.02838356164386,Potential Customers
16503,107,4,1431.93,357.9825,254,2010-12-14 13:50:00,2011-08-25 11:46:00,United Kingdom,0,996.4663561643837,Potential Customers
16504,26,1,465.88,465.88,0,2011-11-14 15:18:00,2011-11-14 15:18:00,United Kingdom,0,0.0,Potential Customers
16505,32,1,777.6,777.6,0,2011-11-08 12:14:00,2011-11-08 12:14:00,United Kingdom,0,0.0,Potential Customers
16506,20,2,90.3,45.15,21,2011-10-30 15:50:00,2011-11-20 12:17:00,United Kingdom,0,5.195342465753424,Potential Customers
16509,297,1,363.7,363.7,0,2011-02-16 09:25:00,2011-02-16 09:25:00,United Kingdom,1,0.0,At Risk Customers
16510,373,1,248.1,248.1,0,2010-12-02 13:39:00,2010-12-02 13:39:00,United Kingdom,1,0.0,At Risk Customers
16511,22,3,918.33,306.11,245,2011-03-18 11:24:00,2011-11-18 10:41:00,United Kingdom,0,616.4132876712329,Potential Customers
16513,5,4,874.59,218.6475,39,2011-10-27 14:56:00,2011-12-05 10:18:00,United Kingdom,0,93.44934246575343,Potential Customers
16515,53,5,1624.14,324.828,259,2011-02-01 13:09:00,2011-10-18 13:10:00,United Kingdom,0,1152.4719452054794,Potential Customers
16516,31,1,101.7,101.7,0,2011-11-09 14:59:00,2011-11-09 14:59:00,United Kingdom,0,0.0,Potential Customers
16517,278,1,162.7,162.7,0,2011-03-07 13:50:00,2011-03-07 13:50:00,United Kingdom,1,0.0,At Risk Customers
16518,62,2,484.32,242.16,223,2011-02-28 16:36:00,2011-10-09 15:04:00,United Kingdom,0,295.8996164383562,Potential Customers
16519,26,2,215.08,107.54,340,2010-12-09 14:08:00,2011-11-14 15:41:00,United Kingdom,0,200.34849315068493,Potential Customers
16520,187,3,1046.57,348.8566666666666,179,2010-12-09 13:08:00,2011-06-06 13:24:00,United Kingdom,1,513.2493972602739,At Risk Customers
16523,2,21,9418.47,448.4985714285714,314,2011-01-28 12:06:00,2011-12-08 09:06:00,United Kingdom,3,8102.464602739726,Loyal Customers
16525,3,26,13027.45,501.0557692307692,364,2010-12-08 11:31:00,2011-12-07 15:07:00,United Kingdom,3,12991.758356164382,Loyal Customers
16526,172,1,290.36,290.36,0,2011-06-21 12:02:00,2011-06-21 12:02:00,United Kingdom,1,0.0,At Risk Customers
16527,82,1,228.06,228.06,0,2011-09-19 16:21:00,2011-09-19 16:21:00,United Kingdom,0,0.0,Potential Customers
16528,4,1,244.41,244.41,0,2011-12-06 12:45:00,2011-12-06 12:45:00,United Kingdom,0,0.0,Potential Customers
16529,191,1,455.25,455.25,0,2011-06-02 17:23:00,2011-06-02 17:23:00,United Kingdom,1,0.0,At Risk Customers
16531,23,7,1244.59,177.79857142857142,338,2010-12-14 13:19:00,2011-11-17 16:29:00,United Kingdom,0,1152.5244383561642,Potential Customers
16532,18,3,6748.8,2249.6,321,2011-01-05 12:37:00,2011-11-22 11:08:00,United Kingdom,0,5935.24602739726,Potential Customers
16533,20,3,1082.81,360.93666666666667,49,2011-10-02 15:07:00,2011-11-20 13:08:00,United Kingdom,0,145.36353424657534,Potential Customers
16535,6,1,593.75,593.75,0,2011-12-04 15:18:00,2011-12-04 15:18:00,United Kingdom,0,0.0,Potential Customers
16536,111,1,548.12,548.12,0,2011-08-21 15:54:00,2011-08-21 15:54:00,United Kingdom,0,0.0,Potential Customers
16539,3,4,1388.81,347.2025,371,2010-12-01 15:40:00,2011-12-07 08:41:00,United Kingdom,0,1411.6397534246573,Potential Customers
16542,54,1,119.62,119.62,0,2011-10-17 10:47:00,2011-10-17 10:47:00,United Kingdom,0,0.0,Potential Customers
16545,165,1,339.3,339.3,0,2011-06-28 10:37:00,2011-06-28 10:37:00,United Kingdom,1,0.0,At Risk Customers
16546,291,2,787.15,393.575,82,2010-12-02 12:07:00,2011-02-22 11:20:00,United Kingdom,1,176.83917808219178,At Risk Customers
16549,11,10,4034.9,403.49,324,2011-01-09 14:03:00,2011-11-29 15:06:00,United Kingdom,0,3581.6646575342465,Potential Customers
16550,109,5,2298.97,459.794,260,2010-12-06 13:53:00,2011-08-23 11:12:00,United Kingdom,0,1637.6224657534244,Potential Customers
16551,96,3,922.12,307.37333333333333,241,2011-01-07 10:24:00,2011-09-05 09:38:00,United Kingdom,0,608.8518356164383,Potential Customers
16552,243,2,379.73,189.865,131,2010-12-01 12:36:00,2011-04-11 10:04:00,United Kingdom,1,136.2866575342466,At Risk Customers
16553,164,12,5719.82,476.65166666666664,197,2010-12-14 13:58:00,2011-06-29 15:42:00,United Kingdom,0,3087.135726027397,Potential Customers
16554,43,3,837.1,279.0333333333333,289,2011-01-12 12:41:00,2011-10-28 14:51:00,United Kingdom,0,662.7997260273971,Potential Customers
16555,36,2,285.89,142.945,74,2011-08-22 12:32:00,2011-11-04 14:31:00,United Kingdom,0,57.9612602739726,Potential Customers
16556,67,7,3313.79,473.39857142857136,294,2010-12-14 13:32:00,2011-10-04 11:36:00,United Kingdom,0,2669.1897534246573,Potential Customers
16557,25,2,281.85,140.925,113,2011-07-25 13:28:00,2011-11-15 14:04:00,United Kingdom,0,87.25767123287672,Potential Customers
16558,1,20,8338.49,416.9245,366,2010-12-08 12:01:00,2011-12-09 10:20:00,United Kingdom,3,8361.335178082192,Loyal Customers
16560,27,2,841.41,420.705,332,2010-12-16 14:36:00,2011-11-13 10:35:00,United Kingdom,0,765.3373150684931,Potential Customers
16561,6,2,511.12,255.56,54,2011-10-11 09:53:00,2011-12-04 11:50:00,United Kingdom,0,75.61775342465754,Potential Customers
16563,54,1,1077.74,1077.74,0,2011-10-17 11:51:00,2011-10-17 11:51:00,United Kingdom,0,0.0,Potential Customers
16565,365,1,173.7,173.7,0,2010-12-10 15:21:00,2010-12-10 15:21:00,United Kingdom,1,0.0,At Risk Customers
16566,16,5,614.66,122.932,277,2011-02-20 10:29:00,2011-11-24 16:34:00,United Kingdom,0,466.46799999999996,Potential Customers
16567,195,2,865.6,432.8,142,2011-01-07 09:31:00,2011-05-29 13:57:00,United Kingdom,1,336.75397260273974,At Risk Customers
16569,4,1,124.2,124.2,0,2011-12-06 15:32:00,2011-12-06 15:32:00,United Kingdom,0,0.0,Potential Customers
16570,16,10,3738.4,373.84,296,2011-02-01 10:37:00,2011-11-24 17:02:00,United Kingdom,0,3031.6887671232876,Potential Customers
16571,27,3,1421.69,473.89666666666665,255,2011-03-03 09:41:00,2011-11-13 11:46:00,United Kingdom,0,993.2354794520548,Potential Customers
16572,128,3,1009.6,336.5333333333333,148,2011-03-09 12:04:00,2011-08-04 16:34:00,United Kingdom,0,409.3720547945205,Potential Customers
16573,85,2,663.61,331.805,206,2011-02-22 15:14:00,2011-09-16 09:13:00,United Kingdom,0,374.5305753424658,Potential Customers
16574,72,1,451.44,451.44,0,2011-09-29 13:39:00,2011-09-29 13:39:00,United Kingdom,0,0.0,Potential Customers
16581,183,1,105.84,105.84,0,2011-06-10 10:05:00,2011-06-10 10:05:00,United Kingdom,1,0.0,At Risk Customers
16582,114,1,313.62,313.62,0,2011-08-18 17:02:00,2011-08-18 17:02:00,United Kingdom,0,0.0,Potential Customers
16583,374,1,233.45,233.45,0,2010-12-01 12:03:00,2010-12-01 12:03:00,United Kingdom,1,0.0,At Risk Customers
16584,81,2,936.08,468.04,174,2011-03-30 13:14:00,2011-09-20 13:45:00,United Kingdom,0,446.24087671232877,Potential Customers
16586,249,1,463.95,463.95,0,2011-04-05 09:32:00,2011-04-05 09:32:00,United Kingdom,1,0.0,At Risk Customers
16587,233,1,225.15,225.15,0,2011-04-21 15:51:00,2011-04-21 15:51:00,United Kingdom,1,0.0,At Risk Customers
16589,72,3,459.24,153.08,90,2011-07-01 13:31:00,2011-09-29 14:50:00,United Kingdom,0,113.2372602739726,Potential Customers
16591,69,1,213.5,213.5,0,2011-10-02 10:43:00,2011-10-02 10:43:00,United Kingdom,0,0.0,Potential Customers
16592,5,16,4113.68,257.105,283,2011-02-25 10:19:00,2011-12-05 13:49:00,United Kingdom,3,3189.510794520548,Loyal Customers
16593,51,3,330.03,110.01,277,2011-01-16 12:11:00,2011-10-20 12:41:00,United Kingdom,0,250.46112328767126,Potential Customers
16594,76,1,181.09,181.09,0,2011-09-25 14:08:00,2011-09-25 14:08:00,United Kingdom,0,0.0,Potential Customers
16595,62,1,360.16,360.16,0,2011-10-09 13:15:00,2011-10-09 13:15:00,United Kingdom,0,0.0,Potential Customers
16596,16,2,250.15,125.075,351,2010-12-08 16:18:00,2011-11-24 10:02:00,United Kingdom,0,240.55520547945207,Potential Customers
16597,5,1,90.04,90.04,0,2011-12-05 15:44:00,2011-12-05 15:44:00,United Kingdom,0,0.0,Potential Customers
16598,286,1,145.05,145.05,0,2011-02-27 11:42:00,2011-02-27 11:42:00,United Kingdom,1,0.0,At Risk Customers
16600,5,6,813.52,135.58666666666667,334,2011-01-05 12:13:00,2011-12-05 16:00:00,United Kingdom,0,744.4265205479452,Potential Customers
16601,41,1,242.7,242.7,0,2011-10-30 11:09:00,2011-10-30 11:09:00,United Kingdom,0,0.0,Potential Customers
16602,37,1,528.08,528.08,0,2011-11-03 15:54:00,2011-11-03 15:54:00,United Kingdom,0,0.0,Potential Customers
16603,75,2,482.47,241.235,17,2011-09-09 13:02:00,2011-09-26 10:06:00,United Kingdom,0,22.471205479452056,Potential Customers
16607,18,14,3347.71,239.12214285714285,341,2010-12-16 08:41:00,2011-11-22 10:24:00,United Kingdom,0,3127.586602739726,Potential Customers
16609,16,7,5493.46,784.78,237,2011-04-01 10:11:00,2011-11-24 13:32:00,United Kingdom,0,3566.986356164384,Potential Customers
16610,220,1,75.66,75.66,0,2011-05-04 13:13:00,2011-05-04 13:13:00,United Kingdom,1,0.0,At Risk Customers
16611,187,1,129.49,129.49,0,2011-06-06 15:46:00,2011-06-06 15:46:00,United Kingdom,1,0.0,At Risk Customers
16612,33,4,1187.66,296.915,279,2011-02-01 10:38:00,2011-11-07 07:38:00,United Kingdom,0,907.8277808219178,Potential Customers
16613,71,1,618.59,618.59,0,2011-09-30 15:52:00,2011-09-30 15:52:00,United Kingdom,0,0.0,Potential Customers
16614,183,1,506.19,506.19,0,2011-06-10 11:36:00,2011-06-10 11:36:00,United Kingdom,1,0.0,At Risk Customers
16616,16,2,500.42,250.21,142,2011-07-05 13:38:00,2011-11-24 16:31:00,United Kingdom,0,194.68394520547946,Potential Customers
16617,236,1,151.85,151.85,0,2011-04-18 10:35:00,2011-04-18 10:35:00,United Kingdom,1,0.0,At Risk Customers
16618,32,5,2647.59,529.518,291,2011-01-21 11:55:00,2011-11-08 13:52:00,United Kingdom,0,2110.818328767123,Potential Customers
16619,264,1,226.21,226.21,0,2011-03-21 08:18:00,2011-03-21 08:18:00,United Kingdom,1,0.0,At Risk Customers
16620,4,2,178.96,89.48,257,2011-03-24 10:37:00,2011-12-06 12:19:00,United Kingdom,0,126.00745205479453,Potential Customers
16621,52,4,813.48,203.37,226,2011-03-07 11:32:00,2011-10-19 11:38:00,United Kingdom,0,503.6889863013699,Potential Customers
16623,246,1,129.45,129.45,0,2011-04-08 10:09:00,2011-04-08 10:09:00,United Kingdom,1,0.0,At Risk Customers
16624,81,2,810.57,405.285,117,2011-05-26 14:20:00,2011-09-20 12:39:00,United Kingdom,0,259.8265479452055,Potential Customers
16625,275,1,333.08,333.08,0,2011-03-10 12:50:00,2011-03-10 12:50:00,United Kingdom,1,0.0,At Risk Customers
16626,1,17,4413.1,259.5941176470588,266,2011-03-18 12:27:00,2011-12-09 11:56:00,United Kingdom,3,3216.1221917808216,Loyal Customers
16627,80,1,322.8,322.8,0,2011-09-21 14:38:00,2011-09-21 14:38:00,United Kingdom,0,0.0,Potential Customers
16628,30,5,2188.05,437.61,205,2011-04-19 08:55:00,2011-11-10 12:45:00,United Kingdom,0,1228.9047945205482,Potential Customers
16629,74,2,408.63,204.315,23,2011-09-04 16:12:00,2011-09-27 10:34:00,United Kingdom,0,25.749287671232878,Potential Customers
16633,18,6,2883.1,480.51666666666665,217,2011-04-19 14:36:00,2011-11-22 13:41:00,United Kingdom,0,1714.0621917808219,Potential Customers
16634,223,2,217.9,108.95,150,2010-12-02 17:41:00,2011-05-01 12:09:00,United Kingdom,1,89.54794520547945,At Risk Customers
16637,33,4,1154.47,288.6175,193,2011-04-28 10:20:00,2011-11-07 13:17:00,United Kingdom,0,610.4457808219179,Potential Customers
16638,23,10,1680.72,168.072,346,2010-12-06 10:19:00,2011-11-17 11:09:00,United Kingdom,0,1593.2304657534246,Potential Customers
16639,32,3,1257.51,419.17,204,2011-04-18 09:31:00,2011-11-08 13:20:00,United Kingdom,0,702.8275068493151,Potential Customers
16641,106,1,231.1,231.1,0,2011-08-26 12:49:00,2011-08-26 12:49:00,United Kingdom,0,0.0,Potential Customers
16642,5,2,688.33,344.165,203,2011-05-16 12:35:00,2011-12-05 11:31:00,United Kingdom,0,382.82463013698634,Potential Customers
16643,246,1,487.51,487.51,0,2011-04-08 08:24:00,2011-04-08 08:24:00,United Kingdom,1,0.0,At Risk Customers
16644,178,2,833.78,416.89,35,2011-05-11 12:53:00,2011-06-15 12:39:00,United Kingdom,1,79.95150684931507,At Risk Customers
16647,170,2,214.06,107.03,35,2011-05-19 09:31:00,2011-06-23 11:47:00,United Kingdom,1,20.526301369863013,At Risk Customers
16648,43,1,290.66,290.66,0,2011-10-28 08:58:00,2011-10-28 08:58:00,United Kingdom,0,0.0,Potential Customers
16650,72,1,518.42,518.42,0,2011-09-29 09:51:00,2011-09-29 09:51:00,United Kingdom,0,0.0,Potential Customers
16652,59,7,6773.97,967.71,215,2011-03-11 13:13:00,2011-10-12 09:38:00,United Kingdom,0,3990.1467123287675,Potential Customers
16653,17,2,1212.66,606.33,55,2011-09-29 13:38:00,2011-11-23 14:51:00,United Kingdom,0,182.7295890410959,Potential Customers
16654,142,4,601.27,150.3175,227,2010-12-06 15:09:00,2011-07-21 15:23:00,United Kingdom,0,373.9405205479452,Potential Customers
16655,18,6,3789.52,631.5866666666666,314,2011-01-12 10:16:00,2011-11-22 11:25:00,United Kingdom,0,3260.025424657534,Potential Customers
16656,23,15,8625.8,575.0533333333333,342,2010-12-10 11:23:00,2011-11-17 14:43:00,United Kingdom,3,8082.256438356164,Loyal Customers
16657,10,4,874.43,218.6075,245,2011-03-30 12:02:00,2011-11-30 11:48:00,United Kingdom,0,586.9461643835616,Potential Customers
16658,369,1,123.24,123.24,0,2010-12-06 13:47:00,2010-12-06 13:47:00,United Kingdom,1,0.0,At Risk Customers
16659,190,1,39.12,39.12,0,2011-06-03 15:03:00,2011-06-03 15:03:00,United Kingdom,1,0.0,At Risk Customers
16660,17,4,1267.65,316.9125,303,2011-01-24 12:44:00,2011-11-23 14:53:00,United Kingdom,0,1052.3231506849315,Potential Customers
16665,363,1,135.4,135.4,0,2010-12-12 14:03:00,2010-12-12 14:03:00,United Kingdom,1,0.0,At Risk Customers
16666,20,1,118.98,118.98,0,2011-11-20 14:01:00,2011-11-20 14:01:00,United Kingdom,0,0.0,Potential Customers
16667,69,2,567.18,283.59,216,2011-02-28 12:57:00,2011-10-02 15:26:00,United Kingdom,0,335.64624657534245,Potential Customers
16668,16,6,306.72,51.12,269,2011-02-28 12:46:00,2011-11-24 17:43:00,United Kingdom,0,226.04843835616435,Potential Customers
16669,24,3,1348.88,449.62666666666667,55,2011-09-22 14:13:00,2011-11-16 12:26:00,United Kingdom,0,203.2558904109589,Potential Customers
16670,17,11,4095.9,372.35454545454553,342,2010-12-16 10:30:00,2011-11-23 09:34:00,United Kingdom,0,3837.802191780823,Potential Customers
16671,29,3,1692.27,564.09,136,2011-06-28 11:20:00,2011-11-11 13:40:00,United Kingdom,0,630.5444383561644,Potential Customers
16672,3,20,8134.94,406.747,264,2011-03-18 10:15:00,2011-12-07 16:29:00,United Kingdom,3,5883.901808219179,Loyal Customers
16674,55,2,304.24,152.12,44,2011-09-02 13:59:00,2011-10-16 11:31:00,United Kingdom,0,36.67550684931507,Potential Customers
16676,34,4,1592.12,398.03,304,2011-01-06 13:00:00,2011-11-06 12:01:00,United Kingdom,0,1326.0396712328766,Potential Customers
16678,3,12,3109.99,259.1658333333333,280,2011-03-02 09:24:00,2011-12-07 12:17:00,United Kingdom,0,2385.7457534246573,Potential Customers
16679,367,1,129.75,129.75,0,2010-12-08 13:51:00,2010-12-08 13:51:00,United Kingdom,1,0.0,At Risk Customers
16680,44,1,183.7,183.7,0,2011-10-27 17:35:00,2011-10-27 17:35:00,United Kingdom,0,0.0,Potential Customers
16681,73,6,1770.34,295.0566666666666,181,2011-03-31 13:46:00,2011-09-28 11:11:00,United Kingdom,0,877.8946301369862,Potential Customers
16682,5,5,1028.0,205.6,183,2011-06-05 11:02:00,2011-12-05 12:13:00,United Kingdom,0,515.4082191780823,Potential Customers
16684,5,28,66653.56,2380.4842857142858,354,2010-12-16 17:34:00,2011-12-05 14:06:00,United Kingdom,3,64644.82257534246,Loyal Customers
16685,62,2,324.24,162.12,0,2011-10-09 13:44:00,2011-10-09 13:58:00,United Kingdom,0,0.0,Potential Customers
16686,48,7,2959.88,422.84,308,2010-12-19 14:41:00,2011-10-23 13:49:00,United Kingdom,0,2497.6521643835613,Potential Customers
16688,2,4,1260.86,315.215,59,2011-10-10 12:23:00,2011-12-08 15:24:00,United Kingdom,0,203.81024657534246,Potential Customers
16689,76,2,422.6,211.3,7,2011-09-18 13:29:00,2011-09-25 11:39:00,United Kingdom,0,8.104657534246575,Potential Customers
16690,73,2,225.58,112.79,129,2011-05-22 10:53:00,2011-09-28 15:02:00,United Kingdom,0,79.72553424657535,Potential Customers
16692,257,2,1276.0,638.0,33,2011-02-23 15:41:00,2011-03-28 14:46:00,United Kingdom,1,115.36438356164383,At Risk Customers
16693,69,2,477.86,238.93,203,2011-03-13 11:06:00,2011-10-02 11:10:00,United Kingdom,0,265.76871232876715,Potential Customers
16696,136,4,657.9,164.475,113,2011-04-05 15:20:00,2011-07-27 14:23:00,United Kingdom,0,203.6786301369863,Potential Customers
16697,242,1,112.75,112.75,0,2011-04-12 17:12:00,2011-04-12 17:12:00,United Kingdom,1,0.0,At Risk Customers
16698,227,2,1998.0,999.0,27,2011-03-31 13:33:00,2011-04-27 10:52:00,United Kingdom,1,147.7972602739726,At Risk Customers
16700,9,13,5076.55,390.50384615384615,358,2010-12-08 16:34:00,2011-12-01 11:00:00,United Kingdom,0,4979.191506849315,Potential Customers
16701,9,13,5398.3,415.25384615384615,353,2010-12-13 11:51:00,2011-12-01 11:10:00,United Kingdom,0,5220.821643835617,Potential Customers
16705,1,20,14034.99,701.7495,358,2010-12-16 10:51:00,2011-12-09 12:08:00,United Kingdom,3,13765.825808219177,Loyal Customers
16706,38,3,531.35,177.11666666666665,77,2011-08-17 15:53:00,2011-11-02 13:50:00,United Kingdom,0,112.09301369863012,Potential Customers
16708,46,1,656.63,656.63,0,2011-10-25 12:20:00,2011-10-25 12:20:00,United Kingdom,0,0.0,Potential Customers
16709,85,5,3029.87,605.974,197,2011-03-03 10:55:00,2011-09-16 10:56:00,United Kingdom,0,1635.299698630137,Potential Customers
16710,20,10,2467.99,246.799,349,2010-12-06 13:13:00,2011-11-20 14:50:00,United Kingdom,0,2359.8041369863013,Potential Customers
16711,4,5,1651.03,330.206,354,2010-12-17 12:43:00,2011-12-06 16:32:00,United Kingdom,0,1601.2729315068495,Potential Customers
16712,10,11,3611.31,328.3009090909091,267,2011-03-08 15:07:00,2011-11-30 13:48:00,United Kingdom,0,2641.698,Potential Customers
16713,19,15,6910.78,460.71866666666665,348,2010-12-08 13:01:00,2011-11-21 12:36:00,United Kingdom,3,6588.9080547945205,Loyal Customers
16714,219,3,1129.06,376.3533333333333,99,2011-01-26 13:40:00,2011-05-05 11:09:00,United Kingdom,1,306.2381917808219,At Risk Customers
16715,79,1,301.72,301.72,0,2011-09-22 18:15:00,2011-09-22 18:15:00,United Kingdom,0,0.0,Potential Customers
16716,267,2,901.2,450.6,45,2011-02-01 15:35:00,2011-03-18 10:03:00,United Kingdom,1,111.10684931506849,At Risk Customers
16717,24,6,3843.08,640.5133333333333,343,2010-12-08 16:48:00,2011-11-16 12:16:00,United Kingdom,0,3611.442301369863,Potential Customers
16718,370,1,606.05,606.05,0,2010-12-05 13:03:00,2010-12-05 13:03:00,United Kingdom,1,0.0,At Risk Customers
16719,15,7,1770.22,252.88857142857145,354,2010-12-06 12:06:00,2011-11-25 09:27:00,United Kingdom,0,1716.8709041095892,Potential Customers
16720,27,1,152.95,152.95,0,2011-11-13 16:22:00,2011-11-13 16:22:00,United Kingdom,0,0.0,Potential Customers
16721,263,1,292.47,292.47,0,2011-03-22 16:08:00,2011-03-22 16:08:00,United Kingdom,1,0.0,At Risk Customers
16722,18,13,4730.81,363.9084615384615,351,2010-12-06 12:59:00,2011-11-22 13:28:00,United Kingdom,0,4549.354273972603,Potential Customers
16723,92,2,576.4,288.2,16,2011-08-24 11:31:00,2011-09-09 13:01:00,United Kingdom,0,25.26684931506849,Potential Customers
16725,303,7,758.27,108.32428571428572,69,2010-12-03 16:02:00,2011-02-10 16:52:00,United Kingdom,1,143.34419178082194,At Risk Customers
16726,27,5,1358.74,271.748,335,2010-12-13 13:28:00,2011-11-13 14:53:00,United Kingdom,0,1247.0627397260273,Potential Customers
16727,365,1,256.32,256.32,0,2010-12-10 13:48:00,2010-12-10 13:48:00,United Kingdom,1,0.0,At Risk Customers
16728,47,4,1048.28,262.07,218,2011-03-20 13:28:00,2011-10-24 14:36:00,United Kingdom,0,626.096,Potential Customers
16729,39,21,7205.33,343.1109523809524,203,2011-04-12 14:22:00,2011-11-01 14:29:00,United Kingdom,3,4007.34791780822,Loyal Customers
16730,53,3,743.11,247.70333333333332,267,2011-01-24 14:01:00,2011-10-18 14:11:00,United Kingdom,0,543.5900547945205,Potential Customers
16732,32,1,603.75,603.75,0,2011-11-08 09:54:00,2011-11-08 09:54:00,United Kingdom,0,0.0,Potential Customers
16734,53,3,646.76,215.58666666666664,62,2011-08-17 15:00:00,2011-10-18 13:44:00,United Kingdom,0,109.86060273972602,Potential Customers
16735,79,5,2247.41,449.482,256,2011-01-09 12:53:00,2011-09-22 11:49:00,United Kingdom,0,1576.2656438356166,Potential Customers
16737,54,1,417.6,417.6,0,2011-10-17 13:03:00,2011-10-17 13:03:00,United Kingdom,0,0.0,Potential Customers
16738,298,1,3.75,3.75,0,2011-02-15 09:46:00,2011-02-15 09:46:00,United Kingdom,1,0.0,At Risk Customers
16739,177,1,323.0,323.0,0,2011-06-16 09:17:00,2011-06-16 09:17:00,United Kingdom,1,0.0,At Risk Customers
16742,47,1,464.9,464.9,0,2011-10-24 12:02:00,2011-10-24 12:02:00,United Kingdom,0,0.0,Potential Customers
16743,30,7,2213.13,316.1614285714286,329,2010-12-16 12:15:00,2011-11-10 13:13:00,United Kingdom,0,1994.8486849315068,Potential Customers
16744,12,7,1291.91,184.55857142857144,162,2011-06-19 15:13:00,2011-11-28 13:06:00,United Kingdom,0,573.3956712328768,Potential Customers
16745,87,17,7180.7,422.3941176470588,225,2011-02-01 11:31:00,2011-09-14 11:58:00,United Kingdom,3,4426.458904109589,Loyal Customers
16746,5,18,6680.11,371.11722222222227,354,2010-12-16 11:43:00,2011-12-05 12:33:00,United Kingdom,3,6478.791616438357,Loyal Customers
16747,38,2,836.06,418.03,30,2011-10-03 10:18:00,2011-11-02 11:37:00,United Kingdom,0,68.7172602739726,Potential Customers
16748,18,5,1515.9,303.18,317,2011-01-09 13:50:00,2011-11-22 10:17:00,United Kingdom,0,1316.5487671232877,Potential Customers
16750,45,5,623.93,124.786,188,2011-04-21 16:53:00,2011-10-26 12:48:00,United Kingdom,0,321.3666849315069,Potential Customers
16751,31,1,1764.72,1764.72,0,2011-11-09 10:48:00,2011-11-09 10:48:00,United Kingdom,0,0.0,Potential Customers
16752,373,1,207.5,207.5,0,2010-12-02 12:18:00,2010-12-02 12:18:00,United Kingdom,1,0.0,At Risk Customers
16753,59,1,223.92,223.92,0,2011-10-12 13:14:00,2011-10-12 13:14:00,United Kingdom,0,0.0,Potential Customers
16754,373,1,2002.4,2002.4,0,2010-12-02 17:38:00,2010-12-02 17:38:00,United Kingdom,1,0.0,At Risk Customers
16755,115,3,1475.43,491.81,201,2011-01-28 10:47:00,2011-08-17 13:21:00,United Kingdom,0,812.4970684931507,Potential Customers
16756,215,1,239.4,239.4,0,2011-05-09 09:33:00,2011-05-09 09:33:00,United Kingdom,1,0.0,At Risk Customers
16757,319,1,106.83,106.83,0,2011-01-25 11:59:00,2011-01-25 11:59:00,United Kingdom,1,0.0,At Risk Customers
16758,66,1,369.34,369.34,0,2011-10-05 14:47:00,2011-10-05 14:47:00,United Kingdom,0,0.0,Potential Customers
16759,8,3,789.79,263.2633333333333,23,2011-11-09 09:06:00,2011-12-02 12:42:00,United Kingdom,0,49.76758904109589,Potential Customers
16761,97,1,316.62,316.62,0,2011-09-04 11:15:00,2011-09-04 11:15:00,United Kingdom,0,0.0,Potential Customers
16762,20,3,1207.24,402.4133333333333,125,2011-07-18 12:52:00,2011-11-20 11:43:00,United Kingdom,0,413.4383561643835,Potential Customers
16763,199,1,611.85,611.85,0,2011-05-25 11:52:00,2011-05-25 11:52:00,United Kingdom,1,0.0,At Risk Customers
16764,4,13,2790.95,214.68846153846155,140,2011-07-19 17:17:00,2011-12-06 11:41:00,United Kingdom,0,1070.5013698630137,Potential Customers
16765,295,1,34.0,34.0,0,2011-02-18 15:41:00,2011-02-18 15:41:00,United Kingdom,1,0.0,At Risk Customers
16766,274,2,1145.6,572.8,0,2011-03-11 13:34:00,2011-03-11 15:22:00,United Kingdom,1,0.0,At Risk Customers
16767,31,11,5575.56,506.86909090909086,286,2011-01-27 13:38:00,2011-11-09 09:42:00,United Kingdom,0,4368.794958904109,Potential Customers
16768,48,3,478.09,159.36333333333332,224,2011-03-13 10:25:00,2011-10-23 10:38:00,United Kingdom,0,293.40317808219174,Potential Customers
16769,261,1,361.54,361.54,0,2011-03-24 13:41:00,2011-03-24 13:41:00,United Kingdom,1,0.0,At Risk Customers
16770,58,5,757.1,151.42,315,2010-12-02 15:49:00,2011-10-13 12:21:00,United Kingdom,0,653.3876712328766,Potential Customers
16771,34,5,2242.61,448.522,305,2011-01-05 13:57:00,2011-11-06 13:28:00,United Kingdom,0,1873.961780821918,Potential Customers
16773,58,1,171.59,171.59,0,2011-10-13 14:37:00,2011-10-13 14:37:00,United Kingdom,0,0.0,Potential Customers
16774,68,4,661.52,165.38,111,2011-06-14 12:45:00,2011-10-03 12:41:00,United Kingdom,0,201.17457534246577,Potential Customers
16775,11,11,1691.51,153.77363636363637,357,2010-12-07 15:15:00,2011-11-29 15:22:00,United Kingdom,0,1654.435808219178,Potential Customers
16776,61,1,371.54,371.54,0,2011-10-10 13:04:00,2011-10-10 13:04:00,United Kingdom,0,0.0,Potential Customers
16777,81,2,222.62,111.31,177,2011-03-27 14:34:00,2011-09-20 13:41:00,United Kingdom,0,107.95545205479452,Potential Customers
16778,75,2,245.94,122.97,200,2011-03-10 15:21:00,2011-09-26 13:48:00,United Kingdom,0,134.76164383561644,Potential Customers
16779,3,22,10611.72,482.35090909090906,364,2010-12-08 09:56:00,2011-12-07 14:54:00,United Kingdom,3,10582.646794520548,Loyal Customers
16780,101,2,422.24,211.12,159,2011-03-25 17:34:00,2011-08-31 16:09:00,United Kingdom,0,183.93468493150684,Potential Customers
16781,373,1,311.25,311.25,0,2010-12-02 14:26:00,2010-12-02 14:26:00,United Kingdom,1,0.0,At Risk Customers
16782,11,13,2267.95,174.4576923076923,355,2010-12-09 11:28:00,2011-11-29 13:20:00,United Kingdom,0,2205.814383561644,Potential Customers
16784,20,1,107.6,107.6,0,2011-11-20 12:20:00,2011-11-20 12:20:00,United Kingdom,0,0.0,Potential Customers
16788,124,2,594.39,297.195,131,2011-03-30 13:05:00,2011-08-08 14:53:00,United Kingdom,0,213.32901369863015,Potential Customers
16789,9,1,80.8,80.8,0,2011-12-01 15:12:00,2011-12-01 15:12:00,United Kingdom,0,0.0,Potential Customers
16790,4,6,1545.62,257.6033333333333,34,2011-11-02 11:23:00,2011-12-06 11:53:00,United Kingdom,0,143.97556164383562,Potential Customers
16791,30,7,1705.78,243.68285714285716,303,2011-01-11 15:42:00,2011-11-10 19:12:00,United Kingdom,0,1416.031068493151,Potential Customers
16792,283,2,110.38,55.19,0,2011-03-02 14:39:00,2011-03-02 14:41:00,United Kingdom,1,0.0,At Risk Customers
16793,58,1,243.84,243.84,0,2011-10-13 15:08:00,2011-10-13 15:08:00,United Kingdom,0,0.0,Potential Customers
16794,2,10,1196.5,119.65,179,2011-06-12 14:15:00,2011-12-08 17:54:00,United Kingdom,0,586.7767123287671,Potential Customers
16795,366,1,414.88,414.88,0,2010-12-09 14:08:00,2010-12-09 14:08:00,United Kingdom,1,0.0,At Risk Customers
16796,90,1,305.62,305.62,0,2011-09-11 14:01:00,2011-09-11 14:01:00,United Kingdom,0,0.0,Potential Customers
16800,12,1,1162.65,1162.65,0,2011-11-28 14:06:00,2011-11-28 14:06:00,United Kingdom,0,0.0,Potential Customers
16801,164,4,1594.23,398.5575,110,2011-03-11 13:56:00,2011-06-29 15:33:00,United Kingdom,1,480.45287671232876,At Risk Customers
16803,66,1,332.3,332.3,0,2011-10-05 14:28:00,2011-10-05 14:28:00,United Kingdom,0,0.0,Potential Customers
16804,24,3,536.99,178.99666666666667,247,2011-03-14 15:48:00,2011-11-16 16:43:00,United Kingdom,0,363.38775342465755,Potential Customers
16805,174,2,460.59,230.295,187,2010-12-14 13:35:00,2011-06-19 11:23:00,United Kingdom,1,235.97350684931507,At Risk Customers
16806,104,4,762.16,190.54,136,2011-04-14 19:59:00,2011-08-28 15:27:00,United Kingdom,0,283.9829041095891,Potential Customers
16807,143,3,1121.59,373.8633333333333,128,2011-03-14 09:46:00,2011-07-20 12:00:00,United Kingdom,0,393.3247123287671,Potential Customers
16808,100,2,288.42,144.21,175,2011-03-10 19:05:00,2011-09-01 19:34:00,United Kingdom,0,138.2835616438356,Potential Customers
16809,24,5,914.69,182.938,239,2011-03-22 15:20:00,2011-11-16 15:45:00,United Kingdom,0,598.934,Potential Customers
16810,193,1,309.54,309.54,0,2011-05-31 15:32:00,2011-05-31 15:32:00,United Kingdom,1,0.0,At Risk Customers
16811,5,2,547.07,273.535,13,2011-11-22 17:19:00,2011-12-05 11:39:00,United Kingdom,0,19.48468493150685,Potential Customers
16812,361,1,479.35,479.35,0,2010-12-14 12:35:00,2010-12-14 12:35:00,United Kingdom,1,0.0,At Risk Customers
16813,9,10,1652.18,165.218,196,2011-05-19 13:28:00,2011-12-01 14:03:00,United Kingdom,0,887.1980273972603,Potential Customers
16814,15,21,6416.7,305.5571428571428,355,2010-12-05 11:45:00,2011-11-25 13:27:00,United Kingdom,3,6240.899999999999,Loyal Customers
16816,104,4,417.06,104.265,255,2010-12-16 17:01:00,2011-08-28 14:16:00,United Kingdom,0,291.37068493150684,Potential Customers
16817,3,9,1604.75,178.30555555555557,366,2010-12-06 14:19:00,2011-12-07 11:03:00,United Kingdom,0,1609.1465753424661,Potential Customers
16818,11,11,3349.57,304.50636363636363,195,2011-05-18 11:42:00,2011-11-29 10:41:00,United Kingdom,0,1789.496301369863,Potential Customers
16820,96,1,497.61,497.61,0,2011-09-05 12:06:00,2011-09-05 12:06:00,United Kingdom,0,0.0,Potential Customers
16823,228,1,358.38,358.38,0,2011-04-26 15:00:00,2011-04-26 15:00:00,United Kingdom,1,0.0,At Risk Customers
16824,16,2,460.64,230.32,149,2011-06-28 13:36:00,2011-11-24 12:38:00,United Kingdom,0,188.04208219178082,Potential Customers
16825,39,2,775.18,387.59,147,2011-06-07 09:44:00,2011-11-01 11:51:00,United Kingdom,0,312.1957808219178,Potential Customers
16826,52,1,341.7,341.7,0,2011-10-19 14:05:00,2011-10-19 14:05:00,United Kingdom,0,0.0,Potential Customers
16828,94,2,128.5,64.25,19,2011-08-19 13:24:00,2011-09-07 15:10:00,United Kingdom,0,6.689041095890411,Potential Customers
16829,157,1,197.22,197.22,0,2011-07-06 10:48:00,2011-07-06 10:48:00,United Kingdom,1,0.0,At Risk Customers
16830,39,1,325.91,325.91,0,2011-11-01 11:35:00,2011-11-01 11:35:00,United Kingdom,0,0.0,Potential Customers
16832,185,3,199.15,66.38333333333333,33,2011-05-06 14:12:00,2011-06-08 15:36:00,United Kingdom,1,18.005342465753422,At Risk Customers
16833,2,4,1106.53,276.6325,333,2011-01-09 13:02:00,2011-12-08 14:39:00,United Kingdom,0,1009.5191506849316,Potential Customers
16834,228,1,413.46,413.46,0,2011-04-26 09:37:00,2011-04-26 09:37:00,United Kingdom,1,0.0,At Risk Customers
16835,129,2,180.85,90.425,245,2010-12-01 17:15:00,2011-08-03 13:50:00,United Kingdom,0,121.39246575342466,Potential Customers
16836,40,2,251.87,125.935,77,2011-08-15 12:38:00,2011-10-31 10:05:00,United Kingdom,0,53.13421917808219,Potential Customers
16837,32,11,3170.98,288.2709090909091,214,2011-04-08 08:48:00,2011-11-08 14:27:00,United Kingdom,0,1859.149917808219,Potential Customers
16838,198,2,588.85,294.425,91,2011-02-24 15:01:00,2011-05-26 13:13:00,United Kingdom,1,146.80917808219178,At Risk Customers
16839,9,34,16594.35,488.0691176470588,361,2010-12-05 11:15:00,2011-12-01 09:03:00,United Kingdom,3,16412.49410958904,Loyal Customers
16841,37,6,1869.82,311.63666666666666,251,2011-02-25 12:40:00,2011-11-03 11:51:00,United Kingdom,0,1285.8214246575342,Potential Customers
16842,101,3,1264.19,421.39666666666665,202,2011-02-10 14:51:00,2011-08-31 10:42:00,United Kingdom,0,699.6339178082192,Potential Customers
16843,43,16,10196.57,637.285625,285,2011-01-16 16:10:00,2011-10-28 09:06:00,United Kingdom,3,7961.705342465753,Loyal Customers
16846,51,1,214.32,214.32,0,2011-10-20 13:55:00,2011-10-20 13:55:00,United Kingdom,0,0.0,Potential Customers
16847,44,1,193.44,193.44,0,2011-10-27 13:29:00,2011-10-27 13:29:00,United Kingdom,0,0.0,Potential Customers
16848,53,1,281.42,281.42,0,2011-10-18 08:42:00,2011-10-18 08:42:00,United Kingdom,0,0.0,Potential Customers
16849,187,1,124.57,124.57,0,2011-06-06 09:16:00,2011-06-06 09:16:00,United Kingdom,1,0.0,At Risk Customers
16850,334,1,332.41,332.41,0,2011-01-10 11:09:00,2011-01-10 11:09:00,United Kingdom,1,0.0,At Risk Customers
16851,5,3,342.45,114.15,47,2011-10-19 09:48:00,2011-12-05 13:32:00,United Kingdom,0,44.09630136986302,Potential Customers
16852,11,2,144.91,72.455,166,2011-06-16 15:49:00,2011-11-29 13:22:00,United Kingdom,0,65.90427397260274,Potential Customers
16855,24,2,328.4,164.2,20,2011-10-27 16:31:00,2011-11-16 12:03:00,United Kingdom,0,17.994520547945204,Potential Customers
16856,15,1,35.4,35.4,0,2011-11-25 08:59:00,2011-11-25 08:59:00,United Kingdom,0,0.0,Potential Customers
16858,369,1,375.69,375.69,0,2010-12-06 09:52:00,2010-12-06 09:52:00,United Kingdom,1,0.0,At Risk Customers
16859,145,2,747.81,373.905,117,2011-03-23 13:39:00,2011-07-18 12:19:00,United Kingdom,0,239.70895890410958,Potential Customers
16861,60,2,173.76,86.88,99,2011-07-04 15:38:00,2011-10-11 09:05:00,United Kingdom,0,47.129424657534244,Potential Customers
16863,32,2,502.8,251.4,335,2010-12-08 08:58:00,2011-11-08 15:26:00,United Kingdom,0,461.47397260273976,Potential Customers
16866,141,3,207.74,69.24666666666667,21,2011-07-01 12:34:00,2011-07-22 10:06:00,United Kingdom,0,11.952164383561644,Potential Customers
16869,23,4,817.12,204.28,153,2011-06-17 13:01:00,2011-11-17 12:02:00,United Kingdom,0,342.51879452054794,Potential Customers
16871,23,6,2812.34,468.7233333333333,248,2011-03-14 10:31:00,2011-11-17 19:27:00,United Kingdom,0,1910.8501917808217,Potential Customers
16872,78,3,680.02,226.67333333333332,107,2011-06-08 14:32:00,2011-09-23 16:05:00,United Kingdom,0,199.3483287671233,Potential Customers
16873,5,6,7123.62,1187.27,360,2010-12-10 15:45:00,2011-12-05 12:05:00,United Kingdom,0,7026.036164383561,Potential Customers
16875,68,5,2095.53,419.106,272,2011-01-04 10:37:00,2011-10-03 13:39:00,United Kingdom,0,1561.6004383561642,Potential Customers
16877,13,6,846.62,141.10333333333332,196,2011-05-15 16:13:00,2011-11-27 13:47:00,United Kingdom,0,454.62334246575335,Potential Customers
16878,85,1,13.3,13.3,0,2011-09-16 17:39:00,2011-09-16 17:39:00,United Kingdom,0,0.0,Potential Customers
16880,31,7,1491.43,213.06142857142856,159,2011-06-03 16:45:00,2011-11-09 11:33:00,United Kingdom,0,649.6914246575342,Potential Customers
16881,67,1,432.0,432.0,0,2011-10-04 10:33:00,2011-10-04 10:33:00,United Kingdom,0,0.0,Potential Customers
16882,67,3,705.12,235.04,251,2011-01-26 17:43:00,2011-10-04 10:42:00,United Kingdom,0,484.8907397260274,Potential Customers
16883,188,2,272.48,136.24,184,2010-12-03 10:33:00,2011-06-05 12:51:00,United Kingdom,1,137.35978082191784,At Risk Customers
16884,38,2,429.84,214.92,0,2011-11-02 10:16:00,2011-11-02 11:52:00,United Kingdom,0,0.0,Potential Customers
16885,16,3,450.41,150.13666666666666,342,2010-12-17 17:23:00,2011-11-24 13:40:00,United Kingdom,0,422.02799999999996,Potential Customers
16887,36,1,192.33,192.33,0,2011-11-04 14:07:00,2011-11-04 14:07:00,United Kingdom,0,0.0,Potential Customers
16889,195,3,1578.67,526.2233333333332,142,2011-01-07 10:47:00,2011-05-29 11:05:00,United Kingdom,1,614.1675068493149,At Risk Customers
16891,2,5,742.43,148.486,370,2010-12-03 11:35:00,2011-12-08 11:15:00,United Kingdom,0,752.6002739726027,Potential Customers
16892,2,5,518.19,103.638,182,2011-06-09 11:35:00,2011-12-08 13:18:00,United Kingdom,0,258.38515068493155,Potential Customers
16893,367,1,145.93,145.93,0,2010-12-08 12:06:00,2010-12-08 12:06:00,United Kingdom,1,0.0,At Risk Customers
16895,65,1,202.27,202.27,0,2011-10-06 12:15:00,2011-10-06 12:15:00,United Kingdom,0,0.0,Potential Customers
16897,300,2,289.78,144.89,14,2011-01-30 11:52:00,2011-02-13 15:02:00,United Kingdom,1,11.114849315068493,At Risk Customers
16898,27,3,501.03,167.01,342,2010-12-06 12:23:00,2011-11-13 15:44:00,United Kingdom,0,469.45824657534246,Potential Customers
16899,8,6,1271.06,211.84333333333333,353,2010-12-14 13:11:00,2011-12-02 12:03:00,United Kingdom,0,1229.2717260273973,Potential Customers
16900,17,3,887.11,295.7033333333333,47,2011-10-07 13:17:00,2011-11-23 10:32:00,United Kingdom,0,114.23060273972601,Potential Customers
16902,117,1,1706.88,1706.88,0,2011-08-15 14:17:00,2011-08-15 14:17:00,United Kingdom,0,0.0,Potential Customers
16903,30,1,363.2,363.2,0,2011-11-10 15:32:00,2011-11-10 15:32:00,United Kingdom,0,0.0,Potential Customers
16904,5,16,3653.75,228.359375,363,2010-12-07 13:29:00,2011-12-05 13:10:00,United Kingdom,3,3633.729452054795,Loyal Customers
16905,6,7,3037.6,433.9428571428571,366,2010-12-03 10:43:00,2011-12-04 14:01:00,United Kingdom,0,3045.9221917808222,Potential Customers
16906,82,4,559.59,139.8975,167,2011-04-05 12:30:00,2011-09-19 11:49:00,United Kingdom,0,256.0315890410959,Potential Customers
16907,30,5,928.76,185.752,336,2010-12-09 16:52:00,2011-11-10 18:04:00,United Kingdom,0,854.9681095890411,Potential Customers
16909,73,1,379.14,379.14,0,2011-09-28 16:45:00,2011-09-28 16:45:00,United Kingdom,0,0.0,Potential Customers
16910,5,8,1508.96,188.62,87,2011-09-09 14:14:00,2011-12-05 12:51:00,United Kingdom,0,359.66991780821917,Potential Customers
16912,29,11,2555.58,232.32545454545453,295,2011-01-20 15:42:00,2011-11-11 12:18:00,United Kingdom,0,2065.4687671232878,Potential Customers
16913,291,1,113.44,113.44,0,2011-02-22 12:56:00,2011-02-22 12:56:00,United Kingdom,1,0.0,At Risk Customers
16914,37,1,183.76,183.76,0,2011-11-03 15:27:00,2011-11-03 15:27:00,United Kingdom,0,0.0,Potential Customers
16915,10,6,621.68,103.61333333333332,274,2011-03-01 09:52:00,2011-11-30 16:39:00,United Kingdom,0,466.685808219178,Potential Customers
16916,24,2,562.41,281.205,349,2010-12-02 13:14:00,2011-11-16 12:08:00,United Kingdom,0,537.7564109589041,Potential Customers
16917,277,1,391.52,391.52,0,2011-03-08 11:55:00,2011-03-08 11:55:00,United Kingdom,1,0.0,At Risk Customers
16918,50,6,1068.82,178.13666666666666,268,2011-01-26 17:37:00,2011-10-21 12:50:00,United Kingdom,0,784.7774246575342,Potential Customers
16919,157,11,2592.25,235.65909090909088,212,2010-12-06 12:52:00,2011-07-06 13:35:00,United Kingdom,0,1505.6356164383558,Potential Customers
16921,62,1,154.18,154.18,0,2011-10-09 16:22:00,2011-10-09 16:22:00,United Kingdom,0,0.0,Potential Customers
16923,13,19,7069.08,372.0568421052632,350,2010-12-12 11:06:00,2011-11-27 13:00:00,United Kingdom,3,6778.5698630136985,Loyal Customers
16924,22,3,829.89,276.63,63,2011-09-16 12:54:00,2011-11-18 12:53:00,United Kingdom,0,143.2412876712329,Potential Customers
16926,372,1,230.25,230.25,0,2010-12-03 13:42:00,2010-12-03 13:42:00,United Kingdom,1,0.0,At Risk Customers
16927,116,3,543.05,181.01666666666665,246,2010-12-13 11:57:00,2011-08-16 11:10:00,United Kingdom,0,366.0008219178082,Potential Customers
16928,81,17,2814.7,165.5705882352941,293,2010-12-01 15:21:00,2011-09-20 15:10:00,United Kingdom,3,2259.471506849315,Loyal Customers
16929,4,7,1295.39,185.0557142857143,152,2011-07-07 12:39:00,2011-12-06 08:37:00,United Kingdom,0,539.4500821917809,Potential Customers
16930,27,3,378.89,126.29666666666667,42,2011-10-02 14:25:00,2011-11-13 16:13:00,United Kingdom,0,43.59830136986301,Potential Customers
16931,6,21,4554.87,216.89857142857144,364,2010-12-05 11:40:00,2011-12-04 13:15:00,United Kingdom,3,4542.390904109589,Loyal Customers
16932,54,1,150.23,150.23,0,2011-10-17 14:12:00,2011-10-17 14:12:00,United Kingdom,0,0.0,Potential Customers
16933,2,2,563.23,281.615,238,2011-04-14 13:33:00,2011-12-08 12:54:00,United Kingdom,0,367.2568219178082,Potential Customers
16934,55,2,931.03,465.515,0,2011-10-16 12:25:00,2011-10-16 12:40:00,United Kingdom,0,0.0,Potential Customers
16936,26,1,261.9,261.9,0,2011-11-14 11:04:00,2011-11-14 11:04:00,United Kingdom,0,0.0,Potential Customers
16938,9,4,2711.68,677.92,300,2011-02-04 09:34:00,2011-12-01 10:20:00,United Kingdom,0,2228.7780821917804,Potential Customers
16940,53,3,3049.88,1016.6266666666666,237,2011-02-23 12:27:00,2011-10-18 13:15:00,United Kingdom,0,1980.3330410958902,Potential Customers
16942,13,9,1904.99,211.66555555555556,215,2011-04-26 11:59:00,2011-11-27 12:40:00,United Kingdom,0,1122.117397260274,Potential Customers
16943,212,3,816.73,272.24333333333334,107,2011-01-25 14:00:00,2011-05-12 11:57:00,United Kingdom,1,239.42495890410962,At Risk Customers
16945,22,19,4345.5,228.71052631578948,337,2010-12-16 17:49:00,2011-11-18 11:39:00,United Kingdom,3,4012.146575342466,Loyal Customers
16947,236,1,406.48,406.48,0,2011-04-18 09:38:00,2011-04-18 09:38:00,United Kingdom,1,0.0,At Risk Customers
16948,139,3,435.02,145.00666666666666,187,2011-01-18 10:58:00,2011-07-24 12:46:00,United Kingdom,0,222.8732602739726,Potential Customers
16949,4,6,1286.27,214.37833333333333,313,2011-01-27 12:11:00,2011-12-06 11:07:00,United Kingdom,0,1103.0205753424657,Potential Customers
16950,57,3,1178.56,392.8533333333333,311,2010-12-07 15:20:00,2011-10-14 09:06:00,United Kingdom,0,1004.197698630137,Potential Customers
16951,135,3,1277.75,425.91666666666663,170,2011-02-08 14:58:00,2011-07-28 12:05:00,United Kingdom,0,595.1164383561644,Potential Customers
16952,110,2,167.61,83.805,0,2011-08-22 12:58:00,2011-08-22 13:03:00,United Kingdom,0,0.0,Potential Customers
16953,31,1,20.8,20.8,0,2011-11-09 15:54:00,2011-11-09 15:54:00,United Kingdom,0,0.0,Potential Customers
16954,1,9,2085.08,231.67555555555555,359,2010-12-15 10:41:00,2011-12-09 09:46:00,United Kingdom,0,2050.804712328767,Potential Customers
16955,185,4,518.67,129.6675,189,2010-12-01 13:31:00,2011-06-08 10:36:00,United Kingdom,1,268.5715890410959,At Risk Customers
16956,18,1,308.74,308.74,0,2011-11-22 08:56:00,2011-11-22 08:56:00,United Kingdom,0,0.0,Potential Customers
16957,240,2,416.64,208.32,42,2011-03-03 09:25:00,2011-04-14 13:56:00,United Kingdom,1,47.94213698630137,At Risk Customers
16959,88,1,117.35,117.35,0,2011-09-13 15:03:00,2011-09-13 15:03:00,United Kingdom,0,0.0,Potential Customers
16960,39,3,507.05,169.01666666666665,214,2011-04-01 11:54:00,2011-11-01 11:35:00,United Kingdom,0,297.28410958904107,Potential Customers
16961,117,1,234.17,234.17,0,2011-08-15 13:46:00,2011-08-15 13:46:00,United Kingdom,0,0.0,Potential Customers
16963,188,1,110.55,110.55,0,2011-06-05 13:48:00,2011-06-05 13:48:00,United Kingdom,1,0.0,At Risk Customers
16965,227,1,201.19,201.19,0,2011-04-27 12:08:00,2011-04-27 12:08:00,United Kingdom,1,0.0,At Risk Customers
16966,9,7,2154.97,307.85285714285715,232,2011-04-13 14:17:00,2011-12-01 13:40:00,United Kingdom,0,1369.7343561643838,Potential Customers
16967,190,1,319.02,319.02,0,2011-06-03 14:24:00,2011-06-03 14:24:00,United Kingdom,1,0.0,At Risk Customers
16968,5,2,439.43,219.715,103,2011-08-24 10:51:00,2011-12-05 15:02:00,United Kingdom,0,124.00353424657534,Potential Customers
16969,40,3,650.41,216.8033333333333,152,2011-06-01 12:10:00,2011-10-31 13:12:00,United Kingdom,0,270.8556712328767,Potential Customers
16971,39,1,357.21,357.21,0,2011-11-01 15:06:00,2011-11-01 15:06:00,United Kingdom,0,0.0,Potential Customers
16976,268,1,251.52,251.52,0,2011-03-17 16:33:00,2011-03-17 16:33:00,United Kingdom,1,0.0,At Risk Customers
16978,78,1,344.33,344.33,0,2011-09-23 12:50:00,2011-09-23 12:50:00,United Kingdom,0,0.0,Potential Customers
16979,4,6,1852.0,308.66666666666663,294,2011-02-15 09:20:00,2011-12-06 12:21:00,United Kingdom,0,1491.7479452054793,Potential Customers
16980,256,2,1028.46,514.23,36,2011-02-21 12:58:00,2011-03-29 16:36:00,United Kingdom,1,101.43715068493151,At Risk Customers
16982,61,1,384.06,384.06,0,2011-10-10 12:28:00,2011-10-10 12:28:00,United Kingdom,0,0.0,Potential Customers
16983,13,7,1905.87,272.26714285714286,357,2010-12-05 12:34:00,2011-11-27 12:10:00,United Kingdom,0,1864.0975068493149,Potential Customers
16984,89,2,4459.52,2229.76,42,2011-08-01 17:37:00,2011-09-12 13:43:00,United Kingdom,0,513.1502465753425,Potential Customers
16985,18,10,5464.12,546.412,341,2010-12-16 10:38:00,2011-11-22 13:33:00,United Kingdom,0,5104.835397260275,Potential Customers
16986,30,2,1873.2,936.6,1,2011-11-09 15:52:00,2011-11-10 11:55:00,United Kingdom,0,5.132054794520548,Potential Customers
16987,4,7,1616.8,230.97142857142856,202,2011-05-18 15:55:00,2011-12-06 17:26:00,United Kingdom,0,894.7769863013698,Potential Customers
16988,6,1,126.12,126.12,0,2011-12-04 16:02:00,2011-12-04 16:02:00,United Kingdom,0,0.0,Potential Customers
16989,8,6,1133.25,188.875,143,2011-07-12 09:11:00,2011-12-02 16:39:00,United Kingdom,0,443.98561643835615,Potential Customers
16990,219,1,179.0,179.0,0,2011-05-05 08:30:00,2011-05-05 08:30:00,United Kingdom,1,0.0,At Risk Customers
16992,11,5,1614.31,322.862,274,2011-02-28 10:37:00,2011-11-29 11:50:00,United Kingdom,0,1211.8381917808222,Potential Customers
16996,31,6,1456.96,242.82666666666665,323,2010-12-21 13:22:00,2011-11-09 16:43:00,United Kingdom,0,1289.3098082191782,Potential Customers
16997,289,3,702.0,234.0,37,2011-01-18 11:51:00,2011-02-24 17:28:00,United Kingdom,1,71.16164383561645,At Risk Customers
16998,150,4,295.0,73.75,155,2011-02-08 15:42:00,2011-07-13 09:44:00,United Kingdom,1,125.27397260273972,At Risk Customers
16999,24,2,484.82,242.41,51,2011-09-26 15:43:00,2011-11-16 13:53:00,United Kingdom,0,67.74197260273974,Potential Customers
17001,1,11,3989.57,362.68818181818176,358,2010-12-16 09:35:00,2011-12-09 09:38:00,United Kingdom,0,3913.057698630136,Potential Customers
17002,86,3,1493.73,497.91,205,2011-02-22 11:46:00,2011-09-15 12:40:00,United Kingdom,0,838.9442465753425,Potential Customers
17004,47,2,1312.14,656.07,46,2011-09-08 12:16:00,2011-10-24 14:25:00,United Kingdom,0,165.36558904109592,Potential Customers
17006,5,4,781.78,195.445,71,2011-09-25 12:15:00,2011-12-05 12:09:00,United Kingdom,0,152.07227397260274,Potential Customers
17007,51,6,889.93,148.32166666666666,307,2010-12-17 13:57:00,2011-10-20 10:47:00,United Kingdom,0,748.5164657534247,Potential Customers
17010,19,1,195.36,195.36,0,2011-11-21 14:49:00,2011-11-21 14:49:00,United Kingdom,0,0.0,Potential Customers
17011,31,1,270.9,270.9,0,2011-11-09 13:30:00,2011-11-09 13:30:00,United Kingdom,0,0.0,Potential Customers
17014,9,3,583.43,194.47666666666663,58,2011-10-04 11:36:00,2011-12-01 14:09:00,United Kingdom,0,92.70942465753423,Potential Customers
17015,29,3,1838.61,612.87,157,2011-06-07 13:19:00,2011-11-11 10:45:00,United Kingdom,0,790.8541643835617,Potential Customers
17017,3,20,8694.26,434.713,370,2010-12-02 10:17:00,2011-12-07 09:32:00,United Kingdom,3,8813.359452054796,Loyal Customers
17018,41,2,920.1,460.05,285,2011-01-18 08:46:00,2011-10-30 11:42:00,United Kingdom,0,718.4342465753425,Potential Customers
17019,12,4,1258.08,314.52,357,2010-12-06 12:55:00,2011-11-28 13:06:00,United Kingdom,0,1230.5056438356164,Potential Customers
17022,32,1,71.0,71.0,0,2011-11-08 17:09:00,2011-11-08 17:09:00,United Kingdom,0,0.0,Potential Customers
17024,46,3,95.85,31.95,112,2011-07-05 09:31:00,2011-10-25 13:47:00,United Kingdom,0,29.411506849315067,Potential Customers
17025,61,3,357.77,119.25666666666666,313,2010-12-01 15:45:00,2011-10-10 09:06:00,United Kingdom,0,306.8000273972603,Potential Customers
17026,186,2,154.83,77.415,184,2010-12-05 12:47:00,2011-06-07 14:28:00,United Kingdom,1,78.05128767123288,At Risk Customers
17027,79,6,877.56,146.26,239,2011-01-26 14:19:00,2011-09-22 12:24:00,United Kingdom,0,574.6214794520547,Potential Customers
17029,111,2,716.0,358.0,126,2011-04-17 10:57:00,2011-08-21 11:06:00,United Kingdom,0,247.16712328767125,Potential Customers
17030,64,1,146.87,146.87,0,2011-10-07 08:49:00,2011-10-07 08:49:00,United Kingdom,0,0.0,Potential Customers
17031,12,2,380.35,190.175,143,2011-07-08 09:38:00,2011-11-28 10:23:00,United Kingdom,0,149.01383561643837,Potential Customers
17033,87,3,1030.14,343.38,273,2010-12-15 13:21:00,2011-09-14 14:34:00,United Kingdom,0,770.4882739726027,Potential Customers
17034,17,3,745.52,248.50666666666663,271,2011-02-25 10:10:00,2011-11-23 15:14:00,United Kingdom,0,553.5230684931505,Potential Customers
17035,246,2,433.53,216.765,66,2011-02-01 12:27:00,2011-04-08 11:23:00,United Kingdom,1,78.39172602739725,At Risk Customers
17037,88,1,1267.32,1267.32,0,2011-09-13 12:49:00,2011-09-13 12:49:00,United Kingdom,0,0.0,Potential Customers
17038,31,1,112.4,112.4,0,2011-11-09 13:50:00,2011-11-09 13:50:00,United Kingdom,0,0.0,Potential Customers
17040,138,1,449.73,449.73,0,2011-07-25 10:19:00,2011-07-25 10:19:00,United Kingdom,0,0.0,Potential Customers
17041,27,3,1071.49,357.1633333333333,334,2010-12-14 11:43:00,2011-11-13 11:21:00,United Kingdom,0,980.4867397260272,Potential Customers
17042,3,5,1036.58,207.316,245,2011-04-06 14:53:00,2011-12-07 12:26:00,United Kingdom,0,695.7865753424658,Potential Customers
17043,33,4,1735.18,433.795,234,2011-03-18 14:53:00,2011-11-07 15:33:00,United Kingdom,0,1112.4167671232879,Potential Customers
17044,26,1,948.48,948.48,0,2011-11-14 14:28:00,2011-11-14 14:28:00,United Kingdom,0,0.0,Potential Customers
17045,114,3,339.44,113.14666666666666,134,2011-04-06 12:08:00,2011-08-18 17:09:00,United Kingdom,0,124.61632876712328,Potential Customers
17046,158,1,642.02,642.02,0,2011-07-05 14:24:00,2011-07-05 14:24:00,United Kingdom,1,0.0,At Risk Customers
17047,86,3,1100.9,366.96666666666664,120,2011-05-18 16:50:00,2011-09-15 13:27:00,United Kingdom,0,361.93972602739717,Potential Customers
17048,118,3,925.35,308.45,214,2011-01-12 16:51:00,2011-08-14 11:49:00,United Kingdom,0,542.5339726027397,Potential Customers
17049,3,9,5655.03,628.3366666666666,273,2011-03-09 08:33:00,2011-12-07 10:48:00,United Kingdom,0,4229.652575342465,Potential Customers
17050,97,6,3185.64,530.94,203,2011-02-13 12:41:00,2011-09-04 13:48:00,United Kingdom,0,1771.7395068493154,Potential Customers
17051,195,1,240.89,240.89,0,2011-05-29 14:13:00,2011-05-29 14:13:00,United Kingdom,1,0.0,At Risk Customers
17052,29,1,399.09,399.09,0,2011-11-11 14:50:00,2011-11-11 14:50:00,United Kingdom,0,0.0,Potential Customers
17053,131,1,498.48,498.48,0,2011-08-01 10:23:00,2011-08-01 10:23:00,United Kingdom,0,0.0,Potential Customers
17054,29,5,1356.33,271.266,217,2011-04-08 13:14:00,2011-11-11 12:56:00,United Kingdom,0,806.3660547945207,Potential Customers
17058,82,3,1179.89,393.2966666666666,158,2011-04-14 09:18:00,2011-09-19 10:13:00,United Kingdom,0,510.74690410958897,Potential Customers
17059,30,5,3080.39,616.078,340,2010-12-05 12:35:00,2011-11-10 12:27:00,United Kingdom,0,2869.4043835616435,Potential Customers
17060,267,1,234.24,234.24,0,2011-03-18 13:27:00,2011-03-18 13:27:00,United Kingdom,1,0.0,At Risk Customers
17061,74,11,5232.23,475.6572727272727,159,2011-04-21 13:29:00,2011-09-27 11:24:00,United Kingdom,0,2279.245397260274,Potential Customers
17062,314,4,533.33,133.3325,56,2010-12-05 11:59:00,2011-01-30 11:01:00,United Kingdom,1,81.82597260273974,At Risk Customers
17063,22,7,1461.14,208.73428571428568,268,2011-02-23 13:44:00,2011-11-18 16:19:00,United Kingdom,0,1072.83704109589,Potential Customers
17064,59,3,855.45,285.15,269,2011-01-16 16:10:00,2011-10-12 10:18:00,United Kingdom,0,630.4549315068492,Potential Customers
17068,13,21,4552.14,216.76857142857145,356,2010-12-06 13:58:00,2011-11-27 13:14:00,United Kingdom,3,4439.895452054795,Loyal Customers
17069,29,9,2709.7,301.0777777777778,345,2010-12-01 16:49:00,2011-11-11 17:13:00,United Kingdom,0,2561.223287671233,Potential Customers
17070,115,1,304.24,304.24,0,2011-08-17 17:01:00,2011-08-17 17:01:00,United Kingdom,0,0.0,Potential Customers
17071,29,9,2429.03,269.89222222222224,281,2011-02-03 08:18:00,2011-11-11 16:31:00,United Kingdom,0,1870.0203561643837,Potential Customers
17073,18,4,1446.09,361.5225,92,2011-08-22 14:37:00,2011-11-22 11:47:00,United Kingdom,0,364.4939178082192,Potential Customers
17075,18,4,834.12,208.53,300,2011-01-26 13:20:00,2011-11-22 11:58:00,United Kingdom,0,685.5780821917808,Potential Customers
17076,37,3,841.08,280.36,328,2010-12-10 10:08:00,2011-11-03 17:53:00,United Kingdom,0,755.8198356164384,Potential Customers
17078,37,2,378.2,189.1,0,2011-11-03 18:49:00,2011-11-03 19:17:00,United Kingdom,0,0.0,Potential Customers
17079,79,1,118.8,118.8,0,2011-09-22 15:34:00,2011-09-22 15:34:00,United Kingdom,0,0.0,Potential Customers
17080,23,2,287.62,143.81,247,2011-03-15 12:05:00,2011-11-17 12:59:00,United Kingdom,0,194.636,Potential Customers
17081,26,2,288.91,144.455,21,2011-10-24 13:08:00,2011-11-14 12:56:00,United Kingdom,0,16.622219178082194,Potential Customers
17082,34,2,2003.85,1001.925,285,2011-01-25 14:36:00,2011-11-06 15:17:00,United Kingdom,0,1564.6499999999999,Potential Customers
17083,110,3,1405.78,468.5933333333333,194,2011-02-09 11:38:00,2011-08-22 15:43:00,United Kingdom,0,747.181698630137,Potential Customers
17084,36,2,2747.99,1373.995,0,2011-11-04 14:49:00,2011-11-04 14:54:00,United Kingdom,0,0.0,Potential Customers
17085,124,5,1562.4,312.48,239,2010-12-12 12:24:00,2011-08-08 14:15:00,United Kingdom,0,1023.0509589041096,Potential Customers
17086,8,6,2050.08,341.68,56,2011-10-07 11:22:00,2011-12-02 13:54:00,United Kingdom,0,314.53282191780823,Potential Customers
17088,29,4,1991.01,497.7525,225,2011-03-31 09:48:00,2011-11-11 14:23:00,United Kingdom,0,1227.3349315068494,Potential Customers
17090,5,7,1974.65,282.09285714285716,350,2010-12-20 13:52:00,2011-12-05 13:44:00,United Kingdom,0,1893.5,Potential Customers
17091,3,9,3827.76,425.3066666666666,365,2010-12-07 09:55:00,2011-12-07 10:43:00,United Kingdom,0,3827.7599999999993,Potential Customers
17092,51,4,1774.03,443.5075,227,2011-03-07 14:51:00,2011-10-20 19:51:00,United Kingdom,0,1103.3008493150685,Potential Customers
17094,323,1,302.0,302.0,0,2011-01-21 13:09:00,2011-01-21 13:09:00,United Kingdom,1,0.0,At Risk Customers
17095,23,3,1324.16,441.38666666666666,312,2011-01-09 11:05:00,2011-11-17 12:21:00,United Kingdom,0,1131.8847123287671,Potential Customers
17096,16,4,1022.13,255.5325,246,2011-03-23 12:05:00,2011-11-24 15:01:00,United Kingdom,0,688.8876164383562,Potential Customers
17097,3,8,954.42,119.3025,363,2010-12-09 14:55:00,2011-12-07 17:05:00,Spain,0,949.190301369863,Potential Customers
17100,19,2,971.74,485.87,0,2011-11-21 16:36:00,2011-11-21 16:36:00,United Kingdom,0,0.0,Potential Customers
17101,11,4,1621.73,405.4325,168,2011-06-14 14:49:00,2011-11-29 13:57:00,United Kingdom,0,746.4401095890411,Potential Customers
17102,262,1,25.5,25.5,0,2011-03-23 10:08:00,2011-03-23 10:08:00,United Kingdom,1,0.0,At Risk Customers
17105,160,2,665.78,332.89,147,2011-02-06 14:46:00,2011-07-03 15:53:00,United Kingdom,1,268.13605479452053,At Risk Customers
17107,34,6,10797.48,1799.58,245,2011-03-06 15:17:00,2011-11-06 14:14:00,United Kingdom,0,7247.623561643835,Potential Customers
17109,30,6,881.29,146.88166666666666,203,2011-04-21 15:46:00,2011-11-10 16:59:00,United Kingdom,0,490.1421095890411,Potential Customers
17110,166,1,163.3,163.3,0,2011-06-27 12:58:00,2011-06-27 12:58:00,United Kingdom,1,0.0,At Risk Customers
17111,48,1,231.61,231.61,0,2011-10-23 15:59:00,2011-10-23 15:59:00,United Kingdom,0,0.0,Potential Customers
17114,6,8,801.12,100.14,329,2011-01-09 11:39:00,2011-12-04 12:17:00,United Kingdom,0,722.1054246575342,Potential Customers
17115,9,3,837.5,279.16666666666663,225,2011-04-20 14:46:00,2011-12-01 14:30:00,United Kingdom,0,516.2671232876712,Potential Customers
17117,289,1,116.2,116.2,0,2011-02-24 13:54:00,2011-02-24 13:54:00,United Kingdom,1,0.0,At Risk Customers
17118,318,1,157.02,157.02,0,2011-01-26 12:19:00,2011-01-26 12:19:00,United Kingdom,1,0.0,At Risk Customers
17119,4,2,606.91,303.455,56,2011-10-11 11:03:00,2011-12-06 14:40:00,United Kingdom,0,93.11495890410959,Potential Customers
17120,234,1,307.46,307.46,0,2011-04-20 15:21:00,2011-04-20 15:21:00,United Kingdom,1,0.0,At Risk Customers
17122,120,1,138.32,138.32,0,2011-08-12 14:33:00,2011-08-12 14:33:00,United Kingdom,0,0.0,Potential Customers
17123,162,1,345.3,345.3,0,2011-07-01 10:47:00,2011-07-01 10:47:00,United Kingdom,1,0.0,At Risk Customers
17124,186,1,294.24,294.24,0,2011-06-07 14:02:00,2011-06-07 14:02:00,United Kingdom,1,0.0,At Risk Customers
17125,51,1,230.5,230.5,0,2011-10-20 14:41:00,2011-10-20 14:41:00,United Kingdom,0,0.0,Potential Customers
17126,153,5,989.45,197.89,210,2010-12-12 11:26:00,2011-07-10 13:52:00,United Kingdom,1,569.2726027397259,At Risk Customers
17128,335,1,157.09,157.09,0,2011-01-09 12:02:00,2011-01-09 12:02:00,United Kingdom,1,0.0,At Risk Customers
17131,6,5,2463.17,492.634,70,2011-09-25 12:42:00,2011-12-04 12:52:00,United Kingdom,0,472.38876712328766,Potential Customers
17133,16,7,4892.24,698.8914285714286,251,2011-03-18 13:47:00,2011-11-24 12:27:00,United Kingdom,0,3364.252712328767,Potential Customers
17134,107,2,413.2,206.6,158,2011-03-20 11:56:00,2011-08-25 09:53:00,United Kingdom,0,178.86465753424656,Potential Customers
17135,17,7,1139.73,162.81857142857143,355,2010-12-03 09:31:00,2011-11-23 16:48:00,United Kingdom,0,1108.5045205479453,Potential Customers
17138,276,1,380.5,380.5,0,2011-03-09 11:54:00,2011-03-09 11:54:00,United Kingdom,1,0.0,At Risk Customers
17139,16,12,10650.77,887.5641666666666,273,2011-02-24 09:32:00,2011-11-24 10:12:00,United Kingdom,3,7966.1923561643825,Loyal Customers
17140,248,1,454.12,454.12,0,2011-04-06 13:33:00,2011-04-06 13:33:00,United Kingdom,1,0.0,At Risk Customers
17142,240,1,579.0,579.0,0,2011-04-14 18:22:00,2011-04-14 18:22:00,United Kingdom,1,0.0,At Risk Customers
17144,2,2,984.57,492.285,83,2011-09-16 12:50:00,2011-12-08 17:57:00,United Kingdom,0,223.88852054794523,Potential Customers
17146,106,3,749.78,249.92666666666665,253,2010-12-16 12:20:00,2011-08-26 12:44:00,United Kingdom,0,519.7105205479452,Potential Customers
17147,23,4,1714.59,428.6475,289,2011-02-01 09:36:00,2011-11-17 12:32:00,United Kingdom,0,1357.5794794520548,Potential Customers
17148,52,1,124.88,124.88,0,2011-10-19 09:59:00,2011-10-19 09:59:00,United Kingdom,0,0.0,Potential Customers
17152,195,3,1689.5,563.1666666666666,69,2011-03-21 16:20:00,2011-05-29 12:19:00,United Kingdom,1,319.38493150684934,At Risk Customers
17153,25,1,213.78,213.78,0,2011-11-15 13:42:00,2011-11-15 13:42:00,United Kingdom,0,0.0,Potential Customers
17154,76,1,329.34,329.34,0,2011-09-25 13:42:00,2011-09-25 13:42:00,United Kingdom,0,0.0,Potential Customers
17155,18,2,251.7,125.85,160,2011-06-15 10:22:00,2011-11-22 12:38:00,United Kingdom,0,110.33424657534245,Potential Customers
17157,8,2,319.0,159.5,169,2011-06-16 15:08:00,2011-12-02 09:10:00,United Kingdom,0,147.7013698630137,Potential Customers
17158,33,3,1266.97,422.32333333333327,328,2010-12-14 13:03:00,2011-11-07 15:15:00,United Kingdom,0,1138.537424657534,Potential Customers
17159,22,3,1538.88,512.96,150,2011-06-21 09:49:00,2011-11-18 10:52:00,United Kingdom,0,632.4164383561643,Potential Customers
17160,32,6,3518.03,586.3383333333333,210,2011-04-12 12:00:00,2011-11-08 14:05:00,United Kingdom,0,2024.0720547945202,Potential Customers
17162,29,10,1715.46,171.546,277,2011-02-07 12:27:00,2011-11-11 11:34:00,United Kingdom,0,1301.8696438356164,Potential Customers
17163,22,2,293.1,146.55,57,2011-09-22 15:54:00,2011-11-18 08:57:00,United Kingdom,0,45.77178082191781,Potential Customers
17164,33,7,2467.35,352.47857142857146,241,2011-03-11 14:26:00,2011-11-07 09:14:00,United Kingdom,0,1629.12698630137,Potential Customers
17165,285,1,158.68,158.68,0,2011-02-28 16:39:00,2011-02-28 16:39:00,United Kingdom,1,0.0,At Risk Customers
17166,39,2,206.34,103.17,165,2011-05-20 08:18:00,2011-11-01 09:46:00,United Kingdom,0,93.27698630136986,Potential Customers
17169,58,2,835.78,417.89,126,2011-06-09 13:16:00,2011-10-13 10:25:00,United Kingdom,0,288.5158356164384,Potential Customers
17171,290,1,224.91,224.91,0,2011-02-23 16:37:00,2011-02-23 16:37:00,United Kingdom,1,0.0,At Risk Customers
17172,79,1,317.76,317.76,0,2011-09-22 09:36:00,2011-09-22 09:36:00,United Kingdom,0,0.0,Potential Customers
17173,6,8,3766.6,470.825,126,2011-07-31 15:26:00,2011-12-04 14:40:00,United Kingdom,0,1300.2509589041097,Potential Customers
17174,218,1,59.9,59.9,0,2011-05-06 11:47:00,2011-05-06 11:47:00,United Kingdom,1,0.0,At Risk Customers
17175,45,4,1443.69,360.9225,252,2011-02-16 14:56:00,2011-10-26 15:31:00,United Kingdom,0,996.7393972602741,Potential Customers
17176,202,1,306.13,306.13,0,2011-05-22 12:41:00,2011-05-22 12:41:00,United Kingdom,1,0.0,At Risk Customers
17179,179,3,711.79,237.26333333333332,183,2010-12-13 14:24:00,2011-06-14 16:48:00,United Kingdom,1,356.87005479452057,At Risk Customers
17180,57,4,783.97,195.9925,260,2011-01-27 18:05:00,2011-10-14 15:46:00,United Kingdom,0,558.4443835616438,Potential Customers
17181,58,2,239.92,119.96,316,2010-12-01 12:38:00,2011-10-13 14:48:00,United Kingdom,0,207.7115616438356,Potential Customers
17183,8,6,3347.31,557.885,98,2011-08-26 15:25:00,2011-12-02 10:07:00,United Kingdom,0,898.729808219178,Potential Customers
17186,47,2,144.0,72.0,14,2011-10-10 12:52:00,2011-10-24 10:20:00,United Kingdom,0,5.523287671232877,Potential Customers
17187,227,1,203.95,203.95,0,2011-04-27 12:39:00,2011-04-27 12:39:00,United Kingdom,1,0.0,At Risk Customers
17188,12,7,2474.23,353.46142857142854,351,2010-12-12 12:56:00,2011-11-28 13:53:00,United Kingdom,0,2379.32802739726,Potential Customers
17189,107,2,383.75,191.875,253,2010-12-15 17:28:00,2011-08-25 19:39:00,United Kingdom,0,265.99657534246575,Potential Customers
17190,59,2,444.74,222.37,149,2011-05-16 15:29:00,2011-10-12 11:33:00,United Kingdom,0,181.55139726027397,Potential Customers
17191,29,7,2093.68,299.09714285714284,340,2010-12-06 14:36:00,2011-11-11 16:58:00,United Kingdom,0,1950.2772602739724,Potential Customers
17193,36,7,1699.3,242.75714285714284,141,2011-06-16 10:04:00,2011-11-04 12:47:00,United Kingdom,0,656.4419178082192,Potential Customers
17194,274,2,262.62,131.31,87,2010-12-14 12:06:00,2011-03-11 12:05:00,United Kingdom,1,62.597095890410955,At Risk Customers
17197,30,1,1013.01,1013.01,0,2011-11-10 10:32:00,2011-11-10 10:32:00,United Kingdom,0,0.0,Potential Customers
17198,24,3,692.22,230.74,348,2010-12-03 14:54:00,2011-11-16 10:39:00,United Kingdom,0,659.9796164383562,Potential Customers
17201,54,1,289.78,289.78,0,2011-10-17 11:55:00,2011-10-17 11:55:00,United Kingdom,0,0.0,Potential Customers
17203,36,6,3560.08,593.3466666666667,25,2011-10-10 14:37:00,2011-11-04 12:27:00,United Kingdom,0,243.84109589041094,Potential Customers
17204,176,4,1564.56,391.14,88,2011-03-21 12:42:00,2011-06-17 14:46:00,United Kingdom,1,377.20898630136986,At Risk Customers
17205,54,1,384.08,384.08,0,2011-10-17 12:46:00,2011-10-17 12:46:00,United Kingdom,0,0.0,Potential Customers
17206,54,1,204.24,204.24,0,2011-10-17 13:25:00,2011-10-17 13:25:00,United Kingdom,0,0.0,Potential Customers
17211,27,8,2317.22,289.6525,343,2010-12-05 12:44:00,2011-11-13 12:03:00,United Kingdom,0,2177.551945205479,Potential Customers
17212,254,1,226.85,226.85,0,2011-03-31 19:42:00,2011-03-31 19:42:00,United Kingdom,1,0.0,At Risk Customers
17213,41,7,2781.23,397.3185714285714,326,2010-12-08 13:03:00,2011-10-30 14:53:00,United Kingdom,0,2484.0574794520544,Potential Customers
17214,61,6,1059.12,176.52,299,2010-12-15 15:14:00,2011-10-10 13:17:00,United Kingdom,0,867.6078904109589,Potential Customers
17217,235,1,113.5,113.5,0,2011-04-19 17:19:00,2011-04-19 17:19:00,United Kingdom,1,0.0,At Risk Customers
17218,5,10,1951.97,195.197,364,2010-12-06 15:25:00,2011-12-05 13:52:00,United Kingdom,0,1946.6221369863015,Potential Customers
17219,32,1,114.23,114.23,0,2011-11-08 11:25:00,2011-11-08 11:25:00,United Kingdom,0,0.0,Potential Customers
17220,25,14,3187.55,227.68214285714285,340,2010-12-10 14:54:00,2011-11-15 13:47:00,United Kingdom,0,2969.224657534246,Potential Customers
17221,8,2,334.48,167.24,29,2011-11-03 17:39:00,2011-12-02 13:35:00,United Kingdom,0,26.575123287671236,Potential Customers
17222,66,1,328.65,328.65,0,2011-10-05 13:58:00,2011-10-05 13:58:00,United Kingdom,0,0.0,Potential Customers
17223,311,2,416.89,208.445,58,2010-12-06 14:08:00,2011-02-02 15:57:00,United Kingdom,1,66.24553424657535,At Risk Customers
17226,309,1,393.49,393.49,0,2011-02-04 11:52:00,2011-02-04 11:52:00,United Kingdom,1,0.0,At Risk Customers
17227,19,6,939.32,156.5533333333333,350,2010-12-06 11:16:00,2011-11-21 10:51:00,United Kingdom,0,900.717808219178,Potential Customers
17228,16,8,1906.09,238.26125,357,2010-12-02 16:00:00,2011-11-24 10:24:00,United Kingdom,0,1864.3126849315067,Potential Customers
17229,97,2,318.76,159.38,46,2011-07-20 12:38:00,2011-09-04 13:56:00,United Kingdom,0,40.172493150684936,Potential Customers
17230,265,8,3638.41,454.80125,95,2010-12-15 11:22:00,2011-03-20 16:12:00,United Kingdom,1,946.9834246575341,At Risk Customers
17231,13,10,3124.72,312.472,349,2010-12-13 14:16:00,2011-11-27 15:18:00,United Kingdom,0,2987.7459726027396,Potential Customers
17232,3,2,417.77,208.885,12,2011-11-25 12:24:00,2011-12-07 12:21:00,United Kingdom,0,13.734904109589039,Potential Customers
17233,36,1,190.88,190.88,0,2011-11-04 14:06:00,2011-11-04 14:06:00,United Kingdom,0,0.0,Potential Customers
17234,183,1,149.89,149.89,0,2011-06-10 11:20:00,2011-06-10 11:20:00,United Kingdom,1,0.0,At Risk Customers
17235,26,2,550.06,275.03,347,2010-12-02 13:38:00,2011-11-14 15:51:00,United Kingdom,0,522.9337534246574,Potential Customers
17236,13,6,916.13,152.68833333333333,350,2010-12-12 11:49:00,2011-11-27 12:00:00,United Kingdom,0,878.4808219178082,Potential Customers
17237,12,2,314.69,157.345,11,2011-11-17 12:55:00,2011-11-28 15:02:00,United Kingdom,0,9.483808219178082,Potential Customers
17238,3,17,3719.1,218.77058823529407,369,2010-12-03 15:05:00,2011-12-07 11:35:00,United Kingdom,3,3759.8572602739714,Loyal Customers
17239,313,1,382.5,382.5,0,2011-01-31 09:41:00,2011-01-31 09:41:00,United Kingdom,1,0.0,At Risk Customers
17242,109,2,1135.04,567.52,72,2011-06-12 13:04:00,2011-08-23 14:55:00,United Kingdom,0,223.898301369863,Potential Customers
17243,2,26,8540.05,328.46346153846156,368,2010-12-05 10:03:00,2011-12-08 13:26:00,United Kingdom,3,8610.242191780824,Loyal Customers
17244,54,1,954.9,954.9,0,2011-10-17 15:19:00,2011-10-17 15:19:00,United Kingdom,0,0.0,Potential Customers
17245,205,1,171.45,171.45,0,2011-05-19 10:43:00,2011-05-19 10:43:00,United Kingdom,1,0.0,At Risk Customers
17247,16,1,280.09,280.09,0,2011-11-24 15:21:00,2011-11-24 15:21:00,United Kingdom,0,0.0,Potential Customers
17248,121,1,318.65,318.65,0,2011-08-11 13:34:00,2011-08-11 13:34:00,United Kingdom,0,0.0,Potential Customers
17250,4,2,381.97,190.985,258,2011-03-23 16:45:00,2011-12-06 12:15:00,United Kingdom,0,269.99523287671235,Potential Customers
17251,363,1,269.83,269.83,0,2010-12-12 11:06:00,2010-12-12 11:06:00,United Kingdom,1,0.0,At Risk Customers
17252,117,2,348.91,174.455,70,2011-06-06 16:41:00,2011-08-15 09:45:00,United Kingdom,0,66.91424657534246,Potential Customers
17253,19,1,178.26,178.26,0,2011-11-21 12:59:00,2011-11-21 12:59:00,United Kingdom,0,0.0,Potential Customers
17254,5,2,271.19,135.595,11,2011-11-24 14:09:00,2011-12-05 12:46:00,United Kingdom,0,8.172849315068493,Potential Customers
17255,41,2,291.48,145.74,259,2011-02-13 15:18:00,2011-10-30 12:18:00,United Kingdom,0,206.83101369863013,Potential Customers
17256,108,2,240.0,120.0,205,2011-01-31 14:53:00,2011-08-24 13:30:00,United Kingdom,0,134.7945205479452,Potential Customers
17259,149,2,581.23,290.615,220,2010-12-06 12:55:00,2011-07-14 15:01:00,United Kingdom,1,350.3304109589041,At Risk Customers
17262,53,5,1253.36,250.672,314,2010-12-08 13:30:00,2011-10-18 12:56:00,United Kingdom,0,1078.2329863013697,Potential Customers
17263,209,1,63.44,63.44,0,2011-05-15 14:32:00,2011-05-15 14:32:00,United Kingdom,1,0.0,At Risk Customers
17265,139,2,550.01,275.005,42,2011-06-12 12:00:00,2011-07-24 10:49:00,United Kingdom,0,63.28882191780822,Potential Customers
17266,3,3,296.58,98.86,145,2011-07-15 11:57:00,2011-12-07 14:12:00,United Kingdom,0,117.81945205479451,Potential Customers
17267,128,2,317.2,158.6,0,2011-08-04 17:19:00,2011-08-04 17:22:00,United Kingdom,0,0.0,Potential Customers
17268,108,4,763.64,190.91,138,2011-04-08 13:20:00,2011-08-24 10:06:00,United Kingdom,0,288.71868493150686,Potential Customers
17272,43,4,2148.63,537.1575,220,2011-03-22 12:05:00,2011-10-28 16:37:00,United Kingdom,0,1295.0646575342466,Potential Customers
17274,36,1,107.82,107.82,0,2011-11-04 13:16:00,2011-11-04 13:16:00,United Kingdom,0,0.0,Potential Customers
17277,228,2,1065.35,532.675,95,2011-01-21 12:37:00,2011-04-26 12:47:00,United Kingdom,1,277.28287671232874,At Risk Customers
17278,242,1,246.04,246.04,0,2011-04-12 13:10:00,2011-04-12 13:10:00,United Kingdom,1,0.0,At Risk Customers
17279,58,1,187.83,187.83,0,2011-10-13 11:58:00,2011-10-13 11:58:00,United Kingdom,0,0.0,Potential Customers
17282,131,3,1685.46,561.82,169,2011-02-13 11:36:00,2011-08-01 14:29:00,United Kingdom,0,780.3910684931507,Potential Customers
17284,61,6,1647.48,274.58,276,2011-01-07 14:31:00,2011-10-10 14:38:00,United Kingdom,0,1245.765698630137,Potential Customers
17286,22,1,151.37,151.37,0,2011-11-18 12:47:00,2011-11-18 12:47:00,United Kingdom,0,0.0,Potential Customers
17287,27,7,1049.06,149.8657142857143,346,2010-12-02 12:22:00,2011-11-13 13:27:00,United Kingdom,0,994.4513972602739,Potential Customers
17288,10,7,1417.63,202.51857142857145,349,2010-12-16 13:33:00,2011-11-30 16:09:00,United Kingdom,0,1355.4873150684932,Potential Customers
17289,32,3,931.02,310.34,149,2011-06-12 13:51:00,2011-11-08 12:01:00,United Kingdom,0,380.06021917808215,Potential Customers
17290,4,2,513.01,256.505,13,2011-11-23 15:53:00,2011-12-06 12:38:00,United Kingdom,0,18.27158904109589,Potential Customers
17291,309,1,550.8,550.8,0,2011-02-04 13:04:00,2011-02-04 13:04:00,United Kingdom,1,0.0,At Risk Customers
17293,9,9,1854.06,206.00666666666663,353,2010-12-13 14:55:00,2011-12-01 14:37:00,United Kingdom,0,1793.1046027397258,Potential Customers
17295,29,3,547.0,182.33333333333331,36,2011-10-06 12:22:00,2011-11-11 10:49:00,United Kingdom,0,53.95068493150685,Potential Customers
17297,18,1,128.18,128.18,0,2011-11-22 14:43:00,2011-11-22 14:43:00,United Kingdom,0,0.0,Potential Customers
17298,102,2,498.42,249.21,23,2011-08-07 12:21:00,2011-08-30 16:43:00,United Kingdom,0,31.40728767123288,Potential Customers
17299,12,4,656.61,164.1525,162,2011-06-19 16:04:00,2011-11-28 12:01:00,United Kingdom,0,291.42690410958903,Potential Customers
17301,22,1,163.24,163.24,0,2011-11-18 13:43:00,2011-11-18 13:43:00,United Kingdom,0,0.0,Potential Customers
17302,15,5,1135.63,227.126,291,2011-02-07 10:14:00,2011-11-25 09:36:00,United Kingdom,0,905.3926849315069,Potential Customers
17303,362,1,250.04,250.04,0,2010-12-13 13:32:00,2010-12-13 13:32:00,United Kingdom,1,0.0,At Risk Customers
17306,11,19,8631.31,454.2794736842105,343,2010-12-21 13:34:00,2011-11-29 12:14:00,United Kingdom,3,8111.066657534247,Loyal Customers
17309,96,1,82.75,82.75,0,2011-09-05 15:20:00,2011-09-05 15:20:00,United Kingdom,0,0.0,Potential Customers
17311,79,2,1384.85,692.425,238,2011-01-27 10:56:00,2011-09-22 14:11:00,United Kingdom,0,902.9980821917808,Potential Customers
17312,139,3,644.3,214.76666666666665,21,2011-07-03 13:12:00,2011-07-24 11:52:00,United Kingdom,0,37.06931506849315,Potential Customers
17313,32,1,2328.84,2328.84,0,2011-11-08 15:45:00,2011-11-08 15:45:00,United Kingdom,0,0.0,Potential Customers
17314,25,8,2527.92,315.99,288,2011-01-31 11:25:00,2011-11-15 09:41:00,United Kingdom,0,1994.6327671232877,Potential Customers
17315,2,38,6281.23,165.2955263157895,356,2010-12-17 12:24:00,2011-12-08 12:15:00,United Kingdom,3,6126.350356164384,Loyal Customers
17317,47,3,2600.34,866.78,43,2011-09-11 12:45:00,2011-10-24 17:19:00,United Kingdom,0,306.3414246575343,Potential Customers
17320,101,3,1200.62,400.20666666666665,268,2010-12-06 15:38:00,2011-08-31 13:31:00,United Kingdom,0,881.5511232876711,Potential Customers
17321,9,2,657.16,328.58,59,2011-10-03 11:34:00,2011-12-01 13:41:00,United Kingdom,0,106.22586301369863,Potential Customers
17323,16,7,906.52,129.50285714285715,277,2011-02-20 14:38:00,2011-11-24 17:29:00,United Kingdom,0,687.9617534246576,Potential Customers
17324,18,4,986.48,246.62,349,2010-12-08 12:45:00,2011-11-22 10:34:00,United Kingdom,0,943.2370410958904,Potential Customers
17325,281,1,96.8,96.8,0,2011-03-04 13:09:00,2011-03-04 13:09:00,United Kingdom,1,0.0,At Risk Customers
17329,15,2,523.11,261.555,301,2011-01-28 15:29:00,2011-11-25 14:24:00,United Kingdom,0,431.3866027397261,Potential Customers
17330,23,2,363.9,181.95,45,2011-10-03 11:26:00,2011-11-17 08:56:00,United Kingdom,0,44.864383561643834,Potential Customers
17331,124,1,175.2,175.2,0,2011-08-08 11:55:00,2011-08-08 11:55:00,United Kingdom,0,0.0,Potential Customers
17333,86,1,494.25,494.25,0,2011-09-15 10:11:00,2011-09-15 10:11:00,United Kingdom,0,0.0,Potential Customers
17334,303,2,307.02,153.51,6,2011-02-04 09:03:00,2011-02-10 14:59:00,United Kingdom,1,5.046904109589041,At Risk Customers
17337,152,4,1981.06,495.265,159,2011-02-02 17:06:00,2011-07-11 14:55:00,United Kingdom,1,862.982301369863,At Risk Customers
17338,18,8,6493.54,811.6925,344,2010-12-13 12:57:00,2011-11-22 14:23:00,United Kingdom,0,6119.93906849315,Potential Customers
17339,95,2,243.36,121.68,271,2010-12-09 14:44:00,2011-09-06 13:29:00,United Kingdom,0,180.68646575342464,Potential Customers
17340,30,11,12353.29,1123.0263636363636,337,2010-12-08 15:56:00,2011-11-10 10:45:00,United Kingdom,3,11405.640356164382,Loyal Customers
17341,157,3,682.29,227.43,210,2010-12-08 12:46:00,2011-07-06 12:33:00,United Kingdom,1,392.5504109589041,At Risk Customers
17343,356,1,193.64,193.64,0,2010-12-19 15:07:00,2010-12-19 15:07:00,United Kingdom,1,0.0,At Risk Customers
17344,47,1,157.62,157.62,0,2011-10-24 12:56:00,2011-10-24 12:56:00,United Kingdom,0,0.0,Potential Customers
17345,16,4,519.69,129.9225,181,2011-05-27 12:26:00,2011-11-24 15:03:00,United Kingdom,0,257.7092876712329,Potential Customers
17346,4,15,2622.88,174.85866666666666,370,2010-12-01 14:34:00,2011-12-06 12:18:00,United Kingdom,3,2658.8098630136988,Loyal Customers
17347,87,1,228.96,228.96,0,2011-09-14 13:12:00,2011-09-14 13:12:00,United Kingdom,0,0.0,Potential Customers
17348,15,5,1156.6,231.32,283,2011-02-15 10:49:00,2011-11-25 11:25:00,United Kingdom,0,896.761095890411,Potential Customers
17349,180,1,98.25,98.25,0,2011-06-13 14:29:00,2011-06-13 14:29:00,United Kingdom,1,0.0,At Risk Customers
17350,9,4,1281.32,320.33,43,2011-10-19 16:05:00,2011-12-01 15:47:00,United Kingdom,0,150.95002739726027,Potential Customers
17351,37,3,587.15,195.71666666666664,237,2011-03-11 16:05:00,2011-11-03 18:45:00,United Kingdom,0,381.2453424657533,Potential Customers
17353,130,2,1740.0,870.0,25,2011-07-08 16:17:00,2011-08-02 17:19:00,United Kingdom,0,119.17808219178082,Potential Customers
17354,51,1,1393.06,1393.06,0,2011-10-20 10:34:00,2011-10-20 10:34:00,United Kingdom,0,0.0,Potential Customers
17356,312,1,178.22,178.22,0,2011-02-01 11:07:00,2011-02-01 11:07:00,United Kingdom,1,0.0,At Risk Customers
17357,25,2,384.39,192.195,0,2011-11-15 16:29:00,2011-11-15 16:30:00,United Kingdom,0,0.0,Potential Customers
17358,304,2,360.81,180.405,52,2010-12-19 14:16:00,2011-02-09 16:57:00,United Kingdom,1,51.403068493150684,At Risk Customers
17359,12,1,127.86,127.86,0,2011-11-28 14:37:00,2011-11-28 14:37:00,United Kingdom,0,0.0,Potential Customers
17360,18,3,568.24,189.41333333333333,167,2011-06-08 17:09:00,2011-11-22 13:11:00,United Kingdom,0,259.9892602739726,Potential Customers
17361,50,3,488.2,162.73333333333332,242,2011-02-21 09:55:00,2011-10-21 15:43:00,United Kingdom,0,323.68328767123285,Potential Customers
17362,240,2,312.23,156.115,70,2011-02-03 10:26:00,2011-04-14 14:43:00,United Kingdom,1,59.87972602739726,At Risk Customers
17364,1,11,4462.68,405.69818181818175,331,2011-01-12 16:57:00,2011-12-09 09:00:00,United Kingdom,0,4046.9783013698625,Potential Customers
17365,13,8,4767.36,595.92,320,2011-01-11 12:11:00,2011-11-27 12:13:00,United Kingdom,0,4179.6032876712325,Potential Customers
17367,239,1,167.55,167.55,0,2011-04-15 14:21:00,2011-04-15 14:21:00,United Kingdom,1,0.0,At Risk Customers
17368,24,8,1878.87,234.85875,314,2011-01-06 11:57:00,2011-11-16 15:26:00,United Kingdom,0,1616.3429589041095,Potential Customers
17370,73,4,446.18,111.545,97,2011-06-23 11:50:00,2011-09-28 10:14:00,United Kingdom,0,118.57386301369864,Potential Customers
17371,18,3,418.4,139.46666666666667,344,2010-12-13 15:20:00,2011-11-22 13:30:00,United Kingdom,0,394.3276712328767,Potential Customers
17372,41,8,1337.18,167.1475,322,2010-12-12 12:00:00,2011-10-30 11:37:00,United Kingdom,0,1179.6492054794521,Potential Customers
17373,41,4,646.92,161.73,272,2011-01-31 11:46:00,2011-10-30 15:28:00,United Kingdom,0,482.0883287671233,Potential Customers
17374,219,2,495.77,247.885,63,2011-03-03 12:53:00,2011-05-05 09:05:00,United Kingdom,1,85.57126027397261,At Risk Customers
17375,200,3,400.1,133.36666666666665,162,2010-12-13 15:16:00,2011-05-24 15:45:00,United Kingdom,1,177.57863013698628,At Risk Customers
17376,71,2,203.2,101.6,241,2011-02-01 14:12:00,2011-09-30 12:36:00,United Kingdom,0,134.1676712328767,Potential Customers
17377,24,20,4058.32,202.916,350,2010-12-01 12:35:00,2011-11-16 11:17:00,United Kingdom,3,3891.5397260273967,Loyal Customers
17379,12,1,389.72,389.72,0,2011-11-28 13:56:00,2011-11-28 13:56:00,United Kingdom,0,0.0,Potential Customers
17381,9,29,20275.61,699.1589655172413,364,2010-12-02 12:58:00,2011-12-01 11:59:00,United Kingdom,3,20220.060383561642,Loyal Customers
17382,66,1,65.4,65.4,0,2011-10-05 13:05:00,2011-10-05 13:05:00,United Kingdom,0,0.0,Potential Customers
17383,5,1,193.39,193.39,0,2011-12-05 17:36:00,2011-12-05 17:36:00,United Kingdom,0,0.0,Potential Customers
17384,20,2,336.4,168.2,200,2011-05-04 16:07:00,2011-11-20 15:48:00,United Kingdom,0,184.32876712328766,Potential Customers
17385,15,1,256.11,256.11,0,2011-11-25 11:02:00,2011-11-25 11:02:00,United Kingdom,0,0.0,Potential Customers
17386,8,6,2686.42,447.7366666666666,158,2011-06-27 12:11:00,2011-12-02 11:28:00,United Kingdom,0,1162.8886575342465,Potential Customers
17387,20,2,746.81,373.405,14,2011-11-06 11:25:00,2011-11-20 11:00:00,United Kingdom,0,28.64476712328767,Potential Customers
17388,78,4,1259.56,314.89,210,2011-02-25 12:28:00,2011-09-23 10:31:00,United Kingdom,0,724.6783561643834,Potential Customers
17389,1,34,31833.68,936.2847058823528,331,2011-01-12 15:48:00,2011-12-09 09:38:00,United Kingdom,3,28868.350904109586,Loyal Customers
17391,164,2,508.8,254.4,1,2011-06-28 12:21:00,2011-06-29 09:58:00,United Kingdom,1,1.3939726027397261,At Risk Customers
17392,307,2,417.27,208.635,52,2010-12-16 19:04:00,2011-02-06 12:48:00,United Kingdom,1,59.446684931506844,At Risk Customers
17394,220,1,203.87,203.87,0,2011-05-04 13:22:00,2011-05-04 13:22:00,United Kingdom,1,0.0,At Risk Customers
17396,40,8,7330.8,916.35,332,2010-12-03 09:45:00,2011-10-31 14:12:00,United Kingdom,0,6668.015342465754,Potential Customers
17397,23,2,681.41,340.705,0,2011-11-17 13:58:00,2011-11-17 14:08:00,United Kingdom,0,0.0,Potential Customers
17398,115,3,653.38,217.79333333333332,141,2011-03-29 13:04:00,2011-08-17 09:48:00,United Kingdom,0,252.40158904109592,Potential Customers
17400,127,5,2097.84,419.568,227,2010-12-21 17:16:00,2011-08-05 15:38:00,United Kingdom,0,1304.6840547945205,Potential Customers
17402,5,13,2633.85,202.60384615384612,365,2010-12-05 13:53:00,2011-12-05 10:15:00,United Kingdom,0,2633.8499999999995,Potential Customers
17403,37,1,263.92,263.92,0,2011-11-03 15:18:00,2011-11-03 15:18:00,United Kingdom,0,0.0,Potential Customers
17404,5,15,31906.82,2127.121333333333,356,2010-12-14 13:28:00,2011-12-05 16:26:00,Sweden,3,31120.076493150682,Loyal Customers
17405,2,3,1031.41,343.80333333333334,149,2011-07-12 14:17:00,2011-12-08 17:12:00,United Kingdom,0,421.0413424657535,Potential Customers
17406,334,3,2184.42,728.14,33,2010-12-08 10:35:00,2011-01-10 15:07:00,United Kingdom,1,197.4955068493151,At Risk Customers
17408,164,1,32.65,32.65,0,2011-06-29 12:53:00,2011-06-29 12:53:00,United Kingdom,1,0.0,At Risk Customers
17409,185,2,771.85,385.925,64,2011-04-05 16:42:00,2011-06-08 10:36:00,United Kingdom,1,135.3380821917808,At Risk Customers
17410,17,5,1214.72,242.944,199,2011-05-08 15:21:00,2011-11-23 15:46:00,United Kingdom,0,662.272,Potential Customers
17411,13,3,778.94,259.64666666666665,249,2011-03-23 13:44:00,2011-11-27 14:25:00,United Kingdom,0,531.3864657534245,Potential Customers
17412,3,7,1258.06,179.72285714285715,370,2010-12-02 16:29:00,2011-12-07 11:36:00,United Kingdom,0,1275.293698630137,Potential Customers
17414,44,2,778.0,389.0,141,2011-06-08 11:43:00,2011-10-27 12:13:00,United Kingdom,0,300.54246575342466,Potential Customers
17415,80,1,507.84,507.84,0,2011-09-21 12:50:00,2011-09-21 12:50:00,United Kingdom,0,0.0,Potential Customers
17416,30,7,6893.42,984.7742857142856,252,2011-03-03 13:45:00,2011-11-10 12:47:00,United Kingdom,0,4759.292712328767,Potential Customers
17418,43,2,463.46,231.73,281,2011-01-20 11:39:00,2011-10-28 13:00:00,United Kingdom,0,356.8007123287671,Potential Customers
17419,12,12,4226.57,352.21416666666664,356,2010-12-07 15:03:00,2011-11-28 13:47:00,United Kingdom,0,4122.353205479451,Potential Customers
17420,51,3,598.83,199.61,323,2010-12-01 09:56:00,2011-10-20 14:52:00,United Kingdom,0,529.9235342465754,Potential Customers
17422,17,6,1979.37,329.895,280,2011-02-16 14:44:00,2011-11-23 13:27:00,United Kingdom,0,1518.420821917808,Potential Customers
17423,47,2,698.41,349.205,171,2011-05-06 09:14:00,2011-10-24 13:36:00,United Kingdom,0,327.200301369863,Potential Customers
17425,20,2,759.17,379.585,41,2011-10-10 11:37:00,2011-11-20 15:30:00,United Kingdom,0,85.2766301369863,Potential Customers
17426,9,6,5037.26,839.5433333333333,274,2011-03-02 16:34:00,2011-12-01 18:07:00,United Kingdom,0,3781.395178082192,Potential Customers
17427,72,1,100.8,100.8,0,2011-09-29 11:29:00,2011-09-29 11:29:00,United Kingdom,0,0.0,Potential Customers
17428,1,28,17256.85,616.3160714285714,368,2010-12-06 09:37:00,2011-12-09 09:45:00,United Kingdom,3,17398.687123287673,Loyal Customers
17429,129,3,524.92,174.97333333333333,90,2011-05-05 09:53:00,2011-08-03 13:22:00,United Kingdom,0,129.43232876712327,Potential Customers
17430,33,2,265.76,132.88,333,2010-12-09 13:05:00,2011-11-07 09:24:00,United Kingdom,0,242.46049315068493,Potential Customers
17431,314,1,403.3,403.3,0,2011-01-30 14:36:00,2011-01-30 14:36:00,United Kingdom,1,0.0,At Risk Customers
17432,19,2,365.76,182.88,19,2011-11-02 17:30:00,2011-11-21 17:33:00,United Kingdom,0,19.039561643835615,Potential Customers
17433,89,1,303.16,303.16,0,2011-09-12 14:24:00,2011-09-12 14:24:00,United Kingdom,0,0.0,Potential Customers
17434,3,7,2373.82,339.1171428571428,83,2011-09-15 13:54:00,2011-12-07 13:16:00,United Kingdom,0,539.8001643835617,Potential Customers
17436,2,2,216.3,108.15,225,2011-04-27 11:33:00,2011-12-08 12:30:00,United Kingdom,0,133.33561643835617,Potential Customers
17438,254,1,388.45,388.45,0,2011-03-31 10:26:00,2011-03-31 10:26:00,United Kingdom,1,0.0,At Risk Customers
17440,157,3,186.42,62.14,91,2011-04-06 12:05:00,2011-07-06 11:54:00,United Kingdom,1,46.477315068493155,At Risk Customers
17442,37,6,2248.56,374.76,254,2011-02-22 13:02:00,2011-11-03 09:17:00,United Kingdom,0,1564.7513424657534,Potential Customers
17443,220,1,534.24,534.24,0,2011-05-04 10:47:00,2011-05-04 10:47:00,Canada,1,0.0,At Risk Customers
17444,148,3,2940.04,980.0133333333331,25,2011-06-20 09:04:00,2011-07-15 12:05:00,Canada,0,201.37260273972595,Potential Customers
17446,177,2,120.9,60.45,134,2011-02-02 14:40:00,2011-06-16 10:42:00,United Kingdom,1,44.385205479452054,At Risk Customers
17447,41,2,541.53,270.765,31,2011-09-29 10:10:00,2011-10-30 14:18:00,United Kingdom,0,45.992958904109585,Potential Customers
17449,3,7,2519.21,359.88714285714286,357,2010-12-15 10:57:00,2011-12-07 16:56:00,United Kingdom,0,2463.994438356164,Potential Customers
17450,9,46,194390.79,4225.886739130435,359,2010-12-07 09:23:00,2011-12-01 13:29:00,United Kingdom,2,191195.32495890412,Champions
17451,2,7,1721.4,245.91428571428568,104,2011-08-26 11:54:00,2011-12-08 15:02:00,United Kingdom,0,490.4810958904109,Potential Customers
17453,18,2,486.72,243.36,47,2011-10-06 17:02:00,2011-11-22 09:42:00,United Kingdom,0,62.67353424657534,Potential Customers
17454,193,4,517.53,129.3825,167,2010-12-15 10:54:00,2011-05-31 13:58:00,United Kingdom,1,236.787698630137,At Risk Customers
17455,204,1,131.7,131.7,0,2011-05-20 12:31:00,2011-05-20 12:31:00,United Kingdom,1,0.0,At Risk Customers
17456,366,1,249.86,249.86,0,2010-12-09 15:23:00,2010-12-09 15:23:00,United Kingdom,1,0.0,At Risk Customers
17457,127,5,1737.7,347.54,213,2011-01-04 14:33:00,2011-08-05 12:48:00,United Kingdom,0,1014.0550684931508,Potential Customers
17458,16,1,316.5,316.5,0,2011-11-24 13:01:00,2011-11-24 13:01:00,United Kingdom,0,0.0,Potential Customers
17459,44,2,657.3,328.65,17,2011-10-10 17:00:00,2011-10-27 13:25:00,United Kingdom,0,30.613972602739725,Potential Customers
17460,95,6,622.43,103.73833333333332,279,2010-12-01 16:24:00,2011-09-06 15:04:00,United Kingdom,0,475.77526027397244,Potential Customers
17461,23,3,735.82,245.2733333333333,7,2011-11-10 12:01:00,2011-11-17 10:21:00,United Kingdom,0,14.111616438356164,Potential Customers
17462,61,2,675.69,337.845,224,2011-02-28 17:01:00,2011-10-10 13:56:00,United Kingdom,0,414.67002739726036,Potential Customers
17463,17,5,1875.86,375.172,297,2011-01-30 15:48:00,2011-11-23 13:40:00,United Kingdom,0,1526.3847123287671,Potential Customers
17464,159,1,289.96,289.96,0,2011-07-04 13:19:00,2011-07-04 13:19:00,United Kingdom,1,0.0,At Risk Customers
17466,11,2,763.28,381.64,68,2011-09-22 09:16:00,2011-11-29 13:15:00,United Kingdom,0,142.2001095890411,Potential Customers
17468,11,2,137.0,68.5,4,2011-11-25 12:52:00,2011-11-29 15:33:00,United Kingdom,0,1.5013698630136987,Potential Customers
17469,17,5,1870.97,374.194,188,2011-05-19 08:55:00,2011-11-23 13:15:00,United Kingdom,0,963.677698630137,Potential Customers
17470,45,5,1125.07,225.014,323,2010-12-07 09:57:00,2011-10-26 12:42:00,United Kingdom,0,995.6098904109591,Potential Customers
17472,192,3,697.54,232.51333333333332,108,2011-02-13 14:40:00,2011-06-01 14:57:00,United Kingdom,1,206.39539726027397,At Risk Customers
17475,80,1,194.37,194.37,0,2011-09-21 14:55:00,2011-09-21 14:55:00,United Kingdom,0,0.0,Potential Customers
17480,78,1,511.82,511.82,0,2011-09-23 11:39:00,2011-09-23 11:39:00,United Kingdom,0,0.0,Potential Customers
17481,4,4,1255.59,313.8975,90,2011-09-07 09:57:00,2011-12-06 12:28:00,United Kingdom,0,309.5975342465753,Potential Customers
17483,66,3,414.04,138.01333333333332,118,2011-06-09 19:40:00,2011-10-05 13:10:00,United Kingdom,0,133.85402739726027,Potential Customers
17486,262,1,396.87,396.87,0,2011-03-23 14:00:00,2011-03-23 14:00:00,United Kingdom,1,0.0,At Risk Customers
17489,59,2,376.64,188.32,154,2011-05-11 11:34:00,2011-10-12 08:56:00,United Kingdom,0,158.91112328767122,Potential Customers
17490,1,7,2092.32,298.90285714285716,176,2011-06-16 09:15:00,2011-12-09 09:08:00,United Kingdom,0,1008.8995068493152,Potential Customers
17491,2,10,3558.87,355.887,366,2010-12-07 12:18:00,2011-12-08 16:18:00,United Kingdom,0,3568.6203287671237,Potential Customers
17492,249,1,374.57,374.57,0,2011-04-05 15:21:00,2011-04-05 15:21:00,United Kingdom,1,0.0,At Risk Customers
17495,8,2,497.56,248.78,31,2011-11-01 12:06:00,2011-12-02 12:08:00,United Kingdom,0,42.2585205479452,Potential Customers
17496,359,1,271.05,271.05,0,2010-12-16 08:39:00,2010-12-16 08:39:00,United Kingdom,1,0.0,At Risk Customers
17498,76,1,272.22,272.22,0,2011-09-25 12:25:00,2011-09-25 12:25:00,United Kingdom,0,0.0,Potential Customers
17499,290,1,622.88,622.88,0,2011-02-23 09:14:00,2011-02-23 09:14:00,United Kingdom,1,0.0,At Risk Customers
17500,18,3,1138.0,379.33333333333326,12,2011-11-10 09:08:00,2011-11-22 14:25:00,United Kingdom,0,37.41369863013698,Potential Customers
17501,221,2,288.6,144.3,0,2011-05-03 09:46:00,2011-05-03 09:47:00,United Kingdom,1,0.0,At Risk Customers
17502,10,4,689.1,172.275,20,2011-11-10 16:39:00,2011-11-30 13:13:00,United Kingdom,0,37.75890410958904,Potential Customers
17503,3,2,558.96,279.48,36,2011-11-01 11:12:00,2011-12-07 09:18:00,United Kingdom,0,55.13030136986301,Potential Customers
17504,207,9,2997.03,333.00333333333333,116,2011-01-21 11:09:00,2011-05-17 12:59:00,United Kingdom,1,952.4807671232877,At Risk Customers
17505,162,2,1145.84,572.92,44,2011-05-18 09:01:00,2011-07-01 12:50:00,United Kingdom,1,138.12865753424657,At Risk Customers
17506,76,1,302.2,302.2,0,2011-09-25 11:39:00,2011-09-25 11:39:00,United Kingdom,0,0.0,Potential Customers
17507,262,2,605.58,302.79,48,2011-02-03 18:08:00,2011-03-23 11:48:00,United Kingdom,1,79.63791780821917,At Risk Customers
17508,281,1,387.31,387.31,0,2011-03-04 08:10:00,2011-03-04 08:10:00,Greece,1,0.0,At Risk Customers
17509,58,8,6083.64,760.455,6,2011-10-07 13:14:00,2011-10-13 10:26:00,United Kingdom,0,100.0050410958904,Potential Customers
17510,25,1,308.48,308.48,0,2011-11-15 10:00:00,2011-11-15 10:00:00,United Kingdom,0,0.0,Potential Customers
17511,3,31,91062.38,2937.496129032258,371,2010-12-01 10:19:00,2011-12-07 10:12:00,United Kingdom,2,92559.29583561643,Champions
17512,29,10,2924.99,292.499,273,2011-02-11 12:22:00,2011-11-11 12:11:00,United Kingdom,0,2187.7322465753427,Potential Customers
17513,73,1,513.2,513.2,0,2011-09-28 16:42:00,2011-09-28 16:42:00,United Kingdom,0,0.0,Potential Customers
17514,129,1,208.65,208.65,0,2011-08-03 15:45:00,2011-08-03 15:45:00,United Kingdom,0,0.0,Potential Customers
17515,32,4,639.02,159.755,287,2011-01-25 14:33:00,2011-11-08 14:04:00,United Kingdom,0,502.462301369863,Potential Customers
17516,16,5,764.88,152.976,270,2011-02-27 12:41:00,2011-11-24 16:51:00,United Kingdom,0,565.8016438356165,Potential Customers
17517,309,1,153.94,153.94,0,2011-02-04 11:48:00,2011-02-04 11:48:00,United Kingdom,1,0.0,At Risk Customers
17519,18,6,1844.02,307.33666666666664,351,2010-12-06 15:18:00,2011-11-22 16:43:00,United Kingdom,0,1773.2904657534248,Potential Customers
17520,54,1,546.81,546.81,0,2011-10-17 12:04:00,2011-10-17 12:04:00,United Kingdom,0,0.0,Potential Customers
17521,30,3,723.21,241.07,170,2011-05-24 15:14:00,2011-11-10 11:22:00,United Kingdom,0,336.83753424657533,Potential Customers
17522,2,5,1070.71,214.142,217,2011-05-05 16:31:00,2011-12-08 12:31:00,United Kingdom,0,636.559095890411,Potential Customers
17523,12,4,652.74,163.185,8,2011-11-20 13:40:00,2011-11-28 13:20:00,United Kingdom,0,14.306630136986302,Potential Customers
17524,362,1,145.0,145.0,0,2010-12-13 14:32:00,2010-12-13 14:32:00,United Kingdom,1,0.0,At Risk Customers
17525,360,1,422.7,422.7,0,2010-12-15 12:05:00,2010-12-15 12:05:00,United Kingdom,1,0.0,At Risk Customers
17526,5,4,1195.9,298.975,361,2010-12-09 12:20:00,2011-12-05 11:05:00,United Kingdom,0,1182.7942465753426,Potential Customers
17527,54,4,939.37,234.8425,165,2011-05-05 13:43:00,2011-10-17 12:32:00,United Kingdom,0,424.6467123287671,Potential Customers
17528,2,8,3628.5,453.5625,70,2011-09-29 13:04:00,2011-12-08 13:27:00,United Kingdom,0,695.8767123287671,Potential Customers
17530,2,10,2367.12,236.712,364,2010-12-09 20:01:00,2011-12-08 18:42:00,United Kingdom,0,2360.6347397260274,Potential Customers
17531,191,1,296.7,296.7,0,2011-06-02 19:17:00,2011-06-02 19:17:00,United Kingdom,1,0.0,At Risk Customers
17534,54,1,223.36,223.36,0,2011-10-17 12:47:00,2011-10-17 12:47:00,United Kingdom,0,0.0,Potential Customers
17535,281,1,164.4,164.4,0,2011-03-04 15:20:00,2011-03-04 15:20:00,United Kingdom,1,0.0,At Risk Customers
17536,178,1,76.5,76.5,0,2011-06-15 13:23:00,2011-06-15 13:23:00,United Kingdom,1,0.0,At Risk Customers
17537,30,2,887.67,443.835,274,2011-02-09 13:37:00,2011-11-10 10:56:00,United Kingdom,0,666.3604931506849,Potential Customers
17538,26,1,98.42,98.42,0,2011-11-14 12:12:00,2011-11-14 12:12:00,United Kingdom,0,0.0,Potential Customers
17540,25,2,578.9,289.45,292,2011-01-27 14:35:00,2011-11-15 11:56:00,United Kingdom,0,463.12,Potential Customers
17542,270,1,170.75,170.75,0,2011-03-15 11:45:00,2011-03-15 11:45:00,United Kingdom,1,0.0,At Risk Customers
17545,44,3,642.32,214.10666666666663,0,2011-10-27 13:48:00,2011-10-27 14:04:00,United Kingdom,0,0.0,Potential Customers
17548,234,1,103.3,103.3,0,2011-04-20 12:01:00,2011-04-20 12:01:00,United Kingdom,1,0.0,At Risk Customers
17549,24,2,148.86,74.43,28,2011-10-19 10:05:00,2011-11-16 09:59:00,United Kingdom,0,11.419397260273975,Potential Customers
17550,198,3,267.16,89.05333333333333,46,2011-04-10 15:19:00,2011-05-26 14:09:00,United Kingdom,1,33.669479452054794,At Risk Customers
17551,360,1,290.34,290.34,0,2010-12-15 14:12:00,2010-12-15 14:12:00,United Kingdom,1,0.0,At Risk Customers
17552,61,4,930.41,232.6025,312,2010-12-02 18:45:00,2011-10-10 17:00:00,United Kingdom,0,795.3093698630137,Potential Customers
17553,130,1,1487.6,1487.6,0,2011-08-02 10:00:00,2011-08-02 10:00:00,United Kingdom,0,0.0,Potential Customers
17554,2,5,1952.45,390.49,147,2011-07-14 20:01:00,2011-12-08 14:15:00,United Kingdom,0,786.3291780821918,Potential Customers
17555,20,2,480.31,240.155,315,2011-01-09 12:31:00,2011-11-20 12:22:00,United Kingdom,0,414.5141095890411,Potential Customers
17556,206,1,157.9,157.9,0,2011-05-18 10:48:00,2011-05-18 10:48:00,United Kingdom,1,0.0,At Risk Customers
17557,15,3,541.46,180.48666666666665,67,2011-09-19 14:23:00,2011-11-25 12:57:00,United Kingdom,0,99.39128767123286,Potential Customers
17560,95,4,854.95,213.7375,216,2011-02-02 11:14:00,2011-09-06 09:18:00,United Kingdom,0,505.9430136986302,Potential Customers
17561,20,1,165.12,165.12,0,2011-11-20 12:53:00,2011-11-20 12:53:00,United Kingdom,0,0.0,Potential Customers
17562,15,7,1122.38,160.34,159,2011-06-19 13:06:00,2011-11-25 14:21:00,United Kingdom,0,488.9271780821918,Potential Customers
17564,25,3,454.01,151.33666666666667,56,2011-09-20 14:00:00,2011-11-15 13:27:00,United Kingdom,0,69.65632876712328,Potential Customers
17566,9,2,869.77,434.885,17,2011-11-14 13:42:00,2011-12-01 19:54:00,United Kingdom,0,40.50983561643836,Potential Customers
17567,8,8,4331.48,541.435,365,2010-12-02 15:18:00,2011-12-02 15:48:00,United Kingdom,0,4331.48,Potential Customers
17569,333,1,344.14,344.14,0,2011-01-11 14:15:00,2011-01-11 14:15:00,United Kingdom,1,0.0,At Risk Customers
17571,51,4,1425.67,356.4175,248,2011-02-14 15:15:00,2011-10-20 15:57:00,United Kingdom,0,968.6744109589041,Potential Customers
17572,72,4,226.75,56.6875,302,2010-12-01 12:51:00,2011-09-29 17:53:00,United Kingdom,0,187.6123287671233,Potential Customers
17573,30,3,380.6,126.86666666666666,64,2011-09-07 10:36:00,2011-11-10 13:01:00,United Kingdom,0,66.73534246575342,Potential Customers
17574,243,1,185.65,185.65,0,2011-04-11 09:47:00,2011-04-11 09:47:00,United Kingdom,1,0.0,At Risk Customers
17576,9,19,3564.83,187.62263157894736,357,2010-12-09 16:57:00,2011-12-01 17:56:00,United Kingdom,3,3486.6967397260273,Loyal Customers
17578,219,1,143.46,143.46,0,2011-05-05 18:38:00,2011-05-05 18:38:00,United Kingdom,1,0.0,At Risk Customers
17579,5,3,448.9,149.63333333333333,175,2011-06-13 14:12:00,2011-12-05 12:28:00,United Kingdom,0,215.22602739726025,Potential Customers
17580,253,3,215.72,71.90666666666667,106,2010-12-16 15:27:00,2011-04-01 12:41:00,United Kingdom,1,62.64745205479451,At Risk Customers
17581,1,25,11025.24,441.0096,372,2010-12-02 14:47:00,2011-12-09 12:21:00,United Kingdom,3,11236.68295890411,Loyal Customers
17582,237,1,175.27,175.27,0,2011-04-17 13:18:00,2011-04-17 13:18:00,United Kingdom,1,0.0,At Risk Customers
17584,8,2,1242.3,621.15,120,2011-08-04 14:12:00,2011-12-02 17:12:00,United Kingdom,0,408.42739726027395,Potential Customers
17585,110,4,1116.68,279.17,229,2011-01-05 15:09:00,2011-08-22 13:30:00,United Kingdom,0,700.6019726027397,Potential Customers
17588,101,3,1240.2,413.4,132,2011-04-21 10:31:00,2011-08-31 13:37:00,United Kingdom,0,448.5106849315068,Potential Customers
17589,61,4,2404.17,601.0425,180,2011-04-13 13:47:00,2011-10-10 16:58:00,United Kingdom,0,1185.6180821917808,Potential Customers
17590,3,3,1468.02,489.34,38,2011-10-30 14:05:00,2011-12-07 12:55:00,United Kingdom,0,152.83495890410958,Potential Customers
17591,74,7,2203.67,314.81,294,2010-12-07 15:39:00,2011-09-27 13:42:00,United Kingdom,0,1775.010904109589,Potential Customers
17593,4,5,3923.86,784.772,349,2010-12-22 10:29:00,2011-12-06 10:30:00,United Kingdom,0,3751.8551780821917,Potential Customers
17594,86,2,993.18,496.59,169,2011-03-30 10:32:00,2011-09-15 16:34:00,United Kingdom,0,459.85594520547943,Potential Customers
17595,13,2,386.69,193.345,25,2011-11-02 16:19:00,2011-11-27 16:08:00,United Kingdom,0,26.485616438356164,Potential Customers
17596,24,7,2806.69,400.9557142857143,345,2010-12-06 12:34:00,2011-11-16 14:11:00,United Kingdom,0,2652.8987671232876,Potential Customers
17597,214,1,2044.37,2044.37,0,2011-05-10 11:54:00,2011-05-10 11:54:00,United Kingdom,1,0.0,At Risk Customers
17600,18,1,161.67,161.67,0,2011-11-22 09:43:00,2011-11-22 09:43:00,United Kingdom,0,0.0,Potential Customers
17601,240,1,116.01,116.01,0,2011-04-14 18:02:00,2011-04-14 18:02:00,United Kingdom,1,0.0,At Risk Customers
17602,3,6,5054.42,842.4033333333333,322,2011-01-19 16:18:00,2011-12-07 13:53:00,United Kingdom,0,4458.9677808219185,Potential Customers
17603,79,1,394.72,394.72,0,2011-09-22 14:18:00,2011-09-22 14:18:00,United Kingdom,0,0.0,Potential Customers
17604,218,2,309.36,154.68,95,2011-01-31 15:09:00,2011-05-06 13:43:00,United Kingdom,1,80.51835616438356,At Risk Customers
17608,34,2,191.99,95.995,0,2011-11-06 13:00:00,2011-11-06 13:06:00,United Kingdom,0,0.0,Potential Customers
17609,41,5,1105.78,221.156,287,2011-01-16 16:23:00,2011-10-30 12:28:00,United Kingdom,0,869.4763287671233,Potential Customers
17611,8,15,3961.12,264.07466666666664,354,2010-12-13 13:52:00,2011-12-02 13:29:00,United Kingdom,3,3841.743780821918,Loyal Customers
17612,54,6,2048.45,341.4083333333333,244,2011-02-15 10:40:00,2011-10-17 14:59:00,United Kingdom,0,1369.374794520548,Potential Customers
17613,23,14,4544.55,324.61071428571427,283,2011-02-07 11:20:00,2011-11-17 10:51:00,United Kingdom,0,3523.5826027397256,Potential Customers
17614,58,1,386.32,386.32,0,2011-10-13 16:01:00,2011-10-13 16:01:00,United Kingdom,0,0.0,Potential Customers
17615,131,3,329.6,109.86666666666666,92,2011-05-01 15:33:00,2011-08-01 14:06:00,United Kingdom,0,83.0772602739726,Potential Customers
17616,174,3,571.2,190.4,194,2010-12-07 10:04:00,2011-06-19 10:11:00,United Kingdom,1,303.5967123287672,At Risk Customers
17618,6,3,930.28,310.0933333333333,357,2010-12-12 16:05:00,2011-12-04 11:50:00,United Kingdom,0,909.890301369863,Potential Customers
17619,313,1,214.37,214.37,0,2011-01-31 14:18:00,2011-01-31 14:18:00,United Kingdom,1,0.0,At Risk Customers
17620,60,1,81.44,81.44,0,2011-10-11 12:08:00,2011-10-11 12:08:00,United Kingdom,0,0.0,Potential Customers
17621,22,3,1379.9,459.96666666666664,333,2010-12-20 13:31:00,2011-11-18 17:11:00,United Kingdom,0,1258.9224657534246,Potential Customers
17623,33,1,527.05,527.05,0,2011-11-07 11:32:00,2011-11-07 11:32:00,United Kingdom,0,0.0,Potential Customers
17624,15,2,843.48,421.74,204,2011-05-05 17:59:00,2011-11-25 10:52:00,United Kingdom,0,471.42443835616444,Potential Customers
17625,19,4,2020.4,505.1,239,2011-03-27 12:21:00,2011-11-21 13:36:00,United Kingdom,0,1322.9468493150684,Potential Customers
17628,82,1,75.75,75.75,0,2011-09-19 15:21:00,2011-09-19 15:21:00,United Kingdom,0,0.0,Potential Customers
17629,6,8,1814.12,226.765,354,2010-12-15 09:58:00,2011-12-04 10:56:00,United Kingdom,0,1759.4478904109587,Potential Customers
17630,170,2,503.6,251.8,63,2011-04-21 14:03:00,2011-06-23 11:58:00,United Kingdom,1,86.9227397260274,At Risk Customers
17631,2,3,528.33,176.11,231,2011-04-21 13:22:00,2011-12-08 09:47:00,United Kingdom,0,334.3677534246575,Potential Customers
17633,32,4,1324.84,331.21,89,2011-08-11 15:43:00,2011-11-08 13:25:00,United Kingdom,0,323.04317808219173,Potential Customers
17634,37,9,2358.59,262.06555555555553,301,2011-01-06 12:45:00,2011-11-03 13:09:00,United Kingdom,0,1945.02901369863,Potential Customers
17636,20,1,285.56,285.56,0,2011-11-20 14:40:00,2011-11-20 14:40:00,United Kingdom,0,0.0,Potential Customers
17637,32,2,547.06,273.53,84,2011-08-16 13:25:00,2011-11-08 12:51:00,United Kingdom,0,125.89873972602739,Potential Customers
17639,277,1,108.5,108.5,0,2011-03-08 15:22:00,2011-03-08 15:22:00,United Kingdom,1,0.0,At Risk Customers
17640,87,1,621.66,621.66,0,2011-09-14 09:13:00,2011-09-14 09:13:00,United Kingdom,0,0.0,Potential Customers
17642,120,2,712.29,356.145,57,2011-06-16 12:55:00,2011-08-12 09:11:00,United Kingdom,0,111.23432876712327,Potential Customers
17643,374,1,101.55,101.55,0,2010-12-01 14:38:00,2010-12-01 14:38:00,United Kingdom,1,0.0,At Risk Customers
17644,2,11,2895.64,263.24,259,2011-03-24 09:44:00,2011-12-08 13:43:00,United Kingdom,0,2054.7144109589044,Potential Customers
17646,220,3,1008.39,336.13,146,2010-12-09 14:28:00,2011-05-04 13:17:00,United Kingdom,1,403.356,At Risk Customers
17647,66,1,133.06,133.06,0,2011-10-05 15:38:00,2011-10-05 15:38:00,United Kingdom,0,0.0,Potential Customers
17648,61,4,1797.5,449.375,189,2011-04-04 10:29:00,2011-10-10 09:41:00,United Kingdom,0,930.7602739726027,Potential Customers
17649,139,1,868.49,868.49,0,2011-07-24 15:53:00,2011-07-24 15:53:00,United Kingdom,0,0.0,Potential Customers
17650,22,1,166.08,166.08,0,2011-11-18 14:52:00,2011-11-18 14:52:00,United Kingdom,0,0.0,Potential Customers
17651,12,10,3945.0,394.5,166,2011-06-15 15:57:00,2011-11-28 10:29:00,United Kingdom,0,1794.164383561644,Potential Customers
17652,26,12,4867.72,405.64333333333326,256,2011-03-03 14:05:00,2011-11-14 12:55:00,United Kingdom,0,3414.072109589041,Potential Customers
17653,37,4,1207.56,301.89,84,2011-08-11 15:24:00,2011-11-03 12:46:00,United Kingdom,0,277.9042191780822,Potential Customers
17654,278,1,117.55,117.55,0,2011-03-07 13:17:00,2011-03-07 13:17:00,United Kingdom,1,0.0,At Risk Customers
17655,11,7,2638.94,376.99142857142857,356,2010-12-08 16:45:00,2011-11-29 11:34:00,United Kingdom,0,2573.8702465753427,Potential Customers
17656,74,5,1674.69,334.938,55,2011-08-03 10:45:00,2011-09-27 13:04:00,United Kingdom,0,252.35054794520548,Potential Customers
17658,26,2,595.42,297.71,186,2011-05-12 15:23:00,2011-11-14 12:07:00,United Kingdom,0,303.41950684931504,Potential Customers
17659,18,12,2999.46,249.955,355,2010-12-02 16:46:00,2011-11-22 13:29:00,United Kingdom,0,2917.2830136986304,Potential Customers
17660,142,1,178.75,178.75,0,2011-07-21 13:37:00,2011-07-21 13:37:00,United Kingdom,0,0.0,Potential Customers
17663,26,7,1802.91,257.55857142857144,262,2011-02-25 14:11:00,2011-11-14 08:56:00,United Kingdom,0,1294.1436164383563,Potential Customers
17664,19,2,604.64,302.32,194,2011-05-11 14:17:00,2011-11-21 11:29:00,United Kingdom,0,321.37030136986306,Potential Customers
17666,4,2,728.16,364.08,62,2011-10-05 11:06:00,2011-12-06 09:06:00,United Kingdom,0,123.6874520547945,Potential Customers
17667,67,5,2055.51,411.102,232,2011-02-14 09:24:00,2011-10-04 14:32:00,United Kingdom,0,1306.5159452054795,Potential Customers
17668,2,2,347.75,173.875,37,2011-11-01 14:45:00,2011-12-08 13:25:00,United Kingdom,0,35.2513698630137,Potential Customers
17669,43,7,3406.72,486.6742857142857,207,2011-04-04 10:11:00,2011-10-28 08:53:00,United Kingdom,0,1932.0302465753423,Potential Customers
17670,228,1,205.7,205.7,0,2011-04-26 09:12:00,2011-04-26 09:12:00,United Kingdom,1,0.0,At Risk Customers
17671,16,4,1572.71,393.1775,350,2010-12-09 14:27:00,2011-11-24 12:21:00,United Kingdom,0,1508.0780821917808,Potential Customers
17672,51,2,3178.17,1589.085,259,2011-02-03 13:29:00,2011-10-20 14:18:00,United Kingdom,0,2255.194602739726,Potential Customers
17673,2,6,1594.97,265.8283333333333,319,2011-01-23 15:16:00,2011-12-08 12:50:00,United Kingdom,0,1393.9600821917807,Potential Customers
17674,75,2,551.04,275.52,294,2010-12-06 10:20:00,2011-09-26 13:35:00,United Kingdom,0,443.8513972602739,Potential Customers
17675,2,31,20374.28,657.2348387096774,366,2010-12-07 13:22:00,2011-12-08 18:03:00,United Kingdom,3,20430.099945205482,Loyal Customers
17676,5,6,1371.18,228.53,362,2010-12-08 13:49:00,2011-12-05 15:16:00,United Kingdom,0,1359.9100273972604,Potential Customers
17677,2,30,16345.38,544.846,367,2010-12-06 08:42:00,2011-12-08 09:56:00,United Kingdom,3,16434.9437260274,Loyal Customers
17678,264,1,298.11,298.11,0,2011-03-21 11:52:00,2011-03-21 11:52:00,United Kingdom,1,0.0,At Risk Customers
17679,53,2,1992.11,996.055,33,2011-09-15 10:35:00,2011-10-18 07:43:00,United Kingdom,0,180.10857534246574,Potential Customers
17680,24,1,184.4,184.4,0,2011-11-16 12:42:00,2011-11-16 12:42:00,United Kingdom,0,0.0,Potential Customers
17682,11,6,2474.33,412.38833333333326,358,2010-12-06 13:35:00,2011-11-29 15:59:00,United Kingdom,0,2426.87709589041,Potential Customers
17684,44,1,239.41,239.41,0,2011-10-27 11:10:00,2011-10-27 11:10:00,United Kingdom,0,0.0,Potential Customers
17685,17,7,3155.83,450.8328571428571,356,2010-12-02 14:42:00,2011-11-23 11:36:00,United Kingdom,0,3078.01501369863,Potential Customers
17686,8,7,5739.46,819.9228571428571,295,2011-02-10 10:18:00,2011-12-02 15:39:00,United Kingdom,0,4638.741643835616,Potential Customers
17690,31,15,4726.8,315.12,343,2010-12-01 16:15:00,2011-11-09 15:17:00,United Kingdom,3,4441.89698630137,Loyal Customers
17691,359,2,290.4,145.2,10,2010-12-06 11:10:00,2010-12-16 17:20:00,United Kingdom,1,7.956164383561643,At Risk Customers
17692,128,4,740.94,185.235,232,2010-12-15 13:37:00,2011-08-04 14:01:00,United Kingdom,0,470.9536438356165,Potential Customers
17693,138,1,200.47,200.47,0,2011-07-25 15:48:00,2011-07-25 15:48:00,United Kingdom,0,0.0,Potential Customers
17694,142,1,283.12,283.12,0,2011-07-21 12:00:00,2011-07-21 12:00:00,United Kingdom,0,0.0,Potential Customers
17695,132,2,765.34,382.67,40,2011-06-21 12:35:00,2011-07-31 10:40:00,United Kingdom,0,83.87287671232876,Potential Customers
17696,39,8,2285.71,285.71375,326,2010-12-10 09:51:00,2011-11-01 13:43:00,United Kingdom,0,2041.4834520547945,Potential Customers
17697,237,1,338.95,338.95,0,2011-04-17 15:40:00,2011-04-17 15:40:00,United Kingdom,1,0.0,At Risk Customers
17698,261,1,154.95,154.95,0,2011-03-24 11:34:00,2011-03-24 11:34:00,United Kingdom,1,0.0,At Risk Customers
17700,17,4,2534.64,633.66,265,2011-03-03 16:34:00,2011-11-23 11:51:00,United Kingdom,0,1840.2180821917807,Potential Customers
17701,253,1,417.95,417.95,0,2011-04-01 12:25:00,2011-04-01 12:25:00,United Kingdom,1,0.0,At Risk Customers
17702,31,4,1824.37,456.0925,176,2011-05-17 16:23:00,2011-11-09 16:03:00,United Kingdom,0,879.6962191780822,Potential Customers
17703,36,3,798.74,266.2466666666666,103,2011-07-24 13:30:00,2011-11-04 15:51:00,United Kingdom,0,225.39786301369858,Potential Customers
17704,169,2,885.19,442.595,71,2011-04-14 09:28:00,2011-06-24 09:40:00,United Kingdom,1,172.18764383561646,At Risk Customers
17705,4,9,1823.52,202.61333333333332,298,2011-02-11 10:57:00,2011-12-06 13:45:00,United Kingdom,0,1488.7916712328765,Potential Customers
17706,5,17,10504.49,617.9111764705882,362,2010-12-08 11:02:00,2011-12-05 13:34:00,United Kingdom,3,10418.151726027398,Loyal Customers
17707,186,2,152.4,76.2,151,2011-01-07 13:30:00,2011-06-07 15:03:00,United Kingdom,1,63.047671232876716,At Risk Customers
17708,188,2,263.33,131.665,137,2011-01-19 10:09:00,2011-06-05 10:12:00,United Kingdom,1,98.8389315068493,At Risk Customers
17709,170,1,137.45,137.45,0,2011-06-23 11:55:00,2011-06-23 11:55:00,United Kingdom,1,0.0,At Risk Customers
17711,11,2,385.1,192.55,279,2011-02-23 11:32:00,2011-11-29 11:40:00,United Kingdom,0,294.3641095890411,Potential Customers
17712,45,1,522.91,522.91,0,2011-10-26 12:28:00,2011-10-26 12:28:00,United Kingdom,0,0.0,Potential Customers
17714,321,1,153.0,153.0,0,2011-01-23 10:32:00,2011-01-23 10:32:00,United Kingdom,1,0.0,At Risk Customers
17715,201,1,326.4,326.4,0,2011-05-23 12:32:00,2011-05-23 12:32:00,United Kingdom,1,0.0,At Risk Customers
17716,23,11,5655.99,514.180909090909,245,2011-03-17 10:38:00,2011-11-17 12:00:00,United Kingdom,0,3796.4864383561644,Potential Customers
17718,233,1,139.35,139.35,0,2011-04-21 13:39:00,2011-04-21 13:39:00,United Kingdom,1,0.0,At Risk Customers
17719,38,15,5396.04,359.736,218,2011-03-29 11:29:00,2011-11-02 10:36:00,United Kingdom,3,3222.840328767123,Loyal Customers
17720,27,4,1195.94,298.985,341,2010-12-07 10:43:00,2011-11-13 15:04:00,United Kingdom,0,1117.3028493150687,Potential Customers
17722,97,4,2424.04,606.01,270,2010-12-08 12:41:00,2011-09-04 15:22:00,United Kingdom,0,1793.1254794520546,Potential Customers
17723,128,6,3276.4,546.0666666666666,87,2011-05-09 14:44:00,2011-08-04 18:37:00,United Kingdom,0,780.9501369863012,Potential Customers
17724,72,3,1033.0,344.3333333333333,67,2011-07-24 13:26:00,2011-09-29 15:26:00,United Kingdom,0,189.61917808219178,Potential Customers
17725,17,11,3439.08,312.6436363636364,251,2011-03-17 19:47:00,2011-11-23 16:34:00,United Kingdom,0,2364.956383561644,Potential Customers
17727,16,1,1060.25,1060.25,0,2011-11-24 17:06:00,2011-11-24 17:06:00,United Kingdom,0,0.0,Potential Customers
17728,4,3,2876.01,958.67,83,2011-09-14 11:39:00,2011-12-06 08:52:00,United Kingdom,0,653.996794520548,Potential Customers
17730,4,13,5298.48,407.5753846153846,323,2011-01-17 14:49:00,2011-12-06 15:43:00,United Kingdom,0,4688.791890410959,Potential Customers
17731,80,4,1240.11,310.0275,104,2011-06-09 14:18:00,2011-09-21 15:02:00,United Kingdom,0,353.3464109589041,Potential Customers
17732,373,1,303.97,303.97,0,2010-12-02 09:29:00,2010-12-02 09:29:00,United Kingdom,1,0.0,At Risk Customers
17733,39,2,692.19,346.095,223,2011-03-23 09:54:00,2011-11-01 08:16:00,United Kingdom,0,422.89964383561653,Potential Customers
17734,54,3,700.63,233.54333333333332,180,2011-04-20 10:04:00,2011-10-17 12:33:00,United Kingdom,0,345.5161643835616,Potential Customers
17735,3,19,13110.02,690.0010526315789,365,2010-12-07 10:32:00,2011-12-07 16:47:00,United Kingdom,3,13110.019999999999,Loyal Customers
17736,10,3,377.44,125.81333333333332,104,2011-08-18 14:33:00,2011-11-30 15:36:00,United Kingdom,0,107.54454794520547,Potential Customers
17737,10,2,168.24,84.12,49,2011-10-12 14:42:00,2011-11-30 15:16:00,United Kingdom,0,22.58564383561644,Potential Customers
17738,20,4,1879.05,469.7625,263,2011-03-02 16:26:00,2011-11-20 15:05:00,United Kingdom,0,1353.9456164383562,Potential Customers
17739,12,7,2791.35,398.7642857142857,349,2010-12-14 14:26:00,2011-11-28 09:12:00,United Kingdom,0,2668.989452054794,Potential Customers
17742,114,2,355.11,177.555,219,2011-01-11 10:04:00,2011-08-18 15:28:00,United Kingdom,0,213.066,Potential Customers
17744,4,6,2322.4,387.06666666666666,355,2010-12-16 14:17:00,2011-12-06 12:11:00,United Kingdom,0,2258.772602739726,Potential Customers
17746,241,1,110.25,110.25,0,2011-04-13 14:31:00,2011-04-13 14:31:00,United Kingdom,1,0.0,At Risk Customers
17747,113,1,71.4,71.4,0,2011-08-19 08:13:00,2011-08-19 08:13:00,United Kingdom,0,0.0,Potential Customers
17749,179,2,674.52,337.26,78,2011-03-28 13:39:00,2011-06-14 15:45:00,United Kingdom,1,144.144,At Risk Customers
17750,6,9,1710.45,190.05,159,2011-06-28 15:44:00,2011-12-04 14:09:00,United Kingdom,0,745.1001369863013,Potential Customers
17752,360,1,80.64,80.64,0,2010-12-15 16:19:00,2010-12-15 16:19:00,United Kingdom,1,0.0,At Risk Customers
17754,1,5,1664.65,332.93,260,2011-03-24 13:54:00,2011-12-09 11:20:00,United Kingdom,0,1185.7780821917809,Potential Customers
17757,2,30,5593.39,186.4463333333333,371,2010-12-02 17:17:00,2011-12-08 15:31:00,United Kingdom,3,5685.3361369863005,Loyal Customers
17758,20,8,3408.2,426.025,231,2011-04-03 15:22:00,2011-11-20 14:45:00,United Kingdom,0,2156.970410958904,Potential Customers
17759,18,3,819.96,273.32,152,2011-06-23 13:35:00,2011-11-22 16:02:00,United Kingdom,0,341.46279452054796,Potential Customers
17760,22,2,287.59,143.795,352,2010-12-01 15:08:00,2011-11-18 10:56:00,United Kingdom,0,277.3470684931507,Potential Customers
17761,33,1,712.78,712.78,0,2011-11-07 10:23:00,2011-11-07 10:23:00,United Kingdom,0,0.0,Potential Customers
17763,264,1,15.0,15.0,0,2011-03-21 14:25:00,2011-03-21 14:25:00,United Kingdom,1,0.0,At Risk Customers
17764,51,2,772.55,386.275,161,2011-05-12 16:11:00,2011-10-20 11:03:00,United Kingdom,0,340.7686301369863,Potential Customers
17765,159,3,367.63,122.54333333333332,98,2011-03-28 11:58:00,2011-07-04 12:41:00,United Kingdom,1,98.70613698630137,At Risk Customers
17767,16,1,271.2,271.2,0,2011-11-24 14:42:00,2011-11-24 14:42:00,United Kingdom,0,0.0,Potential Customers
17768,9,3,2081.9,693.9666666666666,158,2011-06-26 13:46:00,2011-12-01 13:22:00,United Kingdom,0,901.2060273972601,Potential Customers
17769,13,10,3957.43,395.743,308,2011-01-23 11:15:00,2011-11-27 11:18:00,United Kingdom,0,3339.4203835616436,Potential Customers
17770,199,5,1143.27,228.654,84,2011-03-02 13:35:00,2011-05-25 12:34:00,United Kingdom,1,263.1087123287671,At Risk Customers
17771,57,2,245.81,122.905,267,2011-01-20 14:13:00,2011-10-14 11:43:00,United Kingdom,0,179.811698630137,Potential Customers
17772,11,2,173.45,86.725,0,2011-11-29 10:57:00,2011-11-29 11:05:00,United Kingdom,0,0.0,Potential Customers
17774,97,4,1213.73,303.4325,209,2011-02-07 13:13:00,2011-09-04 12:49:00,United Kingdom,0,694.9851232876712,Potential Customers
17775,255,1,56.4,56.4,0,2011-03-30 10:50:00,2011-03-30 10:50:00,United Kingdom,1,0.0,At Risk Customers
17777,25,3,647.56,215.85333333333332,76,2011-08-31 14:35:00,2011-11-15 12:02:00,United Kingdom,0,134.8344109589041,Potential Customers
17779,22,3,650.32,216.7733333333333,122,2011-07-19 12:19:00,2011-11-18 14:15:00,United Kingdom,0,217.3672328767123,Potential Customers
17781,160,2,188.02,94.01,94,2011-03-31 19:54:00,2011-07-03 16:00:00,United Kingdom,1,48.42158904109589,At Risk Customers
17783,73,2,283.47,141.735,175,2011-04-06 10:07:00,2011-09-28 16:07:00,United Kingdom,0,135.91027397260274,Potential Customers
17785,54,1,131.94,131.94,0,2011-10-17 13:43:00,2011-10-17 13:43:00,United Kingdom,0,0.0,Potential Customers
17786,86,2,266.85,133.425,232,2011-01-26 14:35:00,2011-09-15 12:51:00,United Kingdom,0,169.6142465753425,Potential Customers
17787,153,4,1817.54,454.385,219,2010-12-03 13:43:00,2011-07-10 11:24:00,United Kingdom,1,1090.524,At Risk Customers
17788,74,2,1117.9,558.95,56,2011-08-02 10:38:00,2011-09-27 10:09:00,United Kingdom,0,171.51342465753427,Potential Customers
17789,282,1,225.9,225.9,0,2011-03-03 13:14:00,2011-03-03 13:14:00,United Kingdom,1,0.0,At Risk Customers
17790,27,14,1964.3,140.30714285714285,338,2010-12-10 10:47:00,2011-11-13 11:30:00,United Kingdom,0,1818.9956164383561,Potential Customers
17791,30,1,106.1,106.1,0,2011-11-10 12:09:00,2011-11-10 12:09:00,United Kingdom,0,0.0,Potential Customers
17793,26,1,300.34,300.34,0,2011-11-14 14:24:00,2011-11-14 14:24:00,United Kingdom,0,0.0,Potential Customers
17795,180,2,342.83,171.415,85,2011-03-20 12:02:00,2011-06-13 12:36:00,United Kingdom,1,79.83712328767122,At Risk Customers
17796,41,4,690.0,172.5,329,2010-12-05 12:23:00,2011-10-30 15:38:00,United Kingdom,0,621.945205479452,Potential Customers
17797,23,3,780.43,260.1433333333333,160,2011-06-10 11:29:00,2011-11-17 13:21:00,United Kingdom,0,342.106301369863,Potential Customers
17799,23,10,3039.17,303.917,339,2010-12-13 13:10:00,2011-11-17 15:16:00,United Kingdom,0,2822.6811780821913,Potential Customers
17800,38,9,1187.21,131.91222222222223,297,2011-01-09 13:50:00,2011-11-02 12:57:00,United Kingdom,0,966.0311506849315,Potential Customers
17802,83,3,1285.04,428.34666666666664,290,2010-12-02 13:44:00,2011-09-18 14:56:00,United Kingdom,0,1020.9906849315067,Potential Customers
17805,74,1,512.31,512.31,0,2011-09-27 11:49:00,2011-09-27 11:49:00,United Kingdom,0,0.0,Potential Customers
17806,12,1,546.04,546.04,0,2011-11-28 14:12:00,2011-11-28 14:12:00,United Kingdom,0,0.0,Potential Customers
17809,17,12,5411.91,450.9925,357,2010-12-01 09:41:00,2011-11-23 12:59:00,United Kingdom,0,5293.292794520547,Potential Customers
17811,5,39,7761.82,199.02102564102563,329,2011-01-10 10:58:00,2011-12-05 13:46:00,United Kingdom,3,6996.270630136985,Loyal Customers
17812,13,4,699.81,174.9525,356,2010-12-06 15:27:00,2011-11-27 11:47:00,United Kingdom,0,682.5544109589041,Potential Customers
17813,15,5,1698.07,339.614,57,2011-09-29 15:57:00,2011-11-25 16:13:00,United Kingdom,0,265.1780547945205,Potential Customers
17816,37,4,36.56,9.14,329,2010-12-09 14:10:00,2011-11-03 11:34:00,United Kingdom,0,32.95408219178082,Potential Customers
17817,5,3,387.68,129.22666666666666,273,2011-03-07 17:30:00,2011-12-05 14:39:00,United Kingdom,0,289.96339726027395,Potential Customers
17819,72,7,3704.87,529.2671428571429,300,2010-12-03 14:26:00,2011-09-29 10:52:00,United Kingdom,0,3045.0986301369862,Potential Customers
17824,52,1,298.4,298.4,0,2011-10-19 14:14:00,2011-10-19 14:14:00,United Kingdom,0,0.0,Potential Customers
17827,6,5,1987.33,397.466,359,2010-12-10 10:18:00,2011-12-04 15:00:00,United Kingdom,0,1954.6615616438355,Potential Customers
17828,23,4,1820.09,455.0225,162,2011-06-08 08:31:00,2011-11-17 08:41:00,Malta,0,807.8207671232876,Potential Customers
17829,299,1,889.24,889.24,0,2011-02-14 12:46:00,2011-02-14 12:46:00,United Arab Emirates,1,0.0,At Risk Customers
17830,2,3,398.7,132.9,287,2011-02-24 10:15:00,2011-12-08 12:28:00,United Kingdom,0,313.4983561643836,Potential Customers
17831,34,1,35.4,35.4,0,2011-11-06 15:09:00,2011-11-06 15:09:00,United Kingdom,0,0.0,Potential Customers
17832,50,1,155.37,155.37,0,2011-10-21 11:43:00,2011-10-21 11:43:00,United Kingdom,0,0.0,Potential Customers
17835,3,3,342.24,114.08,21,2011-11-16 16:30:00,2011-12-07 11:48:00,United Kingdom,0,19.690520547945205,Potential Customers
17836,48,1,110.21,110.21,0,2011-10-23 16:13:00,2011-10-23 16:13:00,United Kingdom,0,0.0,Potential Customers
17837,43,8,1541.23,192.65375,121,2011-06-29 16:44:00,2011-10-28 16:13:00,United Kingdom,0,510.92830136986305,Potential Customers
17838,27,5,2720.8,544.16,346,2010-12-02 15:55:00,2011-11-13 11:20:00,United Kingdom,0,2579.169315068493,Potential Customers
17839,43,1,318.15,318.15,0,2011-10-28 17:27:00,2011-10-28 17:27:00,United Kingdom,0,0.0,Potential Customers
17841,2,124,40519.84,326.77290322580643,372,2010-12-01 14:41:00,2011-12-08 12:07:00,United Kingdom,2,41296.932821917806,Champions
17843,304,1,205.48,205.48,0,2011-02-09 15:33:00,2011-02-09 15:33:00,United Kingdom,1,0.0,At Risk Customers
17844,107,1,51.56,51.56,0,2011-08-25 11:27:00,2011-08-25 11:27:00,Canada,0,0.0,Potential Customers
17846,86,1,2033.1,2033.1,0,2011-09-15 15:20:00,2011-09-15 15:20:00,United Kingdom,0,0.0,Potential Customers
17848,82,9,901.2,100.13333333333333,277,2010-12-16 18:38:00,2011-09-19 16:49:00,United Kingdom,0,683.9243835616438,Potential Customers
17849,219,4,605.8,151.45,115,2011-01-10 11:59:00,2011-05-05 13:46:00,United Kingdom,1,190.8684931506849,At Risk Customers
17850,373,34,5391.21,158.565,1,2010-12-01 08:26:00,2010-12-02 15:27:00,United Kingdom,3,14.770438356164384,Loyal Customers
17852,12,2,114.34,57.17,0,2011-11-28 12:31:00,2011-11-28 12:36:00,United Kingdom,0,0.0,Potential Customers
17854,186,2,311.26,155.63,42,2011-04-26 16:53:00,2011-06-07 16:21:00,United Kingdom,1,35.81621917808219,At Risk Customers
17855,373,1,208.97,208.97,0,2010-12-02 09:44:00,2010-12-02 09:44:00,United Kingdom,1,0.0,At Risk Customers
17856,2,4,1418.03,354.5075,280,2011-03-03 11:40:00,2011-12-08 09:40:00,United Kingdom,0,1087.8038356164382,Potential Customers
17857,5,23,26879.04,1168.6539130434783,361,2010-12-09 11:35:00,2011-12-05 13:13:00,United Kingdom,3,26584.475178082193,Loyal Customers
17858,6,12,5140.66,428.38833333333326,364,2010-12-05 13:08:00,2011-12-04 11:56:00,United Kingdom,0,5126.575999999999,Potential Customers
17859,305,1,141.92,141.92,0,2011-02-08 10:32:00,2011-02-08 10:32:00,United Kingdom,1,0.0,At Risk Customers
17860,369,1,226.45,226.45,0,2010-12-06 12:41:00,2010-12-06 12:41:00,United Kingdom,1,0.0,At Risk Customers
17861,4,8,2097.88,262.235,316,2011-01-24 11:34:00,2011-12-06 16:21:00,United Kingdom,0,1816.246794520548,Potential Customers
17862,324,1,330.9,330.9,0,2011-01-20 12:23:00,2011-01-20 12:23:00,United Kingdom,1,0.0,At Risk Customers
17863,60,6,3160.0,526.6666666666666,310,2010-12-05 13:21:00,2011-10-11 13:45:00,United Kingdom,0,2683.835616438356,Potential Customers
17864,13,3,554.85,184.95,263,2011-03-09 11:44:00,2011-11-27 11:15:00,United Kingdom,0,399.7960273972602,Potential Customers
17865,31,20,10526.32,526.316,334,2010-12-10 14:53:00,2011-11-09 12:08:00,United Kingdom,3,9632.303780821918,Loyal Customers
17866,143,1,329.65,329.65,0,2011-07-20 11:07:00,2011-07-20 11:07:00,United Kingdom,0,0.0,Potential Customers
17867,31,6,1157.87,192.97833333333332,258,2011-02-24 12:25:00,2011-11-09 14:15:00,United Kingdom,0,818.4396164383561,Potential Customers
17869,108,5,428.18,85.636,261,2010-12-06 17:16:00,2011-08-24 16:16:00,United Kingdom,0,306.1780273972602,Potential Customers
17870,3,12,1865.89,155.4908333333333,364,2010-12-08 08:12:00,2011-12-07 15:07:00,United Kingdom,0,1860.7779726027395,Potential Customers
17871,205,1,155.9,155.9,0,2011-05-19 11:32:00,2011-05-19 11:32:00,United Kingdom,1,0.0,At Risk Customers
17873,81,5,1848.96,369.792,293,2010-12-01 14:54:00,2011-09-20 16:41:00,United Kingdom,0,1484.2336438356162,Potential Customers
17874,186,6,683.46,113.91,70,2011-03-29 11:25:00,2011-06-07 12:54:00,United Kingdom,1,131.0745205479452,At Risk Customers
17877,171,1,237.61,237.61,0,2011-06-22 13:00:00,2011-06-22 13:00:00,United Kingdom,1,0.0,At Risk Customers
17878,44,1,379.45,379.45,0,2011-10-27 11:24:00,2011-10-27 11:24:00,United Kingdom,0,0.0,Potential Customers
17879,174,1,178.52,178.52,0,2011-06-19 12:36:00,2011-06-19 12:36:00,United Kingdom,1,0.0,At Risk Customers
17880,365,1,458.92,458.92,0,2010-12-10 10:21:00,2010-12-10 10:21:00,United Kingdom,1,0.0,At Risk Customers
17881,305,1,133.35,133.35,0,2011-02-08 17:16:00,2011-02-08 17:16:00,United Kingdom,1,0.0,At Risk Customers
17883,4,4,664.34,166.085,243,2011-04-07 19:16:00,2011-12-06 17:49:00,United Kingdom,0,442.28663013698633,Potential Customers
17884,4,4,695.07,173.7675,368,2010-12-03 12:11:00,2011-12-06 11:33:00,United Kingdom,0,700.7829041095891,Potential Customers
17885,13,1,156.34,156.34,0,2011-11-27 14:40:00,2011-11-27 14:40:00,United Kingdom,0,0.0,Potential Customers
17886,32,3,869.28,289.76,218,2011-04-04 12:34:00,2011-11-08 10:09:00,United Kingdom,0,519.186410958904,Potential Customers
17887,130,1,111.35,111.35,0,2011-08-02 17:29:00,2011-08-02 17:29:00,United Kingdom,0,0.0,Potential Customers
17888,22,8,716.0,89.5,336,2010-12-17 13:56:00,2011-11-18 13:45:00,United Kingdom,0,659.1123287671232,Potential Customers
17889,213,2,201.37,100.685,110,2011-01-21 17:14:00,2011-05-11 16:26:00,United Kingdom,1,60.68684931506849,At Risk Customers
17890,323,2,586.89,293.445,39,2010-12-13 15:12:00,2011-01-21 11:19:00,United Kingdom,1,62.70879452054795,At Risk Customers
17891,163,1,203.86,203.86,0,2011-06-30 20:08:00,2011-06-30 20:08:00,United Kingdom,1,0.0,At Risk Customers
17892,57,3,244.1,81.36666666666666,99,2011-07-07 12:56:00,2011-10-14 16:49:00,United Kingdom,0,66.20794520547945,Potential Customers
17893,226,1,107.21,107.21,0,2011-04-28 13:50:00,2011-04-28 13:50:00,United Kingdom,1,0.0,At Risk Customers
17894,72,8,1118.96,139.87,295,2010-12-08 14:50:00,2011-09-29 09:23:00,United Kingdom,0,904.3649315068493,Potential Customers
17895,45,1,95.45,95.45,0,2011-10-26 17:00:00,2011-10-26 17:00:00,United Kingdom,0,0.0,Potential Customers
17896,24,1,256.32,256.32,0,2011-11-16 13:59:00,2011-11-16 13:59:00,United Kingdom,0,0.0,Potential Customers
17897,173,3,541.81,180.60333333333332,201,2010-12-01 12:31:00,2011-06-20 11:23:00,United Kingdom,1,298.366602739726,At Risk Customers
17898,86,2,152.06,76.03,122,2011-05-16 17:13:00,2011-09-15 14:56:00,United Kingdom,0,50.825534246575344,Potential Customers
17899,160,1,154.55,154.55,0,2011-07-03 14:58:00,2011-07-03 14:58:00,United Kingdom,1,0.0,At Risk Customers
17900,191,2,112.2,56.1,0,2011-06-02 14:28:00,2011-06-02 14:38:00,United Kingdom,1,0.0,At Risk Customers
17901,30,1,110.38,110.38,0,2011-11-10 17:29:00,2011-11-10 17:29:00,United Kingdom,0,0.0,Potential Customers
17904,22,1,181.07,181.07,0,2011-11-18 12:57:00,2011-11-18 12:57:00,United Kingdom,0,0.0,Potential Customers
17905,72,4,798.99,199.7475,302,2010-12-01 13:21:00,2011-09-29 17:33:00,United Kingdom,0,661.0821369863014,Potential Customers
17906,248,1,72.9,72.9,0,2011-04-06 17:25:00,2011-04-06 17:25:00,United Kingdom,1,0.0,At Risk Customers
17908,374,1,232.03,232.03,0,2010-12-01 11:45:00,2010-12-01 11:45:00,United Kingdom,1,0.0,At Risk Customers
17911,10,1,366.23,366.23,0,2011-11-30 14:52:00,2011-11-30 14:52:00,United Kingdom,0,0.0,Potential Customers
17912,311,5,310.06,62.012,54,2010-12-10 11:11:00,2011-02-02 14:25:00,United Kingdom,1,45.871890410958905,At Risk Customers
17913,59,2,408.65,204.325,297,2010-12-19 11:35:00,2011-10-12 10:45:00,United Kingdom,0,332.5179452054794,Potential Customers
17914,4,1,329.36,329.36,0,2011-12-06 11:58:00,2011-12-06 11:58:00,United Kingdom,0,0.0,Potential Customers
17917,46,3,335.03,111.67666666666666,317,2010-12-12 12:08:00,2011-10-25 13:20:00,United Kingdom,0,290.9712602739726,Potential Customers
17919,89,1,1304.04,1304.04,0,2011-09-12 13:41:00,2011-09-12 13:41:00,United Kingdom,0,0.0,Potential Customers
17920,5,17,4119.5,242.32352941176472,369,2010-12-01 11:49:00,2011-12-05 14:29:00,United Kingdom,3,4164.645205479452,Loyal Customers
17921,65,4,820.23,205.0575,202,2011-03-18 13:19:00,2011-10-06 18:56:00,United Kingdom,0,453.93550684931506,Potential Customers
17923,283,1,207.5,207.5,0,2011-03-02 15:15:00,2011-03-02 15:15:00,United Kingdom,1,0.0,At Risk Customers
17924,12,7,2962.5,423.21428571428567,362,2010-12-01 10:51:00,2011-11-28 09:11:00,United Kingdom,0,2938.1506849315065,Potential Customers
17925,373,1,244.08,244.08,0,2010-12-02 10:10:00,2010-12-02 10:10:00,United Kingdom,1,0.0,At Risk Customers
17926,134,2,397.29,198.645,70,2011-05-20 09:24:00,2011-07-29 14:39:00,United Kingdom,0,76.19260273972603,Potential Customers
17928,46,2,212.54,106.27,201,2011-04-07 18:03:00,2011-10-25 13:52:00,United Kingdom,0,117.04257534246574,Potential Customers
17929,12,4,843.0,210.75,297,2011-02-04 11:40:00,2011-11-28 16:01:00,United Kingdom,0,685.9479452054794,Potential Customers
17930,36,5,1740.48,348.096,204,2011-04-14 15:46:00,2011-11-04 10:23:00,United Kingdom,0,972.7614246575343,Potential Customers
17931,135,2,408.36,204.18,121,2011-03-29 12:31:00,2011-07-28 18:33:00,United Kingdom,0,135.37413698630138,Potential Customers
17932,30,3,1331.57,443.8566666666666,182,2011-05-12 13:58:00,2011-11-10 19:49:00,United Kingdom,0,663.9609315068493,Potential Customers
17934,52,2,704.25,352.125,7,2011-10-12 10:50:00,2011-10-19 11:16:00,United Kingdom,0,13.506164383561645,Potential Customers
17935,139,2,145.79,72.895,3,2011-07-21 11:23:00,2011-07-24 13:18:00,United Kingdom,0,1.1982739726027396,Potential Customers
17936,6,1,380.13,380.13,0,2011-12-04 13:32:00,2011-12-04 13:32:00,United Kingdom,0,0.0,Potential Customers
17937,9,7,4301.22,614.46,354,2010-12-12 14:43:00,2011-12-01 11:45:00,United Kingdom,0,4171.594191780822,Potential Customers
17939,160,1,99.14,99.14,0,2011-07-03 12:27:00,2011-07-03 12:27:00,United Kingdom,1,0.0,At Risk Customers
17940,50,10,4020.04,402.004,253,2011-02-10 09:29:00,2011-10-21 13:27:00,United Kingdom,0,2786.493479452055,Potential Customers
17941,131,1,304.56,304.56,0,2011-08-01 08:30:00,2011-08-01 08:30:00,United Kingdom,0,0.0,Potential Customers
17942,8,1,77.5,77.5,0,2011-12-02 10:45:00,2011-12-02 10:45:00,United Kingdom,0,0.0,Potential Customers
17946,234,2,149.58,74.79,26,2011-03-25 14:34:00,2011-04-20 17:00:00,United Kingdom,1,10.655013698630137,At Risk Customers
17947,38,1,176.68,176.68,0,2011-11-02 13:05:00,2011-11-02 13:05:00,United Kingdom,0,0.0,Potential Customers
17948,148,1,358.56,358.56,0,2011-07-15 12:58:00,2011-07-15 12:58:00,United Kingdom,1,0.0,At Risk Customers
17949,2,45,58510.48,1300.2328888888887,370,2010-12-03 13:12:00,2011-12-08 18:46:00,United Kingdom,3,59311.993424657536,Loyal Customers
17950,73,3,482.2,160.73333333333332,293,2010-12-09 15:16:00,2011-09-28 15:18:00,United Kingdom,0,387.0810958904109,Potential Customers
17951,40,3,1008.54,336.18,334,2010-12-01 12:40:00,2011-10-31 12:30:00,United Kingdom,0,922.8831780821918,Potential Customers
17954,6,12,2314.13,192.84416666666664,366,2010-12-03 14:18:00,2011-12-04 14:15:00,United Kingdom,0,2320.470082191781,Potential Customers
17955,199,4,557.3,139.325,21,2011-05-04 12:29:00,2011-05-25 12:00:00,United Kingdom,1,32.063835616438354,At Risk Customers
17956,250,1,12.75,12.75,0,2011-04-04 13:47:00,2011-04-04 13:47:00,United Kingdom,1,0.0,At Risk Customers
17957,67,1,111.68,111.68,0,2011-10-04 14:58:00,2011-10-04 14:58:00,United Kingdom,0,0.0,Potential Customers
17958,117,1,508.46,508.46,0,2011-08-15 12:19:00,2011-08-15 12:19:00,United Kingdom,0,0.0,Potential Customers
17960,172,1,73.78,73.78,0,2011-06-21 14:15:00,2011-06-21 14:15:00,United Kingdom,1,0.0,At Risk Customers
17961,22,39,1296.44,33.24205128205128,351,2010-12-02 19:18:00,2011-11-18 16:55:00,United Kingdom,3,1246.7135342465751,Loyal Customers
17962,143,1,102.41,102.41,0,2011-07-20 14:16:00,2011-07-20 14:16:00,United Kingdom,0,0.0,Potential Customers
17964,32,2,463.21,231.605,341,2010-12-02 13:32:00,2011-11-08 10:44:00,United Kingdom,0,432.75235616438357,Potential Customers
17965,38,14,2599.19,185.65642857142856,332,2010-12-05 15:54:00,2011-11-02 09:31:00,United Kingdom,0,2364.1947397260274,Potential Customers
17966,38,5,1098.43,219.686,224,2011-03-23 17:25:00,2011-11-02 10:26:00,United Kingdom,0,674.10498630137,Potential Customers
17967,372,1,112.27,112.27,0,2010-12-03 11:19:00,2010-12-03 11:19:00,United Kingdom,1,0.0,At Risk Customers
17968,374,1,265.1,265.1,0,2010-12-01 12:23:00,2010-12-01 12:23:00,United Kingdom,1,0.0,At Risk Customers
17969,167,2,228.2,114.1,195,2010-12-13 15:34:00,2011-06-26 13:00:00,United Kingdom,1,121.91506849315068,At Risk Customers
17970,212,1,562.79,562.79,0,2011-05-12 20:03:00,2011-05-12 20:03:00,United Kingdom,1,0.0,At Risk Customers
17972,242,1,135.19,135.19,0,2011-04-12 12:16:00,2011-04-12 12:16:00,United Kingdom,1,0.0,At Risk Customers
17973,52,1,337.04,337.04,0,2011-10-19 10:34:00,2011-10-19 10:34:00,United Kingdom,0,0.0,Potential Customers
17974,25,3,703.99,234.66333333333333,195,2011-05-04 11:50:00,2011-11-15 11:37:00,United Kingdom,0,376.1042465753425,Potential Customers
17975,16,13,4483.26,344.86615384615385,351,2010-12-08 11:38:00,2011-11-24 13:27:00,United Kingdom,0,4311.299342465753,Potential Customers
17976,373,1,321.79,321.79,0,2010-12-02 13:49:00,2010-12-02 13:49:00,United Kingdom,1,0.0,At Risk Customers
17977,30,1,288.14,288.14,0,2011-11-10 13:28:00,2011-11-10 13:28:00,United Kingdom,0,0.0,Potential Customers
17978,366,1,300.92,300.92,0,2010-12-09 14:05:00,2010-12-09 14:05:00,United Kingdom,1,0.0,At Risk Customers
17979,36,4,732.41,183.1025,224,2011-03-25 11:34:00,2011-11-04 12:05:00,United Kingdom,0,449.4790136986301,Potential Customers
17980,166,3,811.45,270.4833333333333,194,2010-12-15 15:50:00,2011-06-27 12:01:00,United Kingdom,1,431.2912328767123,At Risk Customers
17984,146,1,152.68,152.68,0,2011-07-17 15:59:00,2011-07-17 15:59:00,United Kingdom,1,0.0,At Risk Customers
17985,23,1,631.35,631.35,0,2011-11-17 14:24:00,2011-11-17 14:24:00,United Kingdom,0,0.0,Potential Customers
17986,57,1,20.8,20.8,0,2011-10-14 14:22:00,2011-10-14 14:22:00,United Kingdom,0,0.0,Potential Customers
17987,186,1,198.57,198.57,0,2011-06-07 14:22:00,2011-06-07 14:22:00,United Kingdom,1,0.0,At Risk Customers
17988,12,7,201.12,28.73142857142857,315,2011-01-17 11:59:00,2011-11-28 11:00:00,United Kingdom,0,173.56931506849313,Potential Customers
17990,237,3,630.84,210.28,125,2010-12-13 12:10:00,2011-04-17 11:44:00,United Kingdom,1,216.04109589041096,At Risk Customers
17991,226,2,93.35,46.675,1,2011-04-27 16:39:00,2011-04-28 15:58:00,United Kingdom,1,0.25575342465753426,At Risk Customers
17994,122,4,674.89,168.7225,169,2011-02-22 11:02:00,2011-08-10 11:41:00,United Kingdom,0,312.48331506849314,Potential Customers
17995,282,1,76.1,76.1,0,2011-03-03 12:30:00,2011-03-03 12:30:00,United Kingdom,1,0.0,At Risk Customers
17997,75,8,1962.46,245.3075,90,2011-06-28 17:28:00,2011-09-26 16:13:00,United Kingdom,0,483.89424657534244,Potential Customers
17999,38,2,380.39,190.195,329,2010-12-08 15:17:00,2011-11-02 15:56:00,United Kingdom,0,342.8720821917808,Potential Customers
18001,13,2,415.13,207.565,74,2011-09-14 11:21:00,2011-11-27 16:02:00,United Kingdom,0,84.16334246575343,Potential Customers
18004,363,1,157.92,157.92,0,2010-12-12 13:47:00,2010-12-12 13:47:00,United Kingdom,1,0.0,At Risk Customers
18005,4,2,226.47,113.235,44,2011-10-23 14:40:00,2011-12-06 11:51:00,United Kingdom,0,27.300493150684932,Potential Customers
18006,24,1,444.68,444.68,0,2011-11-16 16:52:00,2011-11-16 16:52:00,United Kingdom,0,0.0,Potential Customers
18008,71,9,2116.19,235.13222222222225,248,2011-01-25 12:26:00,2011-09-30 15:17:00,United Kingdom,0,1437.8496438356167,Potential Customers
18009,236,1,247.39,247.39,0,2011-04-18 13:36:00,2011-04-18 13:36:00,United Kingdom,1,0.0,At Risk Customers
18010,257,1,174.8,174.8,0,2011-03-28 12:27:00,2011-03-28 12:27:00,United Kingdom,1,0.0,At Risk Customers
18011,374,1,102.79,102.79,0,2010-12-01 17:35:00,2010-12-01 17:35:00,United Kingdom,1,0.0,At Risk Customers
18013,156,2,187.29,93.645,0,2011-07-07 14:08:00,2011-07-07 14:11:00,United Kingdom,1,0.0,At Risk Customers
18014,29,1,162.22,162.22,0,2011-11-11 15:28:00,2011-11-11 15:28:00,United Kingdom,0,0.0,Potential Customers
18015,5,1,120.03,120.03,0,2011-12-05 14:49:00,2011-12-05 14:49:00,United Kingdom,0,0.0,Potential Customers
18016,33,5,1477.66,295.532,332,2010-12-10 17:14:00,2011-11-07 13:25:00,United Kingdom,0,1344.0633424657533,Potential Customers
18017,82,3,523.0,174.33333333333331,229,2011-02-02 13:57:00,2011-09-19 16:15:00,United Kingdom,0,328.1287671232877,Potential Customers
18018,109,2,122.14,61.07,91,2011-05-24 13:22:00,2011-08-23 17:37:00,United Kingdom,0,30.451342465753424,Potential Customers
18019,52,1,38.45,38.45,0,2011-10-19 12:10:00,2011-10-19 12:10:00,United Kingdom,0,0.0,Potential Customers
18022,36,1,612.72,612.72,0,2011-11-04 12:45:00,2011-11-04 12:45:00,United Kingdom,0,0.0,Potential Customers
18024,153,2,389.78,194.89,0,2011-07-10 12:28:00,2011-07-10 12:40:00,United Kingdom,1,0.0,At Risk Customers
18027,99,1,115.31,115.31,0,2011-09-02 10:38:00,2011-09-02 10:38:00,United Kingdom,0,0.0,Potential Customers
18030,5,2,230.65,115.325,38,2011-10-28 13:55:00,2011-12-05 16:37:00,United Kingdom,0,24.01287671232877,Potential Customers
18032,335,1,73.5,73.5,0,2011-01-09 15:32:00,2011-01-09 15:32:00,United Kingdom,1,0.0,At Risk Customers
18033,66,1,93.82,93.82,0,2011-10-05 17:28:00,2011-10-05 17:28:00,United Kingdom,0,0.0,Potential Customers
18034,22,2,418.68,209.34,0,2011-11-18 12:08:00,2011-11-18 12:22:00,United Kingdom,0,0.0,Potential Customers
18035,36,3,713.89,237.9633333333333,8,2011-10-27 17:48:00,2011-11-04 12:39:00,United Kingdom,0,15.646904109589038,Potential Customers
18036,33,3,403.12,134.3733333333333,213,2011-04-08 11:26:00,2011-11-07 14:40:00,United Kingdom,0,235.24536986301365,Potential Customers
18037,155,6,70.02,11.67,208,2010-12-12 16:20:00,2011-07-08 13:39:00,United Kingdom,1,39.90180821917808,At Risk Customers
18040,20,2,357.2,178.6,226,2011-04-08 08:27:00,2011-11-20 14:20:00,United Kingdom,0,221.1704109589041,Potential Customers
18041,12,21,4097.37,195.11285714285717,361,2010-12-02 11:21:00,2011-11-28 11:39:00,United Kingdom,3,4052.467315068494,Loyal Customers
18042,54,1,165.05,165.05,0,2011-10-17 11:49:00,2011-10-17 11:49:00,United Kingdom,0,0.0,Potential Customers
18043,25,3,529.29,176.43,342,2010-12-08 12:35:00,2011-11-15 12:48:00,United Kingdom,0,495.9374794520548,Potential Customers
18044,5,10,2088.6,208.86,356,2010-12-14 12:25:00,2011-12-05 14:26:00,United Kingdom,0,2037.100273972603,Potential Customers
18045,46,1,178.34,178.34,0,2011-10-25 13:07:00,2011-10-25 13:07:00,United Kingdom,0,0.0,Potential Customers
18048,204,2,172.29,86.145,0,2011-05-20 14:54:00,2011-05-20 14:58:00,United Kingdom,1,0.0,At Risk Customers
18050,360,1,74.4,74.4,0,2010-12-15 14:25:00,2010-12-15 14:25:00,United Kingdom,1,0.0,At Risk Customers
18053,71,1,300.02,300.02,0,2011-09-30 09:05:00,2011-09-30 09:05:00,United Kingdom,0,0.0,Potential Customers
18055,8,10,6761.34,676.134,362,2010-12-05 10:52:00,2011-12-02 14:25:00,United Kingdom,0,6705.767342465754,Potential Customers
18056,289,1,363.65,363.65,0,2011-02-24 14:27:00,2011-02-24 14:27:00,United Kingdom,1,0.0,At Risk Customers
18058,10,1,170.16,170.16,0,2011-11-30 08:38:00,2011-11-30 08:38:00,United Kingdom,0,0.0,Potential Customers
18059,24,3,306.46,102.15333333333332,44,2011-10-03 09:30:00,2011-11-16 16:49:00,United Kingdom,0,36.943123287671234,Potential Customers
18061,22,10,2119.41,211.941,345,2010-12-08 13:03:00,2011-11-18 11:20:00,United Kingdom,0,2003.2779452054792,Potential Customers
18062,174,3,720.52,240.17333333333332,164,2011-01-06 10:03:00,2011-06-19 14:47:00,United Kingdom,1,323.7404931506849,At Risk Customers
18064,134,2,814.0,407.0,102,2011-04-18 15:08:00,2011-07-29 16:39:00,United Kingdom,0,227.47397260273974,Potential Customers
18065,6,14,2392.83,170.91642857142855,359,2010-12-10 12:44:00,2011-12-04 10:30:00,United Kingdom,0,2353.495808219178,Potential Customers
18066,76,1,318.0,318.0,0,2011-09-25 15:30:00,2011-09-25 15:30:00,United Kingdom,0,0.0,Potential Customers
18067,41,1,396.33,396.33,0,2011-10-30 15:58:00,2011-10-30 15:58:00,United Kingdom,0,0.0,Potential Customers
18068,290,1,101.7,101.7,0,2011-02-23 14:50:00,2011-02-23 14:50:00,United Kingdom,1,0.0,At Risk Customers
18069,27,5,2009.24,401.848,301,2011-01-16 15:50:00,2011-11-13 16:03:00,United Kingdom,0,1656.934904109589,Potential Customers
18071,258,2,453.0,226.5,108,2010-12-09 10:33:00,2011-03-27 11:59:00,United Kingdom,1,134.03835616438357,At Risk Customers
18072,186,1,247.44,247.44,0,2011-06-07 10:44:00,2011-06-07 10:44:00,United Kingdom,1,0.0,At Risk Customers
18073,115,12,3859.82,321.65166666666664,83,2011-05-26 19:38:00,2011-08-17 14:02:00,United Kingdom,0,877.7124931506848,Potential Customers
18074,374,1,489.6,489.6,0,2010-12-01 09:53:00,2010-12-01 09:53:00,United Kingdom,1,0.0,At Risk Customers
18075,24,10,2611.75,261.175,337,2010-12-14 10:48:00,2011-11-16 15:21:00,United Kingdom,0,2411.396575342466,Potential Customers
18077,9,11,2584.41,234.94636363636363,358,2010-12-08 10:21:00,2011-12-01 13:32:00,United Kingdom,0,2534.8459726027395,Potential Customers
18078,218,2,336.13,168.065,42,2011-03-25 15:08:00,2011-05-06 14:32:00,United Kingdom,1,38.67797260273972,At Risk Customers
18079,46,4,3613.15,903.2875,193,2011-04-15 12:14:00,2011-10-25 15:27:00,United Kingdom,0,1910.5149315068495,Potential Customers
18080,19,2,1231.5,615.75,224,2011-04-11 10:10:00,2011-11-21 08:02:00,United Kingdom,0,755.7698630136987,Potential Customers
18081,37,3,343.45,114.48333333333332,97,2011-07-29 11:56:00,2011-11-03 16:30:00,United Kingdom,0,91.27301369863012,Potential Customers
18082,26,1,680.84,680.84,0,2011-11-14 12:45:00,2011-11-14 12:45:00,United Kingdom,0,0.0,Potential Customers
18084,17,1,90.48,90.48,0,2011-11-23 13:57:00,2011-11-23 13:57:00,United Kingdom,0,0.0,Potential Customers
18085,331,2,689.95,344.975,43,2010-12-01 12:08:00,2011-01-13 15:17:00,United Kingdom,1,81.28178082191782,At Risk Customers
18086,275,1,101.34,101.34,0,2011-03-10 13:34:00,2011-03-10 13:34:00,United Kingdom,1,0.0,At Risk Customers
18087,99,2,4055.72,2027.86,192,2011-02-22 10:43:00,2011-09-02 15:12:00,United Kingdom,0,2133.419835616438,Potential Customers
18088,62,1,166.03,166.03,0,2011-10-09 13:41:00,2011-10-09 13:41:00,United Kingdom,0,0.0,Potential Customers
18092,3,11,9068.26,824.3872727272726,363,2010-12-09 10:00:00,2011-12-07 13:14:00,United Kingdom,0,9018.570904109587,Potential Customers
18093,94,4,2106.52,526.63,209,2011-02-10 12:15:00,2011-09-07 15:43:00,United Kingdom,0,1206.1991232876712,Potential Customers
18094,82,7,3017.3,431.04285714285714,210,2011-02-21 08:50:00,2011-09-19 09:28:00,United Kingdom,0,1735.9808219178083,Potential Customers
18095,313,2,580.05,290.025,20,2011-01-11 12:37:00,2011-01-31 12:50:00,United Kingdom,1,31.78356164383561,At Risk Customers
18096,12,3,849.06,283.02,52,2011-10-07 11:55:00,2011-11-28 12:44:00,United Kingdom,0,120.96197260273972,Potential Customers
18097,8,6,2662.4,443.7333333333333,347,2010-12-20 14:49:00,2011-12-02 11:16:00,United Kingdom,0,2531.1035616438353,Potential Customers
18099,128,1,168.31,168.31,0,2011-08-04 15:52:00,2011-08-04 15:52:00,United Kingdom,0,0.0,Potential Customers
18101,12,2,222.4,111.2,132,2011-07-19 13:05:00,2011-11-28 13:37:00,United Kingdom,0,80.4295890410959,Potential Customers
18102,1,60,259657.3,4327.621666666666,367,2010-12-07 16:42:00,2011-12-09 11:50:00,United Kingdom,2,261080.07972602735,Champions
18104,38,1,754.64,754.64,0,2011-11-02 14:07:00,2011-11-02 14:07:00,United Kingdom,0,0.0,Potential Customers
18105,38,1,113.48,113.48,0,2011-11-02 12:04:00,2011-11-02 12:04:00,United Kingdom,0,0.0,Potential Customers
18106,330,1,421.9,421.9,0,2011-01-14 12:23:00,2011-01-14 12:23:00,United Kingdom,1,0.0,At Risk Customers
18108,255,1,271.0,271.0,0,2011-03-30 13:56:00,2011-03-30 13:56:00,United Kingdom,1,0.0,At Risk Customers
18109,2,26,8004.92,307.88153846153847,368,2010-12-05 10:58:00,2011-12-08 11:36:00,United Kingdom,3,8070.7138630137,Loyal Customers
18110,20,1,198.8,198.8,0,2011-11-20 12:34:00,2011-11-20 12:34:00,United Kingdom,0,0.0,Potential Customers
18112,13,2,352.69,176.345,154,2011-06-26 13:56:00,2011-11-27 14:43:00,United Kingdom,0,148.8061917808219,Potential Customers
18113,369,1,76.32,76.32,0,2010-12-06 12:31:00,2010-12-06 12:31:00,United Kingdom,1,0.0,At Risk Customers
18114,291,1,220.1,220.1,0,2011-02-22 13:20:00,2011-02-22 13:20:00,United Kingdom,1,0.0,At Risk Customers
18116,68,8,1403.11,175.38875,297,2010-12-10 12:14:00,2011-10-03 11:00:00,United Kingdom,0,1141.7086849315067,Potential Customers
18117,26,1,315.65,315.65,0,2011-11-14 12:47:00,2011-11-14 12:47:00,United Kingdom,0,0.0,Potential Customers
18118,11,26,5625.08,216.3492307692308,359,2010-12-05 12:13:00,2011-11-29 11:32:00,United Kingdom,3,5532.61293150685,Loyal Customers
18119,368,1,180.7,180.7,0,2010-12-07 11:59:00,2010-12-07 11:59:00,United Kingdom,1,0.0,At Risk Customers
18120,215,1,111.15,111.15,0,2011-05-09 13:45:00,2011-05-09 13:45:00,United Kingdom,1,0.0,At Risk Customers
18121,150,2,653.3,326.65,5,2011-07-08 12:14:00,2011-07-13 12:53:00,United Kingdom,1,8.94931506849315,At Risk Customers
18122,9,6,1793.06,298.8433333333333,142,2011-07-12 11:37:00,2011-12-01 13:08:00,United Kingdom,0,697.5740273972602,Potential Customers
18123,25,2,574.44,287.22,7,2011-11-08 13:31:00,2011-11-15 14:23:00,United Kingdom,0,11.016657534246576,Potential Customers
18125,30,4,1131.75,282.9375,287,2011-01-27 15:02:00,2011-11-10 12:29:00,United Kingdom,0,889.8965753424658,Potential Customers
18126,61,1,200.92,200.92,0,2011-10-10 12:19:00,2011-10-10 12:19:00,United Kingdom,0,0.0,Potential Customers
18127,20,3,347.08,115.69333333333331,114,2011-07-29 10:06:00,2011-11-20 14:05:00,United Kingdom,0,108.40306849315066,Potential Customers
18129,244,1,112.55,112.55,0,2011-04-10 14:16:00,2011-04-10 14:16:00,United Kingdom,1,0.0,At Risk Customers
18130,16,3,1059.39,353.13,42,2011-10-13 15:58:00,2011-11-24 14:40:00,United Kingdom,0,121.9024109589041,Potential Customers
18133,213,1,931.5,931.5,0,2011-05-11 14:14:00,2011-05-11 14:14:00,United Kingdom,1,0.0,At Risk Customers
18135,30,5,681.91,136.382,161,2011-06-02 14:04:00,2011-11-10 19:32:00,United Kingdom,0,300.787698630137,Potential Customers
18136,64,3,784.33,261.4433333333333,256,2011-01-24 12:08:00,2011-10-07 15:40:00,United Kingdom,0,550.1054246575342,Potential Customers
18138,296,1,152.65,152.65,0,2011-02-17 14:51:00,2011-02-17 14:51:00,United Kingdom,1,0.0,At Risk Customers
18139,18,6,8438.34,1406.39,1,2011-11-21 14:06:00,2011-11-22 10:44:00,United Kingdom,0,23.118739726027396,Potential Customers
18142,158,2,1019.52,509.76,58,2011-05-08 12:31:00,2011-07-05 13:19:00,United Kingdom,1,162.00591780821918,At Risk Customers
18143,117,2,1000.16,500.08,25,2011-07-21 10:44:00,2011-08-15 12:07:00,United Kingdom,0,68.5041095890411,Potential Customers
18144,8,12,2888.75,240.72916666666663,366,2010-12-01 13:45:00,2011-12-02 12:46:00,United Kingdom,0,2896.6643835616437,Potential Customers
18145,13,4,2861.55,715.3875,300,2011-01-31 12:10:00,2011-11-27 11:22:00,United Kingdom,0,2351.958904109589,Potential Customers
18146,141,2,160.35,80.175,80,2011-05-03 16:35:00,2011-07-22 12:08:00,United Kingdom,0,35.14520547945205,Potential Customers
18147,46,2,179.34,89.67,63,2011-08-23 12:22:00,2011-10-25 11:46:00,United Kingdom,0,30.954575342465755,Potential Customers
18149,51,3,612.08,204.02666666666664,223,2011-03-11 12:44:00,2011-10-20 12:04:00,United Kingdom,0,373.95572602739725,Potential Customers
18150,33,3,566.58,188.86,169,2011-05-22 10:47:00,2011-11-07 16:49:00,United Kingdom,0,262.334301369863,Potential Customers
18151,135,2,653.35,326.675,155,2011-02-23 08:29:00,2011-07-28 11:35:00,United Kingdom,0,277.45,Potential Customers
18154,4,2,399.19,199.595,40,2011-10-27 10:40:00,2011-12-06 16:41:00,United Kingdom,0,43.74684931506849,Potential Customers
18155,76,3,371.62,123.87333333333332,216,2011-02-21 10:36:00,2011-09-25 13:32:00,United Kingdom,0,219.91758904109585,Potential Customers
18156,13,2,675.64,337.82,357,2010-12-05 12:29:00,2011-11-27 12:24:00,United Kingdom,0,660.8314520547945,Potential Customers
18158,10,2,453.4,226.7,79,2011-09-12 09:03:00,2011-11-30 16:19:00,United Kingdom,0,98.13315068493151,Potential Customers
18159,302,1,530.15,530.15,0,2011-02-11 14:26:00,2011-02-11 14:26:00,United Kingdom,1,0.0,At Risk Customers
18160,58,2,638.06,319.03,143,2011-05-23 13:41:00,2011-10-13 15:50:00,United Kingdom,0,249.97967123287668,Potential Customers
18161,16,5,1618.69,323.738,304,2011-01-24 11:56:00,2011-11-24 16:40:00,United Kingdom,0,1348.169205479452,Potential Customers
18164,38,1,399.65,399.65,0,2011-11-02 12:56:00,2011-11-02 12:56:00,United Kingdom,0,0.0,Potential Customers
18165,178,1,302.46,302.46,0,2011-06-15 13:23:00,2011-06-15 13:23:00,United Kingdom,1,0.0,At Risk Customers
18167,24,3,1384.86,461.62,82,2011-08-26 11:40:00,2011-11-16 15:56:00,United Kingdom,0,311.1192328767124,Potential Customers
18168,177,6,1160.04,193.34,196,2010-12-02 18:08:00,2011-06-16 19:21:00,United Kingdom,1,622.9255890410959,At Risk Customers
18169,61,1,202.65,202.65,0,2011-10-10 12:18:00,2011-10-10 12:18:00,United Kingdom,0,0.0,Potential Customers
18170,34,3,980.31,326.77,184,2011-05-06 15:13:00,2011-11-06 14:35:00,United Kingdom,0,494.18367123287675,Potential Customers
18171,59,5,1231.31,246.262,275,2011-01-10 09:55:00,2011-10-12 09:13:00,United Kingdom,0,927.6993150684931,Potential Customers
18172,15,20,7561.68,378.084,275,2011-02-23 10:44:00,2011-11-25 11:12:00,United Kingdom,3,5697.156164383562,Loyal Customers
18173,87,4,2106.84,526.71,188,2011-03-10 11:56:00,2011-09-14 11:26:00,United Kingdom,0,1085.166904109589,Potential Customers
18174,8,1,104.0,104.0,0,2011-12-02 16:56:00,2011-12-02 16:56:00,United Kingdom,0,0.0,Potential Customers
18176,359,1,476.35,476.35,0,2010-12-16 15:45:00,2010-12-16 15:45:00,United Kingdom,1,0.0,At Risk Customers
18177,32,6,1340.87,223.47833333333332,224,2011-03-29 08:46:00,2011-11-08 14:44:00,United Kingdom,0,822.8900821917808,Potential Customers
18178,129,4,1590.81,397.7025,236,2010-12-10 12:42:00,2011-08-03 09:30:00,United Kingdom,0,1028.5785205479451,Potential Customers
18179,10,6,1793.17,298.8616666666666,327,2011-01-07 14:22:00,2011-11-30 16:23:00,United Kingdom,0,1606.4838082191777,Potential Customers
18180,5,6,1843.75,307.29166666666663,138,2011-07-20 08:59:00,2011-12-05 08:39:00,United Kingdom,0,697.0890410958904,Potential Customers
18181,25,1,366.85,366.85,0,2011-11-15 15:08:00,2011-11-15 15:08:00,United Kingdom,0,0.0,Potential Customers
18183,228,2,632.07,316.035,47,2011-03-10 10:08:00,2011-04-26 15:26:00,United Kingdom,1,81.38983561643836,At Risk Customers
18184,16,1,49.8,49.8,0,2011-11-24 15:28:00,2011-11-24 15:28:00,United Kingdom,0,0.0,Potential Customers
18185,250,1,304.25,304.25,0,2011-04-04 13:42:00,2011-04-04 13:42:00,United Kingdom,1,0.0,At Risk Customers
18188,16,3,2001.04,667.0133333333333,275,2011-02-22 14:43:00,2011-11-24 16:46:00,United Kingdom,0,1507.6328767123289,Potential Customers
18189,78,2,1090.24,545.12,190,2011-03-17 09:49:00,2011-09-23 12:40:00,United Kingdom,0,567.5221917808219,Potential Customers
18190,193,2,284.46,142.23,138,2011-01-13 10:35:00,2011-05-31 14:48:00,United Kingdom,1,107.54926027397259,At Risk Customers
18191,262,1,207.8,207.8,0,2011-03-23 12:08:00,2011-03-23 12:08:00,United Kingdom,1,0.0,At Risk Customers
18192,72,1,957.97,957.97,0,2011-09-29 09:53:00,2011-09-29 09:53:00,United Kingdom,0,0.0,Potential Customers
18193,166,1,243.76,243.76,0,2011-06-27 13:58:00,2011-06-27 13:58:00,United Kingdom,1,0.0,At Risk Customers
18194,83,1,973.84,973.84,0,2011-09-18 13:29:00,2011-09-18 13:29:00,United Kingdom,0,0.0,Potential Customers
18196,96,2,686.63,343.315,195,2011-02-22 16:13:00,2011-09-05 16:22:00,United Kingdom,0,366.82972602739727,Potential Customers
18198,5,17,5425.56,319.1505882352941,332,2011-01-07 13:39:00,2011-12-05 14:49:00,United Kingdom,3,4935.029917808219,Loyal Customers
18200,107,1,150.35,150.35,0,2011-08-25 18:45:00,2011-08-25 18:45:00,United Kingdom,0,0.0,Potential Customers
18202,200,3,1396.99,465.6633333333333,112,2011-02-01 13:36:00,2011-05-24 12:12:00,United Kingdom,1,428.6654246575342,At Risk Customers
18203,158,1,160.42,160.42,0,2011-07-05 13:07:00,2011-07-05 13:07:00,United Kingdom,1,0.0,At Risk Customers
18204,72,3,1975.35,658.45,121,2011-05-31 15:26:00,2011-09-29 16:44:00,United Kingdom,0,654.8420547945207,Potential Customers
18205,37,2,517.36,258.68,38,2011-09-26 12:02:00,2011-11-03 13:22:00,United Kingdom,0,53.86213698630137,Potential Customers
18209,29,1,139.1,139.1,0,2011-11-11 12:07:00,2011-11-11 12:07:00,United Kingdom,0,0.0,Potential Customers
18210,2,6,2621.38,436.89666666666665,266,2011-03-17 16:58:00,2011-12-08 11:02:00,United Kingdom,0,1910.3755616438357,Potential Customers
18211,26,5,600.07,120.014,253,2011-03-06 12:09:00,2011-11-14 08:10:00,United Kingdom,0,415.9389315068493,Potential Customers
18212,327,1,216.07,216.07,0,2011-01-17 16:14:00,2011-01-17 16:14:00,United Kingdom,1,0.0,At Risk Customers
18213,237,1,232.48,232.48,0,2011-04-17 10:21:00,2011-04-17 10:21:00,United Kingdom,1,0.0,At Risk Customers
18215,90,1,299.34,299.34,0,2011-09-11 16:05:00,2011-09-11 16:05:00,United Kingdom,0,0.0,Potential Customers
18216,32,1,481.75,481.75,0,2011-11-08 16:55:00,2011-11-08 16:55:00,United Kingdom,0,0.0,Potential Customers
18217,30,2,621.75,310.875,41,2011-09-30 10:44:00,2011-11-10 13:18:00,United Kingdom,0,69.8404109589041,Potential Customers
18218,212,2,641.92,320.96,70,2011-03-03 12:24:00,2011-05-12 12:53:00,United Kingdom,1,123.10794520547944,At Risk Customers
18219,3,10,2069.77,206.977,366,2010-12-06 10:05:00,2011-12-07 11:43:00,United Kingdom,0,2075.4406027397263,Potential Customers
18220,227,1,305.28,305.28,0,2011-04-27 09:03:00,2011-04-27 09:03:00,United Kingdom,1,0.0,At Risk Customers
18221,23,5,1041.61,208.322,189,2011-05-12 14:13:00,2011-11-17 14:40:00,United Kingdom,0,539.3542191780822,Potential Customers
18222,93,1,443.0,443.0,0,2011-09-08 10:45:00,2011-09-08 10:45:00,United Kingdom,0,0.0,Potential Customers
18223,5,14,6484.54,463.18142857142857,354,2010-12-16 16:42:00,2011-12-05 09:11:00,United Kingdom,3,6289.115506849315,Loyal Customers
18224,264,1,158.95,158.95,0,2011-03-21 10:30:00,2011-03-21 10:30:00,United Kingdom,1,0.0,At Risk Customers
18225,4,12,5504.96,458.7466666666666,362,2010-12-09 15:46:00,2011-12-06 13:27:00,United Kingdom,0,5459.713753424657,Potential Customers
18226,45,11,5228.05,475.2772727272727,293,2011-01-06 09:00:00,2011-10-26 13:36:00,United Kingdom,0,4196.7634246575335,Potential Customers
18227,218,1,93.75,93.75,0,2011-05-06 12:23:00,2011-05-06 12:23:00,United Kingdom,1,0.0,At Risk Customers
18228,57,2,779.9,389.95,23,2011-09-21 10:48:00,2011-10-14 09:21:00,United Kingdom,0,49.144383561643835,Potential Customers
18229,12,20,7276.9,363.845,362,2010-12-01 16:25:00,2011-11-28 09:48:00,United Kingdom,3,7217.0898630137,Loyal Customers
18230,10,7,2810.2,401.45714285714286,293,2011-02-10 13:06:00,2011-11-30 13:22:00,United Kingdom,0,2255.8591780821916,Potential Customers
18231,193,5,2071.77,414.354,96,2011-02-24 09:08:00,2011-05-31 14:18:00,United Kingdom,1,544.9038904109589,At Risk Customers
18232,82,4,592.97,148.2425,116,2011-05-26 16:30:00,2011-09-19 11:49:00,United Kingdom,0,188.45073972602742,Potential Customers
18233,326,1,440.0,440.0,0,2011-01-18 08:44:00,2011-01-18 08:44:00,United Kingdom,1,0.0,At Risk Customers
18235,72,3,1796.48,598.8266666666666,146,2011-05-06 13:35:00,2011-09-29 08:27:00,United Kingdom,0,718.592,Potential Customers
18236,30,6,882.24,147.04,211,2011-04-13 09:52:00,2011-11-10 08:06:00,United Kingdom,0,510.0072328767123,Potential Customers
18237,3,5,987.1,197.42,132,2011-07-28 13:05:00,2011-12-07 12:49:00,United Kingdom,0,356.9786301369863,Potential Customers
18239,219,5,1561.61,312.322,154,2010-12-02 17:48:00,2011-05-05 12:38:00,United Kingdom,1,658.8710684931507,At Risk Customers
18240,47,1,422.58,422.58,0,2011-10-24 13:06:00,2011-10-24 13:06:00,United Kingdom,0,0.0,Potential Customers
18241,10,17,2073.09,121.94647058823529,208,2011-05-06 09:22:00,2011-11-30 12:10:00,United Kingdom,3,1181.3773150684929,Loyal Customers
18242,73,4,2232.49,558.1225,141,2011-05-10 11:20:00,2011-09-28 13:43:00,United Kingdom,0,862.4139452054794,Potential Customers
18245,8,7,2567.06,366.7228571428571,348,2010-12-19 14:58:00,2011-12-02 14:48:00,United Kingdom,0,2447.4983013698625,Potential Customers
18246,24,2,596.1,298.05,210,2011-04-20 13:55:00,2011-11-16 11:49:00,United Kingdom,0,342.9616438356164,Potential Customers
18248,123,2,804.02,402.01,64,2011-06-06 13:18:00,2011-08-09 10:19:00,United Kingdom,0,140.9788493150685,Potential Customers
18249,18,1,95.34,95.34,0,2011-11-22 15:07:00,2011-11-22 15:07:00,United Kingdom,0,0.0,Potential Customers
18250,311,1,349.27,349.27,0,2011-02-02 13:16:00,2011-02-02 13:16:00,United Kingdom,1,0.0,At Risk Customers
18251,88,1,4314.72,4314.72,0,2011-09-13 15:03:00,2011-09-13 15:03:00,United Kingdom,0,0.0,Potential Customers
18252,51,2,518.27,259.135,121,2011-06-21 11:47:00,2011-10-20 12:43:00,United Kingdom,0,171.81005479452057,Potential Customers
18255,90,1,103.3,103.3,0,2011-09-11 13:16:00,2011-09-11 13:16:00,United Kingdom,0,0.0,Potential Customers
18257,40,8,2337.63,292.20375,257,2011-02-16 15:13:00,2011-10-31 14:48:00,United Kingdom,0,1645.947698630137,Potential Customers
18259,25,3,2338.6,779.5333333333333,342,2010-12-08 13:38:00,2011-11-15 12:34:00,United Kingdom,0,2191.2361643835616,Potential Customers
18260,173,6,2628.35,438.0583333333333,186,2010-12-16 18:23:00,2011-06-20 12:37:00,United Kingdom,1,1339.3783561643834,At Risk Customers
18261,44,2,324.24,162.12,52,2011-09-05 09:34:00,2011-10-27 15:36:00,United Kingdom,0,46.19309589041096,Potential Customers
18262,141,1,149.48,149.48,0,2011-07-22 16:04:00,2011-07-22 16:04:00,United Kingdom,0,0.0,Potential Customers
18263,26,3,1213.16,404.38666666666666,227,2011-04-01 11:48:00,2011-11-14 09:00:00,United Kingdom,0,754.485808219178,Potential Customers
18265,73,2,801.51,400.755,86,2011-07-04 15:26:00,2011-09-28 14:10:00,United Kingdom,0,188.8489315068493,Potential Customers
18268,135,1,25.5,25.5,0,2011-07-28 19:13:00,2011-07-28 19:13:00,United Kingdom,0,0.0,Potential Customers
18269,367,1,168.6,168.6,0,2010-12-08 13:53:00,2010-12-08 13:53:00,United Kingdom,1,0.0,At Risk Customers
18270,39,2,283.15,141.575,228,2011-03-18 12:41:00,2011-11-01 13:57:00,United Kingdom,0,176.87178082191778,Potential Customers
18272,3,6,3078.58,513.0966666666667,244,2011-04-07 09:35:00,2011-12-07 12:43:00,United Kingdom,0,2058.0096438356163,Potential Customers
18273,3,3,204.0,68.0,255,2011-03-27 11:22:00,2011-12-07 13:16:00,United Kingdom,0,142.5205479452055,Potential Customers
18274,31,1,175.92,175.92,0,2011-11-09 17:03:00,2011-11-09 17:03:00,United Kingdom,0,0.0,Potential Customers
18276,44,1,335.86,335.86,0,2011-10-27 10:54:00,2011-10-27 10:54:00,United Kingdom,0,0.0,Potential Customers
18277,59,1,110.38,110.38,0,2011-10-12 15:22:00,2011-10-12 15:22:00,United Kingdom,0,0.0,Potential Customers
18278,74,1,173.9,173.9,0,2011-09-27 11:58:00,2011-09-27 11:58:00,United Kingdom,0,0.0,Potential Customers
18280,278,1,180.6,180.6,0,2011-03-07 09:52:00,2011-03-07 09:52:00,United Kingdom,1,0.0,At Risk Customers
18281,181,1,80.82,80.82,0,2011-06-12 10:53:00,2011-06-12 10:53:00,United Kingdom,1,0.0,At Risk Customers
18282,8,2,178.05,89.025,119,2011-08-05 13:35:00,2011-12-02 11:43:00,United Kingdom,0,58.04917808219178,Potential Customers
18283,4,16,2045.53,127.845625,334,2011-01-06 14:14:00,2011-12-06 12:02:00,United Kingdom,3,1871.8000547945205,Loyal Customers
18287,43,3,1837.28,612.4266666666666,159,2011-05-22 10:39:00,2011-10-28 09:29:00,United Kingdom,0,800.3493698630135,Potential Customers
