customer_id,recency,frequency,monetary,avg_order_value,customer_lifespan_days,first_purchase_date,last_purchase_date,country
12346,326,1,77183.60,77183.600000000000,0,2011-01-18 10:01:00,2011-01-18 10:01:00,United Kingdom
12347,3,7,4310.00,615.7142857142857143,365,2010-12-07 14:57:00,2011-12-07 15:52:00,Iceland
12348,76,4,1797.24,449.3100000000000000,283,2010-12-16 19:09:00,2011-09-25 13:13:00,Finland
12349,19,1,1757.55,1757.5500000000000000,0,2011-11-21 09:51:00,2011-11-21 09:51:00,Italy
12350,311,1,334.40,334.4000000000000000,0,2011-02-02 16:01:00,2011-02-02 16:01:00,Norway
12352,37,8,2506.04,313.2550000000000000,260,2011-02-16 12:33:00,2011-11-03 14:37:00,Norway
12353,205,1,89.00,89.0000000000000000,0,2011-05-19 17:47:00,2011-05-19 17:47:00,Bahrain
12354,233,1,1079.40,1079.4000000000000000,0,2011-04-21 13:11:00,2011-04-21 13:11:00,Spain
12355,215,1,459.40,459.4000000000000000,0,2011-05-09 13:49:00,2011-05-09 13:49:00,Bahrain
12356,23,3,2811.43,937.1433333333333333,303,2011-01-18 09:50:00,2011-11-17 08:40:00,Portugal
12357,34,1,6207.67,6207.6700000000000000,0,2011-11-06 16:07:00,2011-11-06 16:07:00,Switzerland
12358,2,2,1168.06,584.0300000000000000,149,2011-07-12 10:04:00,2011-12-08 10:26:00,Austria
12359,58,4,6310.03,1577.5075000000000000,274,2011-01-12 12:43:00,2011-10-13 12:47:00,Cyprus
12360,53,3,2662.06,887.3533333333333333,148,2011-05-23 09:43:00,2011-10-18 15:22:00,Austria
12361,288,1,189.90,189.9000000000000000,0,2011-02-25 13:51:00,2011-02-25 13:51:00,Belgium
12362,4,10,5226.23,522.6230000000000000,292,2011-02-17 10:30:00,2011-12-06 15:40:00,Belgium
12363,110,2,552.00,276.0000000000000000,133,2011-04-11 13:29:00,2011-08-22 10:18:00,Unspecified
12364,8,4,1313.10,328.2750000000000000,105,2011-08-19 15:24:00,2011-12-02 10:22:00,Belgium
12365,292,2,641.38,320.6900000000000000,0,2011-02-21 13:51:00,2011-02-21 14:04:00,Cyprus
12367,5,1,168.90,168.9000000000000000,0,2011-12-05 16:48:00,2011-12-05 16:48:00,Denmark
12370,52,4,3541.94,885.4850000000000000,309,2010-12-14 12:58:00,2011-10-19 14:51:00,Cyprus
12371,45,2,1887.96,943.9800000000000000,15,2011-10-11 10:43:00,2011-10-26 10:16:00,Switzerland
12372,72,3,1298.04,432.6800000000000000,225,2011-02-16 12:46:00,2011-09-29 12:12:00,Denmark
12373,312,1,364.60,364.6000000000000000,0,2011-02-01 13:10:00,2011-02-01 13:10:00,Austria
12374,26,1,742.93,742.9300000000000000,0,2011-11-14 15:37:00,2011-11-14 15:37:00,Austria
12375,11,2,457.50,228.7500000000000000,88,2011-09-02 14:23:00,2011-11-29 10:36:00,Finland
12377,316,2,1628.12,814.0600000000000000,39,2010-12-20 09:37:00,2011-01-28 15:45:00,Switzerland
12378,130,1,4008.62,4008.6200000000000000,0,2011-08-02 10:34:00,2011-08-02 10:34:00,Switzerland
12379,82,2,852.24,426.1200000000000000,89,2011-06-22 16:32:00,2011-09-19 10:09:00,Belgium
12380,22,4,2724.81,681.2025000000000000,164,2011-06-07 09:49:00,2011-11-18 11:27:00,Belgium
12381,5,5,1845.31,369.0620000000000000,115,2011-08-12 09:57:00,2011-12-05 12:44:00,Norway
12383,185,5,1850.56,370.1120000000000000,168,2010-12-22 14:28:00,2011-06-08 08:02:00,Belgium
12384,29,2,585.27,292.6350000000000000,93,2011-08-10 11:23:00,2011-11-11 08:39:00,Switzerland
12386,338,2,401.90,200.9500000000000000,29,2010-12-08 09:53:00,2011-01-06 12:37:00,Australia
12388,16,6,2780.66,463.4433333333333333,311,2011-01-17 11:12:00,2011-11-24 12:30:00,Australia
12390,80,1,549.84,549.8400000000000000,0,2011-09-21 09:33:00,2011-09-21 09:33:00,Belgium
12391,22,1,439.66,439.6600000000000000,0,2011-11-18 12:07:00,2011-11-18 12:07:00,Cyprus
12393,73,4,1582.60,395.6500000000000000,260,2011-01-11 09:47:00,2011-09-28 15:41:00,Australia
12394,64,2,1272.48,636.2400000000000000,154,2011-05-06 14:01:00,2011-10-07 08:08:00,Belgium
12395,20,12,3018.63,251.5525000000000000,352,2010-12-03 16:35:00,2011-11-20 15:21:00,Belgium
12397,36,2,2409.90,1204.9500000000000000,100,2011-07-27 14:21:00,2011-11-04 09:52:00,Belgium
12398,46,1,1635.66,1635.6600000000000000,0,2011-10-25 10:27:00,2011-10-25 10:27:00,Switzerland
12399,120,4,1108.65,277.1625000000000000,142,2011-03-23 09:42:00,2011-08-12 13:15:00,Belgium
12401,304,1,84.30,84.3000000000000000,0,2011-02-09 13:50:00,2011-02-09 13:50:00,Belgium
12402,324,1,225.60,225.6000000000000000,0,2011-01-20 13:49:00,2011-01-20 13:49:00,Belgium
12403,50,1,427.70,427.7000000000000000,0,2011-10-21 10:51:00,2011-10-21 10:51:00,Denmark
12405,149,1,1710.39,1710.3900000000000000,0,2011-07-14 08:52:00,2011-07-14 08:52:00,Finland
12406,23,2,3415.30,1707.6500000000000000,161,2011-06-09 10:23:00,2011-11-17 19:22:00,Denmark
12407,50,5,1708.12,341.6240000000000000,215,2011-03-20 13:21:00,2011-10-21 10:11:00,Belgium
12408,33,5,2888.55,577.7100000000000000,228,2011-03-24 14:46:00,2011-11-07 12:27:00,Belgium
12409,79,3,11072.67,3690.8900000000000000,104,2011-06-10 12:19:00,2011-09-22 10:38:00,Switzerland
12410,309,2,693.33,346.6650000000000000,0,2011-02-04 10:38:00,2011-02-04 10:39:00,Switzerland
12412,75,3,1226.88,408.9600000000000000,95,2011-06-23 13:51:00,2011-09-26 10:16:00,Denmark
12413,67,3,758.10,252.7000000000000000,271,2011-01-06 16:12:00,2011-10-04 09:00:00,France
12414,218,3,562.41,187.4700000000000000,93,2011-02-02 14:51:00,2011-05-06 14:51:00,Austria
12415,25,21,124914.53,5948.3109523809523810,313,2011-01-06 11:12:00,2011-11-15 14:22:00,Australia
12417,4,9,3649.10,405.4555555555555556,354,2010-12-17 11:51:00,2011-12-06 14:52:00,Belgium
12418,113,1,668.58,668.5800000000000000,0,2011-08-19 11:08:00,2011-08-19 11:08:00,Switzerland
12420,64,1,600.39,600.3900000000000000,0,2011-10-07 08:55:00,2011-10-07 08:55:00,Cyprus
12421,16,4,807.04,201.7600000000000000,304,2011-01-24 15:09:00,2011-11-24 09:07:00,Spain
12422,96,3,803.56,267.8533333333333333,229,2011-01-19 09:13:00,2011-09-05 09:48:00,Australia
12423,1,8,1859.31,232.4137500000000000,353,2010-12-21 10:54:00,2011-12-09 10:10:00,Belgium
12424,163,2,1760.96,880.4800000000000000,0,2011-06-30 12:06:00,2011-06-30 12:06:00,Australia
12425,79,1,777.20,777.2000000000000000,0,2011-09-22 17:31:00,2011-09-22 17:31:00,Portugal
12426,195,1,582.73,582.7300000000000000,0,2011-05-29 12:26:00,2011-05-29 12:26:00,Germany
12427,22,3,825.80,275.2666666666666667,350,2010-12-03 10:44:00,2011-11-18 08:56:00,Germany
12428,26,9,7956.46,884.0511111111111111,258,2011-03-01 09:33:00,2011-11-14 08:22:00,Finland
12429,10,4,3750.40,937.6000000000000000,356,2010-12-09 12:05:00,2011-11-30 17:22:00,Denmark
12430,44,1,256.40,256.4000000000000000,0,2011-10-27 15:09:00,2011-10-27 15:09:00,Norway
12431,36,15,6419.95,427.9966666666666667,338,2010-12-01 10:03:00,2011-11-04 11:55:00,Australia
12432,43,5,5059.32,1011.8640000000000000,130,2011-06-20 13:27:00,2011-10-28 11:43:00,Norway
12433,1,7,13375.87,1910.8385714285714286,373,2010-12-01 13:24:00,2011-12-09 10:02:00,Norway
12434,85,2,806.14,403.0700000000000000,176,2011-03-24 13:05:00,2011-09-16 12:38:00,Australia
12435,80,2,7829.89,3914.9450000000000000,188,2011-03-17 07:40:00,2011-09-21 09:06:00,Denmark
12436,100,1,509.01,509.0100000000000000,0,2011-09-01 12:09:00,2011-09-01 12:09:00,Norway
12437,2,18,4951.41,275.0783333333333333,330,2011-01-12 14:13:00,2011-12-08 11:35:00,France
12438,15,2,2906.85,1453.4250000000000000,126,2011-07-22 13:29:00,2011-11-25 13:28:00,Norway
12441,367,1,173.55,173.5500000000000000,0,2010-12-08 10:45:00,2010-12-08 10:45:00,France
12442,4,1,172.06,172.0600000000000000,0,2011-12-06 14:22:00,2011-12-06 14:22:00,Spain
12444,22,5,5005.46,1001.0920000000000000,150,2011-06-21 14:00:00,2011-11-18 13:23:00,Norway
12445,23,1,133.40,133.4000000000000000,0,2011-11-17 18:43:00,2011-11-17 18:43:00,Spain
12446,58,1,1002.31,1002.3100000000000000,0,2011-10-13 12:50:00,2011-10-13 12:50:00,RSA
12447,244,1,476.49,476.4900000000000000,0,2011-04-10 13:25:00,2011-04-10 13:25:00,Belgium
12448,45,1,449.45,449.4500000000000000,0,2011-10-26 13:46:00,2011-10-26 13:46:00,Spain
12449,23,4,4067.29,1016.8225000000000000,165,2011-06-05 15:37:00,2011-11-17 13:46:00,Belgium
12450,157,2,197.88,98.9400000000000000,17,2011-06-19 14:36:00,2011-07-06 14:41:00,Spain
12451,11,5,9035.52,1807.1040000000000000,314,2011-01-19 09:05:00,2011-11-29 08:40:00,Switzerland
12452,17,2,430.57,215.2850000000000000,0,2011-11-23 08:05:00,2011-11-23 10:28:00,Switzerland
12453,135,1,707.09,707.0900000000000000,0,2011-07-28 14:08:00,2011-07-28 14:08:00,Austria
12454,57,1,3528.34,3528.3400000000000000,0,2011-10-14 17:13:00,2011-10-14 17:13:00,Spain
12455,74,6,2466.86,411.1433333333333333,223,2011-02-16 09:56:00,2011-09-27 15:31:00,Spain
12456,45,3,3181.04,1060.3466666666666667,210,2011-03-30 09:12:00,2011-10-26 14:41:00,Switzerland
12457,67,7,2363.23,337.6042857142857143,173,2011-04-14 18:57:00,2011-10-04 13:13:00,Switzerland
12458,72,2,947.40,473.7000000000000000,213,2011-02-28 10:55:00,2011-09-29 15:25:00,Switzerland
12461,95,2,826.88,413.4400000000000000,60,2011-07-08 10:23:00,2011-09-06 16:57:00,Switzerland
12462,19,2,1189.59,594.7950000000000000,285,2011-02-09 14:44:00,2011-11-21 09:11:00,Spain
12463,54,4,1344.78,336.1950000000000000,188,2011-04-12 12:47:00,2011-10-17 13:44:00,Belgium
12464,11,8,1212.05,151.5062500000000000,299,2011-02-03 13:30:00,2011-11-29 13:33:00,Belgium
12465,18,2,742.19,371.0950000000000000,152,2011-06-23 13:37:00,2011-11-22 16:34:00,Belgium
12468,188,2,729.54,364.7700000000000000,129,2011-01-27 13:29:00,2011-06-05 11:36:00,Germany
12471,3,30,19788.65,659.6216666666666667,362,2010-12-10 09:35:00,2011-12-07 15:43:00,Germany
12472,33,7,6572.11,938.8728571428571429,337,2010-12-05 14:19:00,2011-11-07 14:01:00,Germany
12473,30,5,3928.05,785.6100000000000000,162,2011-06-01 10:15:00,2011-11-10 13:46:00,Germany
12474,18,18,7324.09,406.8938888888888889,312,2011-01-14 10:06:00,2011-11-22 14:39:00,Germany
12475,54,1,723.38,723.3800000000000000,0,2011-10-17 10:10:00,2011-10-17 10:10:00,Germany
12476,16,11,6816.42,619.6745454545454545,346,2010-12-13 14:39:00,2011-11-24 12:40:00,Germany
12477,23,6,13219.74,2203.2900000000000000,279,2011-02-11 12:45:00,2011-11-17 09:51:00,Germany
12478,4,1,680.99,680.9900000000000000,0,2011-12-06 09:56:00,2011-12-06 09:56:00,Greece
12479,12,1,527.20,527.2000000000000000,0,2011-11-28 13:26:00,2011-11-28 13:26:00,Germany
12480,29,4,3281.63,820.4075000000000000,308,2011-01-07 15:27:00,2011-11-11 14:52:00,Germany
12481,23,10,5579.82,557.9820000000000000,343,2010-12-09 10:13:00,2011-11-17 08:29:00,Germany
12483,18,8,2484.98,310.6225000000000000,322,2011-01-04 14:20:00,2011-11-22 17:02:00,Sweden
12484,33,6,4527.32,754.5533333333333333,304,2011-01-07 14:04:00,2011-11-07 11:37:00,Spain
12488,10,3,1298.66,432.8866666666666667,66,2011-09-25 10:34:00,2011-11-30 08:50:00,France
12489,337,1,334.93,334.9300000000000000,0,2011-01-07 13:13:00,2011-01-07 13:13:00,France
12490,6,10,5417.93,541.7930000000000000,324,2011-01-14 09:13:00,2011-12-04 16:07:00,France
12491,39,1,460.40,460.4000000000000000,0,2011-11-01 12:18:00,2011-11-01 12:18:00,France
12492,64,2,263.21,131.6050000000000000,42,2011-08-26 14:51:00,2011-10-07 15:15:00,Germany
12493,166,2,433.74,216.8700000000000000,32,2011-05-26 14:53:00,2011-06-27 10:17:00,France
12494,16,7,1246.10,178.0142857142857143,350,2010-12-09 11:31:00,2011-11-24 09:34:00,France
12497,82,1,1043.10,1043.1000000000000000,0,2011-09-19 12:29:00,2011-09-19 12:29:00,Germany
12498,22,3,403.70,134.5666666666666667,36,2011-10-13 09:30:00,2011-11-18 12:53:00,Germany
12500,24,11,4257.82,387.0745454545454545,310,2011-01-10 09:48:00,2011-11-16 16:20:00,Germany
12501,337,1,2169.39,2169.3900000000000000,0,2011-01-07 12:28:00,2011-01-07 12:28:00,Germany
12502,96,5,3723.87,744.7740000000000000,214,2011-02-03 10:41:00,2011-09-05 11:52:00,Spain
12504,19,2,482.05,241.0250000000000000,12,2011-11-09 14:56:00,2011-11-21 16:02:00,Germany
12506,233,1,73.50,73.5000000000000000,0,2011-04-21 08:54:00,2011-04-21 08:54:00,France
12507,135,3,1304.81,434.9366666666666667,164,2011-02-14 09:24:00,2011-07-28 17:09:00,Spain
12508,27,2,397.88,198.9400000000000000,3,2011-11-10 16:27:00,2011-11-13 15:37:00,France
12509,285,1,176.50,176.5000000000000000,0,2011-02-28 14:45:00,2011-02-28 14:45:00,France
12510,143,2,982.57,491.2850000000000000,183,2011-01-18 14:04:00,2011-07-20 10:15:00,Spain
12512,67,2,132.18,66.0900000000000000,0,2011-10-04 14:53:00,2011-10-04 14:55:00,Israel
12513,113,1,612.29,612.2900000000000000,0,2011-08-19 10:51:00,2011-08-19 10:51:00,France
12514,268,1,1017.68,1017.6800000000000000,0,2011-03-17 16:38:00,2011-03-17 16:38:00,Italy
12515,354,1,383.70,383.7000000000000000,0,2010-12-21 15:43:00,2010-12-21 15:43:00,Italy
12516,78,2,1312.06,656.0300000000000000,103,2011-06-12 11:37:00,2011-09-23 09:13:00,Germany
12517,29,5,2481.60,496.3200000000000000,162,2011-06-02 15:13:00,2011-11-11 14:04:00,Germany
12518,1,5,2056.89,411.3780000000000000,110,2011-08-21 13:18:00,2011-12-09 10:13:00,Germany
12519,64,1,330.84,330.8400000000000000,0,2011-10-07 09:26:00,2011-10-07 09:26:00,Germany
12520,80,5,2634.26,526.8520000000000000,194,2011-03-11 11:35:00,2011-09-21 15:23:00,Germany
12521,143,1,599.68,599.6800000000000000,0,2011-07-20 10:51:00,2011-07-20 10:51:00,Germany
12522,40,2,192.72,96.3600000000000000,12,2011-10-19 14:41:00,2011-10-31 15:30:00,Germany
12523,20,11,1789.77,162.7063636363636364,312,2011-01-12 09:43:00,2011-11-20 12:55:00,France
12524,10,8,4485.72,560.7150000000000000,324,2011-01-10 10:35:00,2011-11-30 15:31:00,Germany
12526,1,3,1316.66,438.8866666666666667,94,2011-09-06 14:19:00,2011-12-09 12:09:00,Germany
12527,82,3,348.71,116.2366666666666667,244,2011-01-18 12:05:00,2011-09-19 11:55:00,Germany
12528,10,6,1933.48,322.2466666666666667,303,2011-01-31 09:05:00,2011-11-30 14:40:00,Germany
12530,60,4,1662.28,415.5700000000000000,277,2011-01-07 10:04:00,2011-10-11 12:34:00,Germany
12531,15,1,125.22,125.2200000000000000,0,2011-11-25 11:12:00,2011-11-25 11:12:00,Germany
12532,31,1,349.83,349.8300000000000000,0,2011-11-09 13:47:00,2011-11-09 13:47:00,France
12534,131,1,1089.18,1089.1800000000000000,0,2011-08-01 10:26:00,2011-08-01 10:26:00,Germany
12535,92,2,716.35,358.1750000000000000,95,2011-06-06 12:47:00,2011-09-09 08:48:00,France
12536,44,3,12601.83,4200.6100000000000000,16,2011-10-11 14:52:00,2011-10-27 14:20:00,France
12538,30,1,363.95,363.9500000000000000,0,2011-11-10 17:16:00,2011-11-10 17:16:00,Spain
12539,23,4,5568.35,1392.0875000000000000,311,2011-01-10 09:11:00,2011-11-17 13:30:00,Spain
12540,20,17,13400.24,788.2494117647058824,342,2010-12-13 09:39:00,2011-11-20 11:31:00,Spain
12541,30,3,981.18,327.0600000000000000,251,2011-03-04 09:32:00,2011-11-10 10:40:00,Spain
12544,37,1,372.70,372.7000000000000000,0,2011-11-03 16:15:00,2011-11-03 16:15:00,Spain
12545,76,2,1000.39,500.1950000000000000,184,2011-03-25 12:04:00,2011-09-25 13:39:00,Spain
12546,47,2,1161.50,580.7500000000000000,31,2011-09-23 09:44:00,2011-10-24 12:09:00,Spain
12547,198,2,207.80,103.9000000000000000,83,2011-03-04 12:46:00,2011-05-26 12:38:00,Spain
12548,167,1,95.20,95.2000000000000000,0,2011-06-26 15:35:00,2011-06-26 15:35:00,Spain
12550,80,1,964.83,964.8300000000000000,0,2011-09-21 14:35:00,2011-09-21 14:35:00,Spain
12551,358,1,168.00,168.0000000000000000,0,2010-12-17 11:23:00,2010-12-17 11:23:00,Spain
12552,39,2,437.82,218.9100000000000000,1,2011-10-31 12:11:00,2011-11-01 10:02:00,Italy
12553,9,10,3692.28,369.2280000000000000,321,2011-01-14 10:42:00,2011-12-01 16:38:00,France
12556,51,2,599.56,299.7800000000000000,101,2011-07-11 13:35:00,2011-10-20 13:06:00,Spain
12557,17,5,11990.96,2398.1920000000000000,355,2010-12-03 12:20:00,2011-11-23 16:59:00,Spain
12558,8,1,269.96,269.9600000000000000,0,2011-12-02 10:41:00,2011-12-02 10:41:00,USA
12559,311,2,561.71,280.8550000000000000,9,2011-01-24 10:12:00,2011-02-02 09:49:00,Germany
12560,6,3,2134.01,711.3366666666666667,138,2011-07-19 15:55:00,2011-12-04 13:54:00,Germany
12561,303,1,238.85,238.8500000000000000,0,2011-02-10 11:39:00,2011-02-10 11:39:00,Germany
12562,9,7,3781.74,540.2485714285714286,190,2011-05-25 12:44:00,2011-12-01 17:20:00,France
12564,262,1,456.90,456.9000000000000000,0,2011-03-23 14:55:00,2011-03-23 14:55:00,France
12565,289,1,145.92,145.9200000000000000,0,2011-02-24 10:34:00,2011-02-24 10:34:00,Saudi Arabia
12566,87,1,351.65,351.6500000000000000,0,2011-09-14 14:30:00,2011-09-14 14:30:00,Germany
12567,23,10,9401.28,940.1280000000000000,347,2010-12-05 11:57:00,2011-11-17 11:02:00,France
12569,3,32,4124.69,128.8965625000000000,250,2011-04-01 13:47:00,2011-12-07 16:24:00,Germany
12571,40,2,519.61,259.8050000000000000,82,2011-08-10 12:35:00,2011-10-31 10:19:00,France
12572,9,2,1020.42,510.2100000000000000,43,2011-10-19 08:20:00,2011-12-01 09:20:00,Germany
12573,228,1,160.54,160.5400000000000000,0,2011-04-26 15:52:00,2011-04-26 15:52:00,France
12574,316,1,218.45,218.4500000000000000,0,2011-01-28 09:20:00,2011-01-28 09:20:00,France
12576,36,5,1315.83,263.1660000000000000,269,2011-02-08 11:31:00,2011-11-04 10:11:00,Poland
12577,36,3,626.60,208.8666666666666667,324,2010-12-15 16:21:00,2011-11-04 13:24:00,France
12578,22,2,2794.51,1397.2550000000000000,309,2011-01-13 15:34:00,2011-11-18 13:30:00,Italy
12579,79,1,440.42,440.4200000000000000,0,2011-09-22 17:15:00,2011-09-22 17:15:00,France
12580,247,1,415.70,415.7000000000000000,0,2011-04-07 10:24:00,2011-04-07 10:24:00,Germany
12581,40,1,197.71,197.7100000000000000,0,2011-10-31 08:56:00,2011-10-31 08:56:00,Germany
12582,239,2,511.36,255.6800000000000000,50,2011-02-24 11:42:00,2011-04-15 08:45:00,Finland
12583,3,15,7281.38,485.4253333333333333,371,2010-12-01 08:45:00,2011-12-07 08:07:00,France
12584,4,9,2338.15,259.7944444444444444,277,2011-03-04 15:15:00,2011-12-06 09:35:00,Italy
12585,235,2,2040.10,1020.0500000000000000,117,2010-12-23 12:58:00,2011-04-19 13:39:00,Germany
12586,18,1,196.94,196.9400000000000000,0,2011-11-22 16:24:00,2011-11-22 16:24:00,Italy
12587,8,1,144.00,144.0000000000000000,0,2011-12-02 12:47:00,2011-12-02 12:47:00,Finland
12588,40,1,214.90,214.9000000000000000,0,2011-10-31 15:01:00,2011-10-31 15:01:00,Finland
12589,29,2,646.68,323.3400000000000000,116,2011-07-18 12:05:00,2011-11-11 10:19:00,France
12590,212,2,9864.26,4932.1300000000000000,0,2011-05-12 14:46:00,2011-05-12 14:52:00,Germany
12591,318,1,452.85,452.8500000000000000,0,2011-01-26 14:35:00,2011-01-26 14:35:00,Italy
12592,93,2,437.60,218.8000000000000000,121,2011-05-10 13:44:00,2011-09-08 15:04:00,Germany
12593,109,3,418.10,139.3666666666666667,110,2011-05-05 09:29:00,2011-08-23 12:43:00,France
12594,38,10,3338.22,333.8220000000000000,285,2011-01-21 09:52:00,2011-11-02 12:20:00,Italy
12596,52,2,618.27,309.1350000000000000,191,2011-04-11 13:22:00,2011-10-19 13:02:00,Spain
12597,20,4,3811.22,952.8050000000000000,249,2011-03-16 14:00:00,2011-11-20 13:33:00,Spain
12598,10,8,3023.08,377.8850000000000000,275,2011-02-28 11:58:00,2011-11-30 12:18:00,France
12599,30,7,1032.58,147.5114285714285714,275,2011-02-08 13:28:00,2011-11-10 13:34:00,France
12600,29,10,2599.04,259.9040000000000000,343,2010-12-03 12:57:00,2011-11-11 10:29:00,Germany
12601,190,5,577.06,115.4120000000000000,143,2011-01-11 10:38:00,2011-06-03 10:17:00,Germany
12602,59,1,153.12,153.1200000000000000,0,2011-10-12 11:22:00,2011-10-12 11:22:00,France
12603,22,1,739.20,739.2000000000000000,0,2011-11-18 10:42:00,2011-11-18 10:42:00,Germany
12604,80,2,254.18,127.0900000000000000,182,2011-03-23 12:06:00,2011-09-21 14:08:00,France
12607,61,1,1579.51,1579.5100000000000000,0,2011-10-10 16:06:00,2011-10-10 16:06:00,USA
12609,79,3,1126.85,375.6166666666666667,240,2011-01-25 15:13:00,2011-09-22 16:34:00,Germany
12610,23,5,2099.54,419.9080000000000000,104,2011-08-05 13:52:00,2011-11-17 09:34:00,Italy
12611,53,1,1193.32,1193.3200000000000000,0,2011-10-18 13:12:00,2011-10-18 13:12:00,Italy
12612,75,1,704.04,704.0400000000000000,0,2011-09-26 15:35:00,2011-09-26 15:35:00,Germany
12613,58,5,3344.38,668.8760000000000000,205,2011-03-22 15:42:00,2011-10-13 14:59:00,Germany
12614,278,1,315.60,315.6000000000000000,0,2011-03-07 10:22:00,2011-03-07 10:22:00,Germany
12615,3,4,2291.19,572.7975000000000000,166,2011-06-24 13:35:00,2011-12-07 15:02:00,France
12616,96,2,713.30,356.6500000000000000,202,2011-02-15 14:17:00,2011-09-05 15:17:00,France
12617,30,1,352.98,352.9800000000000000,0,2011-11-10 14:39:00,2011-11-10 14:39:00,France
12618,22,1,177.31,177.3100000000000000,0,2011-11-18 11:10:00,2011-11-18 11:10:00,Italy
12619,17,9,3641.24,404.5822222222222222,237,2011-03-31 13:10:00,2011-11-23 14:52:00,Germany
12620,15,3,1339.41,446.4700000000000000,190,2011-05-19 12:10:00,2011-11-25 10:20:00,France
12621,2,20,13689.67,684.4835000000000000,364,2010-12-09 10:16:00,2011-12-08 11:25:00,Germany
12622,233,1,180.10,180.1000000000000000,0,2011-04-21 16:39:00,2011-04-21 16:39:00,Germany
12623,277,1,305.10,305.1000000000000000,0,2011-03-08 13:50:00,2011-03-08 13:50:00,Germany
12624,107,2,641.13,320.5650000000000000,71,2011-06-15 12:34:00,2011-08-25 15:04:00,France
12625,212,2,2683.82,1341.9100000000000000,108,2011-01-24 13:27:00,2011-05-12 09:54:00,Germany
12626,24,9,6620.48,735.6088888888888889,303,2011-01-17 11:01:00,2011-11-16 16:06:00,Germany
12627,11,7,4478.53,639.7900000000000000,130,2011-07-22 13:59:00,2011-11-29 12:07:00,Germany
12628,5,3,786.46,262.1533333333333333,60,2011-10-06 09:28:00,2011-12-05 13:15:00,Germany
12630,10,2,1270.88,635.4400000000000000,34,2011-10-27 10:41:00,2011-11-30 10:48:00,Finland
12631,58,1,640.50,640.5000000000000000,0,2011-10-13 13:53:00,2011-10-13 13:53:00,Finland
12633,59,4,2163.98,540.9950000000000000,229,2011-02-25 08:44:00,2011-10-12 11:40:00,Germany
12635,90,2,1689.18,844.5900000000000000,65,2011-07-08 08:43:00,2011-09-11 11:04:00,Germany
12637,68,8,6002.90,750.3625000000000000,256,2011-01-20 10:47:00,2011-10-03 13:46:00,France
12638,34,1,671.69,671.6900000000000000,0,2011-11-06 13:11:00,2011-11-06 13:11:00,Sweden
12639,239,1,486.10,486.1000000000000000,0,2011-04-15 12:48:00,2011-04-15 12:48:00,Sweden
12640,24,3,1174.58,391.5266666666666667,58,2011-09-19 12:01:00,2011-11-16 11:52:00,France
12641,116,1,185.90,185.9000000000000000,0,2011-08-16 13:26:00,2011-08-16 13:26:00,Sweden
12642,26,3,1013.26,337.7533333333333333,82,2011-08-24 09:23:00,2011-11-14 15:03:00,Germany
12643,129,6,3344.64,557.4400000000000000,204,2011-01-11 11:48:00,2011-08-03 12:56:00,France
12644,130,1,477.91,477.9100000000000000,0,2011-08-02 10:33:00,2011-08-02 10:33:00,Germany
12645,34,4,1775.18,443.7950000000000000,283,2011-01-27 13:08:00,2011-11-06 12:38:00,Germany
12646,5,2,1346.97,673.4850000000000000,45,2011-10-21 12:52:00,2011-12-05 10:14:00,USA
12647,23,12,3722.82,310.2350000000000000,347,2010-12-05 14:02:00,2011-11-17 12:56:00,Germany
12648,155,1,318.05,318.0500000000000000,0,2011-07-08 11:55:00,2011-07-08 11:55:00,Germany
12649,108,3,623.51,207.8366666666666667,105,2011-05-11 14:37:00,2011-08-24 14:41:00,Germany
12650,4,1,314.44,314.4400000000000000,0,2011-12-06 16:34:00,2011-12-06 16:34:00,France
12651,335,1,114.00,114.0000000000000000,0,2011-01-09 12:46:00,2011-01-09 12:46:00,France
12652,332,1,919.98,919.9800000000000000,0,2011-01-12 15:00:00,2011-01-12 15:00:00,France
12653,149,2,2209.85,1104.9250000000000000,148,2011-02-16 10:53:00,2011-07-14 10:41:00,Israel
12654,11,5,601.98,120.3960000000000000,285,2011-02-17 13:16:00,2011-11-29 10:10:00,Germany
12656,18,5,4051.17,810.2340000000000000,216,2011-04-20 09:20:00,2011-11-22 13:42:00,France
12657,12,4,1643.18,410.7950000000000000,67,2011-09-22 11:40:00,2011-11-28 15:47:00,France
12658,19,1,686.05,686.0500000000000000,0,2011-11-21 10:22:00,2011-11-21 10:22:00,Germany
12659,30,1,91.68,91.6800000000000000,0,2011-11-10 11:53:00,2011-11-10 11:53:00,France
12660,12,1,245.10,245.1000000000000000,0,2011-11-28 13:26:00,2011-11-28 13:26:00,France
12662,1,11,3849.78,349.9800000000000000,373,2010-12-01 13:04:00,2011-12-09 11:59:00,Germany
12664,9,9,4881.88,542.4311111111111111,314,2011-01-21 11:42:00,2011-12-01 17:07:00,Finland
12665,325,1,63.00,63.0000000000000000,0,2011-01-19 08:34:00,2011-01-19 08:34:00,Germany
12667,59,1,620.13,620.1300000000000000,0,2011-10-12 17:00:00,2011-10-12 17:00:00,Finland
12668,12,4,3807.15,951.7875000000000000,344,2010-12-19 12:46:00,2011-11-28 10:56:00,Germany
12669,151,3,2744.03,914.6766666666666667,106,2011-03-28 10:15:00,2011-07-12 09:54:00,France
12670,11,5,2996.05,599.2100000000000000,222,2011-04-21 10:16:00,2011-11-29 15:23:00,France
12672,330,1,225.90,225.9000000000000000,0,2011-01-14 09:20:00,2011-01-14 09:20:00,France
12673,6,2,610.52,305.2600000000000000,321,2011-01-17 11:46:00,2011-12-04 13:55:00,Germany
12674,39,4,1970.60,492.6500000000000000,169,2011-05-16 09:10:00,2011-11-01 12:12:00,France
12676,25,6,1331.39,221.8983333333333333,287,2011-02-01 15:41:00,2011-11-15 12:25:00,Sweden
12678,43,12,17628.46,1469.0383333333333333,311,2010-12-21 11:00:00,2011-10-28 13:04:00,France
12679,59,4,1113.02,278.2550000000000000,225,2011-03-01 12:26:00,2011-10-12 12:30:00,France
12680,1,4,862.81,215.7025000000000000,113,2011-08-18 15:44:00,2011-12-09 12:50:00,France
12681,15,22,13787.54,626.7063636363636364,353,2010-12-07 10:08:00,2011-11-25 11:33:00,France
12682,4,31,12279.82,396.1232258064516129,368,2010-12-03 13:59:00,2011-12-06 10:00:00,France
12683,5,15,8476.57,565.1046666666666667,361,2010-12-09 10:37:00,2011-12-05 16:31:00,France
12684,8,7,2283.63,326.2328571428571429,206,2011-05-10 12:55:00,2011-12-02 09:53:00,France
12685,29,6,2863.08,477.1800000000000000,65,2011-09-07 10:28:00,2011-11-11 13:46:00,France
12686,372,1,89.14,89.1400000000000000,0,2010-12-03 09:51:00,2010-12-03 09:51:00,France
12688,114,1,4873.81,4873.8100000000000000,0,2011-08-18 08:49:00,2011-08-18 08:49:00,Israel
12689,26,2,1247.61,623.8050000000000000,102,2011-08-04 10:04:00,2011-11-14 08:31:00,France
12690,206,1,389.01,389.0100000000000000,0,2011-05-18 09:09:00,2011-05-18 09:09:00,France
12691,29,6,1035.80,172.6333333333333333,329,2010-12-17 14:46:00,2011-11-11 16:49:00,France
12693,128,4,855.91,213.9775000000000000,192,2011-01-24 12:58:00,2011-08-04 17:51:00,Germany
12694,71,2,869.67,434.8350000000000000,113,2011-06-09 17:48:00,2011-09-30 13:06:00,France
12695,8,4,582.10,145.5250000000000000,203,2011-05-13 13:15:00,2011-12-02 13:22:00,France
12697,29,3,957.59,319.1966666666666667,141,2011-06-23 15:44:00,2011-11-11 08:47:00,Sweden
12700,8,4,4939.99,1234.9975000000000000,208,2011-05-08 16:10:00,2011-12-02 10:47:00,France
12701,80,2,797.71,398.8550000000000000,163,2011-04-11 13:02:00,2011-09-21 10:47:00,Germany
12702,20,1,219.00,219.0000000000000000,0,2011-11-20 10:36:00,2011-11-20 10:36:00,Germany
12703,72,1,283.55,283.5500000000000000,0,2011-09-29 17:52:00,2011-09-29 17:52:00,Germany
12704,8,8,2340.84,292.6050000000000000,162,2011-06-23 10:20:00,2011-12-02 13:15:00,Finland
12705,16,9,6868.29,763.1433333333333333,342,2010-12-17 15:58:00,2011-11-24 13:17:00,Germany
12707,292,1,603.42,603.4200000000000000,0,2011-02-21 08:38:00,2011-02-21 08:38:00,France
12708,30,10,2712.91,271.2910000000000000,339,2010-12-06 10:43:00,2011-11-10 09:52:00,Germany
12709,16,15,9706.52,647.1013333333333333,351,2010-12-08 09:49:00,2011-11-24 15:38:00,Germany
12710,97,3,1149.02,383.0066666666666667,105,2011-05-22 14:05:00,2011-09-04 12:00:00,Germany
12712,29,13,4396.13,338.1638461538461538,343,2010-12-03 14:30:00,2011-11-11 08:19:00,Germany
12713,1,1,848.55,848.5500000000000000,0,2011-12-09 12:16:00,2011-12-09 12:16:00,Germany
12714,10,5,4708.86,941.7720000000000000,285,2011-02-18 10:53:00,2011-11-30 15:43:00,France
12715,107,1,343.36,343.3600000000000000,0,2011-08-25 15:22:00,2011-08-25 15:22:00,Sweden
12716,4,2,1053.49,526.7450000000000000,130,2011-07-29 13:28:00,2011-12-06 08:55:00,France
12717,152,2,1030.98,515.4900000000000000,94,2011-04-08 10:32:00,2011-07-11 14:47:00,Greece
12718,72,1,238.25,238.2500000000000000,0,2011-09-29 16:38:00,2011-09-29 16:38:00,France
12719,6,2,644.95,322.4750000000000000,60,2011-10-05 14:50:00,2011-12-04 13:45:00,France
12720,3,25,5781.73,231.2692000000000000,367,2010-12-05 15:21:00,2011-12-07 08:03:00,Germany
12721,32,6,2656.13,442.6883333333333333,323,2010-12-20 11:38:00,2011-11-08 12:13:00,France
12722,86,4,997.63,249.4075000000000000,65,2011-07-12 11:55:00,2011-09-15 14:50:00,France
12723,4,5,725.07,145.0140000000000000,62,2011-10-05 15:52:00,2011-12-06 10:19:00,France
12724,6,4,1031.41,257.8525000000000000,327,2011-01-11 15:00:00,2011-12-04 16:02:00,France
12725,372,1,427.80,427.8000000000000000,0,2010-12-03 15:45:00,2010-12-03 15:45:00,Italy
12726,29,7,2609.10,372.7285714285714286,329,2010-12-17 12:56:00,2011-11-11 13:35:00,France
12727,11,7,3980.70,568.6714285714285714,310,2011-01-23 15:17:00,2011-11-29 11:46:00,France
12728,72,4,836.33,209.0825000000000000,261,2011-01-11 13:31:00,2011-09-29 15:31:00,France
12729,114,1,453.01,453.0100000000000000,0,2011-08-18 11:40:00,2011-08-18 11:40:00,France
12731,24,12,18895.91,1574.6591666666666667,341,2010-12-10 10:56:00,2011-11-16 11:59:00,France
12732,180,1,236.26,236.2600000000000000,0,2011-06-13 11:33:00,2011-06-13 11:33:00,France
12733,235,1,383.95,383.9500000000000000,0,2011-04-19 16:19:00,2011-04-19 16:19:00,USA
12734,353,1,110.40,110.4000000000000000,0,2010-12-22 12:47:00,2010-12-22 12:47:00,France
12735,316,2,779.57,389.7850000000000000,22,2011-01-06 14:26:00,2011-01-28 13:37:00,France
12736,333,1,234.00,234.0000000000000000,0,2011-01-11 07:57:00,2011-01-11 07:57:00,France
12738,373,1,155.35,155.3500000000000000,0,2010-12-02 18:27:00,2010-12-02 18:27:00,Germany
12739,79,2,1013.04,506.5200000000000000,21,2011-09-01 17:45:00,2011-09-22 13:00:00,United Arab Emirates
12740,64,1,427.60,427.6000000000000000,0,2011-10-07 10:44:00,2011-10-07 10:44:00,France
12743,135,2,540.13,270.0650000000000000,0,2011-07-28 16:06:00,2011-07-28 16:21:00,Unspecified
12744,52,7,21279.29,3039.8985714285714286,267,2011-01-25 13:26:00,2011-10-19 11:18:00,Singapore
12747,3,11,4196.01,381.4554545454545455,367,2010-12-05 15:38:00,2011-12-07 14:34:00,United Kingdom
12748,1,209,33053.19,158.1492344497607656,373,2010-12-01 12:48:00,2011-12-09 12:20:00,United Kingdom
12749,4,5,4090.88,818.1760000000000000,210,2011-05-10 15:25:00,2011-12-06 09:56:00,United Kingdom
12750,129,1,275.88,275.8800000000000000,0,2011-08-03 09:13:00,2011-08-03 09:13:00,Poland
12752,82,1,4366.78,4366.7800000000000000,0,2011-09-19 13:32:00,2011-09-19 13:32:00,Norway
12753,23,6,21429.39,3571.5650000000000000,340,2010-12-12 11:44:00,2011-11-17 10:52:00,Japan
12754,236,3,3010.74,1003.5800000000000000,73,2011-02-04 10:31:00,2011-04-18 09:00:00,Japan
12755,281,2,3811.95,1905.9750000000000000,85,2010-12-09 10:44:00,2011-03-04 12:42:00,Japan
12756,87,1,112.08,112.0800000000000000,0,2011-09-14 09:31:00,2011-09-14 09:31:00,Japan
12757,16,13,7834.65,602.6653846153846154,196,2011-05-12 19:01:00,2011-11-24 12:30:00,Portugal
12758,117,2,2791.59,1395.7950000000000000,160,2011-03-08 12:05:00,2011-08-15 10:22:00,Portugal
12759,53,3,1531.44,510.4800000000000000,223,2011-03-09 08:09:00,2011-10-18 14:49:00,Netherlands
12762,8,2,1898.52,949.2600000000000000,18,2011-11-14 14:23:00,2011-12-02 10:23:00,Portugal
12763,139,2,494.08,247.0400000000000000,231,2010-12-05 15:46:00,2011-07-24 14:12:00,Japan
12764,317,1,1693.88,1693.8800000000000000,0,2011-01-27 10:19:00,2011-01-27 10:19:00,Lebanon
12766,4,7,6989.63,998.5185714285714286,363,2010-12-08 13:53:00,2011-12-06 08:46:00,Portugal
12769,239,1,1143.60,1143.6000000000000000,0,2011-04-15 10:25:00,2011-04-15 10:25:00,Brazil
12770,211,1,1351.45,1351.4500000000000000,0,2011-05-13 09:33:00,2011-05-13 09:33:00,Japan
12772,60,1,892.47,892.4700000000000000,0,2011-10-11 09:19:00,2011-10-11 09:19:00,Portugal
12775,18,5,1386.04,277.2080000000000000,294,2011-02-01 13:45:00,2011-11-22 16:33:00,Netherlands
12778,20,6,822.23,137.0383333333333333,293,2011-01-31 14:35:00,2011-11-20 11:30:00,Netherlands
12779,38,8,3981.36,497.6700000000000000,334,2010-12-03 13:40:00,2011-11-02 11:43:00,Poland
12781,64,2,826.74,413.3700000000000000,221,2011-02-28 08:43:00,2011-10-07 10:37:00,Czech Republic
12782,5,5,2330.92,466.1840000000000000,353,2010-12-17 11:30:00,2011-12-05 09:16:00,Portugal
12783,3,6,2225.91,370.9850000000000000,73,2011-09-25 15:35:00,2011-12-07 15:56:00,Portugal
12784,10,2,532.82,266.4100000000000000,6,2011-11-24 12:53:00,2011-11-30 15:38:00,Portugal
12785,365,1,311.95,311.9500000000000000,0,2010-12-10 13:48:00,2010-12-10 13:48:00,Portugal
12787,10,3,463.66,154.5533333333333333,183,2011-05-31 09:36:00,2011-11-30 08:44:00,Netherlands
12789,66,1,91.85,91.8500000000000000,0,2011-10-05 13:34:00,2011-10-05 13:34:00,Netherlands
12790,193,1,324.92,324.9200000000000000,0,2011-05-31 14:14:00,2011-05-31 14:14:00,Netherlands
12791,374,1,192.60,192.6000000000000000,0,2010-12-01 11:27:00,2010-12-01 11:27:00,Netherlands
12792,257,1,400.54,400.5400000000000000,0,2011-03-28 11:36:00,2011-03-28 11:36:00,Portugal
12793,335,2,545.48,272.7400000000000000,37,2010-12-03 15:14:00,2011-01-09 12:12:00,Portugal
12794,54,2,860.41,430.2050000000000000,45,2011-09-02 12:01:00,2011-10-17 14:54:00,Portugal
12795,19,1,430.48,430.4800000000000000,0,2011-11-21 10:27:00,2011-11-21 10:27:00,Portugal
12797,366,1,254.03,254.0300000000000000,0,2010-12-09 10:55:00,2010-12-09 10:55:00,Portugal
12798,11,3,6977.04,2325.6800000000000000,160,2011-06-22 10:11:00,2011-11-29 15:52:00,Japan
12802,187,1,427.58,427.5800000000000000,0,2011-06-06 09:36:00,2011-06-06 09:36:00,Netherlands
12808,37,3,483.65,161.2166666666666667,332,2010-12-06 10:27:00,2011-11-03 10:05:00,Portugal
12809,178,1,489.31,489.3100000000000000,0,2011-06-15 10:51:00,2011-06-15 10:51:00,Portugal
12811,261,3,514.85,171.6166666666666667,24,2011-02-28 15:39:00,2011-03-24 09:42:00,Portugal
12812,45,1,229.64,229.6400000000000000,0,2011-10-26 09:54:00,2011-10-26 09:54:00,Japan
12814,102,1,125.92,125.9200000000000000,0,2011-08-30 12:11:00,2011-08-30 12:11:00,Poland
12815,148,2,1063.46,531.7300000000000000,51,2011-05-25 13:34:00,2011-07-15 10:21:00,Poland
12816,96,2,572.20,286.1000000000000000,81,2011-06-16 13:24:00,2011-09-05 12:41:00,Poland
12817,282,1,166.04,166.0400000000000000,0,2011-03-03 16:28:00,2011-03-03 16:28:00,Austria
12818,262,1,1542.08,1542.0800000000000000,0,2011-03-23 12:06:00,2011-03-23 12:06:00,Austria
12820,4,4,942.34,235.5850000000000000,323,2011-01-17 12:34:00,2011-12-06 15:12:00,United Kingdom
12821,215,1,92.72,92.7200000000000000,0,2011-05-09 15:51:00,2011-05-09 15:51:00,United Kingdom
12822,71,2,948.88,474.4400000000000000,17,2011-09-13 13:46:00,2011-09-30 10:04:00,United Kingdom
12823,75,5,1759.50,351.9000000000000000,222,2011-02-16 12:15:00,2011-09-26 07:35:00,United Kingdom
12824,60,1,397.12,397.1200000000000000,0,2011-10-11 12:49:00,2011-10-11 12:49:00,United Kingdom
12826,3,7,1474.72,210.6742857142857143,363,2010-12-09 15:21:00,2011-12-07 10:25:00,United Kingdom
12827,6,3,430.15,143.3833333333333333,39,2011-10-26 15:44:00,2011-12-04 12:17:00,United Kingdom
12828,3,6,1018.71,169.7850000000000000,128,2011-08-01 16:16:00,2011-12-07 08:45:00,United Kingdom
12829,337,2,293.00,146.5000000000000000,24,2010-12-14 14:54:00,2011-01-07 11:13:00,United Kingdom
12830,38,6,6814.64,1135.7733333333333333,134,2011-06-21 10:53:00,2011-11-02 11:54:00,United Kingdom
12831,263,1,215.05,215.0500000000000000,0,2011-03-22 13:02:00,2011-03-22 13:02:00,United Kingdom
12832,33,2,383.03,191.5150000000000000,66,2011-09-02 13:48:00,2011-11-07 13:30:00,United Kingdom
12833,146,1,417.38,417.3800000000000000,0,2011-07-17 13:46:00,2011-07-17 13:46:00,United Kingdom
12834,283,1,312.38,312.3800000000000000,0,2011-03-02 09:49:00,2011-03-02 09:49:00,United Kingdom
12836,60,4,2610.36,652.5900000000000000,252,2011-02-01 11:19:00,2011-10-11 15:10:00,United Kingdom
12837,174,1,134.10,134.1000000000000000,0,2011-06-19 16:07:00,2011-06-19 16:07:00,United Kingdom
12838,34,2,671.95,335.9750000000000000,340,2010-12-01 11:57:00,2011-11-06 12:20:00,United Kingdom
12839,3,14,5591.42,399.3871428571428571,365,2010-12-07 15:48:00,2011-12-07 12:33:00,United Kingdom
12840,144,4,2726.77,681.6925000000000000,83,2011-04-27 12:21:00,2011-07-19 09:29:00,United Kingdom
12841,5,25,3991.58,159.6632000000000000,367,2010-12-03 10:43:00,2011-12-05 11:13:00,United Kingdom
12842,71,2,1118.99,559.4950000000000000,238,2011-02-04 12:36:00,2011-09-30 15:33:00,United Kingdom
12843,66,8,1702.26,212.7825000000000000,199,2011-03-20 14:38:00,2011-10-05 12:09:00,United Kingdom
12844,30,2,325.96,162.9800000000000000,101,2011-08-01 13:11:00,2011-11-10 13:31:00,United Kingdom
12845,268,4,354.09,88.5225000000000000,23,2011-02-22 14:10:00,2011-03-17 13:34:00,United Kingdom
12847,23,1,843.64,843.6400000000000000,0,2011-11-17 13:16:00,2011-11-17 13:16:00,United Kingdom
12849,32,2,1010.29,505.1450000000000000,237,2011-03-16 12:26:00,2011-11-08 13:41:00,United Kingdom
12851,97,1,131.81,131.8100000000000000,0,2011-09-04 12:41:00,2011-09-04 12:41:00,United Kingdom
12852,295,1,311.55,311.5500000000000000,0,2011-02-18 08:47:00,2011-02-18 08:47:00,United Kingdom
12853,135,6,1957.10,326.1833333333333333,181,2011-01-28 10:28:00,2011-07-28 11:29:00,United Kingdom
12854,79,3,1316.25,438.7500000000000000,240,2011-01-25 13:35:00,2011-09-22 12:15:00,United Kingdom
12855,373,1,38.10,38.1000000000000000,0,2010-12-02 09:37:00,2010-12-02 09:37:00,United Kingdom
12856,8,6,2170.78,361.7966666666666667,56,2011-10-07 12:38:00,2011-12-02 10:52:00,United Kingdom
12857,211,2,1106.40,553.2000000000000000,92,2011-02-10 12:32:00,2011-05-13 10:20:00,United Kingdom
12863,53,1,521.20,521.2000000000000000,0,2011-10-18 14:15:00,2011-10-18 14:15:00,United Kingdom
12864,139,1,147.12,147.1200000000000000,0,2011-07-24 13:03:00,2011-07-24 13:03:00,United Kingdom
12865,27,2,1568.23,784.1150000000000000,97,2011-08-08 10:11:00,2011-11-13 14:31:00,Austria
12866,284,1,559.12,559.1200000000000000,0,2011-03-01 14:11:00,2011-03-01 14:11:00,Belgium
12867,27,7,4009.34,572.7628571428571429,334,2010-12-14 16:39:00,2011-11-13 15:30:00,United Kingdom
12868,186,6,1607.06,267.8433333333333333,188,2010-12-01 12:50:00,2011-06-07 10:42:00,United Kingdom
12871,85,2,380.64,190.3200000000000000,123,2011-05-16 13:32:00,2011-09-16 15:07:00,United Kingdom
12872,327,2,599.97,299.9850000000000000,39,2010-12-09 14:44:00,2011-01-17 10:52:00,United Kingdom
12873,283,1,374.00,374.0000000000000000,0,2011-03-02 14:58:00,2011-03-02 14:58:00,United Kingdom
12875,144,2,343.23,171.6150000000000000,219,2010-12-12 12:03:00,2011-07-19 15:30:00,United Kingdom
12876,58,2,2218.02,1109.0100000000000000,139,2011-05-27 13:34:00,2011-10-13 12:26:00,Belgium
12877,4,12,1535.77,127.9808333333333333,355,2010-12-16 12:23:00,2011-12-06 10:30:00,United Kingdom
12878,237,2,854.99,427.4950000000000000,30,2011-03-18 14:02:00,2011-04-17 13:07:00,United Kingdom
12879,45,3,573.22,191.0733333333333333,47,2011-09-09 12:11:00,2011-10-26 12:24:00,United Kingdom
12881,276,1,298.00,298.0000000000000000,0,2011-03-09 11:44:00,2011-03-09 11:44:00,United Kingdom
12882,10,2,1463.04,731.5200000000000000,24,2011-11-06 11:22:00,2011-11-30 16:18:00,United Kingdom
12883,25,4,703.47,175.8675000000000000,65,2011-09-11 15:18:00,2011-11-15 09:32:00,United Kingdom
12884,89,1,309.05,309.0500000000000000,0,2011-09-12 13:10:00,2011-09-12 13:10:00,United Kingdom
12885,64,3,1175.22,391.7400000000000000,60,2011-08-08 11:45:00,2011-10-07 13:40:00,United Kingdom
12886,68,2,1378.40,689.2000000000000000,152,2011-05-04 11:21:00,2011-10-03 10:09:00,United Kingdom
12888,215,2,354.12,177.0600000000000000,41,2011-03-29 14:31:00,2011-05-09 16:02:00,United Kingdom
12890,25,1,376.72,376.7200000000000000,0,2011-11-15 17:26:00,2011-11-15 17:26:00,United Kingdom
12891,186,3,331.00,110.3333333333333333,107,2011-02-20 11:28:00,2011-06-07 12:31:00,United Kingdom
12893,31,1,176.55,176.5500000000000000,0,2011-11-09 12:34:00,2011-11-09 12:34:00,United Kingdom
12895,43,2,372.80,186.4000000000000000,44,2011-09-14 08:35:00,2011-10-28 13:51:00,United Kingdom
12897,205,2,216.50,108.2500000000000000,97,2011-02-11 11:40:00,2011-05-19 12:13:00,United Kingdom
12901,9,28,17654.54,630.5192857142857143,262,2011-03-14 10:41:00,2011-12-01 10:07:00,United Kingdom
12902,265,1,138.68,138.6800000000000000,0,2011-03-20 12:06:00,2011-03-20 12:06:00,United Kingdom
12904,19,2,496.06,248.0300000000000000,154,2011-06-20 13:18:00,2011-11-21 14:34:00,United Kingdom
12906,12,5,2919.81,583.9620000000000000,67,2011-09-22 15:03:00,2011-11-28 09:55:00,United Kingdom
12908,177,2,750.00,375.0000000000000000,136,2011-01-31 12:37:00,2011-06-16 15:39:00,United Kingdom
12909,40,5,2178.67,435.7340000000000000,214,2011-03-31 12:51:00,2011-10-31 12:43:00,United Kingdom
12910,24,8,3075.04,384.3800000000000000,218,2011-04-12 10:01:00,2011-11-16 14:28:00,United Kingdom
12912,3,5,1662.30,332.4600000000000000,38,2011-10-30 11:35:00,2011-12-07 08:55:00,United Kingdom
12913,5,5,2483.63,496.7260000000000000,364,2010-12-06 16:36:00,2011-12-05 12:11:00,United Kingdom
12915,149,2,363.65,181.8250000000000000,224,2010-12-02 12:33:00,2011-07-14 11:34:00,United Kingdom
12916,139,4,2944.95,736.2375000000000000,182,2011-01-23 10:43:00,2011-07-24 10:35:00,United Kingdom
12917,129,1,594.00,594.0000000000000000,0,2011-08-03 16:42:00,2011-08-03 16:42:00,United Kingdom
12919,9,6,1335.19,222.5316666666666667,161,2011-06-23 09:22:00,2011-12-01 13:47:00,United Kingdom
12920,18,1,162.78,162.7800000000000000,0,2011-11-22 15:05:00,2011-11-22 15:05:00,United Kingdom
12921,10,37,16587.09,448.2997297297297297,364,2010-12-01 15:06:00,2011-11-30 16:22:00,United Kingdom
12922,162,1,405.38,405.3800000000000000,0,2011-07-01 15:35:00,2011-07-01 15:35:00,United Kingdom
12923,65,1,172.82,172.8200000000000000,0,2011-10-06 16:20:00,2011-10-06 16:20:00,United Kingdom
12924,89,4,933.70,233.4250000000000000,239,2011-01-16 11:49:00,2011-09-12 13:55:00,United Kingdom
12925,5,2,694.05,347.0250000000000000,70,2011-09-26 11:05:00,2011-12-05 11:11:00,United Kingdom
12928,36,5,2062.70,412.5400000000000000,324,2010-12-15 15:45:00,2011-11-04 14:24:00,United Kingdom
12929,312,1,117.85,117.8500000000000000,0,2011-02-01 12:08:00,2011-02-01 12:08:00,United Kingdom
12930,79,2,415.80,207.9000000000000000,93,2011-06-21 13:25:00,2011-09-22 15:18:00,United Kingdom
12931,22,15,42055.96,2803.7306666666666667,336,2010-12-17 09:45:00,2011-11-18 12:39:00,United Kingdom
12933,25,3,607.53,202.5100000000000000,259,2011-03-01 11:30:00,2011-11-15 16:38:00,United Kingdom
12935,3,7,2160.70,308.6714285714285714,317,2011-01-24 13:58:00,2011-12-07 17:25:00,United Kingdom
12936,18,4,1063.90,265.9750000000000000,61,2011-09-22 13:51:00,2011-11-22 17:32:00,United Kingdom
12937,16,4,1504.27,376.0675000000000000,252,2011-03-17 14:19:00,2011-11-24 15:05:00,United Kingdom
12938,26,1,114.14,114.1400000000000000,0,2011-11-14 11:21:00,2011-11-14 11:21:00,United Kingdom
12939,65,8,11581.80,1447.7250000000000000,270,2011-01-09 11:20:00,2011-10-06 14:33:00,United Kingdom
12940,55,2,899.69,449.8450000000000000,33,2011-09-13 10:16:00,2011-10-16 12:09:00,United Kingdom
12942,132,3,675.60,225.2000000000000000,234,2010-12-09 09:34:00,2011-07-31 14:39:00,United Kingdom
12944,36,2,604.51,302.2550000000000000,319,2010-12-20 10:41:00,2011-11-04 11:04:00,United Kingdom
12945,289,1,462.95,462.9500000000000000,0,2011-02-24 14:15:00,2011-02-24 14:15:00,United Kingdom
12947,144,6,1603.99,267.3316666666666667,230,2010-12-01 16:21:00,2011-07-19 10:06:00,United Kingdom
12948,17,7,2064.95,294.9928571428571429,248,2011-03-20 10:17:00,2011-11-23 17:10:00,United Kingdom
12949,31,8,4167.22,520.9025000000000000,222,2011-04-01 13:20:00,2011-11-09 11:25:00,United Kingdom
12950,3,3,1843.00,614.3333333333333333,22,2011-11-15 13:48:00,2011-12-07 13:17:00,United Kingdom
12951,9,6,1064.07,177.3450000000000000,322,2011-01-13 10:33:00,2011-12-01 12:14:00,United Kingdom
12952,6,4,1387.79,346.9475000000000000,73,2011-09-22 16:37:00,2011-12-04 10:35:00,United Kingdom
12953,10,1,329.85,329.8500000000000000,0,2011-11-30 09:24:00,2011-11-30 09:24:00,United Kingdom
12955,2,11,4757.16,432.4690909090909091,266,2011-03-17 09:03:00,2011-12-08 16:29:00,United Kingdom
12956,307,1,108.07,108.0700000000000000,0,2011-02-06 16:08:00,2011-02-06 16:08:00,United Kingdom
12957,10,8,4017.54,502.1925000000000000,330,2011-01-04 12:18:00,2011-11-30 09:53:00,United Kingdom
12962,8,2,266.39,133.1950000000000000,106,2011-08-18 13:38:00,2011-12-02 15:55:00,United Kingdom
12963,9,8,1856.63,232.0787500000000000,357,2010-12-09 09:14:00,2011-12-01 12:55:00,United Kingdom
12965,90,1,769.81,769.8100000000000000,0,2011-09-11 15:31:00,2011-09-11 15:31:00,United Kingdom
12966,10,1,160.18,160.1800000000000000,0,2011-11-30 12:38:00,2011-11-30 12:38:00,United Kingdom
12967,359,2,1660.90,830.4500000000000000,13,2010-12-03 09:49:00,2010-12-16 19:10:00,United Kingdom
12968,113,1,135.95,135.9500000000000000,0,2011-08-19 15:44:00,2011-08-19 15:44:00,United Kingdom
12970,8,4,405.47,101.3675000000000000,315,2011-01-21 14:04:00,2011-12-02 14:30:00,United Kingdom
12971,4,86,11189.91,130.1152325581395349,369,2010-12-02 16:42:00,2011-12-06 12:20:00,United Kingdom
12974,198,1,144.80,144.8000000000000000,0,2011-05-26 09:33:00,2011-05-26 09:33:00,United Kingdom
12976,212,1,738.60,738.6000000000000000,0,2011-05-12 09:55:00,2011-05-12 09:55:00,United Kingdom
12977,157,1,39.24,39.2400000000000000,0,2011-07-06 16:40:00,2011-07-06 16:40:00,United Kingdom
12980,158,9,7374.90,819.4333333333333333,201,2010-12-16 11:36:00,2011-07-05 09:34:00,United Kingdom
12981,30,2,372.22,186.1100000000000000,104,2011-07-29 14:14:00,2011-11-10 12:00:00,United Kingdom
12982,243,1,390.54,390.5400000000000000,0,2011-04-11 11:51:00,2011-04-11 11:51:00,United Kingdom
12984,19,1,97.50,97.5000000000000000,0,2011-11-21 12:37:00,2011-11-21 12:37:00,United Kingdom
12985,1,2,1239.38,619.6900000000000000,28,2011-11-11 12:44:00,2011-12-09 10:46:00,United Kingdom
12987,74,2,558.70,279.3500000000000000,124,2011-05-26 12:00:00,2011-09-27 12:03:00,United Kingdom
12988,293,1,505.82,505.8200000000000000,0,2011-02-20 14:31:00,2011-02-20 14:31:00,United Kingdom
12989,4,15,6924.11,461.6073333333333333,361,2010-12-10 13:24:00,2011-12-06 15:28:00,United Kingdom
12990,32,3,409.50,136.5000000000000000,279,2011-02-02 15:39:00,2011-11-08 13:01:00,United Kingdom
12991,24,2,503.76,251.8800000000000000,89,2011-08-19 14:39:00,2011-11-16 15:34:00,United Kingdom
12993,24,4,414.76,103.6900000000000000,275,2011-02-14 14:29:00,2011-11-16 15:49:00,United Kingdom
12994,5,3,974.42,324.8066666666666667,264,2011-03-16 08:31:00,2011-12-05 15:43:00,United Kingdom
12995,86,1,211.32,211.3200000000000000,0,2011-09-15 15:44:00,2011-09-15 15:44:00,United Kingdom
12997,23,4,1226.89,306.7225000000000000,295,2011-01-26 15:49:00,2011-11-17 15:47:00,United Kingdom
12999,197,3,455.88,151.9600000000000000,49,2011-04-08 10:26:00,2011-05-27 13:24:00,United Kingdom
13000,107,3,534.85,178.2833333333333333,258,2010-12-10 10:26:00,2011-08-25 10:43:00,United Kingdom
13001,5,13,9785.97,752.7669230769230769,322,2011-01-17 12:45:00,2011-12-05 14:51:00,United Kingdom
13002,319,1,120.95,120.9500000000000000,0,2011-01-25 15:18:00,2011-01-25 15:18:00,United Kingdom
13003,106,3,149.05,49.6833333333333333,109,2011-05-09 08:23:00,2011-08-26 10:50:00,United Kingdom
13004,12,18,5655.91,314.2172222222222222,346,2010-12-17 08:20:00,2011-11-28 11:27:00,United Kingdom
13005,174,2,513.70,256.8500000000000000,73,2011-04-07 13:32:00,2011-06-19 10:53:00,United Kingdom
13006,57,1,81.57,81.5700000000000000,0,2011-10-14 13:49:00,2011-10-14 13:49:00,United Kingdom
13008,324,1,229.47,229.4700000000000000,0,2011-01-20 14:24:00,2011-01-20 14:24:00,United Kingdom
13011,373,1,50.55,50.5500000000000000,0,2010-12-02 17:22:00,2010-12-02 17:22:00,United Kingdom
13012,10,8,1646.84,205.8550000000000000,285,2011-02-18 09:43:00,2011-11-30 13:05:00,United Kingdom
13013,2,13,4810.94,370.0723076923076923,370,2010-12-03 12:28:00,2011-12-08 15:01:00,United Kingdom
13014,11,10,3466.28,346.6280000000000000,271,2011-03-03 18:28:00,2011-11-29 12:27:00,United Kingdom
13015,54,5,3339.64,667.9280000000000000,196,2011-04-04 14:28:00,2011-10-17 13:19:00,United Kingdom
13016,74,3,789.89,263.2966666666666667,50,2011-08-08 15:00:00,2011-09-27 14:08:00,United Kingdom
13017,8,1,204.00,204.0000000000000000,0,2011-12-02 15:53:00,2011-12-02 15:53:00,United Kingdom
13018,17,28,7277.70,259.9178571428571429,279,2011-02-17 11:05:00,2011-11-23 13:28:00,United Kingdom
13021,5,9,2616.38,290.7088888888888889,354,2010-12-16 10:12:00,2011-12-05 16:37:00,United Kingdom
13023,65,2,689.90,344.9500000000000000,65,2011-08-02 09:34:00,2011-10-06 16:27:00,United Kingdom
13026,2,5,975.36,195.0720000000000000,274,2011-03-09 11:35:00,2011-12-08 16:58:00,United Kingdom
13027,114,6,6912.00,1152.0000000000000000,241,2010-12-20 12:45:00,2011-08-18 09:39:00,United Kingdom
13028,23,2,661.32,330.6600000000000000,23,2011-10-25 14:09:00,2011-11-17 11:10:00,United Kingdom
13029,31,3,1247.50,415.8333333333333333,323,2010-12-21 13:53:00,2011-11-09 09:13:00,United Kingdom
13030,12,2,752.44,376.2200000000000000,357,2010-12-06 14:31:00,2011-11-28 14:30:00,United Kingdom
13032,53,2,1010.18,505.0900000000000000,35,2011-09-13 16:40:00,2011-10-18 15:54:00,United Kingdom
13033,358,1,190.55,190.5500000000000000,0,2010-12-17 14:23:00,2010-12-17 14:23:00,United Kingdom
13034,55,2,642.77,321.3850000000000000,315,2010-12-05 14:52:00,2011-10-16 12:21:00,United Kingdom
13035,74,2,921.88,460.9400000000000000,187,2011-03-24 09:21:00,2011-09-27 08:57:00,United Kingdom
13037,139,3,881.07,293.6900000000000000,118,2011-03-28 15:42:00,2011-07-24 15:46:00,United Kingdom
13038,81,3,908.46,302.8200000000000000,210,2011-02-22 11:43:00,2011-09-20 14:37:00,United Kingdom
13040,9,2,676.99,338.4950000000000000,25,2011-11-06 13:53:00,2011-12-01 10:38:00,United Kingdom
13043,274,1,516.42,516.4200000000000000,0,2011-03-11 14:52:00,2011-03-11 14:52:00,United Kingdom
13044,292,1,560.47,560.4700000000000000,0,2011-02-21 15:20:00,2011-02-21 15:20:00,United Kingdom
13045,100,1,305.28,305.2800000000000000,0,2011-09-01 15:04:00,2011-09-01 15:04:00,United Kingdom
13046,31,2,629.31,314.6550000000000000,236,2011-03-18 15:43:00,2011-11-09 08:36:00,United Kingdom
13047,32,10,3237.54,323.7540000000000000,342,2010-12-01 08:34:00,2011-11-08 12:06:00,United Kingdom
13048,15,4,1819.41,454.8525000000000000,313,2011-01-16 14:36:00,2011-11-25 13:23:00,United Kingdom
13049,65,2,656.68,328.3400000000000000,254,2011-01-25 16:33:00,2011-10-06 15:31:00,United Kingdom
13050,15,17,5836.86,343.3447058823529412,352,2010-12-08 09:30:00,2011-11-25 09:18:00,United Kingdom
13052,213,1,348.15,348.1500000000000000,0,2011-05-11 14:12:00,2011-05-11 14:12:00,United Kingdom
13055,79,3,1214.41,404.8033333333333333,135,2011-05-10 08:58:00,2011-09-22 14:26:00,United Kingdom
13058,25,3,271.40,90.4666666666666667,127,2011-07-11 12:01:00,2011-11-15 12:43:00,United Kingdom
13059,250,1,183.40,183.4000000000000000,0,2011-04-04 10:40:00,2011-04-04 10:40:00,United Kingdom
13060,254,1,307.53,307.5300000000000000,0,2011-03-31 11:37:00,2011-03-31 11:37:00,United Kingdom
13061,73,1,248.61,248.6100000000000000,0,2011-09-28 16:04:00,2011-09-28 16:04:00,United Kingdom
13062,192,1,346.98,346.9800000000000000,0,2011-06-01 15:12:00,2011-06-01 15:12:00,United Kingdom
13064,13,4,1105.59,276.3975000000000000,315,2011-01-16 13:41:00,2011-11-27 12:31:00,United Kingdom
13065,374,1,205.86,205.8600000000000000,0,2010-12-01 16:52:00,2010-12-01 16:52:00,United Kingdom
13066,25,2,470.80,235.4000000000000000,8,2011-11-07 17:06:00,2011-11-15 12:57:00,United Kingdom
13067,83,1,115.46,115.4600000000000000,0,2011-09-18 13:38:00,2011-09-18 13:38:00,United Kingdom
13068,11,2,344.00,172.0000000000000000,309,2011-01-24 08:20:00,2011-11-29 15:00:00,United Kingdom
13069,1,24,4431.44,184.6433333333333333,369,2010-12-05 11:02:00,2011-12-09 08:39:00,United Kingdom
13070,193,1,228.80,228.8000000000000000,0,2011-05-31 13:45:00,2011-05-31 13:45:00,United Kingdom
13072,267,1,177.15,177.1500000000000000,0,2011-03-18 08:12:00,2011-03-18 08:12:00,United Kingdom
13075,130,1,919.61,919.6100000000000000,0,2011-08-02 10:19:00,2011-08-02 10:19:00,United Kingdom
13077,2,4,728.02,182.0050000000000000,365,2010-12-08 14:59:00,2011-12-08 19:24:00,United Kingdom
13078,4,26,12627.94,485.6900000000000000,363,2010-12-08 09:07:00,2011-12-06 15:36:00,United Kingdom
13079,5,5,220.10,44.0200000000000000,136,2011-07-22 14:41:00,2011-12-05 16:53:00,United Kingdom
13080,180,1,58.08,58.0800000000000000,0,2011-06-13 14:59:00,2011-06-13 14:59:00,United Kingdom
13081,12,11,28337.38,2576.1254545454545455,360,2010-12-03 17:20:00,2011-11-28 10:54:00,United Kingdom
13082,127,9,3613.63,401.5144444444444444,212,2011-01-05 15:42:00,2011-08-05 16:16:00,United Kingdom
13083,5,2,303.75,151.8750000000000000,71,2011-09-25 10:46:00,2011-12-05 15:01:00,United Kingdom
13085,158,2,416.08,208.0400000000000000,138,2011-02-17 13:57:00,2011-07-05 12:11:00,United Kingdom
13089,3,97,58762.08,605.7946391752577320,367,2010-12-05 10:27:00,2011-12-07 09:02:00,United Kingdom
13090,9,14,8910.82,636.4871428571428571,364,2010-12-02 07:48:00,2011-12-01 12:39:00,United Kingdom
13091,29,1,345.82,345.8200000000000000,0,2011-11-11 15:54:00,2011-11-11 15:54:00,United Kingdom
13092,71,5,477.83,95.5660000000000000,289,2010-12-15 12:27:00,2011-09-30 11:18:00,United Kingdom
13093,276,8,7832.47,979.0587500000000000,98,2010-12-01 15:00:00,2011-03-09 12:14:00,United Kingdom
13094,22,12,1927.32,160.6100000000000000,347,2010-12-06 10:34:00,2011-11-18 14:07:00,United Kingdom
13095,71,1,74.40,74.4000000000000000,0,2011-09-30 12:03:00,2011-09-30 12:03:00,United Kingdom
13097,33,10,6003.22,600.3220000000000000,328,2010-12-14 15:13:00,2011-11-07 10:43:00,United Kingdom
13098,2,28,28882.44,1031.5157142857142857,316,2011-01-26 13:46:00,2011-12-08 14:14:00,United Kingdom
13099,100,1,207.36,207.3600000000000000,0,2011-09-01 17:40:00,2011-09-01 17:40:00,United Kingdom
13101,235,1,101.19,101.1900000000000000,0,2011-04-19 14:37:00,2011-04-19 14:37:00,United Kingdom
13102,2,24,6424.09,267.6704166666666667,364,2010-12-09 13:38:00,2011-12-08 12:52:00,United Kingdom
13103,40,1,243.94,243.9400000000000000,0,2011-10-31 09:38:00,2011-10-31 09:38:00,United Kingdom
13104,4,6,1098.48,183.0800000000000000,351,2010-12-20 11:58:00,2011-12-06 13:10:00,United Kingdom
13106,134,1,76.50,76.5000000000000000,0,2011-07-29 15:12:00,2011-07-29 15:12:00,United Kingdom
13107,45,4,1531.62,382.9050000000000000,289,2011-01-10 12:28:00,2011-10-26 14:52:00,United Kingdom
13108,373,1,350.06,350.0600000000000000,0,2010-12-02 10:35:00,2010-12-02 10:35:00,United Kingdom
13109,60,2,786.54,393.2700000000000000,98,2011-07-05 14:56:00,2011-10-11 10:16:00,United Kingdom
13110,32,7,1488.67,212.6671428571428571,280,2011-02-01 15:24:00,2011-11-08 14:30:00,United Kingdom
13113,1,24,12245.96,510.2483333333333333,366,2010-12-08 13:21:00,2011-12-09 12:49:00,United Kingdom
13115,12,4,2294.78,573.6950000000000000,173,2011-06-08 16:15:00,2011-11-28 12:38:00,United Kingdom
13116,139,1,501.14,501.1400000000000000,0,2011-07-24 14:33:00,2011-07-24 14:33:00,United Kingdom
13117,22,8,984.91,123.1137500000000000,351,2010-12-02 13:11:00,2011-11-18 12:02:00,United Kingdom
13118,20,5,1197.81,239.5620000000000000,269,2011-02-24 12:32:00,2011-11-20 12:46:00,United Kingdom
13120,239,1,30.60,30.6000000000000000,0,2011-04-15 10:19:00,2011-04-15 10:19:00,United Kingdom
13121,270,1,283.73,283.7300000000000000,0,2011-03-15 16:47:00,2011-03-15 16:47:00,United Kingdom
13122,95,2,922.39,461.1950000000000000,146,2011-04-13 14:12:00,2011-09-06 15:53:00,United Kingdom
13124,90,3,3756.33,1252.1100000000000000,270,2010-12-15 15:00:00,2011-09-11 12:45:00,United Kingdom
13126,5,8,2099.64,262.4550000000000000,362,2010-12-08 11:42:00,2011-12-05 10:00:00,United Kingdom
13127,78,1,259.17,259.1700000000000000,0,2011-09-23 10:26:00,2011-09-23 10:26:00,United Kingdom
13130,95,1,64.00,64.0000000000000000,0,2011-09-06 15:30:00,2011-09-06 15:30:00,United Kingdom
13131,24,3,1073.30,357.7666666666666667,164,2011-06-05 10:54:00,2011-11-16 13:21:00,United Kingdom
13132,262,1,77.30,77.3000000000000000,0,2011-03-23 12:44:00,2011-03-23 12:44:00,United Kingdom
13133,274,2,109.80,54.9000000000000000,31,2011-02-08 15:48:00,2011-03-11 10:31:00,United Kingdom
13134,86,4,1793.58,448.3950000000000000,155,2011-04-13 12:57:00,2011-09-15 10:35:00,United Kingdom
13135,197,1,3096.00,3096.0000000000000000,0,2011-05-27 10:52:00,2011-05-27 10:52:00,United Kingdom
13136,57,5,2607.61,521.5220000000000000,156,2011-05-11 12:47:00,2011-10-14 13:41:00,United Kingdom
13137,11,8,3603.29,450.4112500000000000,298,2011-02-04 11:54:00,2011-11-29 12:09:00,United Kingdom
13138,23,6,962.39,160.3983333333333333,350,2010-12-02 15:03:00,2011-11-17 16:51:00,United Kingdom
13139,17,7,5064.94,723.5628571428571429,243,2011-03-25 11:57:00,2011-11-23 13:54:00,United Kingdom
13140,109,3,422.47,140.8233333333333333,258,2010-12-08 15:12:00,2011-08-23 15:33:00,United Kingdom
13141,85,5,2388.75,477.7500000000000000,231,2011-01-28 13:04:00,2011-09-16 09:54:00,United Kingdom
13142,20,1,307.09,307.0900000000000000,0,2011-11-20 16:07:00,2011-11-20 16:07:00,United Kingdom
13144,333,1,110.95,110.9500000000000000,0,2011-01-11 11:15:00,2011-01-11 11:15:00,United Kingdom
13145,40,4,618.52,154.6300000000000000,333,2010-12-02 18:06:00,2011-10-31 12:45:00,United Kingdom
13146,27,1,228.91,228.9100000000000000,0,2011-11-13 15:29:00,2011-11-13 15:29:00,United Kingdom
13147,11,4,712.80,178.2000000000000000,89,2011-09-01 12:28:00,2011-11-29 13:59:00,United Kingdom
13148,30,12,3683.26,306.9383333333333333,335,2010-12-10 13:06:00,2011-11-10 15:23:00,United Kingdom
13149,15,4,1676.06,419.0150000000000000,275,2011-02-23 13:57:00,2011-11-25 13:09:00,United Kingdom
13151,296,1,1257.87,1257.8700000000000000,0,2011-02-17 12:29:00,2011-02-17 12:29:00,United Kingdom
13153,6,1,486.22,486.2200000000000000,0,2011-12-04 12:14:00,2011-12-04 12:14:00,United Kingdom
13155,34,4,971.76,242.9400000000000000,335,2010-12-06 12:44:00,2011-11-06 15:41:00,United Kingdom
13157,50,4,1741.22,435.3050000000000000,249,2011-02-14 14:03:00,2011-10-21 13:50:00,United Kingdom
13158,95,4,1201.06,300.2650000000000000,224,2011-01-25 09:58:00,2011-09-06 11:58:00,United Kingdom
13159,9,4,1429.35,357.3375000000000000,107,2011-08-16 11:44:00,2011-12-01 11:20:00,United Kingdom
13160,23,1,91.80,91.8000000000000000,0,2011-11-17 13:07:00,2011-11-17 13:07:00,United Kingdom
13161,314,1,112.75,112.7500000000000000,0,2011-01-30 14:03:00,2011-01-30 14:03:00,United Kingdom
13162,123,4,1688.29,422.0725000000000000,212,2011-01-09 10:43:00,2011-08-09 15:59:00,United Kingdom
13165,47,2,1021.48,510.7400000000000000,305,2010-12-23 14:06:00,2011-10-24 15:05:00,United Kingdom
13166,284,1,417.20,417.2000000000000000,0,2011-03-01 15:16:00,2011-03-01 15:16:00,United Kingdom
13167,19,4,791.33,197.8325000000000000,125,2011-07-19 12:13:00,2011-11-21 12:24:00,United Kingdom
13168,37,4,1299.59,324.8975000000000000,282,2011-01-25 13:55:00,2011-11-03 12:56:00,United Kingdom
13169,64,2,712.88,356.4400000000000000,189,2011-04-01 14:24:00,2011-10-07 12:11:00,United Kingdom
13170,27,1,108.81,108.8100000000000000,0,2011-11-13 12:19:00,2011-11-13 12:19:00,United Kingdom
13171,22,3,468.41,156.1366666666666667,278,2011-02-13 14:16:00,2011-11-18 10:27:00,United Kingdom
13173,5,2,353.65,176.8250000000000000,363,2010-12-07 14:30:00,2011-12-05 15:51:00,United Kingdom
13174,17,3,2742.82,914.2733333333333333,353,2010-12-05 16:24:00,2011-11-23 14:35:00,United Kingdom
13176,47,1,481.49,481.4900000000000000,0,2011-10-24 15:43:00,2011-10-24 15:43:00,United Kingdom
13177,65,1,282.45,282.4500000000000000,0,2011-10-06 09:56:00,2011-10-06 09:56:00,United Kingdom
13178,27,11,5725.47,520.4972727272727273,334,2010-12-14 12:22:00,2011-11-13 16:14:00,United Kingdom
13182,46,1,121.18,121.1800000000000000,0,2011-10-25 13:46:00,2011-10-25 13:46:00,United Kingdom
13183,8,9,3957.78,439.7533333333333333,327,2011-01-09 10:50:00,2011-12-02 10:30:00,United Kingdom
13184,15,10,1668.95,166.8950000000000000,276,2011-02-22 17:25:00,2011-11-25 12:02:00,United Kingdom
13185,268,1,71.40,71.4000000000000000,0,2011-03-17 11:56:00,2011-03-17 11:56:00,United Kingdom
13186,40,3,1575.89,525.2966666666666667,89,2011-08-03 09:09:00,2011-10-31 11:40:00,United Kingdom
13187,338,1,236.02,236.0200000000000000,0,2011-01-06 18:57:00,2011-01-06 18:57:00,United Kingdom
13188,12,1,114.60,114.6000000000000000,0,2011-11-28 15:28:00,2011-11-28 15:28:00,United Kingdom
13189,19,2,260.68,130.3400000000000000,97,2011-08-16 13:12:00,2011-11-21 10:39:00,United Kingdom
13192,96,2,911.94,455.9700000000000000,110,2011-05-18 14:57:00,2011-09-05 14:13:00,United Kingdom
13193,62,1,112.08,112.0800000000000000,0,2011-10-09 14:30:00,2011-10-09 14:30:00,United Kingdom
13194,136,1,60.70,60.7000000000000000,0,2011-07-27 09:01:00,2011-07-27 09:01:00,United Kingdom
13196,12,4,1797.78,449.4450000000000000,251,2011-03-22 14:24:00,2011-11-28 13:54:00,United Kingdom
13198,11,6,3401.24,566.8733333333333333,351,2010-12-13 09:29:00,2011-11-29 15:17:00,United Kingdom
13199,4,38,9817.12,258.3452631578947368,363,2010-12-08 10:51:00,2011-12-06 12:30:00,United Kingdom
13200,20,4,870.09,217.5225000000000000,107,2011-08-05 14:50:00,2011-11-20 15:35:00,United Kingdom
13203,10,4,869.46,217.3650000000000000,233,2011-04-11 14:40:00,2011-11-30 10:45:00,United Kingdom
13207,16,2,250.26,125.1300000000000000,135,2011-07-12 11:35:00,2011-11-24 14:52:00,United Kingdom
13208,59,6,1217.65,202.9416666666666667,251,2011-02-03 19:32:00,2011-10-12 09:54:00,United Kingdom
13209,31,8,5891.61,736.4512500000000000,331,2010-12-13 10:31:00,2011-11-09 13:54:00,United Kingdom
13210,94,1,353.48,353.4800000000000000,0,2011-09-07 08:18:00,2011-09-07 08:18:00,United Kingdom
13211,11,3,1095.42,365.1400000000000000,351,2010-12-13 16:17:00,2011-11-29 14:43:00,United Kingdom
13212,20,3,786.83,262.2766666666666667,42,2011-10-09 14:48:00,2011-11-20 12:40:00,United Kingdom
13213,57,5,1520.58,304.1160000000000000,143,2011-05-24 12:22:00,2011-10-14 11:42:00,United Kingdom
13216,268,1,333.74,333.7400000000000000,0,2011-03-17 12:18:00,2011-03-17 12:18:00,United Kingdom
13217,123,3,533.98,177.9933333333333333,34,2011-07-06 12:08:00,2011-08-09 15:32:00,United Kingdom
13218,128,1,62.64,62.6400000000000000,0,2011-08-04 16:59:00,2011-08-04 16:59:00,United Kingdom
13220,79,4,819.29,204.8225000000000000,158,2011-04-17 10:59:00,2011-09-22 13:38:00,United Kingdom
13221,241,2,847.41,423.7050000000000000,119,2010-12-15 13:24:00,2011-04-13 16:58:00,United Kingdom
13223,201,2,163.20,81.6000000000000000,32,2011-04-21 15:16:00,2011-05-23 13:03:00,United Kingdom
13224,61,2,2155.95,1077.9750000000000000,91,2011-07-11 14:10:00,2011-10-10 14:55:00,United Kingdom
13225,4,7,6463.84,923.4057142857142857,358,2010-12-13 09:49:00,2011-12-06 13:29:00,United Kingdom
13226,274,1,108.21,108.2100000000000000,0,2011-03-11 14:35:00,2011-03-11 14:35:00,United Kingdom
13227,202,1,257.70,257.7000000000000000,0,2011-05-22 11:47:00,2011-05-22 11:47:00,United Kingdom
13228,82,1,358.00,358.0000000000000000,0,2011-09-19 14:28:00,2011-09-19 14:28:00,United Kingdom
13229,226,1,160.95,160.9500000000000000,0,2011-04-28 12:07:00,2011-04-28 12:07:00,United Kingdom
13230,5,14,2755.63,196.8307142857142857,361,2010-12-09 19:28:00,2011-12-05 16:03:00,United Kingdom
13232,13,7,1328.35,189.7642857142857143,231,2011-04-10 13:48:00,2011-11-27 10:39:00,United Kingdom
13233,75,2,605.12,302.5600000000000000,262,2011-01-07 14:49:00,2011-09-26 13:25:00,United Kingdom
13235,213,1,1031.07,1031.0700000000000000,0,2011-05-11 17:13:00,2011-05-11 17:13:00,United Kingdom
13236,25,2,744.85,372.4250000000000000,82,2011-08-25 08:58:00,2011-11-15 12:50:00,United Kingdom
13238,18,4,700.73,175.1825000000000000,343,2010-12-14 14:37:00,2011-11-22 15:37:00,United Kingdom
13239,262,1,329.56,329.5600000000000000,0,2011-03-23 10:25:00,2011-03-23 10:25:00,United Kingdom
13240,97,4,663.65,165.9125000000000000,269,2010-12-09 12:49:00,2011-09-04 14:08:00,United Kingdom
13242,113,3,270.40,90.1333333333333333,101,2011-05-10 12:26:00,2011-08-19 12:53:00,United Kingdom
13243,204,1,585.12,585.1200000000000000,0,2011-05-20 13:14:00,2011-05-20 13:14:00,United Kingdom
13244,93,1,121.74,121.7400000000000000,0,2011-09-08 11:46:00,2011-09-08 11:46:00,United Kingdom
13245,51,1,430.50,430.5000000000000000,0,2011-10-20 11:40:00,2011-10-20 11:40:00,United Kingdom
13246,19,6,1961.52,326.9200000000000000,312,2011-01-13 13:36:00,2011-11-21 16:50:00,United Kingdom
13247,18,4,501.12,125.2800000000000000,65,2011-09-18 11:31:00,2011-11-22 10:59:00,United Kingdom
13248,125,2,465.68,232.8400000000000000,65,2011-06-03 13:05:00,2011-08-07 12:40:00,United Kingdom
13249,93,3,711.41,237.1366666666666667,169,2011-03-23 15:26:00,2011-09-08 13:26:00,United Kingdom
13253,157,2,1030.40,515.2000000000000000,183,2011-01-04 15:43:00,2011-07-06 10:09:00,United Kingdom
13255,10,2,399.51,199.7550000000000000,364,2010-12-01 11:58:00,2011-11-30 13:14:00,United Kingdom
13258,12,3,672.83,224.2766666666666667,194,2011-05-18 13:11:00,2011-11-28 09:31:00,United Kingdom
13259,62,1,283.18,283.1800000000000000,0,2011-10-09 10:48:00,2011-10-09 10:48:00,United Kingdom
13260,62,1,557.62,557.6200000000000000,0,2011-10-09 13:21:00,2011-10-09 13:21:00,United Kingdom
13261,269,2,944.10,472.0500000000000000,17,2011-02-27 10:41:00,2011-03-16 12:22:00,United Kingdom
13262,264,1,200.29,200.2900000000000000,0,2011-03-21 15:06:00,2011-03-21 15:06:00,United Kingdom
13263,2,35,7436.93,212.4837142857142857,324,2011-01-18 16:31:00,2011-12-08 13:59:00,United Kingdom
13265,54,5,2092.66,418.5320000000000000,220,2011-03-11 09:54:00,2011-10-17 15:02:00,United Kingdom
13266,12,12,3834.26,319.5216666666666667,245,2011-03-28 10:14:00,2011-11-28 14:39:00,United Kingdom
13267,3,19,4521.49,237.9731578947368421,364,2010-12-08 09:20:00,2011-12-07 11:12:00,United Kingdom
13268,18,11,3174.75,288.6136363636363636,250,2011-03-17 13:20:00,2011-11-22 11:51:00,United Kingdom
13269,2,15,5343.28,356.2186666666666667,368,2010-12-05 11:51:00,2011-12-08 14:53:00,United Kingdom
13270,367,1,590.00,590.0000000000000000,0,2010-12-08 14:53:00,2010-12-08 14:53:00,United Kingdom
13271,38,1,211.49,211.4900000000000000,0,2011-11-02 14:31:00,2011-11-02 14:31:00,United Kingdom
13272,32,2,276.56,138.2800000000000000,58,2011-09-11 12:06:00,2011-11-08 14:00:00,United Kingdom
13273,114,1,138.98,138.9800000000000000,0,2011-08-18 14:02:00,2011-08-18 14:02:00,United Kingdom
13276,64,2,590.93,295.4650000000000000,36,2011-09-01 10:03:00,2011-10-07 12:44:00,United Kingdom
13277,16,4,258.40,64.6000000000000000,118,2011-07-29 10:06:00,2011-11-24 09:21:00,United Kingdom
13278,41,1,542.73,542.7300000000000000,0,2011-10-30 11:49:00,2011-10-30 11:49:00,United Kingdom
13279,79,1,137.75,137.7500000000000000,0,2011-09-22 17:24:00,2011-09-22 17:24:00,United Kingdom
13280,123,3,798.46,266.1533333333333333,215,2011-01-06 17:10:00,2011-08-09 13:14:00,United Kingdom
13282,19,3,1132.14,377.3800000000000000,202,2011-05-03 12:03:00,2011-11-21 15:33:00,United Kingdom
13283,60,2,93.66,46.8300000000000000,126,2011-06-07 12:39:00,2011-10-11 09:50:00,United Kingdom
13284,331,1,201.19,201.1900000000000000,0,2011-01-13 09:23:00,2011-01-13 09:23:00,United Kingdom
13285,24,4,2709.12,677.2800000000000000,267,2011-02-22 17:13:00,2011-11-16 13:19:00,United Kingdom
13291,156,1,361.11,361.1100000000000000,0,2011-07-07 10:36:00,2011-07-07 10:36:00,United Kingdom
13292,39,2,578.94,289.4700000000000000,246,2011-02-28 15:00:00,2011-11-01 10:04:00,United Kingdom
13294,190,2,873.74,436.8700000000000000,60,2011-04-04 12:37:00,2011-06-03 08:54:00,United Kingdom
13295,360,1,201.20,201.2000000000000000,0,2010-12-15 11:21:00,2010-12-15 11:21:00,United Kingdom
13296,138,1,87.40,87.4000000000000000,0,2011-07-25 13:46:00,2011-07-25 13:46:00,United Kingdom
13297,8,4,2089.85,522.4625000000000000,60,2011-10-03 15:08:00,2011-12-02 09:32:00,United Kingdom
13298,2,1,360.00,360.0000000000000000,0,2011-12-08 13:11:00,2011-12-08 13:11:00,United Kingdom
13299,269,1,142.50,142.5000000000000000,0,2011-03-16 12:55:00,2011-03-16 12:55:00,United Kingdom
13300,170,1,371.89,371.8900000000000000,0,2011-06-23 13:09:00,2011-06-23 13:09:00,United Kingdom
13301,104,4,618.09,154.5225000000000000,189,2011-02-20 13:13:00,2011-08-28 11:25:00,United Kingdom
13302,156,1,63.75,63.7500000000000000,0,2011-07-07 17:56:00,2011-07-07 17:56:00,United Kingdom
13304,352,1,300.42,300.4200000000000000,0,2010-12-23 14:35:00,2010-12-23 14:35:00,United Kingdom
13305,5,10,2000.86,200.0860000000000000,368,2010-12-02 12:10:00,2011-12-05 15:15:00,United Kingdom
13307,121,1,15.00,15.0000000000000000,0,2011-08-11 17:14:00,2011-08-11 17:14:00,United Kingdom
13308,23,3,1385.51,461.8366666666666667,181,2011-05-20 13:13:00,2011-11-17 09:31:00,United Kingdom
13309,8,5,1456.79,291.3580000000000000,301,2011-02-04 12:29:00,2011-12-02 16:34:00,United Kingdom
13310,29,3,1132.03,377.3433333333333333,296,2011-01-19 14:50:00,2011-11-11 17:23:00,United Kingdom
13311,5,2,598.57,299.2850000000000000,146,2011-07-12 14:26:00,2011-12-05 12:55:00,United Kingdom
13313,23,5,1555.32,311.0640000000000000,317,2011-01-04 10:00:00,2011-11-17 16:48:00,United Kingdom
13314,2,3,775.94,258.6466666666666667,72,2011-09-27 10:20:00,2011-12-08 12:29:00,United Kingdom
13316,38,4,5732.93,1433.2325000000000000,217,2011-03-30 13:01:00,2011-11-02 13:40:00,United Kingdom
13317,67,6,2273.68,378.9466666666666667,292,2010-12-16 09:22:00,2011-10-04 13:35:00,United Kingdom
13318,2,3,640.76,213.5866666666666667,36,2011-11-02 13:26:00,2011-12-08 18:51:00,United Kingdom
13319,6,26,10845.55,417.1365384615384615,360,2010-12-09 10:04:00,2011-12-04 13:34:00,United Kingdom
13320,79,4,1532.20,383.0500000000000000,135,2011-05-10 10:29:00,2011-09-22 18:07:00,United Kingdom
13321,73,2,567.36,283.6800000000000000,14,2011-09-14 15:18:00,2011-09-28 15:24:00,United Kingdom
13322,18,1,199.48,199.4800000000000000,0,2011-11-22 14:21:00,2011-11-22 14:21:00,United Kingdom
13323,4,5,787.85,157.5700000000000000,81,2011-09-16 13:23:00,2011-12-06 17:12:00,United Kingdom
13324,37,10,7121.95,712.1950000000000000,324,2010-12-14 09:50:00,2011-11-03 16:28:00,United Kingdom
13325,82,1,675.30,675.3000000000000000,0,2011-09-19 10:36:00,2011-09-19 10:36:00,United Kingdom
13327,39,8,3627.77,453.4712500000000000,327,2010-12-09 15:32:00,2011-11-01 10:21:00,United Kingdom
13328,317,1,1308.48,1308.4800000000000000,0,2011-01-27 15:22:00,2011-01-27 15:22:00,United Kingdom
13329,32,2,789.00,394.5000000000000000,335,2010-12-08 10:11:00,2011-11-08 10:29:00,United Kingdom
13330,93,3,1140.93,380.3100000000000000,223,2011-01-28 10:08:00,2011-09-08 12:27:00,United Kingdom
13332,15,1,350.90,350.9000000000000000,0,2011-11-25 13:30:00,2011-11-25 13:30:00,United Kingdom
13334,83,3,3502.32,1167.4400000000000000,223,2011-02-07 11:42:00,2011-09-18 15:21:00,United Kingdom
13336,78,1,795.12,795.1200000000000000,0,2011-09-23 14:05:00,2011-09-23 14:05:00,United Kingdom
13338,158,1,487.02,487.0200000000000000,0,2011-07-05 09:06:00,2011-07-05 09:06:00,United Kingdom
13339,201,1,860.12,860.1200000000000000,0,2011-05-23 08:31:00,2011-05-23 08:31:00,United Kingdom
13340,46,7,10736.48,1533.7828571428571429,231,2011-03-08 11:39:00,2011-10-25 13:15:00,United Kingdom
13341,261,1,775.85,775.8500000000000000,0,2011-03-24 09:50:00,2011-03-24 09:50:00,United Kingdom
13343,178,1,353.43,353.4300000000000000,0,2011-06-15 12:24:00,2011-06-15 12:24:00,United Kingdom
13344,68,3,2511.69,837.2300000000000000,210,2011-03-07 10:28:00,2011-10-03 09:45:00,United Kingdom
13345,288,1,389.50,389.5000000000000000,0,2011-02-25 09:01:00,2011-02-25 09:01:00,United Kingdom
13347,71,1,341.36,341.3600000000000000,0,2011-09-30 13:28:00,2011-09-30 13:28:00,United Kingdom
13348,65,1,233.76,233.7600000000000000,0,2011-10-06 17:28:00,2011-10-06 17:28:00,United Kingdom
13349,11,1,247.32,247.3200000000000000,0,2011-11-29 08:07:00,2011-11-29 08:07:00,United Kingdom
13350,17,2,979.12,489.5600000000000000,63,2011-09-21 13:33:00,2011-11-23 16:33:00,United Kingdom
13351,67,1,373.94,373.9400000000000000,0,2011-10-04 12:55:00,2011-10-04 12:55:00,United Kingdom
13352,61,1,397.98,397.9800000000000000,0,2011-10-10 13:55:00,2011-10-10 13:55:00,United Kingdom
13354,72,1,743.53,743.5300000000000000,0,2011-09-29 13:17:00,2011-09-29 13:17:00,United Kingdom
13355,123,1,674.70,674.7000000000000000,0,2011-08-09 14:48:00,2011-08-09 14:48:00,United Kingdom
13356,81,1,768.24,768.2400000000000000,0,2011-09-20 14:33:00,2011-09-20 14:33:00,United Kingdom
13357,258,1,609.40,609.4000000000000000,0,2011-03-27 13:56:00,2011-03-27 13:56:00,United Kingdom
13358,269,1,439.03,439.0300000000000000,0,2011-03-16 11:52:00,2011-03-16 11:52:00,United Kingdom
13359,64,1,439.56,439.5600000000000000,0,2011-10-07 09:30:00,2011-10-07 09:30:00,United Kingdom
13362,10,4,3090.74,772.6850000000000000,278,2011-02-25 11:33:00,2011-11-30 14:41:00,United Kingdom
13363,18,2,992.50,496.2500000000000000,26,2011-10-27 10:46:00,2011-11-22 12:40:00,United Kingdom
13364,72,1,134.96,134.9600000000000000,0,2011-09-29 18:13:00,2011-09-29 18:13:00,United Kingdom
13365,34,2,2225.37,1112.6850000000000000,184,2011-05-06 12:00:00,2011-11-06 12:36:00,United Kingdom
13366,51,1,56.16,56.1600000000000000,0,2011-10-20 13:37:00,2011-10-20 13:37:00,United Kingdom
13368,257,2,623.40,311.7000000000000000,81,2011-01-06 12:32:00,2011-03-28 09:59:00,United Kingdom
13369,366,1,308.28,308.2800000000000000,0,2010-12-09 11:30:00,2010-12-09 11:30:00,United Kingdom
13370,372,1,754.87,754.8700000000000000,0,2010-12-03 10:26:00,2010-12-03 10:26:00,United Kingdom
13372,90,1,378.64,378.6400000000000000,0,2011-09-11 12:46:00,2011-09-11 12:46:00,United Kingdom
13373,61,3,3312.25,1104.0833333333333333,216,2011-03-08 14:35:00,2011-10-10 10:51:00,United Kingdom
13375,89,1,778.65,778.6500000000000000,0,2011-09-12 10:19:00,2011-09-12 10:19:00,United Kingdom
13376,100,3,1019.76,339.9200000000000000,135,2011-04-19 13:03:00,2011-09-01 16:16:00,United Kingdom
13379,27,3,572.56,190.8533333333333333,110,2011-07-26 12:26:00,2011-11-13 13:45:00,United Kingdom
13381,32,6,3639.31,606.5516666666666667,267,2011-02-14 10:10:00,2011-11-08 11:58:00,United Kingdom
13382,281,1,222.99,222.9900000000000000,0,2011-03-04 10:03:00,2011-03-04 10:03:00,United Kingdom
13384,31,7,4151.93,593.1328571428571429,148,2011-06-14 12:47:00,2011-11-09 11:04:00,United Kingdom
13385,330,1,534.57,534.5700000000000000,0,2011-01-14 09:52:00,2011-01-14 09:52:00,United Kingdom
13388,132,2,677.10,338.5500000000000000,0,2011-07-31 12:52:00,2011-07-31 12:52:00,United Kingdom
13389,12,3,797.96,265.9866666666666667,221,2011-04-21 12:12:00,2011-11-28 14:01:00,United Kingdom
13390,75,1,544.08,544.0800000000000000,0,2011-09-26 08:38:00,2011-09-26 08:38:00,United Kingdom
13391,204,1,59.80,59.8000000000000000,0,2011-05-20 10:50:00,2011-05-20 10:50:00,United Kingdom
13394,2,8,2520.02,315.0025000000000000,308,2011-02-03 10:39:00,2011-12-08 11:36:00,United Kingdom
13395,186,1,307.72,307.7200000000000000,0,2011-06-07 15:04:00,2011-06-07 15:04:00,United Kingdom
13396,30,2,1360.99,680.4950000000000000,290,2011-01-24 13:37:00,2011-11-10 16:59:00,United Kingdom
13397,73,5,1544.13,308.8260000000000000,267,2011-01-04 13:50:00,2011-09-28 10:56:00,United Kingdom
13398,193,1,457.34,457.3400000000000000,0,2011-05-31 13:17:00,2011-05-31 13:17:00,United Kingdom
13402,128,2,621.23,310.6150000000000000,245,2010-12-02 17:12:00,2011-08-04 15:51:00,United Kingdom
13403,18,1,75.00,75.0000000000000000,0,2011-11-22 08:28:00,2011-11-22 08:28:00,United Kingdom
13404,2,2,252.49,126.2450000000000000,211,2011-05-11 11:57:00,2011-12-08 15:37:00,United Kingdom
13405,75,3,572.45,190.8166666666666667,243,2011-01-26 09:27:00,2011-09-26 17:01:00,United Kingdom
13408,2,62,28117.04,453.5006451612903226,372,2010-12-01 10:39:00,2011-12-08 09:05:00,United Kingdom
13410,25,5,1003.06,200.6120000000000000,267,2011-02-21 14:38:00,2011-11-15 15:33:00,United Kingdom
13411,108,1,213.55,213.5500000000000000,0,2011-08-24 13:57:00,2011-08-24 13:57:00,United Kingdom
13414,134,3,1390.50,463.5000000000000000,163,2011-02-16 12:13:00,2011-07-29 11:45:00,United Kingdom
13416,44,2,712.50,356.2500000000000000,38,2011-09-19 14:43:00,2011-10-27 08:56:00,United Kingdom
13417,5,2,640.83,320.4150000000000000,201,2011-05-18 16:26:00,2011-12-05 08:49:00,United Kingdom
13418,12,18,6127.43,340.4127777777777778,361,2010-12-02 10:45:00,2011-11-28 10:23:00,United Kingdom
13419,64,1,221.06,221.0600000000000000,0,2011-10-07 12:49:00,2011-10-07 12:49:00,United Kingdom
13420,150,2,159.85,79.9250000000000000,21,2011-06-22 11:35:00,2011-07-13 08:48:00,United Kingdom
13421,41,2,1833.71,916.8550000000000000,250,2011-02-22 15:46:00,2011-10-30 14:21:00,United Kingdom
13422,65,1,2626.30,2626.3000000000000000,0,2011-10-06 13:42:00,2011-10-06 13:42:00,United Kingdom
13425,109,3,1624.21,541.4033333333333333,186,2011-02-18 08:34:00,2011-08-23 17:13:00,United Kingdom
13426,1,10,3641.32,364.1320000000000000,359,2010-12-15 12:43:00,2011-12-09 08:59:00,United Kingdom
13427,20,3,582.60,194.2000000000000000,196,2011-05-08 15:58:00,2011-11-20 13:02:00,United Kingdom
13428,11,1,201.78,201.7800000000000000,0,2011-11-29 14:20:00,2011-11-29 14:20:00,United Kingdom
13429,11,4,1006.80,251.7000000000000000,65,2011-09-25 15:59:00,2011-11-29 09:10:00,United Kingdom
13430,19,2,679.45,339.7250000000000000,68,2011-09-14 14:26:00,2011-11-21 08:19:00,United Kingdom
13431,68,2,1269.10,634.5500000000000000,21,2011-09-12 11:25:00,2011-10-03 13:49:00,United Kingdom
13434,75,2,534.24,267.1200000000000000,22,2011-09-04 10:35:00,2011-09-26 14:30:00,United Kingdom
13435,6,7,3809.89,544.2700000000000000,184,2011-06-03 17:07:00,2011-12-04 14:45:00,United Kingdom
13436,2,1,196.89,196.8900000000000000,0,2011-12-08 10:33:00,2011-12-08 10:33:00,United Kingdom
13437,15,7,3408.06,486.8657142857142857,176,2011-06-02 14:30:00,2011-11-25 14:00:00,United Kingdom
13439,256,1,283.71,283.7100000000000000,0,2011-03-29 14:20:00,2011-03-29 14:20:00,United Kingdom
13441,92,1,296.64,296.6400000000000000,0,2011-09-09 09:38:00,2011-09-09 09:38:00,United Kingdom
13447,24,3,1129.14,376.3800000000000000,12,2011-11-04 10:10:00,2011-11-16 13:38:00,United Kingdom
13448,17,6,3534.69,589.1150000000000000,357,2010-12-01 10:52:00,2011-11-23 12:33:00,United Kingdom
13449,24,1,291.88,291.8800000000000000,0,2011-11-16 08:28:00,2011-11-16 08:28:00,United Kingdom
13450,27,6,2043.72,340.6200000000000000,192,2011-05-05 19:48:00,2011-11-13 11:54:00,United Kingdom
13451,27,5,2898.26,579.6520000000000000,308,2011-01-09 15:35:00,2011-11-13 15:58:00,United Kingdom
13452,260,2,590.00,295.0000000000000000,11,2011-03-14 11:38:00,2011-03-25 14:19:00,United Kingdom
13453,166,2,356.98,178.4900000000000000,124,2011-02-23 09:44:00,2011-06-27 09:34:00,United Kingdom
13455,25,2,1058.34,529.1700000000000000,342,2010-12-08 13:11:00,2011-11-15 11:21:00,United Kingdom
13456,18,6,1766.72,294.4533333333333333,190,2011-05-16 15:34:00,2011-11-22 09:18:00,United Kingdom
13458,8,14,9646.57,689.0407142857142857,352,2010-12-15 12:05:00,2011-12-02 15:29:00,United Kingdom
13460,30,2,183.44,91.7200000000000000,20,2011-10-21 09:50:00,2011-11-10 17:17:00,United Kingdom
13461,39,3,1445.00,481.6666666666666667,125,2011-06-29 10:23:00,2011-11-01 09:01:00,United Kingdom
13462,253,1,151.50,151.5000000000000000,0,2011-04-01 11:20:00,2011-04-01 11:20:00,United Kingdom
13464,59,1,674.68,674.6800000000000000,0,2011-10-12 15:01:00,2011-10-12 15:01:00,United Kingdom
13466,185,1,307.90,307.9000000000000000,0,2011-06-08 16:39:00,2011-06-08 16:39:00,United Kingdom
13467,11,2,1071.91,535.9550000000000000,26,2011-11-03 16:56:00,2011-11-29 10:01:00,United Kingdom
13468,2,37,5704.97,154.1883783783783784,372,2010-12-01 15:08:00,2011-12-08 10:39:00,United Kingdom
13470,100,2,165.00,82.5000000000000000,16,2011-08-16 17:06:00,2011-09-01 14:57:00,United Kingdom
13471,2,4,2501.84,625.4600000000000000,46,2011-10-23 13:10:00,2011-12-08 15:44:00,United Kingdom
13473,61,2,422.64,211.3200000000000000,272,2011-01-11 08:45:00,2011-10-10 11:20:00,United Kingdom
13474,237,1,226.84,226.8400000000000000,0,2011-04-17 13:53:00,2011-04-17 13:53:00,United Kingdom
13475,192,4,1431.78,357.9450000000000000,107,2011-02-14 12:36:00,2011-06-01 13:52:00,United Kingdom
13476,179,2,1238.47,619.2350000000000000,103,2011-03-03 14:43:00,2011-06-14 12:00:00,United Kingdom
13477,38,6,1454.58,242.4300000000000000,254,2011-02-21 12:29:00,2011-11-02 12:04:00,United Kingdom
13479,201,2,300.95,150.4750000000000000,34,2011-04-19 11:27:00,2011-05-23 10:45:00,United Kingdom
13481,46,5,1804.56,360.9120000000000000,211,2011-03-28 09:07:00,2011-10-25 09:07:00,United Kingdom
13482,233,1,184.64,184.6400000000000000,0,2011-04-21 17:03:00,2011-04-21 17:03:00,United Kingdom
13483,66,1,140.34,140.3400000000000000,0,2011-10-05 11:53:00,2011-10-05 11:53:00,United Kingdom
13484,242,1,313.80,313.8000000000000000,0,2011-04-12 16:30:00,2011-04-12 16:30:00,United Kingdom
13485,234,1,454.24,454.2400000000000000,0,2011-04-20 13:58:00,2011-04-20 13:58:00,United Kingdom
13486,79,3,1122.41,374.1366666666666667,77,2011-07-07 17:19:00,2011-09-22 13:13:00,United Kingdom
13487,58,3,575.40,191.8000000000000000,296,2010-12-21 14:54:00,2011-10-13 12:07:00,United Kingdom
13488,18,13,8968.31,689.8700000000000000,350,2010-12-07 13:01:00,2011-11-22 14:41:00,United Kingdom
13489,106,4,449.52,112.3800000000000000,189,2011-02-18 10:42:00,2011-08-26 13:16:00,United Kingdom
13491,52,10,1215.82,121.5820000000000000,321,2010-12-02 14:30:00,2011-10-19 08:32:00,United Kingdom
13492,137,3,1269.84,423.2800000000000000,78,2011-05-09 10:06:00,2011-07-26 14:25:00,Switzerland
13493,276,2,618.63,309.3150000000000000,12,2011-02-25 16:42:00,2011-03-09 15:35:00,Switzerland
13494,312,1,316.26,316.2600000000000000,0,2011-02-01 11:58:00,2011-02-01 11:58:00,United Kingdom
13495,8,5,2044.87,408.9740000000000000,361,2010-12-06 15:14:00,2011-12-02 11:21:00,United Kingdom
13496,11,2,653.33,326.6650000000000000,349,2010-12-15 10:17:00,2011-11-29 10:58:00,United Kingdom
13497,283,2,348.05,174.0250000000000000,86,2010-12-06 11:37:00,2011-03-02 09:04:00,United Kingdom
13499,18,5,1159.11,231.8220000000000000,252,2011-03-15 08:52:00,2011-11-22 11:21:00,United Kingdom
13500,24,3,1166.77,388.9233333333333333,99,2011-08-09 12:20:00,2011-11-16 15:35:00,United Kingdom
13501,289,1,1340.32,1340.3200000000000000,0,2011-02-24 18:59:00,2011-02-24 18:59:00,Switzerland
13502,17,3,292.00,97.3333333333333333,307,2011-01-20 09:03:00,2011-11-23 10:39:00,United Kingdom
13503,72,1,216.85,216.8500000000000000,0,2011-09-29 13:23:00,2011-09-29 13:23:00,United Kingdom
13504,65,1,295.93,295.9300000000000000,0,2011-10-06 13:20:00,2011-10-06 13:20:00,United Kingdom
13505,73,4,4393.63,1098.4075000000000000,160,2011-04-21 12:07:00,2011-09-28 11:56:00,Switzerland
13506,317,2,458.52,229.2600000000000000,53,2010-12-05 12:15:00,2011-01-27 13:53:00,United Kingdom
13507,4,4,2479.16,619.7900000000000000,142,2011-07-17 11:50:00,2011-12-06 13:13:00,United Kingdom
13508,244,1,110.97,110.9700000000000000,0,2011-04-10 11:58:00,2011-04-10 11:58:00,United Kingdom
13509,9,7,979.72,139.9600000000000000,276,2011-02-28 13:27:00,2011-12-01 10:10:00,United Kingdom
13510,2,4,1791.56,447.8900000000000000,182,2011-06-09 09:32:00,2011-12-08 13:46:00,United Kingdom
13512,261,1,251.21,251.2100000000000000,0,2011-03-24 10:03:00,2011-03-24 10:03:00,United Kingdom
13513,127,1,205.10,205.1000000000000000,0,2011-08-05 11:50:00,2011-08-05 11:50:00,United Kingdom
13514,74,1,152.20,152.2000000000000000,0,2011-09-27 09:39:00,2011-09-27 09:39:00,United Kingdom
13515,73,4,891.12,222.7800000000000000,175,2011-04-06 10:33:00,2011-09-28 11:26:00,United Kingdom
13516,22,3,1389.41,463.1366666666666667,217,2011-04-15 11:06:00,2011-11-18 13:15:00,United Kingdom
13517,60,3,2128.42,709.4733333333333333,120,2011-06-13 08:44:00,2011-10-11 11:43:00,United Kingdom
13518,86,1,627.16,627.1600000000000000,0,2011-09-15 10:29:00,2011-09-15 10:29:00,United Kingdom
13519,79,1,122.75,122.7500000000000000,0,2011-09-22 18:24:00,2011-09-22 18:24:00,United Kingdom
13520,59,6,3624.35,604.0583333333333333,313,2010-12-03 10:36:00,2011-10-12 10:20:00,Switzerland
13521,2,3,1071.73,357.2433333333333333,9,2011-11-29 15:09:00,2011-12-08 13:50:00,United Kingdom
13522,31,1,125.80,125.8000000000000000,0,2011-11-09 15:11:00,2011-11-09 15:11:00,United Kingdom
13523,34,5,3964.88,792.9760000000000000,333,2010-12-08 14:22:00,2011-11-06 15:11:00,United Kingdom
13524,41,5,680.18,136.0360000000000000,179,2011-05-04 12:26:00,2011-10-30 12:34:00,United Kingdom
13525,15,2,628.78,314.3900000000000000,234,2011-04-05 15:36:00,2011-11-25 12:01:00,United Kingdom
13527,34,7,2242.36,320.3371428571428571,293,2011-01-17 11:17:00,2011-11-06 12:04:00,United Kingdom
13529,79,2,307.76,153.8800000000000000,126,2011-05-19 11:50:00,2011-09-22 09:15:00,United Kingdom
13531,206,2,483.80,241.9000000000000000,161,2010-12-08 15:03:00,2011-05-18 16:56:00,United Kingdom
13532,34,1,210.31,210.3100000000000000,0,2011-11-06 12:25:00,2011-11-06 12:25:00,United Kingdom
13533,183,3,269.09,89.6966666666666667,85,2011-03-17 12:47:00,2011-06-10 11:54:00,United Kingdom
13534,3,25,5870.08,234.8032000000000000,356,2010-12-16 15:23:00,2011-12-07 14:52:00,United Kingdom
13536,2,7,3444.39,492.0557142857142857,74,2011-09-25 13:30:00,2011-12-08 16:38:00,United Kingdom
13538,44,7,1280.85,182.9785714285714286,272,2011-01-28 10:40:00,2011-10-27 16:34:00,United Kingdom
13539,86,3,631.34,210.4466666666666667,224,2011-02-03 15:23:00,2011-09-15 10:18:00,United Kingdom
13544,40,2,276.06,138.0300000000000000,201,2011-04-13 12:09:00,2011-10-31 11:57:00,United Kingdom
13546,13,3,621.09,207.0300000000000000,188,2011-05-23 12:14:00,2011-11-27 14:50:00,United Kingdom
13548,97,2,678.16,339.0800000000000000,147,2011-04-10 11:35:00,2011-09-04 14:50:00,United Kingdom
13549,26,7,918.20,131.1714285714285714,217,2011-04-11 13:42:00,2011-11-14 09:20:00,United Kingdom
13551,320,1,91.80,91.8000000000000000,0,2011-01-24 14:46:00,2011-01-24 14:46:00,United Kingdom
13552,67,12,3740.07,311.6725000000000000,249,2011-01-28 10:10:00,2011-10-04 15:19:00,United Kingdom
13555,74,4,4098.88,1024.7200000000000000,128,2011-05-22 11:06:00,2011-09-27 12:36:00,United Kingdom
13557,29,2,584.06,292.0300000000000000,252,2011-03-04 12:14:00,2011-11-11 15:24:00,United Kingdom
13558,6,4,594.52,148.6300000000000000,63,2011-10-02 13:01:00,2011-12-04 11:24:00,United Kingdom
13560,8,1,171.42,171.4200000000000000,0,2011-12-02 13:11:00,2011-12-02 13:11:00,United Kingdom
13561,216,1,141.86,141.8600000000000000,0,2011-05-08 12:39:00,2011-05-08 12:39:00,United Kingdom
13562,82,3,1799.33,599.7766666666666667,164,2011-04-08 12:42:00,2011-09-19 10:51:00,United Kingdom
13563,85,2,777.53,388.7650000000000000,56,2011-07-22 17:21:00,2011-09-16 14:45:00,United Kingdom
13564,145,3,1724.67,574.8900000000000000,224,2010-12-06 17:26:00,2011-07-18 14:33:00,United Kingdom
13565,20,2,240.22,120.1100000000000000,315,2011-01-09 14:28:00,2011-11-20 14:33:00,United Kingdom
13566,41,2,856.84,428.4200000000000000,42,2011-09-18 12:40:00,2011-10-30 11:59:00,United Kingdom
13568,174,1,187.05,187.0500000000000000,0,2011-06-19 14:42:00,2011-06-19 14:42:00,United Kingdom
13569,18,2,338.62,169.3100000000000000,350,2010-12-07 12:29:00,2011-11-22 13:07:00,United Kingdom
13570,244,1,239.49,239.4900000000000000,0,2011-04-10 13:36:00,2011-04-10 13:36:00,United Kingdom
13571,13,12,2088.94,174.0783333333333333,241,2011-03-31 12:43:00,2011-11-27 10:47:00,United Kingdom
13572,206,1,1384.25,1384.2500000000000000,0,2011-05-18 11:59:00,2011-05-18 11:59:00,United Kingdom
13573,51,2,290.25,145.1250000000000000,203,2011-03-31 14:47:00,2011-10-20 14:33:00,United Kingdom
13575,24,5,732.07,146.4140000000000000,153,2011-06-16 14:24:00,2011-11-16 13:14:00,United Kingdom
13576,11,18,6717.34,373.1855555555555556,363,2010-12-01 17:24:00,2011-11-29 15:34:00,United Kingdom
13577,26,4,1687.60,421.9000000000000000,216,2011-04-12 10:33:00,2011-11-14 15:19:00,United Kingdom
13579,15,2,467.04,233.5200000000000000,355,2010-12-05 16:10:00,2011-11-25 08:41:00,United Kingdom
13581,310,1,118.00,118.0000000000000000,0,2011-02-03 14:41:00,2011-02-03 14:41:00,United Kingdom
13583,156,1,781.03,781.0300000000000000,0,2011-07-07 10:40:00,2011-07-07 10:40:00,United Kingdom
13584,307,1,142.40,142.4000000000000000,0,2011-02-06 12:49:00,2011-02-06 12:49:00,United Kingdom
13587,64,1,712.40,712.4000000000000000,0,2011-10-07 12:31:00,2011-10-07 12:31:00,United Kingdom
13588,16,9,2478.95,275.4388888888888889,240,2011-03-29 15:53:00,2011-11-24 10:42:00,United Kingdom
13589,15,2,379.65,189.8250000000000000,165,2011-06-13 12:44:00,2011-11-25 12:10:00,United Kingdom
13590,12,6,1981.92,330.3200000000000000,292,2011-02-09 13:25:00,2011-11-28 12:54:00,United Kingdom
13591,65,3,1117.13,372.3766666666666667,202,2011-03-18 12:18:00,2011-10-06 12:26:00,United Kingdom
13592,36,4,247.96,61.9900000000000000,229,2011-03-20 14:01:00,2011-11-04 09:49:00,United Kingdom
13593,109,5,2011.88,402.3760000000000000,228,2011-01-07 16:32:00,2011-08-23 13:35:00,United Kingdom
13594,53,1,396.97,396.9700000000000000,0,2011-10-18 10:19:00,2011-10-18 10:19:00,United Kingdom
13596,6,2,664.11,332.0550000000000000,7,2011-11-27 11:57:00,2011-12-04 12:01:00,United Kingdom
13598,48,1,160.04,160.0400000000000000,0,2011-10-23 14:28:00,2011-10-23 14:28:00,United Kingdom
13599,2,21,5149.92,245.2342857142857143,365,2010-12-08 10:11:00,2011-12-08 16:10:00,United Kingdom
13600,313,1,219.52,219.5200000000000000,0,2011-01-31 15:27:00,2011-01-31 15:27:00,United Kingdom
13601,46,2,693.32,346.6600000000000000,166,2011-05-12 16:52:00,2011-10-25 17:31:00,United Kingdom
13602,65,1,428.89,428.8900000000000000,0,2011-10-06 11:47:00,2011-10-06 11:47:00,United Kingdom
13603,27,1,164.34,164.3400000000000000,0,2011-11-13 15:57:00,2011-11-13 15:57:00,United Kingdom
13606,30,3,276.75,92.2500000000000000,282,2011-02-01 11:42:00,2011-11-10 17:46:00,United Kingdom
13607,41,1,675.51,675.5100000000000000,0,2011-10-30 16:17:00,2011-10-30 16:17:00,United Kingdom
13610,13,7,1082.33,154.6185714285714286,273,2011-02-27 14:44:00,2011-11-27 15:38:00,United Kingdom
13611,90,3,1154.40,384.8000000000000000,270,2010-12-15 10:31:00,2011-09-11 14:51:00,United Kingdom
13614,25,4,1585.46,396.3650000000000000,306,2011-01-13 12:37:00,2011-11-15 14:47:00,United Kingdom
13615,319,1,417.69,417.6900000000000000,0,2011-01-25 08:21:00,2011-01-25 08:21:00,United Kingdom
13617,41,3,544.18,181.3933333333333333,140,2011-06-12 12:55:00,2011-10-30 13:50:00,United Kingdom
13618,174,1,177.34,177.3400000000000000,0,2011-06-19 11:09:00,2011-06-19 11:09:00,United Kingdom
13621,117,1,213.85,213.8500000000000000,0,2011-08-15 08:26:00,2011-08-15 08:26:00,United Kingdom
13623,31,5,727.74,145.5480000000000000,267,2011-02-15 13:08:00,2011-11-09 12:00:00,United Kingdom
13626,253,1,257.23,257.2300000000000000,0,2011-04-01 10:05:00,2011-04-01 10:05:00,United Kingdom
13627,60,5,1638.47,327.6940000000000000,298,2010-12-17 09:52:00,2011-10-11 14:20:00,United Kingdom
13629,24,11,7792.36,708.3963636363636364,315,2011-01-05 12:09:00,2011-11-16 13:21:00,United Kingdom
13630,6,7,2031.78,290.2542857142857143,280,2011-02-27 12:49:00,2011-12-04 15:16:00,United Kingdom
13631,100,11,3070.42,279.1290909090909091,168,2011-03-17 17:13:00,2011-09-01 09:57:00,United Kingdom
13632,25,5,2118.93,423.7860000000000000,219,2011-04-10 15:07:00,2011-11-15 10:51:00,United Kingdom
13634,34,5,1547.36,309.4720000000000000,294,2011-01-16 15:30:00,2011-11-06 13:40:00,United Kingdom
13635,68,1,1071.03,1071.0300000000000000,0,2011-10-03 10:55:00,2011-10-03 10:55:00,United Kingdom
13636,37,5,949.12,189.8240000000000000,249,2011-02-27 14:29:00,2011-11-03 10:30:00,United Kingdom
13637,53,3,804.30,268.1000000000000000,174,2011-04-27 13:06:00,2011-10-18 13:32:00,United Kingdom
13638,16,1,122.64,122.6400000000000000,0,2011-11-24 10:38:00,2011-11-24 10:38:00,United Kingdom
13639,75,1,1033.34,1033.3400000000000000,0,2011-09-26 13:36:00,2011-09-26 13:36:00,United Kingdom
13642,216,1,312.28,312.2800000000000000,0,2011-05-08 12:34:00,2011-05-08 12:34:00,United Kingdom
13643,32,3,519.44,173.1466666666666667,154,2011-06-07 11:40:00,2011-11-08 15:37:00,United Kingdom
13644,17,4,2624.26,656.0650000000000000,89,2011-08-26 11:53:00,2011-11-23 14:07:00,United Kingdom
13645,121,1,252.10,252.1000000000000000,0,2011-08-11 16:11:00,2011-08-11 16:11:00,United Kingdom
13647,10,4,1648.12,412.0300000000000000,225,2011-04-19 09:49:00,2011-11-30 12:00:00,United Kingdom
13649,257,2,346.60,173.3000000000000000,110,2010-12-08 14:46:00,2011-03-28 11:51:00,United Kingdom
13650,17,6,1836.34,306.0566666666666667,251,2011-03-17 12:37:00,2011-11-23 12:22:00,United Kingdom
13651,36,2,94.20,47.1000000000000000,4,2011-10-31 12:11:00,2011-11-04 14:59:00,United Kingdom
13652,46,3,1095.08,365.0266666666666667,323,2010-12-06 09:21:00,2011-10-25 08:51:00,United Kingdom
13654,44,6,2707.33,451.2216666666666667,230,2011-03-11 12:54:00,2011-10-27 16:24:00,United Kingdom
13655,115,2,932.97,466.4850000000000000,127,2011-04-12 09:53:00,2011-08-17 14:25:00,United Kingdom
13656,165,2,379.65,189.8250000000000000,173,2011-01-06 15:42:00,2011-06-28 10:31:00,United Kingdom
13657,11,2,382.14,191.0700000000000000,191,2011-05-22 12:35:00,2011-11-29 12:32:00,United Kingdom
13658,10,5,2639.17,527.8340000000000000,195,2011-05-19 17:15:00,2011-11-30 10:13:00,United Kingdom
13659,206,2,1563.00,781.5000000000000000,115,2011-01-23 12:08:00,2011-05-18 12:37:00,United Kingdom
13662,86,3,881.26,293.7533333333333333,174,2011-03-25 13:23:00,2011-09-15 12:04:00,United Kingdom
13663,180,1,189.47,189.4700000000000000,0,2011-06-13 15:44:00,2011-06-13 15:44:00,United Kingdom
13666,61,3,84.65,28.2166666666666667,227,2011-02-25 13:05:00,2011-10-10 15:39:00,United Kingdom
13667,150,1,299.05,299.0500000000000000,0,2011-07-13 15:42:00,2011-07-13 15:42:00,United Kingdom
13668,3,21,6309.83,300.4680952380952381,360,2010-12-12 12:35:00,2011-12-07 12:11:00,United Kingdom
13669,51,2,218.55,109.2750000000000000,99,2011-07-13 11:44:00,2011-10-20 09:32:00,United Kingdom
13670,76,1,349.70,349.7000000000000000,0,2011-09-25 15:25:00,2011-09-25 15:25:00,United Kingdom
13672,302,2,186.39,93.1950000000000000,31,2011-01-11 13:54:00,2011-02-11 13:53:00,United Kingdom
13673,19,2,387.44,193.7200000000000000,14,2011-11-07 15:40:00,2011-11-21 12:11:00,United Kingdom
13675,152,2,486.82,243.4100000000000000,133,2011-02-28 12:14:00,2011-07-11 12:57:00,United Kingdom
13678,152,1,232.60,232.6000000000000000,0,2011-07-11 10:14:00,2011-07-11 10:14:00,United Kingdom
13680,2,4,3719.12,929.7800000000000000,338,2011-01-04 14:12:00,2011-12-08 13:47:00,United Kingdom
13681,18,4,827.83,206.9575000000000000,138,2011-07-07 15:21:00,2011-11-22 11:13:00,United Kingdom
13682,188,1,59.50,59.5000000000000000,0,2011-06-05 14:06:00,2011-06-05 14:06:00,United Kingdom
13684,286,1,65.13,65.1300000000000000,0,2011-02-27 10:13:00,2011-02-27 10:13:00,United Kingdom
13685,3,7,3119.44,445.6342857142857143,58,2011-10-10 12:59:00,2011-12-07 11:41:00,United Kingdom
13686,183,1,72.00,72.0000000000000000,0,2011-06-10 09:10:00,2011-06-10 09:10:00,United Kingdom
13689,64,1,910.00,910.0000000000000000,0,2011-10-07 13:21:00,2011-10-07 13:21:00,United Kingdom
13690,60,1,172.25,172.2500000000000000,0,2011-10-11 15:03:00,2011-10-11 15:03:00,United Kingdom
13692,25,3,1488.32,496.1066666666666667,212,2011-04-17 12:57:00,2011-11-15 11:17:00,United Kingdom
13694,4,50,65039.62,1300.7924000000000000,370,2010-12-01 12:12:00,2011-12-06 09:32:00,United Kingdom
13695,32,15,2504.13,166.9420000000000000,228,2011-03-25 11:31:00,2011-11-08 14:26:00,United Kingdom
13697,39,1,151.30,151.3000000000000000,0,2011-11-01 09:14:00,2011-11-01 09:14:00,United Kingdom
13699,156,1,308.58,308.5800000000000000,0,2011-07-07 16:51:00,2011-07-07 16:51:00,United Kingdom
13700,27,10,2248.63,224.8630000000000000,301,2011-01-16 13:18:00,2011-11-13 13:00:00,United Kingdom
13703,319,1,99.50,99.5000000000000000,0,2011-01-25 13:10:00,2011-01-25 13:10:00,United Kingdom
13704,6,9,2308.06,256.4511111111111111,83,2011-09-12 14:40:00,2011-12-04 15:13:00,United Kingdom
13705,8,3,711.86,237.2866666666666667,366,2010-12-01 10:29:00,2011-12-02 12:32:00,United Kingdom
13706,303,1,330.79,330.7900000000000000,0,2011-02-10 09:21:00,2011-02-10 09:21:00,United Kingdom
13707,268,2,806.41,403.2050000000000000,48,2011-01-28 13:27:00,2011-03-17 18:03:00,United Kingdom
13708,272,1,285.33,285.3300000000000000,0,2011-03-13 13:46:00,2011-03-13 13:46:00,United Kingdom
13709,4,13,6307.65,485.2038461538461538,312,2011-01-28 14:57:00,2011-12-06 10:28:00,United Kingdom
13710,32,1,180.48,180.4800000000000000,0,2011-11-08 08:16:00,2011-11-08 08:16:00,United Kingdom
13711,219,2,252.06,126.0300000000000000,0,2011-05-05 10:29:00,2011-05-05 10:31:00,United Kingdom
13712,247,1,228.84,228.8400000000000000,0,2011-04-07 12:33:00,2011-04-07 12:33:00,United Kingdom
13715,282,5,1077.39,215.4780000000000000,91,2010-12-02 08:52:00,2011-03-03 19:21:00,United Kingdom
13716,270,1,138.28,138.2800000000000000,0,2011-03-15 13:49:00,2011-03-15 13:49:00,United Kingdom
13717,33,6,1445.01,240.8350000000000000,266,2011-02-14 13:21:00,2011-11-07 14:13:00,United Kingdom
13718,247,2,306.55,153.2750000000000000,49,2011-02-17 11:58:00,2011-04-07 13:24:00,United Kingdom
13719,16,5,1041.68,208.3360000000000000,219,2011-04-19 13:56:00,2011-11-24 15:26:00,United Kingdom
13720,117,4,799.90,199.9750000000000000,138,2011-03-30 09:17:00,2011-08-15 12:46:00,United Kingdom
13721,37,1,524.14,524.1400000000000000,0,2011-11-03 14:05:00,2011-11-03 14:05:00,United Kingdom
13722,132,3,2375.41,791.8033333333333333,151,2011-03-02 11:43:00,2011-07-31 12:44:00,United Kingdom
13723,218,1,199.85,199.8500000000000000,0,2011-05-06 17:04:00,2011-05-06 17:04:00,United Kingdom
13725,50,8,1980.56,247.5700000000000000,259,2011-02-04 12:18:00,2011-10-21 10:03:00,United Kingdom
13726,39,2,1079.66,539.8300000000000000,62,2011-08-31 11:06:00,2011-11-01 10:49:00,United Kingdom
13727,29,2,333.48,166.7400000000000000,5,2011-11-06 12:16:00,2011-11-11 09:46:00,United Kingdom
13728,37,6,1016.14,169.3566666666666667,274,2011-02-02 12:09:00,2011-11-03 10:49:00,United Kingdom
13730,136,2,752.60,376.3000000000000000,26,2011-07-01 12:47:00,2011-07-27 08:35:00,United Kingdom
13731,220,2,610.59,305.2950000000000000,27,2011-04-07 10:10:00,2011-05-04 14:33:00,United Kingdom
13732,29,1,491.86,491.8600000000000000,0,2011-11-11 15:49:00,2011-11-11 15:49:00,United Kingdom
13735,25,4,2883.54,720.8850000000000000,210,2011-04-19 13:49:00,2011-11-15 11:14:00,United Kingdom
13736,6,2,729.80,364.9000000000000000,255,2011-03-24 13:04:00,2011-12-04 15:19:00,United Kingdom
13737,201,1,339.60,339.6000000000000000,0,2011-05-23 16:32:00,2011-05-23 16:32:00,United Kingdom
13739,19,1,216.90,216.9000000000000000,0,2011-11-21 13:35:00,2011-11-21 13:35:00,United Kingdom
13740,241,1,350.75,350.7500000000000000,0,2011-04-13 10:32:00,2011-04-13 10:32:00,United Kingdom
13741,72,3,668.43,222.8100000000000000,146,2011-05-06 13:43:00,2011-09-29 09:19:00,United Kingdom
13742,17,12,3107.87,258.9891666666666667,304,2011-01-23 14:59:00,2011-11-23 11:07:00,United Kingdom
13743,3,7,1341.60,191.6571428571428571,257,2011-03-25 14:46:00,2011-12-07 10:09:00,United Kingdom
13744,96,2,1080.52,540.2600000000000000,197,2011-02-20 14:08:00,2011-09-05 15:19:00,United Kingdom
13745,163,1,300.04,300.0400000000000000,0,2011-06-30 16:43:00,2011-06-30 16:43:00,United Kingdom
13747,374,1,79.60,79.6000000000000000,0,2010-12-01 10:37:00,2010-12-01 10:37:00,United Kingdom
13748,96,5,948.25,189.6500000000000000,278,2010-12-01 09:00:00,2011-09-05 09:45:00,United Kingdom
13750,54,5,1647.26,329.4520000000000000,283,2011-01-07 11:49:00,2011-10-17 12:16:00,United Kingdom
13751,289,1,296.25,296.2500000000000000,0,2011-02-24 15:56:00,2011-02-24 15:56:00,United Kingdom
13752,125,6,1175.38,195.8966666666666667,122,2011-04-07 12:04:00,2011-08-07 14:16:00,United Kingdom
13753,288,1,741.26,741.2600000000000000,0,2011-02-25 12:48:00,2011-02-25 12:48:00,United Kingdom
13754,152,2,282.60,141.3000000000000000,166,2011-01-26 14:58:00,2011-07-11 11:51:00,United Kingdom
13755,4,9,2108.06,234.2288888888888889,60,2011-10-07 15:45:00,2011-12-06 12:26:00,United Kingdom
13756,3,14,5189.52,370.6800000000000000,365,2010-12-07 11:41:00,2011-12-07 16:44:00,United Kingdom
13758,12,7,3190.55,455.7928571428571429,362,2010-12-01 12:08:00,2011-11-28 11:11:00,United Kingdom
13759,34,2,659.41,329.7050000000000000,38,2011-09-29 15:40:00,2011-11-06 14:47:00,United Kingdom
13760,55,2,286.79,143.3950000000000000,202,2011-03-28 12:52:00,2011-10-16 16:13:00,United Kingdom
13761,51,2,1070.65,535.3250000000000000,129,2011-06-13 08:43:00,2011-10-20 14:01:00,United Kingdom
13762,219,1,306.72,306.7200000000000000,0,2011-05-05 09:15:00,2011-05-05 09:15:00,United Kingdom
13763,64,1,1714.96,1714.9600000000000000,0,2011-10-07 15:13:00,2011-10-07 15:13:00,United Kingdom
13764,71,3,1519.42,506.4733333333333333,267,2011-01-06 14:53:00,2011-09-30 12:03:00,United Kingdom
13767,3,37,17220.36,465.4151351351351351,371,2010-12-01 10:47:00,2011-12-07 15:00:00,United Kingdom
13769,3,10,2796.51,279.6510000000000000,365,2010-12-07 13:28:00,2011-12-07 15:08:00,United Kingdom
13771,65,4,2634.45,658.6125000000000000,183,2011-04-06 15:47:00,2011-10-06 14:18:00,United Kingdom
13772,34,3,1122.63,374.2100000000000000,206,2011-04-14 12:31:00,2011-11-06 11:43:00,United Kingdom
13774,82,1,345.00,345.0000000000000000,0,2011-09-19 12:06:00,2011-09-19 12:06:00,United Kingdom
13777,1,33,25977.16,787.1866666666666667,373,2010-12-01 16:01:00,2011-12-09 12:25:00,United Kingdom
13778,104,1,178.70,178.7000000000000000,0,2011-08-28 15:25:00,2011-08-28 15:25:00,United Kingdom
13780,8,2,360.01,180.0050000000000000,163,2011-06-22 11:43:00,2011-12-02 13:49:00,United Kingdom
13781,251,1,127.84,127.8400000000000000,0,2011-04-03 12:08:00,2011-04-03 12:08:00,United Kingdom
13782,13,6,908.86,151.4766666666666667,315,2011-01-16 11:08:00,2011-11-27 11:54:00,United Kingdom
13784,10,11,2462.79,223.8900000000000000,323,2011-01-11 14:38:00,2011-11-30 09:33:00,United Kingdom
13786,368,1,230.40,230.4000000000000000,0,2010-12-07 13:53:00,2010-12-07 13:53:00,United Kingdom
13787,76,2,309.04,154.5200000000000000,289,2010-12-10 14:45:00,2011-09-25 12:06:00,United Kingdom
13790,5,1,348.80,348.8000000000000000,0,2011-12-05 15:48:00,2011-12-05 15:48:00,United Kingdom
13791,128,2,1516.00,758.0000000000000000,41,2011-06-24 16:38:00,2011-08-04 11:44:00,United Kingdom
13792,67,2,195.55,97.7750000000000000,221,2011-02-25 14:03:00,2011-10-04 14:31:00,United Kingdom
13798,2,57,37153.85,651.8219298245614035,371,2010-12-02 17:24:00,2011-12-08 15:51:00,United Kingdom
13799,117,2,688.86,344.4300000000000000,178,2011-02-18 14:18:00,2011-08-15 12:07:00,United Kingdom
13800,310,1,558.32,558.3200000000000000,0,2011-02-03 12:27:00,2011-02-03 12:27:00,United Kingdom
13801,67,1,324.80,324.8000000000000000,0,2011-10-04 10:15:00,2011-10-04 10:15:00,United Kingdom
13802,139,3,4599.42,1533.1400000000000000,173,2011-02-01 12:03:00,2011-07-24 10:54:00,United Kingdom
13803,256,1,277.07,277.0700000000000000,0,2011-03-29 12:57:00,2011-03-29 12:57:00,United Kingdom
13804,31,7,2588.39,369.7700000000000000,259,2011-02-23 09:09:00,2011-11-09 12:32:00,United Kingdom
13805,53,2,924.60,462.3000000000000000,77,2011-08-02 15:29:00,2011-10-18 14:50:00,United Kingdom
13806,64,1,256.38,256.3800000000000000,0,2011-10-07 11:43:00,2011-10-07 11:43:00,United Kingdom
13807,368,1,112.60,112.6000000000000000,0,2010-12-07 15:48:00,2010-12-07 15:48:00,United Kingdom
13808,6,5,1747.66,349.5320000000000000,91,2011-09-04 12:07:00,2011-12-04 12:18:00,United Kingdom
13809,306,1,155.05,155.0500000000000000,0,2011-02-07 13:15:00,2011-02-07 13:15:00,Cyprus
13810,29,3,1499.01,499.6700000000000000,28,2011-10-14 12:57:00,2011-11-11 08:33:00,Germany
13811,184,3,814.50,271.5000000000000000,56,2011-04-14 18:40:00,2011-06-09 09:54:00,Germany
13812,43,3,539.00,179.6666666666666667,63,2011-08-26 12:54:00,2011-10-28 14:27:00,Germany
13813,40,4,1366.86,341.7150000000000000,95,2011-07-28 10:33:00,2011-10-31 10:38:00,Germany
13814,93,2,1579.12,789.5600000000000000,45,2011-07-25 13:54:00,2011-09-08 13:48:00,Germany
13815,23,4,4027.36,1006.8400000000000000,296,2011-01-25 12:16:00,2011-11-17 14:19:00,Germany
13816,24,2,571.67,285.8350000000000000,41,2011-10-06 14:37:00,2011-11-16 08:38:00,Germany
13817,30,2,382.98,191.4900000000000000,322,2010-12-23 11:46:00,2011-11-10 17:49:00,Germany
13819,302,3,1140.35,380.1166666666666667,18,2011-01-24 10:38:00,2011-02-11 10:38:00,United Kingdom
13821,145,2,385.64,192.8200000000000000,117,2011-03-23 11:30:00,2011-07-18 09:49:00,United Kingdom
13822,6,2,632.00,316.0000000000000000,35,2011-10-30 15:55:00,2011-12-04 12:13:00,United Kingdom
13823,19,2,957.66,478.8300000000000000,73,2011-09-09 10:42:00,2011-11-21 10:22:00,United Kingdom
13824,33,5,1698.94,339.7880000000000000,278,2011-02-02 13:07:00,2011-11-07 12:41:00,United Kingdom
13826,177,1,189.50,189.5000000000000000,0,2011-06-16 13:48:00,2011-06-16 13:48:00,United Kingdom
13827,58,3,409.80,136.6000000000000000,86,2011-07-19 15:38:00,2011-10-13 12:38:00,United Kingdom
13828,23,1,209.49,209.4900000000000000,0,2011-11-17 16:02:00,2011-11-17 16:02:00,United Kingdom
13831,17,6,2198.45,366.4083333333333333,353,2010-12-05 12:13:00,2011-11-23 15:41:00,United Kingdom
13832,20,1,52.20,52.2000000000000000,0,2011-11-20 15:36:00,2011-11-20 15:36:00,United Kingdom
13833,160,1,383.85,383.8500000000000000,0,2011-07-03 13:27:00,2011-07-03 13:27:00,United Kingdom
13835,26,4,834.57,208.6425000000000000,190,2011-05-08 15:22:00,2011-11-14 15:37:00,United Kingdom
13837,212,2,266.59,133.2950000000000000,106,2011-01-26 12:15:00,2011-05-12 12:10:00,United Kingdom
13838,6,4,674.82,168.7050000000000000,364,2010-12-05 10:45:00,2011-12-04 11:00:00,United Kingdom
13841,253,1,85.00,85.0000000000000000,0,2011-04-01 12:10:00,2011-04-01 12:10:00,United Kingdom
13842,59,9,3385.62,376.1800000000000000,308,2010-12-08 10:39:00,2011-10-12 10:51:00,United Kingdom
13844,12,1,361.62,361.6200000000000000,0,2011-11-28 13:21:00,2011-11-28 13:21:00,United Kingdom
13845,65,1,312.98,312.9800000000000000,0,2011-10-06 08:25:00,2011-10-06 08:25:00,United Kingdom
13846,25,3,865.06,288.3533333333333333,336,2010-12-14 16:07:00,2011-11-15 12:07:00,United Kingdom
13848,93,3,1255.00,418.3333333333333333,274,2010-12-08 15:10:00,2011-09-08 12:58:00,United Kingdom
13849,52,2,1537.95,768.9750000000000000,119,2011-06-22 10:11:00,2011-10-19 10:59:00,United Kingdom
13850,130,1,1595.48,1595.4800000000000000,0,2011-08-02 14:04:00,2011-08-02 14:04:00,United Kingdom
13851,96,3,2651.46,883.8200000000000000,193,2011-02-24 17:18:00,2011-09-05 12:36:00,United Kingdom
13853,58,1,1090.14,1090.1400000000000000,0,2011-10-13 14:18:00,2011-10-13 14:18:00,United Kingdom
13854,9,25,8109.52,324.3808000000000000,357,2010-12-09 10:48:00,2011-12-01 09:06:00,United Kingdom
13856,169,3,388.50,129.5000000000000000,35,2011-05-20 13:13:00,2011-06-24 10:03:00,United Kingdom
13858,58,1,216.17,216.1700000000000000,0,2011-10-13 16:17:00,2011-10-13 16:17:00,United Kingdom
13859,327,1,201.16,201.1600000000000000,0,2011-01-17 16:14:00,2011-01-17 16:14:00,United Kingdom
13860,2,5,1245.90,249.1800000000000000,85,2011-09-14 09:27:00,2011-12-08 12:57:00,United Kingdom
13862,19,8,2209.36,276.1700000000000000,314,2011-01-11 15:13:00,2011-11-21 16:24:00,United Kingdom
13863,248,1,305.78,305.7800000000000000,0,2011-04-06 10:20:00,2011-04-06 10:20:00,United Kingdom
13865,59,4,501.56,125.3900000000000000,231,2011-02-23 12:04:00,2011-10-12 13:31:00,United Kingdom
13866,75,1,145.67,145.6700000000000000,0,2011-09-26 14:54:00,2011-09-26 14:54:00,United Kingdom
13867,32,3,1005.09,335.0300000000000000,187,2011-05-05 17:28:00,2011-11-08 15:48:00,United Kingdom
13868,8,2,3192.54,1596.2700000000000000,31,2011-11-01 12:45:00,2011-12-02 16:32:00,United Kingdom
13869,124,4,3083.65,770.9125000000000000,234,2010-12-17 15:14:00,2011-08-08 13:53:00,United Kingdom
13870,3,8,2770.94,346.3675000000000000,285,2011-02-25 09:09:00,2011-12-07 13:23:00,United Kingdom
13871,23,13,6403.25,492.5576923076923077,286,2011-02-04 09:30:00,2011-11-17 10:49:00,United Kingdom
13873,120,3,389.60,129.8666666666666667,190,2011-02-03 09:37:00,2011-08-12 10:08:00,United Kingdom
13874,359,1,540.45,540.4500000000000000,0,2010-12-16 18:20:00,2010-12-16 18:20:00,United Kingdom
13875,54,5,1786.79,357.3580000000000000,248,2011-02-11 15:39:00,2011-10-17 09:36:00,United Kingdom
13876,64,1,122.70,122.7000000000000000,0,2011-10-07 10:22:00,2011-10-07 10:22:00,United Kingdom
13877,87,1,117.24,117.2400000000000000,0,2011-09-14 15:49:00,2011-09-14 15:49:00,United Kingdom
13878,55,1,1271.57,1271.5700000000000000,0,2011-10-16 12:19:00,2011-10-16 12:19:00,United Kingdom
13880,22,13,3219.77,247.6746153846153846,346,2010-12-07 14:00:00,2011-11-18 13:44:00,United Kingdom
13881,4,20,17159.52,857.9760000000000000,308,2011-02-01 10:14:00,2011-12-06 12:50:00,United Kingdom
13882,3,5,1191.13,238.2260000000000000,62,2011-10-06 15:28:00,2011-12-07 11:16:00,United Kingdom
13883,11,5,2674.48,534.8960000000000000,243,2011-03-31 17:17:00,2011-11-29 10:45:00,United Kingdom
13884,8,5,787.60,157.5200000000000000,276,2011-03-01 13:40:00,2011-12-02 16:30:00,United Kingdom
13885,190,2,506.80,253.4000000000000000,11,2011-05-23 08:52:00,2011-06-03 15:07:00,United Kingdom
13886,72,1,243.56,243.5600000000000000,0,2011-09-29 13:17:00,2011-09-29 13:17:00,United Kingdom
13887,205,1,349.55,349.5500000000000000,0,2011-05-19 17:22:00,2011-05-19 17:22:00,United Kingdom
13888,120,2,595.67,297.8350000000000000,99,2011-05-05 14:41:00,2011-08-12 10:13:00,United Kingdom
13889,93,1,416.90,416.9000000000000000,0,2011-09-08 09:13:00,2011-09-08 09:13:00,United Kingdom
13890,2,10,1883.81,188.3810000000000000,357,2010-12-16 09:31:00,2011-12-08 15:36:00,United Kingdom
13892,27,4,632.97,158.2425000000000000,220,2011-04-07 12:04:00,2011-11-13 11:50:00,United Kingdom
13893,298,1,821.10,821.1000000000000000,0,2011-02-15 11:30:00,2011-02-15 11:30:00,United Kingdom
13894,24,3,564.62,188.2066666666666667,287,2011-02-02 12:54:00,2011-11-16 09:44:00,United Kingdom
13895,29,4,2593.07,648.2675000000000000,136,2011-06-28 10:17:00,2011-11-11 16:57:00,United Kingdom
13897,51,1,311.16,311.1600000000000000,0,2011-10-20 14:30:00,2011-10-20 14:30:00,United Kingdom
13898,326,1,155.93,155.9300000000000000,0,2011-01-18 10:28:00,2011-01-18 10:28:00,United Kingdom
13899,17,2,388.52,194.2600000000000000,258,2011-03-10 09:30:00,2011-11-23 13:40:00,United Kingdom
13900,184,3,740.95,246.9833333333333333,79,2011-03-22 10:13:00,2011-06-09 19:26:00,United Kingdom
13901,73,5,2867.20,573.4400000000000000,246,2011-01-25 09:01:00,2011-09-28 14:48:00,United Kingdom
13904,38,2,332.64,166.3200000000000000,257,2011-02-18 11:18:00,2011-11-02 13:41:00,United Kingdom
13908,80,4,2369.55,592.3875000000000000,197,2011-03-08 12:04:00,2011-09-21 11:49:00,United Kingdom
13911,58,9,2580.91,286.7677777777777778,251,2011-02-04 14:46:00,2011-10-13 15:43:00,United Kingdom
13914,12,2,626.45,313.2250000000000000,25,2011-11-03 16:28:00,2011-11-28 10:35:00,United Kingdom
13917,50,2,272.04,136.0200000000000000,142,2011-06-01 12:46:00,2011-10-21 09:56:00,United Kingdom
13918,50,2,1212.84,606.4200000000000000,204,2011-03-31 18:05:00,2011-10-21 12:25:00,United Kingdom
13919,60,2,384.81,192.4050000000000000,62,2011-08-10 10:15:00,2011-10-11 14:24:00,Denmark
13922,352,1,172.25,172.2500000000000000,0,2010-12-23 10:38:00,2010-12-23 10:38:00,United Kingdom
13923,54,1,351.13,351.1300000000000000,0,2011-10-17 12:33:00,2011-10-17 12:33:00,United Kingdom
13924,2,6,1838.85,306.4750000000000000,71,2011-09-28 15:07:00,2011-12-08 09:39:00,United Kingdom
13925,93,4,678.25,169.5625000000000000,42,2011-07-28 12:09:00,2011-09-08 12:47:00,United Kingdom
13926,24,1,223.85,223.8500000000000000,0,2011-11-16 13:16:00,2011-11-16 13:16:00,United Kingdom
13927,75,1,348.99,348.9900000000000000,0,2011-09-26 12:00:00,2011-09-26 12:00:00,United Kingdom
13928,11,4,464.57,116.1425000000000000,123,2011-07-29 15:59:00,2011-11-29 10:33:00,United Kingdom
13929,170,2,842.65,421.3250000000000000,157,2011-01-17 15:11:00,2011-06-23 15:26:00,United Kingdom
13930,58,2,337.34,168.6700000000000000,79,2011-07-26 11:00:00,2011-10-13 09:45:00,United Kingdom
13931,96,2,1237.53,618.7650000000000000,185,2011-03-04 08:43:00,2011-09-05 10:12:00,United Kingdom
13932,295,1,307.40,307.4000000000000000,0,2011-02-18 12:02:00,2011-02-18 12:02:00,United Kingdom
13933,110,2,608.79,304.3950000000000000,39,2011-07-14 13:35:00,2011-08-22 14:03:00,United Kingdom
13934,264,1,922.10,922.1000000000000000,0,2011-03-21 08:39:00,2011-03-21 08:39:00,United Kingdom
13936,180,1,376.58,376.5800000000000000,0,2011-06-13 08:47:00,2011-06-13 08:47:00,United Kingdom
13937,170,1,158.85,158.8500000000000000,0,2011-06-23 16:35:00,2011-06-23 16:35:00,United Kingdom
13938,36,1,71.66,71.6600000000000000,0,2011-11-04 14:37:00,2011-11-04 14:37:00,United Kingdom
13939,24,3,568.55,189.5166666666666667,288,2011-02-01 11:30:00,2011-11-16 13:33:00,United Kingdom
13940,18,4,839.14,209.7850000000000000,127,2011-07-18 16:05:00,2011-11-22 15:15:00,United Kingdom
13941,22,5,5112.96,1022.5920000000000000,351,2010-12-02 10:17:00,2011-11-18 09:43:00,United Kingdom
13946,80,3,561.57,187.1900000000000000,188,2011-03-17 10:02:00,2011-09-21 13:33:00,United Kingdom
13947,66,1,90.60,90.6000000000000000,0,2011-10-05 14:42:00,2011-10-05 14:42:00,United Kingdom
13948,361,1,102.00,102.0000000000000000,0,2010-12-14 10:18:00,2010-12-14 10:18:00,United Kingdom
13949,3,6,2427.32,404.5533333333333333,92,2011-09-06 11:55:00,2011-12-07 09:35:00,United Kingdom
13950,12,4,745.06,186.2650000000000000,235,2011-04-07 11:29:00,2011-11-28 14:44:00,United Kingdom
13951,177,3,674.45,224.8166666666666667,118,2011-02-18 15:21:00,2011-06-16 16:43:00,United Kingdom
13952,218,2,3251.07,1625.5350000000000000,21,2011-04-15 09:27:00,2011-05-06 09:00:00,United Kingdom
13953,8,7,3515.68,502.2400000000000000,345,2010-12-22 10:29:00,2011-12-02 16:04:00,United Kingdom
13954,2,2,439.92,219.9600000000000000,69,2011-09-30 10:52:00,2011-12-08 12:50:00,United Kingdom
13955,155,2,322.96,161.4800000000000000,151,2011-02-07 12:24:00,2011-07-08 17:19:00,United Kingdom
13956,6,5,1019.27,203.8540000000000000,266,2011-03-13 12:51:00,2011-12-04 13:20:00,United Kingdom
13959,80,3,594.04,198.0133333333333333,283,2010-12-12 13:56:00,2011-09-21 15:06:00,United Kingdom
13960,22,2,230.22,115.1100000000000000,50,2011-09-29 12:39:00,2011-11-18 15:27:00,United Kingdom
13962,22,2,169.55,84.7750000000000000,224,2011-04-08 11:21:00,2011-11-18 08:47:00,United Kingdom
13963,309,4,664.54,166.1350000000000000,59,2010-12-07 09:21:00,2011-02-04 14:43:00,United Kingdom
13967,146,1,80.70,80.7000000000000000,0,2011-07-17 12:02:00,2011-07-17 12:02:00,United Kingdom
13969,8,18,9024.17,501.3427777777777778,358,2010-12-09 19:32:00,2011-12-02 15:11:00,United Kingdom
13971,19,8,2758.26,344.7825000000000000,267,2011-02-27 12:27:00,2011-11-21 12:06:00,United Kingdom
13972,71,2,190.25,95.1250000000000000,131,2011-05-22 11:34:00,2011-09-30 11:54:00,United Kingdom
13973,288,1,264.70,264.7000000000000000,0,2011-02-25 15:21:00,2011-02-25 15:21:00,United Kingdom
13974,50,1,413.59,413.5900000000000000,0,2011-10-21 14:41:00,2011-10-21 14:41:00,United Kingdom
13975,32,6,2461.24,410.2066666666666667,245,2011-03-08 12:19:00,2011-11-08 13:19:00,United Kingdom
13976,207,1,357.98,357.9800000000000000,0,2011-05-17 09:13:00,2011-05-17 09:13:00,United Kingdom
13978,15,2,196.79,98.3950000000000000,31,2011-10-25 15:04:00,2011-11-25 11:36:00,United Kingdom
13979,74,1,869.87,869.8700000000000000,0,2011-09-27 13:32:00,2011-09-27 13:32:00,United Kingdom
13980,61,1,200.14,200.1400000000000000,0,2011-10-10 13:34:00,2011-10-10 13:34:00,United Kingdom
13982,40,4,1871.81,467.9525000000000000,326,2010-12-09 13:57:00,2011-10-31 16:24:00,United Kingdom
13983,30,12,2603.43,216.9525000000000000,337,2010-12-08 10:38:00,2011-11-10 11:06:00,United Kingdom
13984,27,5,920.51,184.1020000000000000,340,2010-12-08 15:58:00,2011-11-13 12:38:00,United Kingdom
13985,5,15,7060.13,470.6753333333333333,260,2011-03-20 13:48:00,2011-12-05 17:06:00,United Kingdom
13986,18,1,320.46,320.4600000000000000,0,2011-11-22 15:00:00,2011-11-22 15:00:00,United Kingdom
13988,20,6,4147.96,691.3266666666666667,235,2011-03-30 11:48:00,2011-11-20 10:15:00,United Kingdom
13989,66,2,1266.08,633.0400000000000000,174,2011-04-14 15:39:00,2011-10-05 09:47:00,United Kingdom
13990,214,1,311.30,311.3000000000000000,0,2011-05-10 15:19:00,2011-05-10 15:19:00,United Kingdom
13991,13,6,852.88,142.1466666666666667,131,2011-07-19 12:58:00,2011-11-27 16:18:00,United Kingdom
13992,31,1,76.80,76.8000000000000000,0,2011-11-09 15:23:00,2011-11-09 15:23:00,United Kingdom
13993,43,9,3466.36,385.1511111111111111,288,2011-01-13 10:43:00,2011-10-28 09:06:00,United Kingdom
13994,4,6,2274.14,379.0233333333333333,145,2011-07-14 18:28:00,2011-12-06 11:05:00,United Kingdom
13995,16,5,1393.69,278.7380000000000000,230,2011-04-08 08:20:00,2011-11-24 14:22:00,United Kingdom
13999,11,12,3901.81,325.1508333333333333,351,2010-12-13 11:23:00,2011-11-29 13:40:00,United Kingdom
14000,212,1,635.66,635.6600000000000000,0,2011-05-12 16:50:00,2011-05-12 16:50:00,United Kingdom
14001,46,3,2043.08,681.0266666666666667,328,2010-12-01 12:58:00,2011-10-25 10:31:00,United Kingdom
14002,135,2,529.73,264.8650000000000000,22,2011-07-06 14:59:00,2011-07-28 15:55:00,United Kingdom
14004,44,7,4582.64,654.6628571428571429,245,2011-02-24 09:28:00,2011-10-27 14:40:00,United Kingdom
14005,10,5,2874.72,574.9440000000000000,206,2011-05-08 10:33:00,2011-11-30 12:41:00,United Kingdom
14006,116,3,962.19,320.7300000000000000,197,2011-01-31 15:11:00,2011-08-16 09:39:00,United Kingdom
14009,199,2,695.61,347.8050000000000000,7,2011-05-18 13:00:00,2011-05-25 15:47:00,United Kingdom
14012,278,1,328.80,328.8000000000000000,0,2011-03-07 12:26:00,2011-03-07 12:26:00,United Kingdom
14013,111,3,473.02,157.6733333333333333,165,2011-03-09 08:59:00,2011-08-21 15:01:00,United Kingdom
14014,78,1,505.18,505.1800000000000000,0,2011-09-23 13:18:00,2011-09-23 13:18:00,United Kingdom
14015,53,1,917.34,917.3400000000000000,0,2011-10-18 10:02:00,2011-10-18 10:02:00,United Kingdom
14016,162,4,4341.21,1085.3025000000000000,196,2010-12-17 14:21:00,2011-07-01 11:29:00,EIRE
14019,47,3,1421.61,473.8700000000000000,92,2011-07-24 15:39:00,2011-10-24 10:13:00,United Kingdom
14020,17,2,642.80,321.4000000000000000,72,2011-09-12 15:32:00,2011-11-23 09:22:00,United Kingdom
14021,156,3,631.90,210.6333333333333333,101,2011-03-28 15:10:00,2011-07-07 15:46:00,United Kingdom
14022,226,1,440.00,440.0000000000000000,0,2011-04-28 14:39:00,2011-04-28 14:39:00,United Kingdom
14023,8,2,584.07,292.0350000000000000,243,2011-04-03 15:50:00,2011-12-02 13:58:00,United Kingdom
14024,122,2,327.70,163.8500000000000000,3,2011-08-07 13:31:00,2011-08-10 11:30:00,United Kingdom
14027,61,1,104.82,104.8200000000000000,0,2011-10-10 09:01:00,2011-10-10 09:01:00,United Kingdom
14029,64,2,467.66,233.8300000000000000,81,2011-07-18 16:57:00,2011-10-07 14:46:00,United Kingdom
14030,19,8,2358.84,294.8550000000000000,348,2010-12-08 16:11:00,2011-11-21 16:48:00,United Kingdom
14031,8,19,17286.86,909.8347368421052632,365,2010-12-02 16:34:00,2011-12-02 17:13:00,United Kingdom
14032,3,11,2975.59,270.5081818181818182,364,2010-12-08 10:53:00,2011-12-07 15:23:00,United Kingdom
14034,23,3,648.89,216.2966666666666667,135,2011-07-05 13:06:00,2011-11-17 14:02:00,United Kingdom
14035,29,5,1428.02,285.6040000000000000,269,2011-02-15 12:48:00,2011-11-11 10:03:00,United Kingdom
14036,285,1,626.65,626.6500000000000000,0,2011-02-28 09:26:00,2011-02-28 09:26:00,United Kingdom
14037,177,2,147.20,73.6000000000000000,188,2010-12-10 11:39:00,2011-06-16 13:57:00,United Kingdom
14038,79,3,1560.38,520.1266666666666667,129,2011-05-16 14:05:00,2011-09-22 13:37:00,United Kingdom
14039,34,1,152.20,152.2000000000000000,0,2011-11-06 13:48:00,2011-11-06 13:48:00,United Kingdom
14040,41,12,3560.32,296.6933333333333333,291,2011-01-12 14:57:00,2011-10-30 12:42:00,United Kingdom
14041,267,1,141.41,141.4100000000000000,0,2011-03-18 13:25:00,2011-03-18 13:25:00,United Kingdom
14044,27,4,646.42,161.6050000000000000,283,2011-02-03 11:39:00,2011-11-13 12:05:00,United Kingdom
14045,110,4,1659.75,414.9375000000000000,264,2010-12-01 11:32:00,2011-08-22 15:27:00,United Kingdom
14046,285,1,154.99,154.9900000000000000,0,2011-02-28 14:48:00,2011-02-28 14:48:00,United Kingdom
14047,9,5,1308.61,261.7220000000000000,364,2010-12-02 10:09:00,2011-12-01 11:43:00,United Kingdom
14048,306,1,409.93,409.9300000000000000,0,2011-02-07 14:53:00,2011-02-07 14:53:00,United Kingdom
14049,17,4,5578.72,1394.6800000000000000,301,2011-01-26 11:27:00,2011-11-23 12:20:00,United Kingdom
14050,32,2,746.36,373.1800000000000000,75,2011-08-25 13:46:00,2011-11-08 10:00:00,United Kingdom
14051,1,23,15610.39,678.7126086956521739,366,2010-12-08 12:49:00,2011-12-09 10:20:00,United Kingdom
14052,20,1,225.36,225.3600000000000000,0,2011-11-20 12:30:00,2011-11-20 12:30:00,United Kingdom
14053,125,2,260.25,130.1250000000000000,35,2011-07-03 12:21:00,2011-08-07 14:27:00,United Kingdom
14054,66,1,92.46,92.4600000000000000,0,2011-10-05 15:49:00,2011-10-05 15:49:00,United Kingdom
14055,107,1,725.64,725.6400000000000000,0,2011-08-25 15:04:00,2011-08-25 15:04:00,United Kingdom
14056,2,23,8152.71,354.4656521739130435,283,2011-02-28 15:19:00,2011-12-08 13:36:00,United Kingdom
14057,24,17,6211.66,365.3917647058823529,337,2010-12-14 12:11:00,2011-11-16 10:32:00,United Kingdom
14059,267,1,183.60,183.6000000000000000,0,2011-03-18 10:06:00,2011-03-18 10:06:00,United Kingdom
14060,5,19,6140.42,323.1800000000000000,368,2010-12-02 12:11:00,2011-12-05 12:29:00,United Kingdom
14062,10,12,10464.85,872.0708333333333333,355,2010-12-10 15:56:00,2011-11-30 10:04:00,United Kingdom
14064,30,5,1334.34,266.8680000000000000,245,2011-03-10 12:59:00,2011-11-10 13:14:00,United Kingdom
14066,267,1,152.55,152.5500000000000000,0,2011-03-18 12:21:00,2011-03-18 12:21:00,United Kingdom
14067,64,2,374.70,187.3500000000000000,33,2011-09-04 12:00:00,2011-10-07 10:21:00,United Kingdom
14068,321,1,265.85,265.8500000000000000,0,2011-01-23 16:02:00,2011-01-23 16:02:00,United Kingdom
14071,4,8,1437.57,179.6962500000000000,261,2011-03-20 11:33:00,2011-12-06 12:27:00,United Kingdom
14073,33,1,151.04,151.0400000000000000,0,2011-11-07 15:49:00,2011-11-07 15:49:00,United Kingdom
14075,5,3,942.26,314.0866666666666667,257,2011-03-23 16:35:00,2011-12-05 08:38:00,United Kingdom
14076,130,1,118.67,118.6700000000000000,0,2011-08-02 15:19:00,2011-08-02 15:19:00,United Kingdom
14077,41,5,499.42,99.8840000000000000,234,2011-03-10 15:52:00,2011-10-30 12:35:00,United Kingdom
14078,102,6,1049.37,174.8950000000000000,272,2010-12-01 12:54:00,2011-08-30 12:16:00,United Kingdom
14079,125,1,375.10,375.1000000000000000,0,2011-08-07 12:10:00,2011-08-07 12:10:00,United Kingdom
14080,33,1,45.60,45.6000000000000000,0,2011-11-07 11:09:00,2011-11-07 11:09:00,United Kingdom
14081,303,2,921.62,460.8100000000000000,67,2010-12-05 15:47:00,2011-02-10 16:17:00,United Kingdom
14082,365,1,182.25,182.2500000000000000,0,2010-12-10 11:02:00,2010-12-10 11:02:00,United Kingdom
14083,5,9,1002.90,111.4333333333333333,367,2010-12-03 12:24:00,2011-12-05 13:14:00,United Kingdom
14085,3,18,4421.29,245.6272222222222222,366,2010-12-06 12:39:00,2011-12-07 13:46:00,United Kingdom
14087,3,1,191.47,191.4700000000000000,0,2011-12-07 12:41:00,2011-12-07 12:41:00,United Kingdom
14088,11,13,50491.81,3883.9853846153846154,312,2011-01-21 13:07:00,2011-11-29 16:16:00,United Kingdom
14089,57,1,158.75,158.7500000000000000,0,2011-10-14 10:38:00,2011-10-14 10:38:00,United Kingdom
14090,325,1,76.32,76.3200000000000000,0,2011-01-19 10:51:00,2011-01-19 10:51:00,United Kingdom
14092,8,14,4076.91,291.2078571428571429,351,2010-12-16 15:47:00,2011-12-02 12:13:00,United Kingdom
14093,13,1,433.86,433.8600000000000000,0,2011-11-27 16:27:00,2011-11-27 16:27:00,United Kingdom
14096,5,17,65164.79,3833.2229411764705882,97,2011-08-30 10:49:00,2011-12-05 17:17:00,United Kingdom
14098,37,1,147.35,147.3500000000000000,0,2011-11-03 10:13:00,2011-11-03 10:13:00,United Kingdom
14099,17,11,3104.17,282.1972727272727273,338,2010-12-20 11:14:00,2011-11-23 13:53:00,United Kingdom
14100,138,1,191.95,191.9500000000000000,0,2011-07-25 11:01:00,2011-07-25 11:01:00,United Kingdom
14101,74,6,5976.79,996.1316666666666667,253,2011-01-17 13:09:00,2011-09-27 12:28:00,United Kingdom
14102,6,5,1105.88,221.1760000000000000,39,2011-10-26 12:46:00,2011-12-04 15:38:00,United Kingdom
14104,155,2,216.21,108.1050000000000000,11,2011-06-27 12:49:00,2011-07-08 12:50:00,United Kingdom
14105,240,1,1266.23,1266.2300000000000000,0,2011-04-14 17:58:00,2011-04-14 17:58:00,United Kingdom
14107,52,7,2703.23,386.1757142857142857,313,2010-12-10 13:29:00,2011-10-19 12:12:00,United Kingdom
14108,31,2,597.91,298.9550000000000000,71,2011-08-30 11:32:00,2011-11-09 10:41:00,United Kingdom
14109,73,1,144.20,144.2000000000000000,0,2011-09-28 10:18:00,2011-09-28 10:18:00,United Kingdom
14110,4,12,5683.15,473.5958333333333333,263,2011-03-18 09:59:00,2011-12-06 12:26:00,United Kingdom
14111,15,4,692.85,173.2125000000000000,227,2011-04-12 11:36:00,2011-11-25 13:44:00,United Kingdom
14112,23,7,2915.15,416.4500000000000000,253,2011-03-09 11:28:00,2011-11-17 12:30:00,United Kingdom
14113,4,4,1840.42,460.1050000000000000,351,2010-12-20 12:14:00,2011-12-06 12:18:00,United Kingdom
14114,274,2,386.53,193.2650000000000000,57,2011-01-13 11:05:00,2011-03-11 09:42:00,United Kingdom
14116,20,5,1382.74,276.5480000000000000,102,2011-08-10 12:44:00,2011-11-20 10:29:00,United Kingdom
14117,144,1,90.00,90.0000000000000000,0,2011-07-19 09:49:00,2011-07-19 09:49:00,United Kingdom
14121,4,4,2780.15,695.0375000000000000,56,2011-10-11 10:39:00,2011-12-06 12:19:00,United Kingdom
14124,85,1,419.58,419.5800000000000000,0,2011-09-16 13:32:00,2011-09-16 13:32:00,United Kingdom
14125,11,3,2720.63,906.8766666666666667,68,2011-09-22 15:40:00,2011-11-29 12:47:00,United Kingdom
14126,8,3,706.13,235.3766666666666667,3,2011-11-29 12:21:00,2011-12-02 11:45:00,United Kingdom
14127,123,3,709.71,236.5700000000000000,188,2011-02-02 12:26:00,2011-08-09 10:49:00,United Kingdom
14128,61,2,637.50,318.7500000000000000,195,2011-03-29 10:49:00,2011-10-10 12:00:00,United Kingdom
14129,2,5,1123.86,224.7720000000000000,259,2011-03-24 08:44:00,2011-12-08 11:02:00,United Kingdom
14130,320,1,480.91,480.9100000000000000,0,2011-01-24 16:05:00,2011-01-24 16:05:00,United Kingdom
14132,3,11,3586.03,326.0027272727272727,181,2011-06-09 12:04:00,2011-12-07 13:35:00,United Kingdom
14133,130,3,605.64,201.8800000000000000,186,2011-01-28 11:27:00,2011-08-02 11:34:00,United Kingdom
14135,2,15,4690.31,312.6873333333333333,371,2010-12-02 10:27:00,2011-12-08 11:38:00,United Kingdom
14138,2,2,965.88,482.9400000000000000,62,2011-10-07 09:38:00,2011-12-08 12:44:00,United Kingdom
14139,47,1,415.82,415.8200000000000000,0,2011-10-24 13:34:00,2011-10-24 13:34:00,United Kingdom
14140,4,2,935.05,467.5250000000000000,28,2011-11-08 11:20:00,2011-12-06 09:05:00,United Kingdom
14141,3,4,915.13,228.7825000000000000,103,2011-08-26 14:40:00,2011-12-07 09:53:00,United Kingdom
14142,374,1,311.81,311.8100000000000000,0,2010-12-01 16:33:00,2010-12-01 16:33:00,United Kingdom
14143,134,1,115.80,115.8000000000000000,0,2011-07-29 09:48:00,2011-07-29 09:48:00,United Kingdom
14145,47,4,3742.20,935.5500000000000000,171,2011-05-06 13:01:00,2011-10-24 12:10:00,United Kingdom
14146,9,5,4191.00,838.2000000000000000,349,2010-12-17 15:52:00,2011-12-01 10:18:00,United Kingdom
14147,79,2,483.40,241.7000000000000000,207,2011-02-27 11:42:00,2011-09-22 18:10:00,United Kingdom
14148,234,1,157.20,157.2000000000000000,0,2011-04-20 12:02:00,2011-04-20 12:02:00,United Kingdom
14149,221,1,446.62,446.6200000000000000,0,2011-05-03 09:44:00,2011-05-03 09:44:00,United Kingdom
14150,36,2,658.64,329.3200000000000000,324,2010-12-15 10:04:00,2011-11-04 10:05:00,United Kingdom
14152,76,2,621.29,310.6450000000000000,159,2011-04-19 15:46:00,2011-09-25 12:54:00,United Kingdom
14154,240,2,1345.62,672.8100000000000000,0,2011-04-14 15:58:00,2011-04-14 16:26:00,United Kingdom
14155,267,1,118.75,118.7500000000000000,0,2011-03-18 14:13:00,2011-03-18 14:13:00,United Kingdom
14156,10,55,117210.08,2131.0923636363636364,362,2010-12-03 11:48:00,2011-11-30 10:54:00,EIRE
14157,20,2,424.89,212.4450000000000000,266,2011-02-27 13:04:00,2011-11-20 11:32:00,United Kingdom
14158,41,1,507.66,507.6600000000000000,0,2011-10-30 15:08:00,2011-10-30 15:08:00,United Kingdom
14159,20,11,4630.35,420.9409090909090909,343,2010-12-12 11:17:00,2011-11-20 12:36:00,United Kingdom
14161,216,3,1097.62,365.8733333333333333,154,2010-12-05 13:18:00,2011-05-08 11:41:00,United Kingdom
14162,174,2,289.36,144.6800000000000000,119,2011-02-20 12:32:00,2011-06-19 11:36:00,United Kingdom
14163,88,4,2445.91,611.4775000000000000,152,2011-04-14 17:33:00,2011-09-13 15:18:00,United Kingdom
14164,71,2,1631.77,815.8850000000000000,10,2011-09-20 12:18:00,2011-09-30 12:24:00,United Kingdom
14165,276,1,120.44,120.4400000000000000,0,2011-03-09 12:39:00,2011-03-09 12:39:00,United Kingdom
14167,40,4,562.59,140.6475000000000000,292,2011-01-12 15:44:00,2011-10-31 14:29:00,United Kingdom
14171,99,1,363.79,363.7900000000000000,0,2011-09-02 16:43:00,2011-09-02 16:43:00,United Kingdom
14173,11,4,450.84,112.7100000000000000,209,2011-05-04 14:03:00,2011-11-29 11:54:00,United Kingdom
14174,34,1,134.46,134.4600000000000000,0,2011-11-06 13:17:00,2011-11-06 13:17:00,United Kingdom
14175,60,3,3222.30,1074.1000000000000000,270,2011-01-14 12:22:00,2011-10-11 11:55:00,United Kingdom
14176,298,4,576.90,144.2250000000000000,70,2010-12-07 11:45:00,2011-02-15 13:12:00,United Kingdom
14177,87,4,549.46,137.3650000000000000,93,2011-06-13 11:10:00,2011-09-14 15:11:00,United Kingdom
14178,9,7,1600.26,228.6085714285714286,174,2011-06-10 12:51:00,2011-12-01 12:01:00,United Kingdom
14179,41,2,701.57,350.7850000000000000,12,2011-10-18 14:00:00,2011-10-30 12:07:00,United Kingdom
14180,11,25,4748.52,189.9408000000000000,362,2010-12-02 13:08:00,2011-11-29 10:56:00,United Kingdom
14184,67,1,452.89,452.8900000000000000,0,2011-10-04 12:43:00,2011-10-04 12:43:00,United Kingdom
14185,332,1,197.65,197.6500000000000000,0,2011-01-12 13:52:00,2011-01-12 13:52:00,United Kingdom
14188,31,6,2054.36,342.3933333333333333,280,2011-02-02 13:46:00,2011-11-09 12:45:00,United Kingdom
14189,3,15,4654.08,310.2720000000000000,366,2010-12-06 11:42:00,2011-12-07 15:55:00,United Kingdom
14191,2,13,4684.76,360.3661538461538462,219,2011-05-03 10:30:00,2011-12-08 09:23:00,United Kingdom
14193,68,2,853.39,426.6950000000000000,202,2011-03-15 11:38:00,2011-10-03 09:34:00,United Kingdom
14194,5,21,11349.52,540.4533333333333333,304,2011-02-04 14:51:00,2011-12-05 10:38:00,United Kingdom
14195,202,2,1012.00,506.0000000000000000,51,2011-04-01 16:50:00,2011-05-22 10:29:00,United Kingdom
14196,107,1,335.52,335.5200000000000000,0,2011-08-25 10:25:00,2011-08-25 10:25:00,United Kingdom
14198,19,4,701.40,175.3500000000000000,221,2011-04-14 14:54:00,2011-11-21 16:35:00,United Kingdom
14199,219,1,185.40,185.4000000000000000,0,2011-05-05 13:44:00,2011-05-05 13:44:00,United Kingdom
14201,61,7,747.44,106.7771428571428571,299,2010-12-15 13:25:00,2011-10-10 13:27:00,United Kingdom
14204,3,1,150.61,150.6100000000000000,0,2011-12-07 13:38:00,2011-12-07 13:38:00,United Kingdom
14205,17,2,466.70,233.3500000000000000,248,2011-03-20 15:07:00,2011-11-23 10:55:00,United Kingdom
14206,240,1,328.16,328.1600000000000000,0,2011-04-14 16:38:00,2011-04-14 16:38:00,United Kingdom
14208,95,1,151.74,151.7400000000000000,0,2011-09-06 12:48:00,2011-09-06 12:48:00,United Kingdom
14209,11,6,2073.43,345.5716666666666667,322,2011-01-11 12:56:00,2011-11-29 10:18:00,United Kingdom
14210,106,6,1905.84,317.6400000000000000,266,2010-12-03 12:43:00,2011-08-26 12:36:00,United Kingdom
14211,54,9,2241.10,249.0111111111111111,242,2011-02-17 15:50:00,2011-10-17 13:23:00,United Kingdom
14212,90,1,1070.48,1070.4800000000000000,0,2011-09-11 12:45:00,2011-09-11 12:45:00,United Kingdom
14214,31,5,1004.38,200.8760000000000000,247,2011-03-07 12:26:00,2011-11-09 10:31:00,United Kingdom
14215,12,6,1789.72,298.2866666666666667,357,2010-12-06 15:34:00,2011-11-28 12:19:00,United Kingdom
14216,4,4,1839.30,459.8250000000000000,34,2011-11-02 10:51:00,2011-12-06 14:56:00,United Kingdom
14217,2,17,2004.98,117.9400000000000000,365,2010-12-08 13:28:00,2011-12-08 11:53:00,United Kingdom
14218,43,1,169.48,169.4800000000000000,0,2011-10-28 10:00:00,2011-10-28 10:00:00,United Kingdom
14219,5,1,89.94,89.9400000000000000,0,2011-12-05 16:23:00,2011-12-05 16:23:00,United Kingdom
14220,248,2,632.40,316.2000000000000000,111,2010-12-16 18:18:00,2011-04-06 13:23:00,United Kingdom
14221,43,9,3432.80,381.4222222222222222,297,2011-01-04 15:33:00,2011-10-28 13:42:00,United Kingdom
14222,178,1,683.17,683.1700000000000000,0,2011-06-15 16:42:00,2011-06-15 16:42:00,United Kingdom
14223,93,3,991.13,330.3766666666666667,172,2011-03-20 16:02:00,2011-09-08 13:38:00,United Kingdom
14224,111,4,1009.73,252.4325000000000000,210,2011-01-23 13:58:00,2011-08-21 13:24:00,United Kingdom
14226,29,5,2214.79,442.9580000000000000,241,2011-03-15 15:36:00,2011-11-11 11:34:00,United Kingdom
14227,27,10,3350.96,335.0960000000000000,258,2011-02-28 12:27:00,2011-11-13 15:48:00,United Kingdom
14229,52,3,1547.20,515.7333333333333333,282,2011-01-10 12:03:00,2011-10-19 10:04:00,United Kingdom
14231,184,3,925.71,308.5700000000000000,105,2011-02-24 11:55:00,2011-06-09 11:05:00,United Kingdom
14232,43,5,2048.07,409.6140000000000000,222,2011-03-20 12:44:00,2011-10-28 11:09:00,United Kingdom
14233,50,4,1462.72,365.6800000000000000,268,2011-01-26 12:43:00,2011-10-21 15:54:00,United Kingdom
14234,23,4,754.12,188.5300000000000000,35,2011-10-13 13:58:00,2011-11-17 17:53:00,United Kingdom
14235,76,5,3144.86,628.9720000000000000,185,2011-03-24 13:23:00,2011-09-25 14:37:00,United Kingdom
14236,81,2,490.86,245.4300000000000000,292,2010-12-02 18:49:00,2011-09-20 09:13:00,United Kingdom
14237,374,1,161.00,161.0000000000000000,0,2010-12-01 13:20:00,2010-12-01 13:20:00,United Kingdom
14238,327,1,146.85,146.8500000000000000,0,2011-01-17 14:40:00,2011-01-17 14:40:00,United Kingdom
14239,44,11,2380.85,216.4409090909090909,273,2011-01-27 14:45:00,2011-10-27 14:40:00,United Kingdom
14240,31,2,890.34,445.1700000000000000,195,2011-04-28 11:40:00,2011-11-09 13:45:00,United Kingdom
14241,184,1,213.70,213.7000000000000000,0,2011-06-09 11:46:00,2011-06-09 11:46:00,United Kingdom
14242,235,2,280.55,140.2750000000000000,91,2011-01-18 08:53:00,2011-04-19 11:46:00,United Kingdom
14243,9,10,2588.77,258.8770000000000000,357,2010-12-09 08:34:00,2011-12-01 11:12:00,United Kingdom
14245,220,2,1693.45,846.7250000000000000,44,2011-03-21 10:41:00,2011-05-04 08:40:00,United Kingdom
14246,111,3,1474.06,491.3533333333333333,135,2011-04-08 08:25:00,2011-08-21 11:50:00,United Kingdom
14247,279,1,136.77,136.7700000000000000,0,2011-03-06 15:21:00,2011-03-06 15:21:00,United Kingdom
14248,319,1,302.58,302.5800000000000000,0,2011-01-25 14:45:00,2011-01-25 14:45:00,United Kingdom
14250,8,3,1904.05,634.6833333333333333,82,2011-09-11 13:44:00,2011-12-02 14:30:00,United Kingdom
14251,2,5,2879.70,575.9400000000000000,56,2011-10-13 12:46:00,2011-12-08 08:32:00,United Kingdom
14256,261,2,969.06,484.5300000000000000,104,2010-12-10 11:44:00,2011-03-24 13:17:00,United Kingdom
14257,65,5,3099.72,619.9440000000000000,254,2011-01-25 10:49:00,2011-10-06 16:54:00,United Kingdom
14258,10,9,12669.98,1407.7755555555555556,328,2011-01-06 12:18:00,2011-11-30 15:27:00,United Kingdom
14259,142,1,120.00,120.0000000000000000,0,2011-07-21 10:44:00,2011-07-21 10:44:00,United Kingdom
14261,51,2,1163.45,581.7250000000000000,28,2011-09-22 10:47:00,2011-10-20 10:04:00,United Kingdom
14262,9,8,2618.23,327.2787500000000000,232,2011-04-13 12:23:00,2011-12-01 14:17:00,United Kingdom
14264,155,2,333.97,166.9850000000000000,91,2011-04-08 12:20:00,2011-07-08 10:20:00,United Kingdom
14265,110,2,530.18,265.0900000000000000,39,2011-07-14 09:10:00,2011-08-22 13:32:00,Unspecified
14267,163,3,1516.24,505.4133333333333333,98,2011-03-24 11:38:00,2011-06-30 10:09:00,United Kingdom
14270,332,1,492.65,492.6500000000000000,0,2011-01-12 09:33:00,2011-01-12 09:33:00,United Kingdom
14271,226,1,112.32,112.3200000000000000,0,2011-04-28 12:47:00,2011-04-28 12:47:00,United Kingdom
14272,74,2,437.96,218.9800000000000000,181,2011-03-30 13:57:00,2011-09-27 10:08:00,United Kingdom
14273,52,4,559.97,139.9925000000000000,191,2011-04-11 13:24:00,2011-10-19 13:20:00,United Kingdom
14276,99,3,1119.74,373.2466666666666667,191,2011-02-23 09:38:00,2011-09-02 09:45:00,United Kingdom
14277,16,3,4188.00,1396.0000000000000000,197,2011-05-11 13:20:00,2011-11-24 15:01:00,France
14280,197,1,134.04,134.0400000000000000,0,2011-05-27 10:37:00,2011-05-27 10:37:00,United Kingdom
14282,4,15,3701.44,246.7626666666666667,364,2010-12-07 12:21:00,2011-12-06 17:04:00,United Kingdom
14284,31,2,595.25,297.6250000000000000,56,2011-09-14 13:04:00,2011-11-09 08:11:00,United Kingdom
14285,22,4,1910.01,477.5025000000000000,155,2011-06-16 12:36:00,2011-11-18 14:50:00,United Kingdom
14286,24,3,4628.75,1542.9166666666666667,219,2011-04-11 08:16:00,2011-11-16 10:34:00,United Kingdom
14287,9,3,176.63,58.8766666666666667,190,2011-05-25 11:41:00,2011-12-01 13:25:00,United Kingdom
14288,214,1,426.60,426.6000000000000000,0,2011-05-10 13:22:00,2011-05-10 13:22:00,United Kingdom
14289,9,6,911.26,151.8766666666666667,281,2011-02-23 12:33:00,2011-12-01 11:44:00,United Kingdom
14290,12,5,2314.65,462.9300000000000000,350,2010-12-13 10:24:00,2011-11-28 14:02:00,United Kingdom
14291,2,11,3883.25,353.0227272727272727,274,2011-03-09 15:20:00,2011-12-08 10:26:00,United Kingdom
14292,8,9,4871.93,541.3255555555555556,275,2011-03-02 08:26:00,2011-12-02 11:50:00,United Kingdom
14293,4,4,1046.56,261.6400000000000000,365,2010-12-06 10:18:00,2011-12-06 15:17:00,United Kingdom
14295,41,1,166.20,166.2000000000000000,0,2011-10-30 15:50:00,2011-10-30 15:50:00,United Kingdom
14297,18,4,1305.33,326.3325000000000000,257,2011-03-10 08:31:00,2011-11-22 09:06:00,United Kingdom
14298,9,44,51527.30,1171.0750000000000000,352,2010-12-14 12:59:00,2011-12-01 13:12:00,United Kingdom
14299,9,9,3965.62,440.6244444444444444,357,2010-12-09 10:30:00,2011-12-01 16:05:00,United Kingdom
14300,19,1,43.20,43.2000000000000000,0,2011-11-21 08:57:00,2011-11-21 08:57:00,United Kingdom
14301,118,1,640.14,640.1400000000000000,0,2011-08-14 15:33:00,2011-08-14 15:33:00,United Kingdom
14304,223,1,383.45,383.4500000000000000,0,2011-05-01 11:50:00,2011-05-01 11:50:00,United Kingdom
14305,72,3,1858.96,619.6533333333333333,64,2011-07-27 14:14:00,2011-09-29 15:29:00,United Kingdom
14306,52,2,2093.32,1046.6600000000000000,34,2011-09-15 10:31:00,2011-10-19 13:23:00,United Kingdom
14307,89,6,2995.72,499.2866666666666667,285,2010-12-01 11:41:00,2011-09-12 09:38:00,United Kingdom
14309,9,9,2352.53,261.3922222222222222,350,2010-12-16 13:05:00,2011-12-01 13:33:00,United Kingdom
14311,243,1,310.26,310.2600000000000000,0,2011-04-11 10:14:00,2011-04-11 10:14:00,United Kingdom
14312,47,6,1611.59,268.5983333333333333,291,2011-01-06 16:35:00,2011-10-24 09:46:00,United Kingdom
14314,107,1,120.00,120.0000000000000000,0,2011-08-25 10:39:00,2011-08-25 10:39:00,United Kingdom
14315,45,6,2481.13,413.5216666666666667,222,2011-03-18 12:59:00,2011-10-26 12:06:00,United Kingdom
14317,65,1,508.58,508.5800000000000000,0,2011-10-06 10:44:00,2011-10-06 10:44:00,United Kingdom
14320,207,2,477.79,238.8950000000000000,126,2011-01-11 09:12:00,2011-05-17 09:24:00,United Kingdom
14321,11,5,1530.75,306.1500000000000000,323,2011-01-10 11:35:00,2011-11-29 09:47:00,United Kingdom
14323,115,2,605.06,302.5300000000000000,124,2011-04-15 11:44:00,2011-08-17 11:37:00,United Kingdom
14326,243,1,183.85,183.8500000000000000,0,2011-04-11 15:04:00,2011-04-11 15:04:00,United Kingdom
14327,164,1,311.65,311.6500000000000000,0,2011-06-29 13:58:00,2011-06-29 13:58:00,United Kingdom
14329,18,7,4975.24,710.7485714285714286,312,2011-01-14 13:42:00,2011-11-22 15:50:00,United Kingdom
14331,125,2,462.66,231.3300000000000000,11,2011-07-27 15:14:00,2011-08-07 13:17:00,United Kingdom
14332,23,3,840.21,280.0700000000000000,125,2011-07-15 10:33:00,2011-11-17 11:54:00,United Kingdom
14333,68,1,415.20,415.2000000000000000,0,2011-10-03 10:38:00,2011-10-03 10:38:00,United Kingdom
14334,17,8,2552.21,319.0262500000000000,342,2010-12-16 17:37:00,2011-11-23 10:01:00,United Kingdom
14335,17,2,454.86,227.4300000000000000,80,2011-09-04 13:07:00,2011-11-23 13:41:00,Germany
14336,17,4,1614.91,403.7275000000000000,260,2011-03-08 16:48:00,2011-11-23 11:40:00,United Kingdom
14338,162,2,588.22,294.1100000000000000,35,2011-05-27 13:30:00,2011-07-01 14:08:00,United Kingdom
14339,243,1,309.52,309.5200000000000000,0,2011-04-11 11:06:00,2011-04-11 11:06:00,United Kingdom
14340,219,1,134.70,134.7000000000000000,0,2011-05-05 09:44:00,2011-05-05 09:44:00,United Kingdom
14341,46,8,2166.98,270.8725000000000000,273,2011-01-25 13:55:00,2011-10-25 15:48:00,United Kingdom
14342,22,4,668.56,167.1400000000000000,189,2011-05-13 13:50:00,2011-11-18 13:21:00,United Kingdom
14344,128,8,889.93,111.2412500000000000,241,2010-12-06 11:58:00,2011-08-04 13:51:00,United Kingdom
14345,39,1,108.98,108.9800000000000000,0,2011-11-01 09:51:00,2011-11-01 09:51:00,United Kingdom
14346,121,2,1021.58,510.7900000000000000,177,2011-02-15 13:52:00,2011-08-11 09:47:00,United Kingdom
14348,261,1,409.57,409.5700000000000000,0,2011-03-24 16:23:00,2011-03-24 16:23:00,United Kingdom
14349,11,1,133.50,133.5000000000000000,0,2011-11-29 15:39:00,2011-11-29 15:39:00,United Kingdom
14350,275,1,282.93,282.9300000000000000,0,2011-03-10 14:14:00,2011-03-10 14:14:00,United Kingdom
14351,165,1,51.00,51.0000000000000000,0,2011-06-28 11:56:00,2011-06-28 11:56:00,United Kingdom
14352,158,4,1078.96,269.7400000000000000,116,2011-03-11 14:58:00,2011-07-05 15:41:00,United Kingdom
14353,216,1,90.60,90.6000000000000000,0,2011-05-08 16:06:00,2011-05-08 16:06:00,United Kingdom
14354,6,2,163.62,81.8100000000000000,25,2011-11-09 15:36:00,2011-12-04 11:32:00,United Kingdom
14355,366,1,174.40,174.4000000000000000,0,2010-12-09 12:16:00,2010-12-09 12:16:00,United Kingdom
14356,80,2,701.23,350.6150000000000000,2,2011-09-19 14:43:00,2011-09-21 09:18:00,United Kingdom
14357,44,1,225.12,225.1200000000000000,0,2011-10-27 16:23:00,2011-10-27 16:23:00,United Kingdom
14359,20,3,912.18,304.0600000000000000,68,2011-09-13 09:03:00,2011-11-20 13:17:00,United Kingdom
14360,32,4,2118.03,529.5075000000000000,63,2011-09-06 11:58:00,2011-11-08 09:12:00,United Kingdom
14362,23,1,151.50,151.5000000000000000,0,2011-11-17 15:08:00,2011-11-17 15:08:00,United Kingdom
14364,109,8,3717.35,464.6687500000000000,103,2011-05-12 12:56:00,2011-08-23 11:01:00,United Kingdom
14367,9,16,9227.82,576.7387500000000000,268,2011-03-08 14:12:00,2011-12-01 13:19:00,United Kingdom
14368,320,1,155.00,155.0000000000000000,0,2011-01-24 09:52:00,2011-01-24 09:52:00,United Kingdom
14371,296,1,100.50,100.5000000000000000,0,2011-02-17 16:35:00,2011-02-17 16:35:00,United Kingdom
14373,359,1,76.55,76.5500000000000000,0,2010-12-16 15:40:00,2010-12-16 15:40:00,United Kingdom
14375,186,1,235.56,235.5600000000000000,0,2011-06-07 13:44:00,2011-06-07 13:44:00,United Kingdom
14377,192,2,617.05,308.5250000000000000,71,2011-03-22 13:38:00,2011-06-01 13:32:00,United Kingdom
14379,45,2,348.10,174.0500000000000000,251,2011-02-17 15:03:00,2011-10-26 16:43:00,United Kingdom
14381,53,1,202.68,202.6800000000000000,0,2011-10-18 17:10:00,2011-10-18 17:10:00,United Kingdom
14382,27,1,615.49,615.4900000000000000,0,2011-11-13 16:18:00,2011-11-13 16:18:00,United Kingdom
14383,39,3,1247.69,415.8966666666666667,125,2011-06-29 10:18:00,2011-11-01 15:53:00,United Kingdom
14385,10,3,202.11,67.3700000000000000,14,2011-11-16 11:55:00,2011-11-30 15:36:00,United Kingdom
14386,297,1,142.40,142.4000000000000000,0,2011-02-16 09:45:00,2011-02-16 09:45:00,United Kingdom
14387,33,3,1727.60,575.8666666666666667,77,2011-08-22 14:13:00,2011-11-07 12:29:00,United Kingdom
14388,11,8,3212.84,401.6050000000000000,362,2010-12-02 11:02:00,2011-11-29 13:32:00,United Kingdom
14389,66,2,1043.46,521.7300000000000000,125,2011-06-02 12:04:00,2011-10-05 15:17:00,United Kingdom
14390,11,9,4642.57,515.8411111111111111,362,2010-12-02 11:57:00,2011-11-29 13:49:00,United Kingdom
14393,219,1,67.95,67.9500000000000000,0,2011-05-05 18:16:00,2011-05-05 18:16:00,United Kingdom
14395,3,9,3479.91,386.6566666666666667,370,2010-12-02 18:15:00,2011-12-07 14:34:00,United Kingdom
14396,66,2,487.99,243.9950000000000000,306,2010-12-03 15:19:00,2011-10-05 16:09:00,United Kingdom
14397,3,19,2612.96,137.5242105263157895,211,2011-05-10 12:25:00,2011-12-07 09:22:00,United Kingdom
14400,150,1,574.70,574.7000000000000000,0,2011-07-13 15:50:00,2011-07-13 15:50:00,United Kingdom
14401,5,13,4051.48,311.6523076923076923,355,2010-12-15 09:07:00,2011-12-05 13:30:00,United Kingdom
14403,131,4,1475.81,368.9525000000000000,117,2011-04-06 14:23:00,2011-08-01 12:57:00,United Kingdom
14404,34,6,1449.32,241.5533333333333333,336,2010-12-05 16:00:00,2011-11-06 12:30:00,United Kingdom
14406,120,1,156.75,156.7500000000000000,0,2011-08-12 16:54:00,2011-08-12 16:54:00,United Kingdom
14407,108,6,2157.73,359.6216666666666667,169,2011-03-08 11:59:00,2011-08-24 14:02:00,United Kingdom
14408,11,7,2599.03,371.2900000000000000,254,2011-03-20 14:41:00,2011-11-29 11:41:00,United Kingdom
14409,72,6,2059.45,343.2416666666666667,297,2010-12-06 15:03:00,2011-09-29 18:18:00,United Kingdom
14410,93,9,1100.27,122.2522222222222222,213,2011-02-07 09:36:00,2011-09-08 15:08:00,United Kingdom
14411,311,1,1063.00,1063.0000000000000000,0,2011-02-02 10:56:00,2011-02-02 10:56:00,United Kingdom
14412,43,2,770.03,385.0150000000000000,30,2011-09-28 08:48:00,2011-10-28 10:45:00,United Kingdom
14413,363,1,121.05,121.0500000000000000,0,2010-12-12 13:37:00,2010-12-12 13:37:00,United Kingdom
14414,92,7,1496.98,213.8542857142857143,267,2010-12-16 11:11:00,2011-09-09 12:09:00,United Kingdom
14415,2,13,5855.57,450.4284615384615385,359,2010-12-14 13:31:00,2011-12-08 14:38:00,United Kingdom
14416,23,2,490.22,245.1100000000000000,20,2011-10-28 15:10:00,2011-11-17 15:22:00,United Kingdom
14418,4,3,1937.25,645.7500000000000000,105,2011-08-23 17:18:00,2011-12-06 11:39:00,United Kingdom
14419,11,6,1051.79,175.2983333333333333,354,2010-12-10 10:56:00,2011-11-29 11:22:00,United Kingdom
14420,100,1,387.52,387.5200000000000000,0,2011-09-01 18:07:00,2011-09-01 18:07:00,United Kingdom
14421,58,2,813.11,406.5550000000000000,154,2011-05-12 10:49:00,2011-10-13 13:24:00,United Kingdom
14422,1,6,4263.64,710.6066666666666667,267,2011-03-17 17:26:00,2011-12-09 11:26:00,United Kingdom
14423,219,1,265.20,265.2000000000000000,0,2011-05-05 15:12:00,2011-05-05 15:12:00,United Kingdom
14424,18,1,322.08,322.0800000000000000,0,2011-11-22 11:48:00,2011-11-22 11:48:00,United Kingdom
14426,24,10,4481.67,448.1670000000000000,289,2011-01-31 09:51:00,2011-11-16 12:25:00,United Kingdom
14427,51,2,363.34,181.6700000000000000,13,2011-10-07 09:10:00,2011-10-20 14:23:00,United Kingdom
14428,8,5,1224.06,244.8120000000000000,318,2011-01-18 16:39:00,2011-12-02 13:17:00,United Kingdom
14431,303,1,470.36,470.3600000000000000,0,2011-02-10 10:40:00,2011-02-10 10:40:00,United Kingdom
14432,10,6,2248.50,374.7500000000000000,80,2011-09-11 14:09:00,2011-11-30 08:04:00,United Kingdom
14434,22,6,1372.80,228.8000000000000000,51,2011-09-28 15:31:00,2011-11-18 08:56:00,United Kingdom
14436,99,1,89.06,89.0600000000000000,0,2011-09-02 10:13:00,2011-09-02 10:13:00,United Kingdom
14437,366,1,63.00,63.0000000000000000,0,2010-12-09 09:27:00,2010-12-09 09:27:00,United Kingdom
14438,307,1,131.90,131.9000000000000000,0,2011-02-06 14:56:00,2011-02-06 14:56:00,United Kingdom
14439,320,1,2661.24,2661.2400000000000000,0,2011-01-24 11:39:00,2011-01-24 11:39:00,Greece
14440,9,5,2357.68,471.5360000000000000,357,2010-12-09 12:49:00,2011-12-01 15:42:00,United Kingdom
14441,1,4,1712.89,428.2225000000000000,255,2011-03-29 12:01:00,2011-12-09 09:07:00,United Kingdom
14442,205,2,1589.82,794.9100000000000000,112,2011-01-27 09:33:00,2011-05-19 11:36:00,Channel Islands
14443,54,4,1420.20,355.0500000000000000,315,2010-12-06 11:03:00,2011-10-17 10:10:00,United Kingdom
14446,1,4,1010.35,252.5875000000000000,246,2011-04-07 12:10:00,2011-12-09 11:34:00,United Kingdom
14447,19,5,1163.23,232.6460000000000000,262,2011-03-04 10:49:00,2011-11-21 08:28:00,United Kingdom
14448,10,2,375.35,187.6750000000000000,355,2010-12-10 17:26:00,2011-11-30 13:50:00,United Kingdom
14449,19,4,885.80,221.4500000000000000,354,2010-12-02 14:09:00,2011-11-21 12:06:00,United Kingdom
14450,181,3,483.25,161.0833333333333333,140,2011-01-23 11:53:00,2011-06-12 10:46:00,United Kingdom
14451,61,2,643.90,321.9500000000000000,134,2011-05-29 12:35:00,2011-10-10 13:38:00,United Kingdom
14452,11,2,259.05,129.5250000000000000,83,2011-09-07 11:32:00,2011-11-29 12:06:00,United Kingdom
14453,191,1,119.93,119.9300000000000000,0,2011-06-02 14:15:00,2011-06-02 14:15:00,United Kingdom
14456,6,9,3017.28,335.2533333333333333,137,2011-07-20 13:06:00,2011-12-04 13:59:00,United Kingdom
14457,311,1,113.64,113.6400000000000000,0,2011-02-02 09:39:00,2011-02-02 09:39:00,United Kingdom
14459,156,1,1837.92,1837.9200000000000000,0,2011-07-07 13:35:00,2011-07-07 13:35:00,United Kingdom
14460,111,3,434.34,144.7800000000000000,200,2011-02-02 11:55:00,2011-08-21 14:19:00,United Kingdom
14461,149,3,2103.06,701.0200000000000000,113,2011-03-23 12:15:00,2011-07-14 17:11:00,United Kingdom
14462,67,11,1980.57,180.0518181818181818,273,2011-01-04 12:45:00,2011-10-04 15:55:00,United Kingdom
14463,99,3,529.62,176.5400000000000000,107,2011-05-18 14:42:00,2011-09-02 15:20:00,United Kingdom
14465,247,3,1038.44,346.1466666666666667,56,2011-02-10 12:13:00,2011-04-07 12:38:00,United Kingdom
14466,30,7,2272.40,324.6285714285714286,343,2010-12-02 13:36:00,2011-11-10 14:07:00,United Kingdom
14467,18,4,596.26,149.0650000000000000,295,2011-01-31 12:35:00,2011-11-22 12:48:00,United Kingdom
14470,12,2,461.19,230.5950000000000000,276,2011-02-25 11:56:00,2011-11-28 10:31:00,United Kingdom
14472,104,8,1852.67,231.5837500000000000,252,2010-12-19 14:03:00,2011-08-28 11:01:00,United Kingdom
14473,75,2,234.34,117.1700000000000000,208,2011-03-02 13:56:00,2011-09-26 15:10:00,United Kingdom
14474,47,1,547.66,547.6600000000000000,0,2011-10-24 13:26:00,2011-10-24 13:26:00,United Kingdom
14475,72,3,925.85,308.6166666666666667,233,2011-02-08 10:12:00,2011-09-29 10:46:00,United Kingdom
14476,258,1,193.00,193.0000000000000000,0,2011-03-27 15:39:00,2011-03-27 15:39:00,United Kingdom
14477,20,4,1309.60,327.4000000000000000,278,2011-02-15 15:44:00,2011-11-20 11:11:00,United Kingdom
14479,254,2,316.25,158.1250000000000000,112,2010-12-09 12:59:00,2011-03-31 09:07:00,United Kingdom
14480,12,1,279.05,279.0500000000000000,0,2011-11-28 16:35:00,2011-11-28 16:35:00,United Kingdom
14481,165,2,636.51,318.2550000000000000,123,2011-02-25 13:53:00,2011-06-28 10:38:00,United Kingdom
14482,19,6,2022.81,337.1350000000000000,221,2011-04-14 16:41:00,2011-11-21 13:14:00,United Kingdom
14483,282,1,137.10,137.1000000000000000,0,2011-03-03 10:26:00,2011-03-03 10:26:00,United Kingdom
14484,51,1,321.92,321.9200000000000000,0,2011-10-20 14:11:00,2011-10-20 14:11:00,United Kingdom
14485,39,1,162.80,162.8000000000000000,0,2011-11-01 12:25:00,2011-11-01 12:25:00,United Kingdom
14487,27,6,1165.48,194.2466666666666667,342,2010-12-06 13:22:00,2011-11-13 12:17:00,United Kingdom
14488,68,1,1064.28,1064.2800000000000000,0,2011-10-03 09:30:00,2011-10-03 09:30:00,United Kingdom
14489,208,1,463.38,463.3800000000000000,0,2011-05-16 14:51:00,2011-05-16 14:51:00,United Kingdom
14491,176,2,340.93,170.4650000000000000,197,2010-12-02 12:10:00,2011-06-17 15:22:00,United Kingdom
14493,8,5,2383.24,476.6480000000000000,148,2011-07-07 16:59:00,2011-12-02 16:14:00,United Kingdom
14494,26,1,139.56,139.5600000000000000,0,2011-11-14 09:21:00,2011-11-14 09:21:00,United Kingdom
14495,51,2,123.80,61.9000000000000000,71,2011-08-10 14:13:00,2011-10-20 12:28:00,United Kingdom
14496,312,2,538.81,269.4050000000000000,62,2010-12-01 15:35:00,2011-02-01 09:01:00,United Kingdom
14497,310,1,475.37,475.3700000000000000,0,2011-02-03 17:01:00,2011-02-03 17:01:00,United Kingdom
14498,43,5,1957.32,391.4640000000000000,319,2010-12-13 11:29:00,2011-10-28 12:09:00,United Kingdom
14499,27,3,808.44,269.4800000000000000,252,2011-03-06 11:55:00,2011-11-13 13:01:00,United Kingdom
14500,89,3,356.85,118.9500000000000000,101,2011-06-03 10:08:00,2011-09-12 16:45:00,United Kingdom
14501,184,2,251.21,125.6050000000000000,136,2011-01-24 10:43:00,2011-06-09 12:02:00,United Kingdom
14502,20,11,2429.83,220.8936363636363636,294,2011-01-30 15:52:00,2011-11-20 11:50:00,United Kingdom
14503,4,6,3543.26,590.5433333333333333,175,2011-06-14 10:00:00,2011-12-06 13:30:00,United Kingdom
14504,48,4,673.26,168.3150000000000000,231,2011-03-06 14:38:00,2011-10-23 16:00:00,United Kingdom
14505,18,8,5859.43,732.4287500000000000,345,2010-12-12 16:14:00,2011-11-22 15:45:00,United Kingdom
14506,18,5,1960.65,392.1300000000000000,352,2010-12-05 14:25:00,2011-11-22 13:02:00,United Kingdom
14507,24,6,1367.88,227.9800000000000000,253,2011-03-08 17:23:00,2011-11-16 12:21:00,United Kingdom
14508,23,2,268.05,134.0250000000000000,67,2011-09-11 11:29:00,2011-11-17 19:48:00,United Kingdom
14511,12,5,1314.81,262.9620000000000000,122,2011-07-29 12:13:00,2011-11-28 17:05:00,United Kingdom
14512,188,2,275.28,137.6400000000000000,45,2011-04-21 19:05:00,2011-06-05 12:39:00,United Kingdom
14513,101,3,455.59,151.8633333333333333,188,2011-02-24 09:36:00,2011-08-31 11:25:00,United Kingdom
14514,62,3,990.20,330.0666666666666667,270,2011-01-12 15:22:00,2011-10-09 16:05:00,United Kingdom
14515,18,6,2076.89,346.1483333333333333,201,2011-05-05 12:13:00,2011-11-22 11:37:00,United Kingdom
14517,34,2,330.45,165.2250000000000000,108,2011-07-21 11:42:00,2011-11-06 14:20:00,United Kingdom
14518,65,1,174.37,174.3700000000000000,0,2011-10-06 14:43:00,2011-10-06 14:43:00,United Kingdom
14520,2,2,270.60,135.3000000000000000,289,2011-02-22 09:15:00,2011-12-08 09:46:00,United Kingdom
14522,25,4,974.54,243.6350000000000000,174,2011-05-25 16:01:00,2011-11-15 13:24:00,United Kingdom
14523,109,1,241.09,241.0900000000000000,0,2011-08-23 13:13:00,2011-08-23 13:13:00,United Kingdom
14524,32,9,1843.83,204.8700000000000000,329,2010-12-14 11:01:00,2011-11-08 12:29:00,United Kingdom
14525,20,9,4215.90,468.4333333333333333,342,2010-12-13 17:40:00,2011-11-20 11:37:00,United Kingdom
14527,3,55,8507.13,154.6750909090909091,367,2010-12-05 13:17:00,2011-12-07 12:19:00,United Kingdom
14528,38,1,364.22,364.2200000000000000,0,2011-11-02 17:09:00,2011-11-02 17:09:00,United Kingdom
14529,61,3,578.61,192.8700000000000000,50,2011-08-21 14:10:00,2011-10-10 15:27:00,United Kingdom
14530,26,6,2862.11,477.0183333333333333,271,2011-02-16 10:47:00,2011-11-14 10:38:00,United Kingdom
14532,237,4,932.85,233.2125000000000000,116,2010-12-22 13:48:00,2011-04-17 13:05:00,United Kingdom
14533,25,7,1949.72,278.5314285714285714,328,2010-12-22 11:07:00,2011-11-15 12:05:00,United Kingdom
14534,3,18,4397.30,244.2944444444444444,316,2011-01-25 12:33:00,2011-12-07 12:19:00,United Kingdom
14535,61,3,2854.84,951.6133333333333333,188,2011-04-05 12:50:00,2011-10-10 15:39:00,United Kingdom
14536,260,1,170.95,170.9500000000000000,0,2011-03-25 12:21:00,2011-03-25 12:21:00,United Kingdom
14537,58,1,355.56,355.5600000000000000,0,2011-10-13 10:54:00,2011-10-13 10:54:00,United Kingdom
14538,65,2,388.25,194.1250000000000000,192,2011-03-28 14:57:00,2011-10-06 10:31:00,United Kingdom
14539,16,2,537.48,268.7400000000000000,29,2011-10-26 12:03:00,2011-11-24 09:50:00,United Kingdom
14540,10,3,952.66,317.5533333333333333,300,2011-02-03 15:02:00,2011-11-30 10:15:00,United Kingdom
14541,59,8,1453.35,181.6687500000000000,261,2011-01-24 14:16:00,2011-10-12 10:08:00,United Kingdom
14542,186,1,103.25,103.2500000000000000,0,2011-06-07 08:19:00,2011-06-07 08:19:00,United Kingdom
14543,29,16,3599.73,224.9831250000000000,336,2010-12-10 11:51:00,2011-11-11 12:45:00,United Kingdom
14544,25,2,2004.30,1002.1500000000000000,337,2010-12-13 12:50:00,2011-11-15 15:06:00,United Kingdom
14546,6,5,2573.93,514.7860000000000000,243,2011-04-05 12:37:00,2011-12-04 13:00:00,United Kingdom
14547,4,8,3974.75,496.8437500000000000,51,2011-10-16 14:35:00,2011-12-06 11:06:00,United Kingdom
14548,151,2,652.80,326.4000000000000000,167,2011-01-26 08:38:00,2011-07-12 12:19:00,United Kingdom
14549,312,1,289.24,289.2400000000000000,0,2011-02-01 13:47:00,2011-02-01 13:47:00,United Kingdom
14550,11,2,757.37,378.6850000000000000,34,2011-10-26 12:14:00,2011-11-29 12:12:00,United Kingdom
14551,19,2,186.23,93.1150000000000000,186,2011-05-19 18:21:00,2011-11-21 13:36:00,United Kingdom
14552,152,1,164.22,164.2200000000000000,0,2011-07-11 12:49:00,2011-07-11 12:49:00,United Kingdom
14553,20,5,859.27,171.8540000000000000,320,2011-01-04 15:40:00,2011-11-20 13:20:00,United Kingdom
14554,11,4,2279.49,569.8725000000000000,42,2011-10-18 13:04:00,2011-11-29 16:44:00,United Kingdom
14555,58,2,312.54,156.2700000000000000,245,2011-02-10 17:19:00,2011-10-13 16:24:00,United Kingdom
14557,86,1,788.38,788.3800000000000000,0,2011-09-15 15:48:00,2011-09-15 15:48:00,United Kingdom
14560,8,22,2237.77,101.7168181818181818,350,2010-12-17 09:22:00,2011-12-02 15:22:00,United Kingdom
14561,76,3,1080.76,360.2533333333333333,109,2011-06-08 13:26:00,2011-09-25 12:39:00,United Kingdom
14562,4,18,5006.77,278.1538888888888889,301,2011-02-08 14:45:00,2011-12-06 11:05:00,United Kingdom
14565,96,4,3099.12,774.7800000000000000,266,2010-12-13 13:25:00,2011-09-05 09:07:00,United Kingdom
14566,111,1,1432.00,1432.0000000000000000,0,2011-08-21 11:05:00,2011-08-21 11:05:00,Channel Islands
14567,57,2,1530.36,765.1800000000000000,74,2011-08-01 13:48:00,2011-10-14 10:21:00,United Kingdom
14569,2,1,227.39,227.3900000000000000,0,2011-12-08 14:58:00,2011-12-08 14:58:00,United Kingdom
14570,281,2,218.06,109.0300000000000000,0,2011-03-04 10:39:00,2011-03-04 10:58:00,United Kingdom
14572,4,7,2804.54,400.6485714285714286,321,2011-01-19 17:23:00,2011-12-06 14:40:00,United Kingdom
14573,180,9,1639.82,182.2022222222222222,193,2010-12-02 19:59:00,2011-06-13 11:15:00,United Kingdom
14576,373,1,35.40,35.4000000000000000,0,2010-12-02 17:51:00,2010-12-02 17:51:00,United Kingdom
14577,13,4,859.71,214.9275000000000000,350,2010-12-12 11:26:00,2011-11-27 12:47:00,United Kingdom
14578,4,1,168.63,168.6300000000000000,0,2011-12-06 17:18:00,2011-12-06 17:18:00,United Kingdom
14581,17,1,138.60,138.6000000000000000,0,2011-11-23 12:39:00,2011-11-23 12:39:00,United Kingdom
14582,41,1,114.11,114.1100000000000000,0,2011-10-30 11:56:00,2011-10-30 11:56:00,United Kingdom
14583,6,5,986.96,197.3920000000000000,200,2011-05-18 11:28:00,2011-12-04 12:32:00,United Kingdom
14584,170,4,1033.06,258.2650000000000000,29,2011-05-25 17:31:00,2011-06-23 18:33:00,United Kingdom
14585,51,1,157.05,157.0500000000000000,0,2011-10-20 14:33:00,2011-10-20 14:33:00,United Kingdom
14586,277,1,237.36,237.3600000000000000,0,2011-03-08 10:04:00,2011-03-08 10:04:00,United Kingdom
14587,19,9,1580.29,175.5877777777777778,313,2011-01-12 13:16:00,2011-11-21 11:34:00,United Kingdom
14589,372,1,39.75,39.7500000000000000,0,2010-12-03 11:42:00,2010-12-03 11:42:00,United Kingdom
14591,16,4,1320.21,330.0525000000000000,198,2011-05-10 14:09:00,2011-11-24 13:57:00,United Kingdom
14592,36,3,557.94,185.9800000000000000,29,2011-10-06 18:08:00,2011-11-04 16:35:00,United Kingdom
14593,22,3,617.15,205.7166666666666667,177,2011-05-25 11:14:00,2011-11-18 12:48:00,United Kingdom
14594,8,2,363.33,181.6650000000000000,366,2010-12-01 13:54:00,2011-12-02 13:28:00,United Kingdom
14595,20,6,1740.60,290.1000000000000000,294,2011-01-30 13:36:00,2011-11-20 12:12:00,United Kingdom
14597,12,2,866.24,433.1200000000000000,180,2011-06-01 12:33:00,2011-11-28 13:13:00,United Kingdom
14598,45,1,221.97,221.9700000000000000,0,2011-10-26 13:19:00,2011-10-26 13:19:00,United Kingdom
14600,306,1,393.33,393.3300000000000000,0,2011-02-07 09:48:00,2011-02-07 09:48:00,United Kingdom
14601,11,1,213.96,213.9600000000000000,0,2011-11-29 09:48:00,2011-11-29 09:48:00,United Kingdom
14603,275,1,660.00,660.0000000000000000,0,2011-03-10 10:27:00,2011-03-10 10:27:00,United Kingdom
14606,2,93,12076.15,129.8510752688172043,372,2010-12-01 16:57:00,2011-12-08 19:28:00,United Kingdom
14607,16,14,16209.50,1157.8214285714285714,246,2011-03-23 15:22:00,2011-11-24 10:35:00,United Kingdom
14608,5,4,1785.15,446.2875000000000000,358,2010-12-12 14:49:00,2011-12-05 16:52:00,United Kingdom
14609,73,4,601.56,150.3900000000000000,224,2011-02-16 12:10:00,2011-09-28 12:54:00,United Kingdom
14616,243,3,406.08,135.3600000000000000,75,2011-01-26 12:42:00,2011-04-11 09:54:00,United Kingdom
14618,10,3,553.44,184.4800000000000000,328,2011-01-06 11:59:00,2011-11-30 13:45:00,United Kingdom
14619,246,1,394.44,394.4400000000000000,0,2011-04-08 07:37:00,2011-04-08 07:37:00,United Kingdom
14620,206,2,412.78,206.3900000000000000,78,2011-03-01 08:30:00,2011-05-18 11:58:00,United Kingdom
14621,2,5,1788.36,357.6720000000000000,357,2010-12-16 13:00:00,2011-12-08 16:22:00,United Kingdom
14622,185,1,320.58,320.5800000000000000,0,2011-06-08 12:42:00,2011-06-08 12:42:00,United Kingdom
14623,33,5,886.70,177.3400000000000000,203,2011-04-18 13:54:00,2011-11-07 13:56:00,United Kingdom
14624,58,2,225.85,112.9250000000000000,2,2011-10-11 14:39:00,2011-10-13 13:44:00,United Kingdom
14625,197,2,899.63,449.8150000000000000,165,2010-12-13 15:36:00,2011-05-27 15:32:00,United Kingdom
14626,24,4,2791.27,697.8175000000000000,210,2011-04-20 13:18:00,2011-11-16 10:37:00,United Kingdom
14628,92,2,671.96,335.9800000000000000,151,2011-04-11 14:43:00,2011-09-09 14:58:00,United Kingdom
14629,5,2,955.26,477.6300000000000000,43,2011-10-23 16:13:00,2011-12-05 16:55:00,United Kingdom
14631,51,3,1006.98,335.6600000000000000,248,2011-02-14 09:31:00,2011-10-20 11:17:00,United Kingdom
14632,263,1,114.56,114.5600000000000000,0,2011-03-22 08:49:00,2011-03-22 08:49:00,United Kingdom
14633,267,1,344.90,344.9000000000000000,0,2011-03-18 17:07:00,2011-03-18 17:07:00,United Kingdom
14636,37,2,609.85,304.9250000000000000,232,2011-03-16 09:52:00,2011-11-03 16:12:00,United Kingdom
14638,51,1,443.60,443.6000000000000000,0,2011-10-20 10:10:00,2011-10-20 10:10:00,United Kingdom
14639,53,6,2984.49,497.4150000000000000,309,2010-12-13 13:50:00,2011-10-18 15:06:00,United Kingdom
14640,25,6,2107.38,351.2300000000000000,203,2011-04-26 12:31:00,2011-11-15 13:07:00,United Kingdom
14641,22,1,110.46,110.4600000000000000,0,2011-11-18 10:42:00,2011-11-18 10:42:00,United Kingdom
14642,59,1,96.12,96.1200000000000000,0,2011-10-12 11:08:00,2011-10-12 11:08:00,United Kingdom
14643,171,2,693.81,346.9050000000000000,188,2010-12-16 17:53:00,2011-06-22 14:41:00,United Kingdom
14644,68,2,830.76,415.3800000000000000,231,2011-02-14 14:14:00,2011-10-03 08:30:00,United Kingdom
14645,157,2,597.09,298.5450000000000000,119,2011-03-09 09:52:00,2011-07-06 09:15:00,United Kingdom
14646,2,73,280206.02,3838.4386301369863014,353,2010-12-20 10:09:00,2011-12-08 12:12:00,Netherlands
14647,202,1,236.04,236.0400000000000000,0,2011-05-22 13:40:00,2011-05-22 13:40:00,United Kingdom
14649,5,4,1402.59,350.6475000000000000,208,2011-05-11 14:37:00,2011-12-05 12:30:00,United Kingdom
14651,68,2,653.75,326.8750000000000000,144,2011-05-12 16:29:00,2011-10-03 15:52:00,United Kingdom
14652,78,1,114.18,114.1800000000000000,0,2011-09-23 14:21:00,2011-09-23 14:21:00,United Kingdom
14653,2,7,1926.65,275.2357142857142857,337,2011-01-05 13:40:00,2011-12-08 13:45:00,United Kingdom
14655,9,4,1932.23,483.0575000000000000,214,2011-05-01 14:59:00,2011-12-01 16:28:00,United Kingdom
14656,170,2,291.05,145.5250000000000000,114,2011-03-01 13:19:00,2011-06-23 13:51:00,United Kingdom
14657,18,4,848.22,212.0550000000000000,309,2011-01-17 15:19:00,2011-11-22 12:47:00,United Kingdom
14658,6,2,247.15,123.5750000000000000,112,2011-08-14 15:42:00,2011-12-04 15:35:00,United Kingdom
14659,9,9,2529.93,281.1033333333333333,307,2011-01-28 12:43:00,2011-12-01 12:17:00,United Kingdom
14660,87,2,285.74,142.8700000000000000,14,2011-08-31 10:40:00,2011-09-14 11:34:00,United Kingdom
14661,27,1,107.95,107.9500000000000000,0,2011-11-13 11:51:00,2011-11-13 11:51:00,United Kingdom
14662,29,4,741.37,185.3425000000000000,288,2011-01-27 17:41:00,2011-11-11 12:13:00,United Kingdom
14664,20,2,636.24,318.1200000000000000,14,2011-11-06 14:56:00,2011-11-20 10:59:00,United Kingdom
14665,61,5,1835.70,367.1400000000000000,250,2011-02-02 09:08:00,2011-10-10 09:14:00,United Kingdom
14666,25,1,195.25,195.2500000000000000,0,2011-11-15 12:57:00,2011-11-15 12:57:00,United Kingdom
14667,11,25,9175.04,367.0016000000000000,358,2010-12-06 13:13:00,2011-11-29 11:30:00,United Kingdom
14669,242,3,1259.24,419.7466666666666667,91,2011-01-11 12:30:00,2011-04-12 11:43:00,United Kingdom
14670,281,2,392.86,196.4300000000000000,0,2011-03-04 13:58:00,2011-03-04 14:13:00,United Kingdom
14672,235,2,765.55,382.7750000000000000,102,2011-01-07 15:48:00,2011-04-19 10:19:00,United Kingdom
14673,4,5,1736.40,347.2800000000000000,364,2010-12-07 12:49:00,2011-12-06 14:31:00,United Kingdom
14675,17,1,596.36,596.3600000000000000,0,2011-11-23 12:58:00,2011-11-23 12:58:00,United Kingdom
14676,32,6,2548.24,424.7066666666666667,252,2011-03-01 14:26:00,2011-11-08 13:29:00,United Kingdom
14680,26,16,28754.11,1797.1318750000000000,346,2010-12-03 12:05:00,2011-11-14 16:59:00,United Kingdom
14681,72,3,498.95,166.3166666666666667,140,2011-05-12 10:45:00,2011-09-29 15:52:00,United Kingdom
14682,188,2,52.00,26.0000000000000000,14,2011-05-22 12:51:00,2011-06-05 12:12:00,United Kingdom
14684,26,5,1201.51,240.3020000000000000,337,2010-12-12 12:44:00,2011-11-14 11:33:00,United Kingdom
14687,107,1,628.38,628.3800000000000000,0,2011-08-25 11:59:00,2011-08-25 11:59:00,United Kingdom
14688,8,21,5579.10,265.6714285714285714,366,2010-12-01 09:37:00,2011-12-02 12:26:00,United Kingdom
14689,209,1,112.80,112.8000000000000000,0,2011-05-15 11:22:00,2011-05-15 11:22:00,United Kingdom
14690,45,2,355.05,177.5250000000000000,107,2011-07-11 11:58:00,2011-10-26 15:39:00,United Kingdom
14691,31,5,2114.33,422.8660000000000000,182,2011-05-11 09:55:00,2011-11-09 12:30:00,United Kingdom
14692,138,4,591.55,147.8875000000000000,185,2011-01-21 13:47:00,2011-07-25 15:08:00,United Kingdom
14693,265,1,172.90,172.9000000000000000,0,2011-03-20 12:50:00,2011-03-20 12:50:00,United Kingdom
14696,5,7,2078.95,296.9928571428571429,369,2010-12-01 15:37:00,2011-12-05 13:43:00,United Kingdom
14697,219,2,188.61,94.3050000000000000,0,2011-05-05 15:29:00,2011-05-05 15:39:00,United Kingdom
14698,2,5,1217.27,243.4540000000000000,50,2011-10-19 12:54:00,2011-12-08 12:26:00,United Kingdom
14699,215,1,109.13,109.1300000000000000,0,2011-05-09 14:54:00,2011-05-09 14:54:00,United Kingdom
14700,33,3,2195.10,731.7000000000000000,206,2011-04-15 13:16:00,2011-11-07 14:40:00,United Kingdom
14701,11,9,2526.09,280.6766666666666667,306,2011-01-27 12:40:00,2011-11-29 12:38:00,United Kingdom
14702,2,17,3251.79,191.2817647058823529,364,2010-12-09 19:23:00,2011-12-08 19:29:00,United Kingdom
14703,15,1,318.17,318.1700000000000000,0,2011-11-25 09:23:00,2011-11-25 09:23:00,United Kingdom
14704,12,9,1493.96,165.9955555555555556,169,2011-06-12 13:59:00,2011-11-28 12:51:00,United Kingdom
14705,199,1,179.00,179.0000000000000000,0,2011-05-25 12:39:00,2011-05-25 12:39:00,United Kingdom
14708,3,3,1126.37,375.4566666666666667,366,2010-12-06 12:23:00,2011-12-07 08:21:00,United Kingdom
14709,16,13,4921.04,378.5415384615384615,343,2010-12-16 13:43:00,2011-11-24 15:41:00,United Kingdom
14710,15,4,599.48,149.8700000000000000,45,2011-10-11 13:49:00,2011-11-25 14:53:00,United Kingdom
14711,11,11,2839.62,258.1472727272727273,252,2011-03-22 13:32:00,2011-11-29 14:58:00,United Kingdom
14712,30,3,917.07,305.6900000000000000,83,2011-08-19 13:33:00,2011-11-10 12:59:00,United Kingdom
14713,10,11,2662.20,242.0181818181818182,356,2010-12-09 18:58:00,2011-11-30 16:26:00,United Kingdom
14714,25,1,160.19,160.1900000000000000,0,2011-11-15 13:07:00,2011-11-15 13:07:00,United Kingdom
14715,25,4,867.38,216.8450000000000000,307,2011-01-12 13:27:00,2011-11-15 12:10:00,United Kingdom
14716,44,2,307.51,153.7550000000000000,105,2011-07-14 12:42:00,2011-10-27 17:29:00,United Kingdom
14719,2,5,1581.84,316.3680000000000000,248,2011-04-04 14:17:00,2011-12-08 12:43:00,United Kingdom
14720,6,3,663.81,221.2700000000000000,121,2011-08-05 12:06:00,2011-12-04 12:02:00,United Kingdom
14722,148,1,180.42,180.4200000000000000,0,2011-07-15 14:58:00,2011-07-15 14:58:00,United Kingdom
14723,11,6,1122.36,187.0600000000000000,361,2010-12-03 14:18:00,2011-11-29 15:23:00,United Kingdom
14725,25,1,655.58,655.5800000000000000,0,2011-11-15 12:42:00,2011-11-15 12:42:00,United Kingdom
14727,275,1,268.58,268.5800000000000000,0,2011-03-10 14:45:00,2011-03-10 14:45:00,United Kingdom
14729,374,1,313.49,313.4900000000000000,0,2010-12-01 12:43:00,2010-12-01 12:43:00,United Kingdom
14730,2,8,1897.57,237.1962500000000000,275,2011-03-08 12:49:00,2011-12-08 14:39:00,United Kingdom
14731,48,3,380.02,126.6733333333333333,165,2011-05-11 13:06:00,2011-10-23 15:54:00,United Kingdom
14732,9,8,2702.49,337.8112500000000000,331,2011-01-04 14:40:00,2011-12-01 14:34:00,United Kingdom
14733,17,12,9585.91,798.8258333333333333,351,2010-12-07 11:30:00,2011-11-23 15:39:00,United Kingdom
14735,4,32,6065.69,189.5528125000000000,355,2010-12-16 16:05:00,2011-12-06 12:09:00,United Kingdom
14737,4,3,1164.55,388.1833333333333333,350,2010-12-21 13:49:00,2011-12-06 10:16:00,United Kingdom
14738,43,7,1314.45,187.7785714285714286,274,2011-01-27 14:10:00,2011-10-28 08:56:00,United Kingdom
14739,5,7,3902.28,557.4685714285714286,363,2010-12-07 14:58:00,2011-12-05 16:54:00,United Kingdom
14740,198,3,1448.21,482.7366666666666667,86,2011-03-01 08:35:00,2011-05-26 18:17:00,United Kingdom
14741,12,6,1400.34,233.3900000000000000,361,2010-12-02 08:43:00,2011-11-28 08:48:00,United Kingdom
14744,17,7,1099.98,157.1400000000000000,350,2010-12-08 10:21:00,2011-11-23 12:51:00,United Kingdom
14745,113,5,1220.26,244.0520000000000000,173,2011-02-27 15:25:00,2011-08-19 10:05:00,United Kingdom
14747,250,1,328.20,328.2000000000000000,0,2011-04-04 14:09:00,2011-04-04 14:09:00,United Kingdom
14748,30,5,1415.75,283.1500000000000000,339,2010-12-06 10:19:00,2011-11-10 18:33:00,United Kingdom
14752,44,1,389.64,389.6400000000000000,0,2011-10-27 11:55:00,2011-10-27 11:55:00,United Kingdom
14753,88,1,563.15,563.1500000000000000,0,2011-09-13 14:50:00,2011-09-13 14:50:00,United Kingdom
14754,45,2,638.05,319.0250000000000000,251,2011-02-17 12:21:00,2011-10-26 12:01:00,United Kingdom
14755,10,11,5010.28,455.4800000000000000,325,2011-01-09 14:02:00,2011-11-30 11:24:00,United Kingdom
14756,16,1,738.96,738.9600000000000000,0,2011-11-24 18:13:00,2011-11-24 18:13:00,United Kingdom
14757,76,1,420.50,420.5000000000000000,0,2011-09-25 14:36:00,2011-09-25 14:36:00,United Kingdom
14758,145,4,1484.06,371.0150000000000000,115,2011-03-25 12:10:00,2011-07-18 08:21:00,United Kingdom
14759,5,3,1625.97,541.9900000000000000,228,2011-04-21 10:55:00,2011-12-05 12:03:00,United Kingdom
14760,298,1,89.20,89.2000000000000000,0,2011-02-15 16:27:00,2011-02-15 16:27:00,United Kingdom
14761,59,2,255.90,127.9500000000000000,276,2011-01-09 12:03:00,2011-10-12 12:10:00,United Kingdom
14762,264,1,300.52,300.5200000000000000,0,2011-03-21 08:20:00,2011-03-21 08:20:00,United Kingdom
14764,47,1,278.30,278.3000000000000000,0,2011-10-24 11:54:00,2011-10-24 11:54:00,United Kingdom
14765,30,3,254.11,84.7033333333333333,147,2011-06-16 19:49:00,2011-11-10 19:53:00,United Kingdom
14766,9,6,2473.37,412.2283333333333333,358,2010-12-08 15:33:00,2011-12-01 16:05:00,United Kingdom
14768,18,2,192.60,96.3000000000000000,110,2011-08-04 13:25:00,2011-11-22 12:54:00,United Kingdom
14769,3,8,10416.98,1302.1225000000000000,355,2010-12-17 11:40:00,2011-12-07 10:24:00,United Kingdom
14770,233,2,876.42,438.2100000000000000,91,2011-01-20 15:00:00,2011-04-21 14:21:00,United Kingdom
14772,113,1,139.26,139.2600000000000000,0,2011-08-19 15:04:00,2011-08-19 15:04:00,United Kingdom
14775,59,3,1011.90,337.3000000000000000,314,2010-12-02 16:38:00,2011-10-12 15:27:00,United Kingdom
14776,52,11,2538.30,230.7545454545454545,261,2011-01-31 13:17:00,2011-10-19 15:34:00,United Kingdom
14778,128,2,730.86,365.4300000000000000,181,2011-02-04 11:43:00,2011-08-04 15:23:00,United Kingdom
14779,281,3,386.15,128.7166666666666667,43,2011-01-20 12:04:00,2011-03-04 12:42:00,United Kingdom
14780,55,2,447.68,223.8400000000000000,25,2011-09-21 15:15:00,2011-10-16 12:46:00,United Kingdom
14782,320,1,200.10,200.1000000000000000,0,2011-01-24 11:12:00,2011-01-24 11:12:00,United Kingdom
14784,27,2,289.99,144.9950000000000000,297,2011-01-20 09:25:00,2011-11-13 13:30:00,United Kingdom
14785,11,2,77.40,38.7000000000000000,5,2011-11-24 13:40:00,2011-11-29 13:21:00,United Kingdom
14788,8,2,679.44,339.7200000000000000,19,2011-11-13 15:52:00,2011-12-02 17:06:00,United Kingdom
14789,29,1,197.64,197.6400000000000000,0,2011-11-11 08:59:00,2011-11-11 08:59:00,United Kingdom
14790,17,4,745.06,186.2650000000000000,237,2011-03-31 11:49:00,2011-11-23 09:28:00,United Kingdom
14792,64,1,6.20,6.2000000000000000,0,2011-10-07 09:19:00,2011-10-07 09:19:00,United Kingdom
14793,22,1,228.99,228.9900000000000000,0,2011-11-18 14:50:00,2011-11-18 14:50:00,United Kingdom
14794,3,7,1319.91,188.5585714285714286,332,2011-01-09 16:11:00,2011-12-07 10:11:00,United Kingdom
14795,167,1,131.45,131.4500000000000000,0,2011-06-26 13:04:00,2011-06-26 13:04:00,United Kingdom
14796,2,17,7975.49,469.1464705882352941,365,2010-12-08 10:40:00,2011-12-08 15:31:00,United Kingdom
14798,53,3,173.74,57.9133333333333333,258,2011-02-02 15:26:00,2011-10-18 10:58:00,United Kingdom
14799,52,1,157.70,157.7000000000000000,0,2011-10-19 16:16:00,2011-10-19 16:16:00,United Kingdom
14800,48,12,4331.79,360.9825000000000000,322,2010-12-05 11:10:00,2011-10-23 12:46:00,United Kingdom
14801,62,1,189.34,189.3400000000000000,0,2011-10-09 15:24:00,2011-10-09 15:24:00,United Kingdom
14803,163,3,845.55,281.8500000000000000,130,2011-02-20 13:21:00,2011-06-30 13:58:00,United Kingdom
14804,9,1,353.27,353.2700000000000000,0,2011-12-01 11:20:00,2011-12-01 11:20:00,United Kingdom
14805,16,4,546.40,136.6000000000000000,298,2011-01-30 10:43:00,2011-11-24 16:20:00,United Kingdom
14806,76,1,193.39,193.3900000000000000,0,2011-09-25 15:32:00,2011-09-25 15:32:00,United Kingdom
14808,40,8,2718.60,339.8250000000000000,133,2011-06-20 12:53:00,2011-10-31 12:21:00,United Kingdom
14810,41,11,2085.33,189.5754545454545455,329,2010-12-05 12:08:00,2011-10-30 11:19:00,United Kingdom
14813,370,2,152.88,76.4400000000000000,0,2010-12-05 11:54:00,2010-12-05 11:57:00,United Kingdom
14815,37,2,778.50,389.2500000000000000,31,2011-10-03 11:36:00,2011-11-03 11:36:00,United Kingdom
14816,198,1,271.85,271.8500000000000000,0,2011-05-26 13:16:00,2011-05-26 13:16:00,United Kingdom
14817,201,2,1110.34,555.1700000000000000,77,2011-03-07 13:51:00,2011-05-23 13:35:00,United Kingdom
14818,74,3,657.80,219.2666666666666667,180,2011-03-31 12:28:00,2011-09-27 11:01:00,United Kingdom
14819,65,2,272.07,136.0350000000000000,128,2011-05-31 13:50:00,2011-10-06 13:41:00,United Kingdom
14820,22,4,507.29,126.8225000000000000,152,2011-06-19 14:56:00,2011-11-18 15:41:00,United Kingdom
14821,367,1,48.80,48.8000000000000000,0,2010-12-08 08:43:00,2010-12-08 08:43:00,United Kingdom
14823,181,3,321.43,107.1433333333333333,14,2011-05-29 12:48:00,2011-06-12 13:12:00,United Kingdom
14824,11,4,1127.71,281.9275000000000000,81,2011-09-09 14:12:00,2011-11-29 14:20:00,United Kingdom
14825,4,12,2221.01,185.0841666666666667,365,2010-12-06 12:30:00,2011-12-06 11:38:00,United Kingdom
14828,197,3,2139.76,713.2533333333333333,140,2011-01-07 09:50:00,2011-05-27 10:16:00,United Kingdom
14829,30,4,697.55,174.3875000000000000,343,2010-12-02 16:12:00,2011-11-10 16:16:00,United Kingdom
14830,54,1,188.88,188.8800000000000000,0,2011-10-17 14:29:00,2011-10-17 14:29:00,United Kingdom
14834,18,6,1720.30,286.7166666666666667,223,2011-04-13 15:00:00,2011-11-22 10:30:00,United Kingdom
14836,11,3,102.45,34.1500000000000000,20,2011-11-09 13:26:00,2011-11-29 16:45:00,United Kingdom
14837,90,4,1649.50,412.3750000000000000,112,2011-05-22 12:49:00,2011-09-11 10:58:00,United Kingdom
14840,268,1,62.85,62.8500000000000000,0,2011-03-17 12:00:00,2011-03-17 12:00:00,United Kingdom
14841,54,6,3295.76,549.2933333333333333,305,2010-12-16 10:28:00,2011-10-17 15:03:00,United Kingdom
14842,44,4,2824.69,706.1725000000000000,265,2011-02-04 15:32:00,2011-10-27 12:37:00,United Kingdom
14844,64,4,3189.81,797.4525000000000000,178,2011-04-12 13:10:00,2011-10-07 10:41:00,United Kingdom
14847,149,1,309.40,309.4000000000000000,0,2011-07-14 10:52:00,2011-07-14 10:52:00,United Kingdom
14849,22,25,7930.54,317.2216000000000000,352,2010-12-01 12:22:00,2011-11-18 10:58:00,United Kingdom
14850,312,1,325.75,325.7500000000000000,0,2011-02-01 11:21:00,2011-02-01 11:21:00,United Kingdom
14851,24,2,511.35,255.6750000000000000,233,2011-03-28 14:59:00,2011-11-16 14:20:00,United Kingdom
14852,59,6,2836.69,472.7816666666666667,194,2011-04-01 13:22:00,2011-10-12 13:20:00,United Kingdom
14853,25,2,475.80,237.9000000000000000,187,2011-05-12 15:17:00,2011-11-15 16:56:00,United Kingdom
14854,79,7,2740.03,391.4328571428571429,196,2011-03-10 12:22:00,2011-09-22 17:00:00,United Kingdom
14855,120,2,645.65,322.8250000000000000,15,2011-07-28 12:06:00,2011-08-12 14:02:00,United Kingdom
14856,37,3,1290.53,430.1766666666666667,20,2011-10-14 09:35:00,2011-11-03 14:53:00,United Kingdom
14857,60,2,1173.12,586.5600000000000000,89,2011-07-14 15:03:00,2011-10-11 09:23:00,United Kingdom
14859,13,4,1353.74,338.4350000000000000,192,2011-05-19 14:42:00,2011-11-27 11:18:00,United Kingdom
14860,20,1,170.32,170.3200000000000000,0,2011-11-20 14:17:00,2011-11-20 14:17:00,United Kingdom
14861,53,1,125.79,125.7900000000000000,0,2011-10-18 12:54:00,2011-10-18 12:54:00,United Kingdom
14862,26,2,841.20,420.6000000000000000,123,2011-07-14 11:20:00,2011-11-14 10:01:00,United Kingdom
14863,30,1,266.76,266.7600000000000000,0,2011-11-10 15:04:00,2011-11-10 15:04:00,United Kingdom
14865,8,2,52.20,26.1000000000000000,365,2010-12-02 18:23:00,2011-12-02 16:25:00,United Kingdom
14866,11,12,14389.90,1199.1583333333333333,356,2010-12-08 14:58:00,2011-11-29 11:45:00,United Kingdom
14867,186,3,710.28,236.7600000000000000,151,2011-01-07 16:34:00,2011-06-07 11:39:00,United Kingdom
14868,4,8,2953.59,369.1987500000000000,230,2011-04-20 13:36:00,2011-12-06 14:49:00,United Kingdom
14869,9,2,721.45,360.7250000000000000,95,2011-08-28 16:09:00,2011-12-01 12:36:00,United Kingdom
14870,262,1,327.25,327.2500000000000000,0,2011-03-23 10:51:00,2011-03-23 10:51:00,United Kingdom
14871,4,4,501.28,125.3200000000000000,357,2010-12-14 12:18:00,2011-12-06 13:42:00,United Kingdom
14873,211,1,519.68,519.6800000000000000,0,2011-05-13 13:52:00,2011-05-13 13:52:00,United Kingdom
14875,108,2,1465.32,732.6600000000000000,155,2011-03-22 11:53:00,2011-08-24 12:20:00,United Kingdom
14878,13,9,1476.09,164.0100000000000000,346,2010-12-16 12:11:00,2011-11-27 11:15:00,United Kingdom
14880,78,3,690.59,230.1966666666666667,211,2011-02-24 12:27:00,2011-09-23 13:42:00,United Kingdom
14881,20,1,255.40,255.4000000000000000,0,2011-11-20 11:06:00,2011-11-20 11:06:00,United Kingdom
14882,27,2,589.70,294.8500000000000000,7,2011-11-06 10:15:00,2011-11-13 12:47:00,United Kingdom
14883,19,6,761.59,126.9316666666666667,193,2011-05-12 09:49:00,2011-11-21 10:23:00,United Kingdom
14885,132,1,765.32,765.3200000000000000,0,2011-07-31 12:05:00,2011-07-31 12:05:00,United Kingdom
14886,253,1,364.80,364.8000000000000000,0,2011-04-01 08:56:00,2011-04-01 08:56:00,United Kingdom
14887,80,1,1862.00,1862.0000000000000000,0,2011-09-21 15:32:00,2011-09-21 15:32:00,United Kingdom
14888,208,1,369.20,369.2000000000000000,0,2011-05-16 14:58:00,2011-05-16 14:58:00,United Kingdom
14889,337,1,135.90,135.9000000000000000,0,2011-01-07 15:19:00,2011-01-07 15:19:00,United Kingdom
14890,254,1,125.65,125.6500000000000000,0,2011-03-31 11:57:00,2011-03-31 11:57:00,United Kingdom
14891,149,2,554.38,277.1900000000000000,39,2011-06-05 10:58:00,2011-07-14 18:08:00,United Kingdom
14893,10,2,1237.85,618.9250000000000000,2,2011-11-28 10:49:00,2011-11-30 12:31:00,United Kingdom
14894,86,1,655.75,655.7500000000000000,0,2011-09-15 13:51:00,2011-09-15 13:51:00,United Kingdom
14895,8,20,11138.71,556.9355000000000000,283,2011-02-22 13:08:00,2011-12-02 09:23:00,United Kingdom
14896,205,2,468.77,234.3850000000000000,161,2010-12-09 12:24:00,2011-05-19 10:20:00,United Kingdom
14897,8,4,1366.38,341.5950000000000000,289,2011-02-16 08:37:00,2011-12-02 10:32:00,United Kingdom
14898,24,6,1269.31,211.5516666666666667,348,2010-12-03 15:25:00,2011-11-16 14:54:00,United Kingdom
14901,12,9,1421.29,157.9211111111111111,361,2010-12-02 11:20:00,2011-11-28 17:09:00,United Kingdom
14902,26,1,332.66,332.6600000000000000,0,2011-11-14 10:34:00,2011-11-14 10:34:00,United Kingdom
14903,22,5,2795.33,559.0660000000000000,257,2011-03-06 11:50:00,2011-11-18 16:07:00,United Kingdom
14904,3,2,1025.44,512.7200000000000000,23,2011-11-14 09:13:00,2011-12-07 12:55:00,United Kingdom
14905,158,2,616.15,308.0750000000000000,76,2011-04-20 10:48:00,2011-07-05 12:41:00,United Kingdom
14907,4,7,3501.10,500.1571428571428571,364,2010-12-07 10:14:00,2011-12-06 14:14:00,United Kingdom
14908,75,1,277.80,277.8000000000000000,0,2011-09-26 12:56:00,2011-09-26 12:56:00,United Kingdom
14910,3,4,434.35,108.5875000000000000,52,2011-10-16 11:06:00,2011-12-07 10:06:00,United Kingdom
14911,2,201,143711.17,714.9809452736318408,372,2010-12-01 14:05:00,2011-12-08 15:54:00,EIRE
14912,17,2,867.85,433.9250000000000000,230,2011-04-07 11:06:00,2011-11-23 09:20:00,Italy
14913,36,4,1227.43,306.8575000000000000,324,2010-12-15 14:35:00,2011-11-04 08:29:00,United Kingdom
14915,92,2,307.48,153.7400000000000000,186,2011-03-07 09:39:00,2011-09-09 13:34:00,United Kingdom
14916,71,4,1268.98,317.2450000000000000,254,2011-01-19 15:30:00,2011-09-30 09:20:00,United Kingdom
14918,116,2,1610.15,805.0750000000000000,39,2011-07-08 12:50:00,2011-08-16 11:50:00,United Kingdom
14920,213,2,977.77,488.8850000000000000,0,2011-05-11 10:31:00,2011-05-11 10:32:00,United Kingdom
14921,31,2,1316.07,658.0350000000000000,171,2011-05-22 12:51:00,2011-11-09 13:17:00,United Kingdom
14923,51,1,749.10,749.1000000000000000,0,2011-10-20 11:51:00,2011-10-20 11:51:00,United Kingdom
14924,246,1,310.05,310.0500000000000000,0,2011-04-08 09:25:00,2011-04-08 09:25:00,United Kingdom
14929,33,1,223.88,223.8800000000000000,0,2011-11-07 17:21:00,2011-11-07 17:21:00,United Kingdom
14930,109,3,2362.96,787.6533333333333333,166,2011-03-10 14:42:00,2011-08-23 10:31:00,Channel Islands
14931,5,5,1257.68,251.5360000000000000,236,2011-04-13 09:32:00,2011-12-05 10:19:00,Channel Islands
14932,366,1,363.53,363.5300000000000000,0,2010-12-09 11:48:00,2010-12-09 11:48:00,Channel Islands
14934,82,2,1890.94,945.4700000000000000,201,2011-03-02 11:48:00,2011-09-19 10:10:00,Channel Islands
14935,298,1,1784.71,1784.7100000000000000,0,2011-02-15 14:44:00,2011-02-15 14:44:00,Channel Islands
14936,34,8,8137.02,1017.1275000000000000,242,2011-03-09 11:53:00,2011-11-06 10:30:00,Channel Islands
14937,57,3,1621.88,540.6266666666666667,74,2011-08-01 14:16:00,2011-10-14 12:29:00,Channel Islands
14944,30,12,5900.25,491.6875000000000000,267,2011-02-16 12:47:00,2011-11-10 09:10:00,United Kingdom
14946,15,1,100.90,100.9000000000000000,0,2011-11-25 13:33:00,2011-11-25 13:33:00,United Kingdom
14947,73,2,290.82,145.4100000000000000,58,2011-08-01 09:31:00,2011-09-28 15:48:00,United Kingdom
14948,24,6,1101.97,183.6616666666666667,196,2011-05-04 14:52:00,2011-11-16 17:16:00,United Kingdom
14950,20,1,371.20,371.2000000000000000,0,2011-11-20 13:48:00,2011-11-20 13:48:00,United Kingdom
14951,80,1,311.69,311.6900000000000000,0,2011-09-21 15:15:00,2011-09-21 15:15:00,United Kingdom
14952,60,11,8099.49,736.3172727272727273,305,2010-12-10 12:48:00,2011-10-11 10:33:00,United Kingdom
14953,26,1,285.67,285.6700000000000000,0,2011-11-14 14:59:00,2011-11-14 14:59:00,United Kingdom
14954,13,1,294.85,294.8500000000000000,0,2011-11-27 14:30:00,2011-11-27 14:30:00,United Kingdom
14957,254,1,58.49,58.4900000000000000,0,2011-03-31 17:59:00,2011-03-31 17:59:00,United Kingdom
14958,148,3,483.73,161.2433333333333333,98,2011-04-08 11:28:00,2011-07-15 14:20:00,United Kingdom
14959,65,4,695.42,173.8550000000000000,232,2011-02-16 13:00:00,2011-10-06 18:23:00,United Kingdom
14960,9,2,221.27,110.6350000000000000,163,2011-06-21 13:38:00,2011-12-01 12:54:00,United Kingdom
14961,11,9,7044.68,782.7422222222222222,350,2010-12-14 11:38:00,2011-11-29 09:42:00,United Kingdom
14962,271,1,126.70,126.7000000000000000,0,2011-03-14 09:42:00,2011-03-14 09:42:00,United Kingdom
14963,10,5,1472.34,294.4680000000000000,174,2011-06-09 12:30:00,2011-11-30 12:16:00,United Kingdom
14964,248,1,206.21,206.2100000000000000,0,2011-04-06 14:13:00,2011-04-06 14:13:00,United Kingdom
14965,97,2,596.09,298.0450000000000000,0,2011-09-04 13:15:00,2011-09-04 13:20:00,United Kingdom
14966,15,1,183.02,183.0200000000000000,0,2011-11-25 12:20:00,2011-11-25 12:20:00,United Kingdom
14967,50,1,463.80,463.8000000000000000,0,2011-10-21 11:06:00,2011-10-21 11:06:00,United Kingdom
14968,31,1,147.59,147.5900000000000000,0,2011-11-09 13:58:00,2011-11-09 13:58:00,United Kingdom
14970,69,4,1592.06,398.0150000000000000,248,2011-01-27 12:23:00,2011-10-02 13:44:00,United Kingdom
14971,36,3,1097.98,365.9933333333333333,8,2011-10-27 13:33:00,2011-11-04 17:07:00,United Kingdom
14972,129,1,114.77,114.7700000000000000,0,2011-08-03 14:54:00,2011-08-03 14:54:00,United Kingdom
14973,108,3,1314.45,438.1500000000000000,118,2011-04-28 12:22:00,2011-08-24 15:51:00,United Kingdom
14974,38,1,89.94,89.9400000000000000,0,2011-11-02 13:01:00,2011-11-02 13:01:00,United Kingdom
14975,58,1,279.94,279.9400000000000000,0,2011-10-13 14:08:00,2011-10-13 14:08:00,United Kingdom
14976,58,7,790.86,112.9800000000000000,269,2011-01-17 11:09:00,2011-10-13 16:37:00,United Kingdom
14978,73,5,1921.37,384.2740000000000000,258,2011-01-13 12:03:00,2011-09-28 13:07:00,United Kingdom
14981,247,1,102.12,102.1200000000000000,0,2011-04-07 13:45:00,2011-04-07 13:45:00,United Kingdom
14984,20,2,202.37,101.1850000000000000,161,2011-06-12 11:04:00,2011-11-20 14:28:00,United Kingdom
14985,199,2,292.01,146.0050000000000000,160,2010-12-16 19:51:00,2011-05-25 14:29:00,United Kingdom
14987,16,2,326.40,163.2000000000000000,350,2010-12-09 12:13:00,2011-11-24 09:59:00,United Kingdom
14988,212,1,334.54,334.5400000000000000,0,2011-05-12 12:05:00,2011-05-12 12:05:00,United Kingdom
14995,39,2,231.98,115.9900000000000000,242,2011-03-04 13:14:00,2011-11-01 11:39:00,United Kingdom
14997,47,3,546.20,182.0666666666666667,132,2011-06-14 16:52:00,2011-10-24 13:28:00,United Kingdom
14998,171,2,414.87,207.4350000000000000,71,2011-04-12 16:28:00,2011-06-22 17:30:00,United Kingdom
15000,48,1,490.52,490.5200000000000000,0,2011-10-23 11:42:00,2011-10-23 11:42:00,United Kingdom
15002,116,4,1641.76,410.4400000000000000,252,2010-12-07 13:16:00,2011-08-16 10:44:00,United Kingdom
15004,148,1,1220.77,1220.7700000000000000,0,2011-07-15 14:05:00,2011-07-15 14:05:00,United Kingdom
15005,16,28,6295.37,224.8346428571428571,351,2010-12-08 14:36:00,2011-11-24 12:25:00,United Kingdom
15006,52,1,480.38,480.3800000000000000,0,2011-10-19 15:08:00,2011-10-19 15:08:00,United Kingdom
15007,160,1,156.91,156.9100000000000000,0,2011-07-03 16:00:00,2011-07-03 16:00:00,United Kingdom
15009,13,3,1259.43,419.8100000000000000,13,2011-11-14 17:40:00,2011-11-27 13:35:00,United Kingdom
15010,36,1,308.94,308.9400000000000000,0,2011-11-04 12:42:00,2011-11-04 12:42:00,United Kingdom
15012,54,2,405.04,202.5200000000000000,320,2010-12-01 12:49:00,2011-10-17 12:22:00,United Kingdom
15014,44,2,257.67,128.8350000000000000,133,2011-06-16 19:40:00,2011-10-27 20:07:00,United Kingdom
15016,173,1,170.04,170.0400000000000000,0,2011-06-20 12:06:00,2011-06-20 12:06:00,United Kingdom
15017,34,1,125.58,125.5800000000000000,0,2011-11-06 10:33:00,2011-11-06 10:33:00,United Kingdom
15018,39,3,496.21,165.4033333333333333,329,2010-12-07 10:47:00,2011-11-01 12:47:00,United Kingdom
15019,267,1,252.81,252.8100000000000000,0,2011-03-18 12:35:00,2011-03-18 12:35:00,United Kingdom
15021,9,9,1871.77,207.9744444444444444,358,2010-12-08 12:17:00,2011-12-01 11:53:00,United Kingdom
15022,12,4,852.39,213.0975000000000000,36,2011-10-23 15:47:00,2011-11-28 12:35:00,United Kingdom
15023,4,11,6720.41,610.9463636363636364,366,2010-12-05 13:49:00,2011-12-06 17:23:00,United Kingdom
15024,10,10,1636.43,163.6430000000000000,358,2010-12-07 13:20:00,2011-11-30 12:06:00,United Kingdom
15025,34,1,361.96,361.9600000000000000,0,2011-11-06 15:20:00,2011-11-06 15:20:00,United Kingdom
15026,81,3,469.00,156.3333333333333333,197,2011-03-07 13:45:00,2011-09-20 13:52:00,United Kingdom
15027,31,4,1066.15,266.5375000000000000,208,2011-04-15 14:14:00,2011-11-09 10:16:00,United Kingdom
15028,9,4,627.13,156.7825000000000000,360,2010-12-06 12:47:00,2011-12-01 14:06:00,United Kingdom
15030,72,2,518.28,259.1400000000000000,197,2011-03-16 15:34:00,2011-09-29 10:50:00,United Kingdom
15031,5,4,653.19,163.2975000000000000,278,2011-03-02 14:46:00,2011-12-05 14:19:00,United Kingdom
15032,257,3,4959.10,1653.0333333333333333,110,2010-12-08 12:57:00,2011-03-28 15:03:00,United Kingdom
15033,5,10,2557.18,255.7180000000000000,325,2011-01-14 13:28:00,2011-12-05 12:40:00,United Kingdom
15034,16,8,4274.16,534.2700000000000000,338,2010-12-21 09:47:00,2011-11-24 12:11:00,United Kingdom
15035,90,1,252.73,252.7300000000000000,0,2011-09-11 11:08:00,2011-09-11 11:08:00,United Kingdom
15036,73,3,429.56,143.1866666666666667,107,2011-06-13 12:19:00,2011-09-28 15:42:00,United Kingdom
15038,59,6,685.74,114.2900000000000000,311,2010-12-05 10:54:00,2011-10-12 11:33:00,United Kingdom
15039,10,47,19766.59,420.5657446808510638,359,2010-12-06 11:26:00,2011-11-30 11:31:00,United Kingdom
15041,171,1,179.93,179.9300000000000000,0,2011-06-22 16:16:00,2011-06-22 16:16:00,United Kingdom
15042,200,1,135.93,135.9300000000000000,0,2011-05-24 16:25:00,2011-05-24 16:25:00,United Kingdom
15043,32,1,537.00,537.0000000000000000,0,2011-11-08 14:26:00,2011-11-08 14:26:00,United Kingdom
15044,20,17,7634.73,449.1017647058823529,343,2010-12-12 14:27:00,2011-11-20 13:20:00,United Kingdom
15045,152,2,735.66,367.8300000000000000,106,2011-03-27 11:44:00,2011-07-11 11:33:00,United Kingdom
15046,10,15,5090.42,339.3613333333333333,329,2011-01-05 15:30:00,2011-11-30 15:50:00,United Kingdom
15047,270,1,343.62,343.6200000000000000,0,2011-03-15 10:49:00,2011-03-15 10:49:00,United Kingdom
15048,66,4,381.00,95.2500000000000000,303,2010-12-06 12:15:00,2011-10-05 14:55:00,United Kingdom
15049,274,1,121.17,121.1700000000000000,0,2011-03-11 12:13:00,2011-03-11 12:13:00,United Kingdom
15050,26,3,1737.69,579.2300000000000000,46,2011-09-29 13:22:00,2011-11-14 16:17:00,United Kingdom
15051,24,3,1383.36,461.1200000000000000,127,2011-07-12 15:29:00,2011-11-16 15:38:00,United Kingdom
15052,320,1,207.73,207.7300000000000000,0,2011-01-24 15:52:00,2011-01-24 15:52:00,United Kingdom
15053,5,3,693.95,231.3166666666666667,277,2011-03-03 12:06:00,2011-12-05 12:08:00,United Kingdom
15054,13,2,302.10,151.0500000000000000,28,2011-10-30 14:33:00,2011-11-27 15:02:00,United Kingdom
15057,276,2,1489.50,744.7500000000000000,40,2011-01-28 09:09:00,2011-03-09 15:17:00,United Kingdom
15058,26,11,2102.54,191.1400000000000000,287,2011-01-31 15:35:00,2011-11-14 14:57:00,United Kingdom
15059,41,9,1337.72,148.6355555555555556,294,2011-01-09 11:54:00,2011-10-30 11:35:00,United Kingdom
15060,9,4,294.25,73.5625000000000000,1,2011-11-30 14:03:00,2011-12-01 13:47:00,United Kingdom
15061,4,48,54534.14,1136.1279166666666667,369,2010-12-02 15:19:00,2011-12-06 12:06:00,United Kingdom
15062,72,4,987.86,246.9650000000000000,288,2010-12-15 15:37:00,2011-09-29 16:51:00,United Kingdom
15063,214,1,370.80,370.8000000000000000,0,2011-05-10 13:25:00,2011-05-10 13:25:00,United Kingdom
15065,38,4,3158.13,789.5325000000000000,254,2011-02-21 12:54:00,2011-11-02 09:45:00,United Kingdom
15066,54,1,893.59,893.5900000000000000,0,2011-10-17 13:25:00,2011-10-17 13:25:00,United Kingdom
15067,79,3,1744.76,581.5866666666666667,204,2011-03-02 12:10:00,2011-09-22 13:20:00,United Kingdom
15068,47,2,553.36,276.6800000000000000,210,2011-03-28 14:27:00,2011-10-24 14:47:00,United Kingdom
15069,180,1,1109.53,1109.5300000000000000,0,2011-06-13 14:16:00,2011-06-13 14:16:00,United Kingdom
15070,373,1,106.20,106.2000000000000000,0,2010-12-02 11:23:00,2010-12-02 11:23:00,United Kingdom
15071,94,2,982.07,491.0350000000000000,182,2011-03-09 10:19:00,2011-09-07 11:43:00,United Kingdom
15073,10,3,1043.41,347.8033333333333333,177,2011-06-06 09:59:00,2011-11-30 10:44:00,United Kingdom
15074,106,1,735.67,735.6700000000000000,0,2011-08-26 14:45:00,2011-08-26 14:45:00,United Kingdom
15075,78,1,773.03,773.0300000000000000,0,2011-09-23 12:27:00,2011-09-23 12:27:00,United Kingdom
15076,173,1,880.85,880.8500000000000000,0,2011-06-20 08:23:00,2011-06-20 08:23:00,United Kingdom
15078,8,32,9743.11,304.4721875000000000,361,2010-12-06 12:38:00,2011-12-02 15:41:00,United Kingdom
15079,213,4,895.61,223.9025000000000000,153,2010-12-09 09:25:00,2011-05-11 12:45:00,United Kingdom
15081,23,5,504.80,100.9600000000000000,345,2010-12-07 16:20:00,2011-11-17 17:08:00,United Kingdom
15083,257,1,88.20,88.2000000000000000,0,2011-03-28 12:18:00,2011-03-28 12:18:00,United Kingdom
15087,282,1,306.94,306.9400000000000000,0,2011-03-03 10:34:00,2011-03-03 10:34:00,United Kingdom
15088,22,2,1160.07,580.0350000000000000,46,2011-10-03 14:05:00,2011-11-18 13:14:00,United Kingdom
15089,11,6,2420.84,403.4733333333333333,118,2011-08-03 14:14:00,2011-11-29 16:31:00,United Kingdom
15090,309,1,381.32,381.3200000000000000,0,2011-02-04 14:03:00,2011-02-04 14:03:00,United Kingdom
15091,68,1,480.71,480.7100000000000000,0,2011-10-03 12:47:00,2011-10-03 12:47:00,United Kingdom
15092,216,2,457.81,228.9050000000000000,68,2011-03-01 12:24:00,2011-05-08 14:10:00,United Kingdom
15093,19,6,4597.02,766.1700000000000000,354,2010-12-02 18:25:00,2011-11-21 13:09:00,United Kingdom
15095,104,4,1370.60,342.6500000000000000,100,2011-05-20 14:27:00,2011-08-28 12:01:00,United Kingdom
15096,43,1,219.39,219.3900000000000000,0,2011-10-28 10:27:00,2011-10-28 10:27:00,United Kingdom
15097,5,1,248.08,248.0800000000000000,0,2011-12-05 14:03:00,2011-12-05 14:03:00,United Kingdom
15098,183,3,39916.50,13305.5000000000000000,0,2011-06-10 15:22:00,2011-06-10 15:33:00,United Kingdom
15099,85,1,410.48,410.4800000000000000,0,2011-09-16 13:13:00,2011-09-16 13:13:00,United Kingdom
15100,334,3,876.00,292.0000000000000000,40,2010-12-01 09:09:00,2011-01-10 10:35:00,United Kingdom
15101,9,2,317.53,158.7650000000000000,351,2010-12-15 12:54:00,2011-12-01 10:18:00,United Kingdom
15103,32,2,703.36,351.6800000000000000,55,2011-09-14 13:54:00,2011-11-08 14:53:00,United Kingdom
15104,197,2,993.54,496.7700000000000000,86,2011-03-02 14:16:00,2011-05-27 12:29:00,United Kingdom
15105,19,7,2298.93,328.4185714285714286,116,2011-07-28 10:09:00,2011-11-21 16:54:00,United Kingdom
15106,18,5,1422.52,284.5040000000000000,252,2011-03-15 12:52:00,2011-11-22 09:16:00,United Kingdom
15107,312,6,319.50,53.2500000000000000,61,2010-12-02 13:45:00,2011-02-01 14:46:00,United Kingdom
15108,142,4,1300.25,325.0625000000000000,86,2011-04-26 10:54:00,2011-07-21 10:24:00,European Community
15109,246,1,484.95,484.9500000000000000,0,2011-04-08 09:58:00,2011-04-08 09:58:00,United Kingdom
15110,24,4,996.10,249.0250000000000000,295,2011-01-25 11:41:00,2011-11-16 11:16:00,United Kingdom
15111,30,3,1567.48,522.4933333333333333,343,2010-12-02 11:45:00,2011-11-10 16:58:00,United Kingdom
15113,10,3,3509.43,1169.8100000000000000,45,2011-10-16 15:27:00,2011-11-30 08:23:00,United Kingdom
15114,31,10,2760.56,276.0560000000000000,271,2011-02-11 08:45:00,2011-11-09 15:05:00,United Kingdom
15115,19,1,340.11,340.1100000000000000,0,2011-11-21 14:59:00,2011-11-21 14:59:00,United Kingdom
15116,18,4,1352.75,338.1875000000000000,187,2011-05-19 08:50:00,2011-11-22 12:25:00,United Kingdom
15117,15,5,1551.78,310.3560000000000000,201,2011-05-08 12:38:00,2011-11-25 08:12:00,United Kingdom
15118,135,1,244.80,244.8000000000000000,0,2011-07-28 14:54:00,2011-07-28 14:54:00,United Kingdom
15119,246,1,266.40,266.4000000000000000,0,2011-04-08 09:08:00,2011-04-08 09:08:00,United Kingdom
15120,134,1,358.82,358.8200000000000000,0,2011-07-29 09:48:00,2011-07-29 09:48:00,United Kingdom
15121,51,2,457.72,228.8600000000000000,238,2011-02-24 12:41:00,2011-10-20 14:51:00,United Kingdom
15122,115,3,1633.78,544.5933333333333333,183,2011-02-15 09:59:00,2011-08-17 16:48:00,United Kingdom
15123,8,2,2199.31,1099.6550000000000000,199,2011-05-17 14:57:00,2011-12-02 13:12:00,United Kingdom
15124,23,2,184.19,92.0950000000000000,169,2011-06-01 09:06:00,2011-11-17 10:09:00,United Kingdom
15125,26,15,11528.48,768.5653333333333333,245,2011-03-14 09:59:00,2011-11-14 13:57:00,United Kingdom
15127,66,1,406.53,406.5300000000000000,0,2011-10-05 10:30:00,2011-10-05 10:30:00,United Kingdom
15128,61,4,1471.00,367.7500000000000000,159,2011-05-04 12:32:00,2011-10-10 13:54:00,United Kingdom
15129,51,11,3447.40,313.4000000000000000,241,2011-02-21 09:09:00,2011-10-20 14:40:00,United Kingdom
15130,170,1,330.11,330.1100000000000000,0,2011-06-23 10:15:00,2011-06-23 10:15:00,United Kingdom
15132,19,5,977.93,195.5860000000000000,244,2011-03-22 12:02:00,2011-11-21 17:10:00,United Kingdom
15133,128,3,982.42,327.4733333333333333,174,2011-02-11 10:38:00,2011-08-04 10:44:00,United Kingdom
15134,15,8,1387.99,173.4987500000000000,226,2011-04-13 11:05:00,2011-11-25 08:55:00,United Kingdom
15135,240,1,139.05,139.0500000000000000,0,2011-04-14 19:16:00,2011-04-14 19:16:00,United Kingdom
15136,3,4,1286.70,321.6750000000000000,94,2011-09-04 16:05:00,2011-12-07 12:26:00,United Kingdom
15139,240,2,178.96,89.4800000000000000,97,2011-01-07 12:44:00,2011-04-14 11:39:00,United Kingdom
15140,53,7,2354.25,336.3214285714285714,212,2011-03-20 14:37:00,2011-10-18 14:07:00,United Kingdom
15142,47,1,498.74,498.7400000000000000,0,2011-10-24 12:51:00,2011-10-24 12:51:00,United Kingdom
15143,226,1,259.45,259.4500000000000000,0,2011-04-28 12:03:00,2011-04-28 12:03:00,United Kingdom
15144,9,17,6580.44,387.0847058823529412,304,2011-01-31 13:17:00,2011-12-01 15:12:00,United Kingdom
15145,5,4,1194.73,298.6825000000000000,244,2011-04-05 15:20:00,2011-12-05 17:21:00,United Kingdom
15146,165,2,1327.16,663.5800000000000000,127,2011-02-21 13:07:00,2011-06-28 12:09:00,United Kingdom
15147,241,1,623.50,623.5000000000000000,0,2011-04-13 15:57:00,2011-04-13 15:57:00,United Kingdom
15148,11,1,301.29,301.2900000000000000,0,2011-11-29 08:21:00,2011-11-29 08:21:00,United Kingdom
15149,134,1,520.80,520.8000000000000000,0,2011-07-29 10:58:00,2011-07-29 10:58:00,United Kingdom
15150,18,10,5291.33,529.1330000000000000,252,2011-03-15 14:21:00,2011-11-22 12:52:00,United Kingdom
15152,10,13,4745.69,365.0530769230769231,178,2011-06-05 15:36:00,2011-11-30 12:32:00,United Kingdom
15153,32,1,329.25,329.2500000000000000,0,2011-11-08 17:09:00,2011-11-08 17:09:00,United Kingdom
15154,76,1,254.28,254.2800000000000000,0,2011-09-25 16:05:00,2011-09-25 16:05:00,United Kingdom
15156,2,3,961.49,320.4966666666666667,32,2011-11-06 12:41:00,2011-12-08 18:22:00,United Kingdom
15157,4,3,1936.07,645.3566666666666667,355,2010-12-16 13:44:00,2011-12-06 11:28:00,United Kingdom
15158,46,1,401.40,401.4000000000000000,0,2011-10-25 13:53:00,2011-10-25 13:53:00,United Kingdom
15159,2,30,18641.01,621.3670000000000000,360,2010-12-13 15:44:00,2011-12-08 12:05:00,United Kingdom
15160,358,1,158.16,158.1600000000000000,0,2010-12-17 14:15:00,2010-12-17 14:15:00,United Kingdom
15163,19,2,304.47,152.2350000000000000,174,2011-05-31 15:22:00,2011-11-21 13:10:00,United Kingdom
15164,69,3,824.58,274.8600000000000000,271,2011-01-04 14:21:00,2011-10-02 12:05:00,United Kingdom
15165,374,1,487.75,487.7500000000000000,0,2010-12-01 14:03:00,2010-12-01 14:03:00,United Kingdom
15167,321,1,158.80,158.8000000000000000,0,2011-01-23 12:41:00,2011-01-23 12:41:00,United Kingdom
15168,26,1,106.56,106.5600000000000000,0,2011-11-14 11:26:00,2011-11-14 11:26:00,United Kingdom
15171,332,1,1289.50,1289.5000000000000000,0,2011-01-12 15:36:00,2011-01-12 15:36:00,United Kingdom
15172,9,5,1624.05,324.8100000000000000,228,2011-04-17 11:56:00,2011-12-01 11:51:00,United Kingdom
15174,323,1,135.75,135.7500000000000000,0,2011-01-21 09:06:00,2011-01-21 09:06:00,United Kingdom
15175,72,1,224.14,224.1400000000000000,0,2011-09-29 11:31:00,2011-09-29 11:31:00,United Kingdom
15178,261,1,40.50,40.5000000000000000,0,2011-03-24 15:12:00,2011-03-24 15:12:00,United Kingdom
15179,19,5,2206.95,441.3900000000000000,301,2011-01-24 13:48:00,2011-11-21 12:53:00,United Kingdom
15180,368,1,87.50,87.5000000000000000,0,2010-12-07 14:57:00,2010-12-07 14:57:00,United Kingdom
15181,67,3,689.48,229.8266666666666667,203,2011-03-15 12:03:00,2011-10-04 13:58:00,United Kingdom
15182,155,2,622.85,311.4250000000000000,114,2011-03-16 12:42:00,2011-07-08 13:37:00,United Kingdom
15184,30,2,402.20,201.1000000000000000,161,2011-06-02 12:06:00,2011-11-10 13:41:00,United Kingdom
15185,71,1,310.62,310.6200000000000000,0,2011-09-30 14:06:00,2011-09-30 14:06:00,United Kingdom
15186,15,2,411.41,205.7050000000000000,154,2011-06-24 14:54:00,2011-11-25 14:58:00,United Kingdom
15187,2,16,4777.18,298.5737500000000000,211,2011-05-11 13:49:00,2011-12-08 11:56:00,United Kingdom
15189,2,41,16225.39,395.7412195121951220,331,2011-01-11 12:29:00,2011-12-08 13:22:00,United Kingdom
15192,120,3,1044.32,348.1066666666666667,246,2010-12-09 14:56:00,2011-08-12 11:41:00,United Kingdom
15193,61,1,499.32,499.3200000000000000,0,2011-10-10 08:23:00,2011-10-10 08:23:00,United Kingdom
15194,4,15,7616.53,507.7686666666666667,365,2010-12-06 15:00:00,2011-12-06 15:10:00,United Kingdom
15195,3,1,3861.00,3861.0000000000000000,0,2011-12-07 12:20:00,2011-12-07 12:20:00,United Kingdom
15197,11,3,1079.61,359.8700000000000000,348,2010-12-16 18:01:00,2011-11-29 10:00:00,United Kingdom
15198,93,2,193.64,96.8200000000000000,32,2011-08-07 15:16:00,2011-09-08 14:42:00,United Kingdom
15199,60,4,1268.70,317.1750000000000000,249,2011-02-04 14:04:00,2011-10-11 15:12:00,United Kingdom
15201,88,5,1236.54,247.3080000000000000,160,2011-04-06 14:02:00,2011-09-13 14:53:00,United Kingdom
15203,26,6,1827.80,304.6333333333333333,286,2011-02-01 12:29:00,2011-11-14 08:16:00,United Kingdom
15204,358,1,316.58,316.5800000000000000,0,2010-12-17 13:49:00,2010-12-17 13:49:00,United Kingdom
15205,86,2,653.24,326.6200000000000000,42,2011-08-04 16:07:00,2011-09-15 19:36:00,United Kingdom
15206,11,4,420.30,105.0750000000000000,265,2011-03-09 08:59:00,2011-11-29 13:41:00,United Kingdom
15208,2,5,870.12,174.0240000000000000,352,2010-12-21 13:03:00,2011-12-08 17:24:00,United Kingdom
15210,226,1,331.18,331.1800000000000000,0,2011-04-28 16:11:00,2011-04-28 16:11:00,United Kingdom
15211,61,2,894.41,447.2050000000000000,305,2010-12-09 16:08:00,2011-10-10 13:31:00,United Kingdom
15212,242,1,101.80,101.8000000000000000,0,2011-04-12 13:45:00,2011-04-12 13:45:00,United Kingdom
15213,319,2,328.35,164.1750000000000000,11,2011-01-14 11:05:00,2011-01-25 12:21:00,United Kingdom
15214,2,8,1661.44,207.6800000000000000,241,2011-04-11 09:46:00,2011-12-08 12:07:00,United Kingdom
15215,47,3,734.94,244.9800000000000000,50,2011-09-04 12:24:00,2011-10-24 11:41:00,United Kingdom
15216,88,1,96.60,96.6000000000000000,0,2011-09-13 11:41:00,2011-09-13 11:41:00,United Kingdom
15218,11,11,5756.89,523.3536363636363636,308,2011-01-25 11:20:00,2011-11-29 11:48:00,United Kingdom
15219,177,1,305.75,305.7500000000000000,0,2011-06-16 16:57:00,2011-06-16 16:57:00,United Kingdom
15220,52,6,1778.96,296.4933333333333333,229,2011-03-04 10:24:00,2011-10-19 12:39:00,United Kingdom
15221,367,1,403.25,403.2500000000000000,0,2010-12-08 13:08:00,2010-12-08 13:08:00,United Kingdom
15222,319,1,585.00,585.0000000000000000,0,2011-01-25 08:03:00,2011-01-25 08:03:00,United Kingdom
15223,226,2,755.75,377.8750000000000000,24,2011-04-04 12:17:00,2011-04-28 11:31:00,United Kingdom
15224,359,2,322.08,161.0400000000000000,4,2010-12-12 12:34:00,2010-12-16 15:02:00,United Kingdom
15225,235,1,409.40,409.4000000000000000,0,2011-04-19 14:51:00,2011-04-19 14:51:00,United Kingdom
15226,311,1,154.41,154.4100000000000000,0,2011-02-02 11:41:00,2011-02-02 11:41:00,United Kingdom
15227,37,5,1219.40,243.8800000000000000,281,2011-01-26 15:31:00,2011-11-03 11:59:00,United Kingdom
15228,67,4,3386.71,846.6775000000000000,228,2011-02-18 09:04:00,2011-10-04 13:56:00,United Kingdom
15230,240,2,429.60,214.8000000000000000,1,2011-04-13 11:04:00,2011-04-14 14:39:00,United Kingdom
15232,114,2,612.06,306.0300000000000000,27,2011-07-22 12:21:00,2011-08-18 16:27:00,United Kingdom
15234,277,1,197.00,197.0000000000000000,0,2011-03-08 08:53:00,2011-03-08 08:53:00,United Kingdom
15235,218,12,2247.51,187.2925000000000000,156,2010-12-01 17:22:00,2011-05-06 09:44:00,United Kingdom
15236,299,1,321.05,321.0500000000000000,0,2011-02-14 10:52:00,2011-02-14 10:52:00,United Kingdom
15237,2,4,1412.32,353.0800000000000000,226,2011-04-26 15:04:00,2011-12-08 09:46:00,United Kingdom
15238,30,3,1071.99,357.3300000000000000,155,2011-06-08 16:00:00,2011-11-10 14:28:00,United Kingdom
15239,11,2,780.59,390.2950000000000000,68,2011-09-22 09:53:00,2011-11-29 14:14:00,United Kingdom
15240,45,5,1706.57,341.3140000000000000,267,2011-02-01 08:23:00,2011-10-26 09:50:00,United Kingdom
15241,67,8,1756.44,219.5550000000000000,217,2011-03-01 11:02:00,2011-10-04 09:05:00,United Kingdom
15243,75,1,316.68,316.6800000000000000,0,2011-09-26 14:12:00,2011-09-26 14:12:00,United Kingdom
15244,66,2,631.57,315.7850000000000000,183,2011-04-05 15:12:00,2011-10-05 13:19:00,United Kingdom
15245,135,3,2515.84,838.6133333333333333,127,2011-03-23 13:42:00,2011-07-28 18:56:00,United Kingdom
15246,239,2,514.15,257.0750000000000000,120,2010-12-16 09:46:00,2011-04-15 14:45:00,United Kingdom
15247,123,1,356.00,356.0000000000000000,0,2011-08-09 12:52:00,2011-08-09 12:52:00,United Kingdom
15249,32,13,6688.46,514.4969230769230769,225,2011-03-28 12:49:00,2011-11-08 11:45:00,United Kingdom
15251,10,11,10484.99,953.1809090909090909,232,2011-04-12 10:38:00,2011-11-30 15:02:00,United Kingdom
15252,37,2,740.78,370.3900000000000000,147,2011-06-09 14:15:00,2011-11-03 13:30:00,United Kingdom
15253,17,5,918.20,183.6400000000000000,153,2011-06-23 12:19:00,2011-11-23 16:22:00,United Kingdom
15254,128,1,300.36,300.3600000000000000,0,2011-08-04 15:04:00,2011-08-04 15:04:00,United Kingdom
15255,67,1,890.85,890.8500000000000000,0,2011-10-04 12:43:00,2011-10-04 12:43:00,United Kingdom
15256,149,1,98.45,98.4500000000000000,0,2011-07-14 11:47:00,2011-07-14 11:47:00,United Kingdom
15257,284,1,317.15,317.1500000000000000,0,2011-03-01 12:58:00,2011-03-01 12:58:00,United Kingdom
15258,169,2,623.16,311.5800000000000000,49,2011-05-06 14:16:00,2011-06-24 12:30:00,United Kingdom
15260,101,7,1810.77,258.6814285714285714,272,2010-12-02 12:09:00,2011-08-31 13:55:00,United Kingdom
15261,136,1,254.82,254.8200000000000000,0,2011-07-27 15:20:00,2011-07-27 15:20:00,United Kingdom
15262,324,1,178.95,178.9500000000000000,0,2011-01-20 12:16:00,2011-01-20 12:16:00,United Kingdom
15263,107,1,156.51,156.5100000000000000,0,2011-08-25 10:26:00,2011-08-25 10:26:00,United Kingdom
15264,65,1,393.74,393.7400000000000000,0,2011-10-06 13:49:00,2011-10-06 13:49:00,United Kingdom
15265,152,2,1506.12,753.0600000000000000,84,2011-04-18 12:16:00,2011-07-11 14:46:00,United Kingdom
15266,339,1,119.30,119.3000000000000000,0,2011-01-05 13:40:00,2011-01-05 13:40:00,United Kingdom
15267,23,5,1717.36,343.4720000000000000,160,2011-06-10 10:24:00,2011-11-17 15:59:00,United Kingdom
15269,24,1,408.80,408.8000000000000000,0,2011-11-16 09:32:00,2011-11-16 09:32:00,United Kingdom
15270,16,7,2379.49,339.9271428571428571,295,2011-02-02 13:25:00,2011-11-24 09:24:00,United Kingdom
15271,8,15,2493.34,166.2226666666666667,358,2010-12-09 13:47:00,2011-12-02 14:11:00,United Kingdom
15272,58,2,721.94,360.9700000000000000,29,2011-09-14 16:36:00,2011-10-13 12:59:00,United Kingdom
15274,5,2,716.57,358.2850000000000000,14,2011-11-21 14:17:00,2011-12-05 16:57:00,United Kingdom
15275,38,1,615.14,615.1400000000000000,0,2011-11-02 11:20:00,2011-11-02 11:20:00,United Kingdom
15276,67,1,128.63,128.6300000000000000,0,2011-10-04 16:39:00,2011-10-04 16:39:00,United Kingdom
15277,47,1,255.90,255.9000000000000000,0,2011-10-24 10:08:00,2011-10-24 10:08:00,United Kingdom
15279,355,1,290.51,290.5100000000000000,0,2010-12-20 10:48:00,2010-12-20 10:48:00,United Kingdom
15280,173,1,113.12,113.1200000000000000,0,2011-06-20 17:14:00,2011-06-20 17:14:00,United Kingdom
15281,59,9,2332.15,259.1277777777777778,275,2011-01-10 15:51:00,2011-10-12 09:10:00,United Kingdom
15286,50,1,240.55,240.5500000000000000,0,2011-10-21 11:08:00,2011-10-21 11:08:00,United Kingdom
15287,23,2,486.69,243.3450000000000000,48,2011-09-30 12:30:00,2011-11-17 15:34:00,United Kingdom
15288,44,5,2306.52,461.3040000000000000,322,2010-12-09 13:59:00,2011-10-27 16:58:00,United Kingdom
15289,30,3,939.78,313.2600000000000000,220,2011-04-04 12:44:00,2011-11-10 13:49:00,United Kingdom
15290,5,18,7943.22,441.2900000000000000,355,2010-12-15 16:03:00,2011-12-05 11:39:00,United Kingdom
15291,26,15,4668.30,311.2200000000000000,348,2010-12-01 09:32:00,2011-11-14 11:02:00,United Kingdom
15292,202,1,178.39,178.3900000000000000,0,2011-05-22 15:00:00,2011-05-22 15:00:00,United Kingdom
15296,51,6,3672.86,612.1433333333333333,276,2011-01-17 11:57:00,2011-10-20 11:47:00,United Kingdom
15297,11,3,641.94,213.9800000000000000,53,2011-10-07 09:42:00,2011-11-29 16:32:00,United Kingdom
15298,3,12,4799.90,399.9916666666666667,364,2010-12-08 13:55:00,2011-12-07 17:17:00,United Kingdom
15299,68,7,4507.01,643.8585714285714286,305,2010-12-02 16:48:00,2011-10-03 14:19:00,United Kingdom
15300,65,1,496.44,496.4400000000000000,0,2011-10-06 17:08:00,2011-10-06 17:08:00,United Kingdom
15301,51,12,5049.95,420.8291666666666667,318,2010-12-06 12:21:00,2011-10-20 09:57:00,United Kingdom
15303,291,1,574.02,574.0200000000000000,0,2011-02-22 13:59:00,2011-02-22 13:59:00,United Kingdom
15304,61,8,694.40,86.8000000000000000,308,2010-12-06 11:42:00,2011-10-10 10:23:00,United Kingdom
15306,65,3,1174.35,391.4500000000000000,84,2011-07-14 15:22:00,2011-10-06 12:56:00,United Kingdom
15307,96,1,205.30,205.3000000000000000,0,2011-09-05 11:38:00,2011-09-05 11:38:00,United Kingdom
15308,275,1,310.47,310.4700000000000000,0,2011-03-10 13:08:00,2011-03-10 13:08:00,United Kingdom
15311,1,91,60632.75,666.2939560439560440,373,2010-12-01 09:41:00,2011-12-09 12:00:00,United Kingdom
15312,76,4,924.85,231.2125000000000000,279,2010-12-20 12:51:00,2011-09-25 13:10:00,United Kingdom
15313,111,1,52.00,52.0000000000000000,0,2011-08-21 16:02:00,2011-08-21 16:02:00,United Kingdom
15314,200,1,327.97,327.9700000000000000,0,2011-05-24 14:39:00,2011-05-24 14:39:00,United Kingdom
15315,65,2,570.50,285.2500000000000000,52,2011-08-15 15:17:00,2011-10-06 12:51:00,United Kingdom
15316,327,1,165.00,165.0000000000000000,0,2011-01-17 11:34:00,2011-01-17 11:34:00,United Kingdom
15318,4,1,312.62,312.6200000000000000,0,2011-12-06 11:30:00,2011-12-06 11:30:00,United Kingdom
15319,284,1,204.50,204.5000000000000000,0,2011-03-01 12:48:00,2011-03-01 12:48:00,United Kingdom
15320,45,1,267.13,267.1300000000000000,0,2011-10-26 13:27:00,2011-10-26 13:27:00,United Kingdom
15321,71,3,2748.31,916.1033333333333333,221,2011-02-21 11:10:00,2011-09-30 09:40:00,United Kingdom
15322,86,1,679.68,679.6800000000000000,0,2011-09-15 09:34:00,2011-09-15 09:34:00,United Kingdom
15325,104,1,161.74,161.7400000000000000,0,2011-08-28 11:55:00,2011-08-28 11:55:00,United Kingdom
15326,334,1,311.71,311.7100000000000000,0,2011-01-10 11:38:00,2011-01-10 11:38:00,United Kingdom
15327,53,1,208.75,208.7500000000000000,0,2011-10-18 11:55:00,2011-10-18 11:55:00,United Kingdom
15329,40,3,1049.70,349.9000000000000000,132,2011-06-21 10:37:00,2011-10-31 15:36:00,United Kingdom
15330,33,2,714.96,357.4800000000000000,28,2011-10-10 12:30:00,2011-11-07 17:50:00,United Kingdom
15332,367,4,1661.06,415.2650000000000000,3,2010-12-05 12:00:00,2010-12-08 14:43:00,Lithuania
15333,209,1,1028.56,1028.5600000000000000,0,2011-05-15 13:27:00,2011-05-15 13:27:00,United Kingdom
15334,157,3,350.82,116.9400000000000000,17,2011-06-19 13:51:00,2011-07-06 11:22:00,United Kingdom
15335,54,1,170.22,170.2200000000000000,0,2011-10-17 12:50:00,2011-10-17 12:50:00,United Kingdom
15339,67,2,574.07,287.0350000000000000,252,2011-01-25 13:15:00,2011-10-04 12:51:00,United Kingdom
15341,81,1,2020.52,2020.5200000000000000,0,2011-09-20 09:40:00,2011-09-20 09:40:00,United Kingdom
15342,130,1,406.09,406.0900000000000000,0,2011-08-02 10:19:00,2011-08-02 10:19:00,United Kingdom
15343,88,1,364.50,364.5000000000000000,0,2011-09-13 13:55:00,2011-09-13 13:55:00,United Kingdom
15344,1,3,563.94,187.9800000000000000,74,2011-09-26 14:48:00,2011-12-09 10:45:00,United Kingdom
15345,46,1,393.54,393.5400000000000000,0,2011-10-25 11:28:00,2011-10-25 11:28:00,United Kingdom
15346,333,1,252.42,252.4200000000000000,0,2011-01-11 11:18:00,2011-01-11 11:18:00,United Kingdom
15347,367,1,201.60,201.6000000000000000,0,2010-12-08 15:25:00,2010-12-08 15:25:00,United Kingdom
15348,73,1,158.04,158.0400000000000000,0,2011-09-28 13:17:00,2011-09-28 13:17:00,United Kingdom
15349,159,2,463.91,231.9550000000000000,29,2011-06-05 15:46:00,2011-07-04 16:06:00,United Kingdom
15350,374,1,115.65,115.6500000000000000,0,2010-12-01 13:33:00,2010-12-01 13:33:00,United Kingdom
15351,13,7,1934.66,276.3800000000000000,357,2010-12-05 11:49:00,2011-11-27 12:52:00,United Kingdom
15353,255,2,770.12,385.0600000000000000,113,2010-12-07 11:49:00,2011-03-30 12:15:00,United Kingdom
15355,30,2,277.05,138.5250000000000000,24,2011-10-17 15:22:00,2011-11-10 13:44:00,United Kingdom
15356,32,10,2718.03,271.8030000000000000,337,2010-12-06 14:05:00,2011-11-08 13:11:00,United Kingdom
15358,5,22,8347.20,379.4181818181818182,361,2010-12-09 10:04:00,2011-12-05 09:04:00,United Kingdom
15360,40,1,427.93,427.9300000000000000,0,2011-10-31 09:35:00,2011-10-31 09:35:00,United Kingdom
15361,362,1,418.92,418.9200000000000000,0,2010-12-13 09:52:00,2010-12-13 09:52:00,United Kingdom
15363,373,1,326.00,326.0000000000000000,0,2010-12-02 12:28:00,2010-12-02 12:28:00,United Kingdom
15364,96,2,913.19,456.5950000000000000,159,2011-03-30 13:39:00,2011-09-05 09:46:00,United Kingdom
15365,26,7,2314.32,330.6171428571428571,290,2011-01-28 13:08:00,2011-11-14 08:29:00,United Kingdom
15366,76,2,602.51,301.2550000000000000,283,2010-12-16 15:59:00,2011-09-25 15:01:00,United Kingdom
15367,58,4,1877.59,469.3975000000000000,218,2011-03-09 13:53:00,2011-10-13 14:13:00,United Kingdom
15368,22,1,446.94,446.9400000000000000,0,2011-11-18 14:42:00,2011-11-18 14:42:00,United Kingdom
15370,41,7,2386.05,340.8642857142857143,292,2011-01-11 11:32:00,2011-10-30 10:58:00,United Kingdom
15372,138,1,2007.40,2007.4000000000000000,0,2011-07-25 16:39:00,2011-07-25 16:39:00,United Kingdom
15373,9,12,2415.91,201.3258333333333333,363,2010-12-03 14:40:00,2011-12-01 15:05:00,United Kingdom
15374,129,1,168.00,168.0000000000000000,0,2011-08-03 09:59:00,2011-08-03 09:59:00,United Kingdom
15376,41,3,1221.56,407.1866666666666667,182,2011-05-01 13:45:00,2011-10-30 15:04:00,United Kingdom
15379,170,7,3703.29,529.0414285714285714,189,2010-12-16 13:02:00,2011-06-23 13:13:00,United Kingdom
15380,9,5,1690.26,338.0520000000000000,357,2010-12-09 15:01:00,2011-12-01 12:13:00,United Kingdom
15381,214,2,596.85,298.4250000000000000,55,2011-03-16 13:44:00,2011-05-10 11:55:00,United Kingdom
15382,15,6,5955.71,992.6183333333333333,281,2011-02-17 12:01:00,2011-11-25 10:58:00,United Kingdom
15384,170,2,642.41,321.2050000000000000,190,2010-12-15 11:34:00,2011-06-23 10:57:00,United Kingdom
15385,41,1,316.88,316.8800000000000000,0,2011-10-30 15:11:00,2011-10-30 15:11:00,United Kingdom
15386,187,1,394.14,394.1400000000000000,0,2011-06-06 13:47:00,2011-06-06 13:47:00,United Kingdom
15388,271,1,140.54,140.5400000000000000,0,2011-03-14 13:53:00,2011-03-14 13:53:00,Canada
15389,173,1,500.00,500.0000000000000000,0,2011-06-20 16:18:00,2011-06-20 16:18:00,United Kingdom
15392,5,4,1535.53,383.8825000000000000,356,2010-12-14 15:50:00,2011-12-05 11:01:00,United Kingdom
15393,17,2,231.86,115.9300000000000000,265,2011-03-03 16:58:00,2011-11-23 16:48:00,United Kingdom
15394,10,4,2183.54,545.8850000000000000,349,2010-12-16 12:46:00,2011-11-30 11:49:00,United Kingdom
15395,326,1,107.45,107.4500000000000000,0,2011-01-18 12:40:00,2011-01-18 12:40:00,United Kingdom
15396,113,1,288.18,288.1800000000000000,0,2011-08-19 10:56:00,2011-08-19 10:56:00,United Kingdom
15397,290,1,94.00,94.0000000000000000,0,2011-02-23 09:25:00,2011-02-23 09:25:00,United Kingdom
15398,17,2,1345.53,672.7650000000000000,62,2011-09-22 14:56:00,2011-11-23 16:47:00,United Kingdom
15399,2,3,815.77,271.9233333333333333,78,2011-09-21 15:57:00,2011-12-08 13:04:00,United Kingdom
15400,93,5,716.20,143.2400000000000000,186,2011-03-06 11:27:00,2011-09-08 13:57:00,United Kingdom
15402,149,2,626.77,313.3850000000000000,48,2011-05-27 13:32:00,2011-07-14 12:17:00,United Kingdom
15405,190,1,349.10,349.1000000000000000,0,2011-06-03 14:44:00,2011-06-03 14:44:00,United Kingdom
15406,32,2,510.71,255.3550000000000000,270,2011-02-11 16:19:00,2011-11-08 13:22:00,United Kingdom
15407,34,4,1046.74,261.6850000000000000,272,2011-02-07 13:18:00,2011-11-06 11:55:00,United Kingdom
15408,265,1,267.18,267.1800000000000000,0,2011-03-20 15:02:00,2011-03-20 15:02:00,United Kingdom
15410,85,8,3450.84,431.3550000000000000,177,2011-03-23 10:15:00,2011-09-16 14:47:00,United Kingdom
15411,27,4,1348.93,337.2325000000000000,156,2011-06-10 12:30:00,2011-11-13 15:19:00,United Kingdom
15412,172,1,190.53,190.5300000000000000,0,2011-06-21 15:24:00,2011-06-21 15:24:00,United Kingdom
15414,10,3,774.90,258.3000000000000000,233,2011-04-11 13:45:00,2011-11-30 09:50:00,United Kingdom
15415,314,1,559.61,559.6100000000000000,0,2011-01-30 14:13:00,2011-01-30 14:13:00,United Kingdom
15416,65,4,3984.32,996.0800000000000000,218,2011-03-02 08:41:00,2011-10-06 09:38:00,United Kingdom
15417,86,1,508.80,508.8000000000000000,0,2011-09-15 15:26:00,2011-09-15 15:26:00,United Kingdom
15419,25,1,135.86,135.8600000000000000,0,2011-11-15 09:23:00,2011-11-15 09:23:00,United Kingdom
15421,59,4,950.36,237.5900000000000000,252,2011-02-02 14:36:00,2011-10-12 09:20:00,United Kingdom
15422,324,2,97.70,48.8500000000000000,0,2011-01-20 14:17:00,2011-01-20 16:17:00,United Kingdom
15423,39,1,43.50,43.5000000000000000,0,2011-11-01 14:01:00,2011-11-01 14:01:00,United Kingdom
15424,255,2,383.34,191.6700000000000000,0,2011-03-30 13:00:00,2011-03-30 13:02:00,United Kingdom
15426,20,5,1404.07,280.8140000000000000,350,2010-12-05 13:55:00,2011-11-20 15:36:00,United Kingdom
15427,34,3,1430.54,476.8466666666666667,14,2011-10-23 14:47:00,2011-11-06 14:29:00,United Kingdom
15428,16,1,93.78,93.7800000000000000,0,2011-11-24 16:54:00,2011-11-24 16:54:00,United Kingdom
15429,27,2,397.35,198.6750000000000000,49,2011-09-25 13:42:00,2011-11-13 12:28:00,United Kingdom
15432,24,1,171.19,171.1900000000000000,0,2011-11-16 16:30:00,2011-11-16 16:30:00,United Kingdom
15433,214,2,533.30,266.6500000000000000,54,2011-03-17 14:12:00,2011-05-10 10:45:00,United Kingdom
15434,9,5,1041.48,208.2960000000000000,192,2011-05-23 14:18:00,2011-12-01 13:33:00,United Kingdom
15435,23,1,149.29,149.2900000000000000,0,2011-11-17 16:39:00,2011-11-17 16:39:00,United Kingdom
15436,13,3,1067.75,355.9166666666666667,222,2011-04-19 16:52:00,2011-11-27 16:05:00,United Kingdom
15437,263,1,200.16,200.1600000000000000,0,2011-03-22 13:11:00,2011-03-22 13:11:00,United Kingdom
15438,132,1,156.58,156.5800000000000000,0,2011-07-31 14:19:00,2011-07-31 14:19:00,United Kingdom
15440,55,3,383.68,127.8933333333333333,154,2011-05-15 11:30:00,2011-10-16 12:16:00,United Kingdom
15442,249,1,594.00,594.0000000000000000,0,2011-04-05 12:24:00,2011-04-05 12:24:00,United Kingdom
15443,2,7,3213.59,459.0842857142857143,319,2011-01-23 13:25:00,2011-12-08 10:40:00,United Kingdom
15444,10,2,1411.21,705.6050000000000000,31,2011-10-30 16:12:00,2011-11-30 17:37:00,United Kingdom
15445,265,1,113.50,113.5000000000000000,0,2011-03-20 15:06:00,2011-03-20 15:06:00,United Kingdom
15447,331,1,155.17,155.1700000000000000,0,2011-01-13 11:26:00,2011-01-13 11:26:00,United Kingdom
15448,313,1,494.64,494.6400000000000000,0,2011-01-31 10:42:00,2011-01-31 10:42:00,United Kingdom
15449,27,3,974.52,324.8400000000000000,235,2011-03-23 10:43:00,2011-11-13 15:02:00,United Kingdom
15450,31,1,429.84,429.8400000000000000,0,2011-11-09 17:11:00,2011-11-09 17:11:00,United Kingdom
15452,30,3,528.48,176.1600000000000000,235,2011-03-20 15:21:00,2011-11-10 12:13:00,United Kingdom
15453,2,7,1371.77,195.9671428571428571,186,2011-06-05 12:37:00,2011-12-08 10:59:00,United Kingdom
15454,363,1,179.10,179.1000000000000000,0,2010-12-12 14:21:00,2010-12-12 14:21:00,United Kingdom
15456,284,3,434.59,144.8633333333333333,76,2010-12-15 15:34:00,2011-03-01 13:51:00,United Kingdom
15457,263,1,237.07,237.0700000000000000,0,2011-03-22 15:31:00,2011-03-22 15:31:00,United Kingdom
15458,26,1,161.64,161.6400000000000000,0,2011-11-14 13:08:00,2011-11-14 13:08:00,United Kingdom
15460,355,1,214.26,214.2600000000000000,0,2010-12-20 16:08:00,2010-12-20 16:08:00,United Kingdom
15462,95,3,234.60,78.2000000000000000,93,2011-06-05 15:36:00,2011-09-06 13:11:00,United Kingdom
15463,30,1,126.14,126.1400000000000000,0,2011-11-10 12:57:00,2011-11-10 12:57:00,United Kingdom
15464,339,1,1044.65,1044.6500000000000000,0,2011-01-05 15:56:00,2011-01-05 15:56:00,United Kingdom
15465,20,18,7354.62,408.5900000000000000,350,2010-12-05 10:12:00,2011-11-20 10:11:00,United Kingdom
15466,86,1,334.53,334.5300000000000000,0,2011-09-15 14:08:00,2011-09-15 14:08:00,United Kingdom
15467,10,3,524.88,174.9600000000000000,143,2011-07-10 14:42:00,2011-11-30 14:17:00,United Kingdom
15468,52,2,467.51,233.7550000000000000,0,2011-10-19 13:38:00,2011-10-19 13:49:00,United Kingdom
15469,51,2,538.55,269.2750000000000000,70,2011-08-11 16:54:00,2011-10-20 16:21:00,United Kingdom
15471,3,1,454.48,454.4800000000000000,0,2011-12-07 14:12:00,2011-12-07 14:12:00,United Kingdom
15472,114,1,371.56,371.5600000000000000,0,2011-08-18 15:17:00,2011-08-18 15:17:00,United Kingdom
15473,15,7,1771.20,253.0285714285714286,46,2011-10-10 11:12:00,2011-11-25 15:15:00,United Kingdom
15475,78,1,454.11,454.1100000000000000,0,2011-09-23 15:20:00,2011-09-23 15:20:00,United Kingdom
15478,41,2,1399.92,699.9600000000000000,16,2011-10-14 11:09:00,2011-10-30 14:19:00,United Kingdom
15480,117,1,905.50,905.5000000000000000,0,2011-08-15 14:32:00,2011-08-15 14:32:00,Malta
15482,16,12,10879.76,906.6466666666666667,343,2010-12-16 10:08:00,2011-11-24 10:46:00,United Kingdom
15483,162,4,225.26,56.3150000000000000,105,2011-03-18 12:26:00,2011-07-01 13:07:00,United Kingdom
15484,2,4,3590.41,897.6025000000000000,77,2011-09-22 13:31:00,2011-12-08 15:03:00,United Kingdom
15485,31,3,2564.50,854.8333333333333333,343,2010-12-01 13:23:00,2011-11-09 14:31:00,United Kingdom
15488,93,1,91.32,91.3200000000000000,0,2011-09-08 10:11:00,2011-09-08 10:11:00,United Kingdom
15489,23,3,1134.28,378.0933333333333333,189,2011-05-12 12:54:00,2011-11-17 08:53:00,United Kingdom
15491,96,6,3100.09,516.6816666666666667,140,2011-04-18 10:04:00,2011-09-05 15:56:00,United Kingdom
15492,29,2,659.46,329.7300000000000000,46,2011-09-26 14:02:00,2011-11-11 14:53:00,United Kingdom
15493,33,5,1953.41,390.6820000000000000,238,2011-03-14 11:44:00,2011-11-07 12:04:00,United Kingdom
15494,22,2,1280.58,640.2900000000000000,100,2011-08-10 15:29:00,2011-11-18 14:51:00,United Kingdom
15497,18,2,1262.20,631.1000000000000000,302,2011-01-24 10:01:00,2011-11-22 11:51:00,United Kingdom
15498,3,27,13316.40,493.2000000000000000,364,2010-12-08 12:29:00,2011-12-07 12:48:00,United Kingdom
15500,9,4,1131.56,282.8900000000000000,73,2011-09-19 13:47:00,2011-12-01 13:47:00,United Kingdom
15502,16,12,10384.93,865.4108333333333333,354,2010-12-05 15:40:00,2011-11-24 12:48:00,United Kingdom
15503,363,1,141.04,141.0400000000000000,0,2010-12-12 10:57:00,2010-12-12 10:57:00,United Kingdom
15504,82,1,52.83,52.8300000000000000,0,2011-09-19 13:45:00,2011-09-19 13:45:00,United Kingdom
15505,53,5,3610.96,722.1920000000000000,103,2011-07-07 13:33:00,2011-10-18 07:56:00,United Kingdom
15506,23,3,972.08,324.0266666666666667,116,2011-07-24 11:45:00,2011-11-17 12:11:00,United Kingdom
15507,172,1,475.86,475.8600000000000000,0,2011-06-21 11:19:00,2011-06-21 11:19:00,United Kingdom
15508,190,6,1000.27,166.7116666666666667,46,2011-04-18 15:31:00,2011-06-03 15:43:00,United Kingdom
15510,331,1,250.00,250.0000000000000000,0,2011-01-13 12:10:00,2011-01-13 12:10:00,United Kingdom
15511,12,5,900.53,180.1060000000000000,74,2011-09-15 15:05:00,2011-11-28 09:43:00,United Kingdom
15512,156,2,121.00,60.5000000000000000,204,2010-12-15 12:01:00,2011-07-07 10:20:00,United Kingdom
15513,34,19,14758.22,776.7484210526315789,340,2010-12-01 11:22:00,2011-11-06 14:36:00,United Kingdom
15514,13,11,4023.72,365.7927272727272727,352,2010-12-10 13:50:00,2011-11-27 14:40:00,United Kingdom
15516,45,3,62.43,20.8100000000000000,2,2011-10-24 11:33:00,2011-10-26 10:51:00,United Kingdom
15517,234,1,267.03,267.0300000000000000,0,2011-04-20 14:02:00,2011-04-20 14:02:00,United Kingdom
15518,65,8,1921.55,240.1937500000000000,268,2011-01-11 12:55:00,2011-10-06 13:05:00,United Kingdom
15520,2,1,343.50,343.5000000000000000,0,2011-12-08 10:58:00,2011-12-08 10:58:00,United Kingdom
15521,41,8,3000.20,375.0250000000000000,214,2011-03-30 09:15:00,2011-10-30 13:42:00,United Kingdom
15522,33,2,397.99,198.9950000000000000,55,2011-09-13 12:26:00,2011-11-07 11:26:00,United Kingdom
15523,85,1,412.01,412.0100000000000000,0,2011-09-16 16:29:00,2011-09-16 16:29:00,United Kingdom
15524,25,1,440.00,440.0000000000000000,0,2011-11-15 12:09:00,2011-11-15 12:09:00,United Kingdom
15525,3,3,734.37,244.7900000000000000,371,2010-12-01 13:17:00,2011-12-07 14:43:00,United Kingdom
15526,34,2,148.44,74.2200000000000000,0,2011-11-06 15:01:00,2011-11-06 15:04:00,United Kingdom
15527,19,8,2428.53,303.5662500000000000,336,2010-12-20 14:15:00,2011-11-21 12:17:00,United Kingdom
15528,255,1,229.33,229.3300000000000000,0,2011-03-30 16:14:00,2011-03-30 16:14:00,United Kingdom
15529,23,11,3962.60,360.2363636363636364,344,2010-12-08 12:24:00,2011-11-17 11:29:00,United Kingdom
15530,22,4,1497.31,374.3275000000000000,225,2011-04-07 11:16:00,2011-11-18 12:25:00,United Kingdom
15531,9,2,1972.39,986.1950000000000000,22,2011-11-09 17:47:00,2011-12-01 18:43:00,United Kingdom
15532,26,4,1564.73,391.1825000000000000,333,2010-12-16 16:45:00,2011-11-14 14:51:00,United Kingdom
15533,20,3,807.57,269.1900000000000000,70,2011-09-11 15:41:00,2011-11-20 15:35:00,United Kingdom
15535,174,4,502.90,125.7250000000000000,154,2011-01-16 12:35:00,2011-06-19 16:02:00,United Kingdom
15537,164,1,110.92,110.9200000000000000,0,2011-06-29 13:10:00,2011-06-29 13:10:00,United Kingdom
15539,8,1,538.46,538.4600000000000000,0,2011-12-02 13:36:00,2011-12-02 13:36:00,United Kingdom
15540,12,1,213.30,213.3000000000000000,0,2011-11-28 13:51:00,2011-11-28 13:51:00,United Kingdom
15541,115,1,85.13,85.1300000000000000,0,2011-08-17 14:58:00,2011-08-17 14:58:00,United Kingdom
15543,289,1,127.86,127.8600000000000000,0,2011-02-24 15:26:00,2011-02-24 15:26:00,United Kingdom
15544,10,9,3546.71,394.0788888888888889,363,2010-12-02 12:47:00,2011-11-30 16:43:00,United Kingdom
15545,55,2,288.97,144.4850000000000000,317,2010-12-03 17:28:00,2011-10-16 13:24:00,United Kingdom
15547,8,14,4910.60,350.7571428571428571,355,2010-12-12 13:26:00,2011-12-02 12:52:00,United Kingdom
15549,78,3,1681.46,560.4866666666666667,239,2011-01-27 15:38:00,2011-09-23 16:22:00,United Kingdom
15550,5,4,575.63,143.9075000000000000,297,2011-02-11 12:49:00,2011-12-05 15:38:00,United Kingdom
15551,37,1,436.06,436.0600000000000000,0,2011-11-03 12:37:00,2011-11-03 12:37:00,United Kingdom
15552,218,1,90.12,90.1200000000000000,0,2011-05-06 14:47:00,2011-05-06 14:47:00,United Kingdom
15553,61,1,428.93,428.9300000000000000,0,2011-10-10 14:02:00,2011-10-10 14:02:00,United Kingdom
15554,278,1,217.20,217.2000000000000000,0,2011-03-07 09:00:00,2011-03-07 09:00:00,United Kingdom
15555,13,16,4794.86,299.6787500000000000,357,2010-12-05 14:45:00,2011-11-27 16:19:00,United Kingdom
15556,25,1,279.77,279.7700000000000000,0,2011-11-15 16:08:00,2011-11-15 16:08:00,United Kingdom
15557,29,1,468.91,468.9100000000000000,0,2011-11-11 12:46:00,2011-11-11 12:46:00,United Kingdom
15561,12,4,800.59,200.1475000000000000,204,2011-05-08 11:38:00,2011-11-28 11:07:00,United Kingdom
15562,352,1,134.55,134.5500000000000000,0,2010-12-23 09:55:00,2010-12-23 09:55:00,United Kingdom
15563,23,4,1400.44,350.1100000000000000,336,2010-12-16 11:27:00,2011-11-17 14:50:00,United Kingdom
15565,51,2,173.16,86.5800000000000000,20,2011-09-30 10:44:00,2011-10-20 14:33:00,United Kingdom
15567,19,1,186.01,186.0100000000000000,0,2011-11-21 10:48:00,2011-11-21 10:48:00,United Kingdom
15568,3,3,758.29,252.7633333333333333,71,2011-09-27 14:37:00,2011-12-07 11:27:00,United Kingdom
15569,104,5,1375.71,275.1420000000000000,229,2011-01-11 13:26:00,2011-08-28 10:15:00,United Kingdom
15570,8,12,4148.82,345.7350000000000000,362,2010-12-05 12:57:00,2011-12-02 14:47:00,United Kingdom
15571,12,4,650.43,162.6075000000000000,67,2011-09-22 13:15:00,2011-11-28 10:02:00,United Kingdom
15572,5,7,2533.42,361.9171428571428571,274,2011-03-06 14:44:00,2011-12-05 10:09:00,United Kingdom
15573,32,2,591.19,295.5950000000000000,54,2011-09-15 12:16:00,2011-11-08 11:38:00,United Kingdom
15574,178,4,675.64,168.9100000000000000,195,2010-12-02 15:46:00,2011-06-15 12:01:00,United Kingdom
15576,38,1,921.37,921.3700000000000000,0,2011-11-02 12:03:00,2011-11-02 12:03:00,United Kingdom
15577,152,3,258.88,86.2933333333333333,154,2011-02-07 13:32:00,2011-07-11 17:03:00,United Kingdom
15578,163,1,127.10,127.1000000000000000,0,2011-06-30 13:03:00,2011-06-30 13:03:00,United Kingdom
15579,69,2,327.60,163.8000000000000000,245,2011-01-30 12:09:00,2011-10-02 12:45:00,United Kingdom
15581,121,13,3675.77,282.7515384615384615,246,2010-12-08 14:38:00,2011-08-11 09:38:00,United Kingdom
15582,25,3,682.91,227.6366666666666667,196,2011-05-03 13:36:00,2011-11-15 09:55:00,United Kingdom
15584,24,4,720.86,180.2150000000000000,139,2011-06-30 16:39:00,2011-11-16 10:55:00,United Kingdom
15585,177,1,455.30,455.3000000000000000,0,2011-06-16 08:38:00,2011-06-16 08:38:00,United Kingdom
15587,51,4,913.68,228.4200000000000000,301,2010-12-23 09:59:00,2011-10-20 13:37:00,United Kingdom
15589,256,3,478.53,159.5100000000000000,55,2011-02-02 10:46:00,2011-03-29 09:54:00,United Kingdom
15592,47,1,388.58,388.5800000000000000,0,2011-10-24 08:59:00,2011-10-24 08:59:00,United Kingdom
15593,71,1,199.80,199.8000000000000000,0,2011-09-30 11:46:00,2011-09-30 11:46:00,United Kingdom
15594,16,5,1771.78,354.3560000000000000,219,2011-04-19 10:08:00,2011-11-24 08:53:00,United Kingdom
15596,101,5,1406.59,281.3180000000000000,265,2010-12-09 16:10:00,2011-08-31 10:55:00,United Kingdom
15597,36,1,324.57,324.5700000000000000,0,2011-11-04 13:26:00,2011-11-04 13:26:00,United Kingdom
15598,54,1,240.68,240.6800000000000000,0,2011-10-17 16:04:00,2011-10-17 16:04:00,United Kingdom
15599,27,2,761.74,380.8700000000000000,178,2011-05-19 13:05:00,2011-11-13 11:44:00,United Kingdom
15601,12,14,6776.56,484.0400000000000000,361,2010-12-02 10:39:00,2011-11-28 15:15:00,United Kingdom
15602,9,9,1297.87,144.2077777777777778,360,2010-12-06 15:35:00,2011-12-01 14:14:00,United Kingdom
15603,79,1,48.48,48.4800000000000000,0,2011-09-22 10:04:00,2011-09-22 10:04:00,United Kingdom
15604,53,1,216.39,216.3900000000000000,0,2011-10-18 14:47:00,2011-10-18 14:47:00,United Kingdom
15605,37,5,1198.23,239.6460000000000000,337,2010-12-01 13:38:00,2011-11-03 14:17:00,United Kingdom
15606,62,9,2920.16,324.4622222222222222,263,2011-01-19 12:07:00,2011-10-09 15:47:00,United Kingdom
15607,337,1,104.76,104.7600000000000000,0,2011-01-07 12:44:00,2011-01-07 12:44:00,United Kingdom
15608,29,4,1093.68,273.4200000000000000,92,2011-08-11 09:56:00,2011-11-11 13:20:00,United Kingdom
15609,185,1,298.48,298.4800000000000000,0,2011-06-08 13:00:00,2011-06-08 13:00:00,United Kingdom
15610,52,1,112.46,112.4600000000000000,0,2011-10-19 10:36:00,2011-10-19 10:36:00,United Kingdom
15611,10,13,1591.45,122.4192307692307692,325,2011-01-09 11:32:00,2011-11-30 12:36:00,United Kingdom
15612,37,2,195.15,97.5750000000000000,25,2011-10-09 12:49:00,2011-11-03 14:52:00,United Kingdom
15615,11,23,10399.74,452.1626086956521739,349,2010-12-15 16:21:00,2011-11-29 14:42:00,United Kingdom
15618,33,4,776.85,194.2125000000000000,104,2011-07-26 10:13:00,2011-11-07 08:34:00,United Kingdom
15619,11,1,336.40,336.4000000000000000,0,2011-11-29 08:14:00,2011-11-29 08:14:00,United Kingdom
15620,57,3,1553.18,517.7266666666666667,302,2010-12-16 14:34:00,2011-10-14 12:41:00,United Kingdom
15621,5,4,1293.03,323.2575000000000000,17,2011-11-18 11:49:00,2011-12-05 14:01:00,United Kingdom
15622,44,9,3709.56,412.1733333333333333,239,2011-03-02 13:42:00,2011-10-27 16:44:00,United Kingdom
15623,142,1,301.03,301.0300000000000000,0,2011-07-21 17:26:00,2011-07-21 17:26:00,United Kingdom
15624,117,4,588.13,147.0325000000000000,140,2011-03-28 13:32:00,2011-08-15 11:38:00,United Kingdom
15625,104,4,1534.26,383.5650000000000000,132,2011-04-18 14:01:00,2011-08-28 10:21:00,United Kingdom
15626,75,2,675.80,337.9000000000000000,255,2011-01-14 10:10:00,2011-09-26 10:03:00,United Kingdom
15628,5,9,2870.24,318.9155555555555556,362,2010-12-08 09:51:00,2011-12-05 10:24:00,United Kingdom
15630,46,2,1186.35,593.1750000000000000,159,2011-05-19 10:16:00,2011-10-25 15:36:00,United Kingdom
15632,16,8,3285.31,410.6637500000000000,259,2011-03-10 08:29:00,2011-11-24 09:51:00,United Kingdom
15634,18,1,243.55,243.5500000000000000,0,2011-11-22 16:28:00,2011-11-22 16:28:00,United Kingdom
15636,90,2,724.76,362.3800000000000000,193,2011-03-02 14:50:00,2011-09-11 11:17:00,United Kingdom
15637,53,1,223.36,223.3600000000000000,0,2011-10-18 08:28:00,2011-10-18 08:28:00,United Kingdom
15639,135,1,425.32,425.3200000000000000,0,2011-07-28 14:30:00,2011-07-28 14:30:00,United Kingdom
15640,5,15,12416.11,827.7406666666666667,368,2010-12-02 15:40:00,2011-12-05 14:35:00,United Kingdom
15641,106,4,1887.20,471.8000000000000000,254,2010-12-15 14:45:00,2011-08-26 14:04:00,United Kingdom
15643,192,3,664.00,221.3333333333333333,91,2011-03-02 14:34:00,2011-06-01 07:38:00,United Kingdom
15644,167,4,803.54,200.8850000000000000,95,2011-03-23 15:37:00,2011-06-26 14:54:00,United Kingdom
15645,19,1,612.01,612.0100000000000000,0,2011-11-21 11:55:00,2011-11-21 11:55:00,United Kingdom
15646,158,3,447.64,149.2133333333333333,215,2010-12-02 16:59:00,2011-07-05 09:53:00,United Kingdom
15648,205,2,639.50,319.7500000000000000,63,2011-03-17 18:59:00,2011-05-19 15:53:00,United Kingdom
15649,337,2,816.00,408.0000000000000000,31,2010-12-07 10:06:00,2011-01-07 13:34:00,United Kingdom
15651,37,3,646.30,215.4333333333333333,224,2011-03-24 08:56:00,2011-11-03 08:41:00,United Kingdom
15652,92,1,337.74,337.7400000000000000,0,2011-09-09 14:22:00,2011-09-09 14:22:00,United Kingdom
15653,93,2,877.44,438.7200000000000000,23,2011-08-16 09:50:00,2011-09-08 10:49:00,United Kingdom
15654,10,2,922.53,461.2650000000000000,17,2011-11-13 15:15:00,2011-11-30 13:08:00,United Kingdom
15655,244,1,560.67,560.6700000000000000,0,2011-04-10 15:25:00,2011-04-10 15:25:00,United Kingdom
15656,46,4,748.50,187.1250000000000000,239,2011-02-28 15:32:00,2011-10-25 14:56:00,United Kingdom
15657,23,1,30.00,30.0000000000000000,0,2011-11-17 12:19:00,2011-11-17 12:19:00,United Kingdom
15658,191,5,1024.10,204.8200000000000000,182,2010-12-02 10:53:00,2011-06-02 15:22:00,United Kingdom
15659,44,1,306.45,306.4500000000000000,0,2011-10-27 09:23:00,2011-10-27 09:23:00,United Kingdom
15660,26,9,1600.86,177.8733333333333333,340,2010-12-09 09:49:00,2011-11-14 16:58:00,United Kingdom
15661,318,2,309.80,154.9000000000000000,21,2011-01-05 12:32:00,2011-01-26 13:56:00,United Kingdom
15663,107,1,138.14,138.1400000000000000,0,2011-08-25 15:50:00,2011-08-25 15:50:00,United Kingdom
15664,51,1,386.43,386.4300000000000000,0,2011-10-20 10:57:00,2011-10-20 10:57:00,United Kingdom
15665,169,2,2222.21,1111.1050000000000000,75,2011-04-10 15:09:00,2011-06-24 14:57:00,United Kingdom
15667,40,1,301.32,301.3200000000000000,0,2011-10-31 10:56:00,2011-10-31 10:56:00,United Kingdom
15668,218,1,76.32,76.3200000000000000,0,2011-05-06 10:39:00,2011-05-06 10:39:00,United Kingdom
15669,41,4,684.34,171.0850000000000000,223,2011-03-21 09:13:00,2011-10-30 16:03:00,United Kingdom
15670,297,1,173.05,173.0500000000000000,0,2011-02-16 10:50:00,2011-02-16 10:50:00,United Kingdom
15671,19,7,2657.13,379.5900000000000000,252,2011-03-14 09:37:00,2011-11-21 12:43:00,United Kingdom
15673,89,4,2726.23,681.5575000000000000,239,2011-01-16 16:25:00,2011-09-12 16:12:00,United Kingdom
15674,74,5,2446.60,489.3200000000000000,181,2011-03-30 09:19:00,2011-09-27 15:17:00,United Kingdom
15675,82,3,323.69,107.8966666666666667,199,2011-03-04 14:21:00,2011-09-19 13:48:00,United Kingdom
15676,19,3,3435.76,1145.2533333333333333,265,2011-03-01 10:19:00,2011-11-21 12:40:00,United Kingdom
15677,50,1,657.23,657.2300000000000000,0,2011-10-21 15:36:00,2011-10-21 15:36:00,United Kingdom
15678,53,1,352.70,352.7000000000000000,0,2011-10-18 09:25:00,2011-10-18 09:25:00,United Kingdom
15679,25,4,781.28,195.3200000000000000,158,2011-06-10 08:24:00,2011-11-15 16:19:00,United Kingdom
15680,10,3,1333.68,444.5600000000000000,357,2010-12-08 14:43:00,2011-11-30 13:46:00,United Kingdom
15681,26,5,1426.16,285.2320000000000000,255,2011-03-04 13:46:00,2011-11-14 16:30:00,United Kingdom
15683,118,1,193.75,193.7500000000000000,0,2011-08-14 12:56:00,2011-08-14 12:56:00,United Kingdom
15687,9,9,2993.10,332.5666666666666667,322,2011-01-13 15:13:00,2011-12-01 08:33:00,United Kingdom
15689,120,2,254.10,127.0500000000000000,242,2010-12-13 09:57:00,2011-08-12 09:37:00,United Kingdom
15690,5,2,239.76,119.8800000000000000,96,2011-08-31 11:40:00,2011-12-05 15:59:00,United Kingdom
15691,253,1,136.80,136.8000000000000000,0,2011-04-01 15:13:00,2011-04-01 15:13:00,United Kingdom
15692,29,1,191.04,191.0400000000000000,0,2011-11-11 14:12:00,2011-11-11 14:12:00,United Kingdom
15694,1,14,6479.40,462.8142857142857143,372,2010-12-02 07:49:00,2011-12-09 09:44:00,United Kingdom
15695,267,2,409.98,204.9900000000000000,0,2011-03-18 08:31:00,2011-03-18 08:32:00,United Kingdom
15696,34,8,2711.11,338.8887500000000000,293,2011-01-17 11:24:00,2011-11-06 14:02:00,United Kingdom
15699,18,1,309.65,309.6500000000000000,0,2011-11-22 08:26:00,2011-11-22 08:26:00,United Kingdom
15700,173,2,696.68,348.3400000000000000,1,2011-06-19 15:36:00,2011-06-20 16:53:00,United Kingdom
15701,3,4,1529.00,382.2500000000000000,108,2011-08-21 12:36:00,2011-12-07 14:39:00,United Kingdom
15703,265,1,211.50,211.5000000000000000,0,2011-03-20 10:51:00,2011-03-20 10:51:00,United Kingdom
15704,141,4,2293.62,573.4050000000000000,75,2011-05-08 12:42:00,2011-07-22 13:35:00,United Kingdom
15705,202,1,143.10,143.1000000000000000,0,2011-05-22 15:37:00,2011-05-22 15:37:00,United Kingdom
15706,64,4,1060.56,265.1400000000000000,53,2011-08-15 14:32:00,2011-10-07 10:09:00,United Kingdom
15707,36,4,916.98,229.2450000000000000,51,2011-09-14 14:19:00,2011-11-04 14:35:00,United Kingdom
15708,41,7,3235.25,462.1785714285714286,329,2010-12-05 11:12:00,2011-10-30 10:54:00,United Kingdom
15709,284,1,133.25,133.2500000000000000,0,2011-03-01 10:38:00,2011-03-01 10:38:00,United Kingdom
15712,10,5,1072.36,214.4720000000000000,278,2011-02-25 11:32:00,2011-11-30 14:09:00,United Kingdom
15713,144,2,356.70,178.3500000000000000,223,2010-12-08 15:16:00,2011-07-19 13:34:00,United Kingdom
15714,12,2,330.03,165.0150000000000000,66,2011-09-23 11:25:00,2011-11-28 11:26:00,United Kingdom
15716,146,4,1101.11,275.2775000000000000,224,2010-12-05 12:26:00,2011-07-17 11:59:00,United Kingdom
15717,235,1,150.30,150.3000000000000000,0,2011-04-19 13:21:00,2011-04-19 13:21:00,United Kingdom
15719,33,13,5030.07,386.9284615384615385,305,2011-01-06 12:31:00,2011-11-07 12:29:00,United Kingdom
15720,25,1,598.73,598.7300000000000000,0,2011-11-15 14:48:00,2011-11-15 14:48:00,United Kingdom
15721,12,1,471.40,471.4000000000000000,0,2011-11-28 12:14:00,2011-11-28 12:14:00,United Kingdom
15722,36,5,2211.21,442.2420000000000000,255,2011-02-22 12:24:00,2011-11-04 11:43:00,United Kingdom
15723,365,1,190.70,190.7000000000000000,0,2010-12-10 11:12:00,2010-12-10 11:12:00,United Kingdom
15724,202,2,218.25,109.1250000000000000,83,2011-02-28 10:40:00,2011-05-22 14:40:00,United Kingdom
15725,16,1,415.25,415.2500000000000000,0,2011-11-24 14:51:00,2011-11-24 14:51:00,United Kingdom
15727,17,7,5159.06,737.0085714285714286,343,2010-12-15 15:47:00,2011-11-23 12:36:00,United Kingdom
15729,213,1,85.00,85.0000000000000000,0,2011-05-11 12:36:00,2011-05-11 12:36:00,United Kingdom
15730,66,3,1120.88,373.6266666666666667,141,2011-05-17 12:43:00,2011-10-05 12:31:00,United Kingdom
15732,213,2,294.12,147.0600000000000000,160,2010-12-02 15:00:00,2011-05-11 14:24:00,United Kingdom
15733,283,1,162.30,162.3000000000000000,0,2011-03-02 09:05:00,2011-03-02 09:05:00,United Kingdom
15734,115,2,1339.45,669.7250000000000000,86,2011-05-23 14:59:00,2011-08-17 10:50:00,United Kingdom
15737,15,8,1188.12,148.5150000000000000,228,2011-04-11 10:01:00,2011-11-25 11:21:00,United Kingdom
15738,19,16,4812.42,300.7762500000000000,354,2010-12-02 12:50:00,2011-11-21 08:26:00,United Kingdom
15739,67,1,449.12,449.1200000000000000,0,2011-10-04 13:42:00,2011-10-04 13:42:00,United Kingdom
15740,50,1,154.88,154.8800000000000000,0,2011-10-21 14:29:00,2011-10-21 14:29:00,United Kingdom
15743,17,4,775.96,193.9900000000000000,168,2011-06-08 10:14:00,2011-11-23 17:19:00,United Kingdom
15744,78,1,34.80,34.8000000000000000,0,2011-09-23 09:52:00,2011-09-23 09:52:00,United Kingdom
15745,20,4,1094.59,273.6475000000000000,217,2011-04-17 13:04:00,2011-11-20 13:45:00,United Kingdom
15746,135,1,196.88,196.8800000000000000,0,2011-07-28 15:21:00,2011-07-28 15:21:00,United Kingdom
15747,13,3,946.64,315.5466666666666667,160,2011-06-20 11:30:00,2011-11-27 12:26:00,United Kingdom
15748,41,1,144.36,144.3600000000000000,0,2011-10-30 12:51:00,2011-10-30 12:51:00,United Kingdom
15749,236,3,44534.30,14844.766666666667,97,2011-01-11 12:55:00,2011-04-18 13:20:00,United Kingdom
15750,3,8,2463.05,307.8812500000000000,364,2010-12-08 10:36:00,2011-12-07 12:34:00,United Kingdom
15752,40,7,2626.60,375.2285714285714286,333,2010-12-02 09:43:00,2011-10-31 11:37:00,United Kingdom
15753,305,1,79.20,79.2000000000000000,0,2011-02-08 12:41:00,2011-02-08 12:41:00,United Kingdom
15754,52,3,458.57,152.8566666666666667,195,2011-04-07 12:24:00,2011-10-19 14:40:00,United Kingdom
15755,11,6,2364.25,394.0416666666666667,284,2011-02-18 11:53:00,2011-11-29 14:57:00,United Kingdom
15756,62,4,528.01,132.0025000000000000,188,2011-04-04 14:00:00,2011-10-09 13:30:00,United Kingdom
15757,66,2,714.42,357.2100000000000000,152,2011-05-06 11:40:00,2011-10-05 12:14:00,United Kingdom
15758,25,1,205.25,205.2500000000000000,0,2011-11-15 10:48:00,2011-11-15 10:48:00,United Kingdom
15759,219,3,253.04,84.3466666666666667,140,2010-12-16 15:29:00,2011-05-05 15:13:00,United Kingdom
15762,66,2,583.75,291.8750000000000000,12,2011-09-23 15:17:00,2011-10-05 16:15:00,United Kingdom
15763,32,2,1086.92,543.4600000000000000,46,2011-09-23 12:10:00,2011-11-08 09:44:00,United Kingdom
15764,89,6,3279.97,546.6616666666666667,188,2011-03-08 09:23:00,2011-09-12 17:58:00,United Kingdom
15766,65,1,315.06,315.0600000000000000,0,2011-10-06 17:03:00,2011-10-06 17:03:00,United Kingdom
15768,116,3,621.83,207.2766666666666667,110,2011-04-28 09:20:00,2011-08-16 10:48:00,United Kingdom
15769,8,26,56252.72,2163.5661538461538462,364,2010-12-03 15:16:00,2011-12-02 13:52:00,United Kingdom
15773,6,1,635.68,635.6800000000000000,0,2011-12-04 12:48:00,2011-12-04 12:48:00,United Kingdom
15774,69,1,270.80,270.8000000000000000,0,2011-10-02 12:04:00,2011-10-02 12:04:00,United Kingdom
15775,246,1,104.90,104.9000000000000000,0,2011-04-08 12:56:00,2011-04-08 12:56:00,United Kingdom
15776,134,1,241.62,241.6200000000000000,0,2011-07-29 13:46:00,2011-07-29 13:46:00,United Kingdom
15777,242,4,1047.11,261.7775000000000000,120,2010-12-13 16:38:00,2011-04-12 16:43:00,United Kingdom
15780,184,3,475.28,158.4266666666666667,174,2010-12-17 11:43:00,2011-06-09 12:01:00,United Kingdom
15781,26,3,345.46,115.1533333333333333,280,2011-02-07 09:15:00,2011-11-14 14:57:00,United Kingdom
15782,10,3,2614.74,871.5800000000000000,80,2011-09-11 14:29:00,2011-11-30 10:49:00,United Kingdom
15783,11,1,246.30,246.3000000000000000,0,2011-11-29 09:50:00,2011-11-29 09:50:00,United Kingdom
15785,33,5,2328.97,465.7940000000000000,263,2011-02-17 14:17:00,2011-11-07 11:33:00,United Kingdom
15786,47,3,4919.00,1639.6666666666666667,68,2011-08-17 13:33:00,2011-10-24 14:13:00,United Kingdom
15787,27,3,933.26,311.0866666666666667,35,2011-10-09 13:11:00,2011-11-13 14:55:00,United Kingdom
15789,359,1,351.30,351.3000000000000000,0,2010-12-16 14:35:00,2010-12-16 14:35:00,United Kingdom
15790,11,1,218.75,218.7500000000000000,0,2011-11-29 14:53:00,2011-11-29 14:53:00,United Kingdom
15791,44,2,1612.69,806.3450000000000000,161,2011-05-19 15:15:00,2011-10-27 10:14:00,United Kingdom
15793,15,3,965.61,321.8700000000000000,254,2011-03-16 10:45:00,2011-11-25 09:31:00,United Kingdom
15795,150,1,610.01,610.0100000000000000,0,2011-07-13 10:43:00,2011-07-13 10:43:00,United Kingdom
15796,2,8,2708.61,338.5762500000000000,301,2011-02-10 15:40:00,2011-12-08 19:55:00,United Kingdom
15797,114,4,2207.40,551.8500000000000000,206,2011-01-24 15:47:00,2011-08-18 17:04:00,United Kingdom
15799,76,3,884.14,294.7133333333333333,259,2011-01-09 15:13:00,2011-09-25 12:46:00,United Kingdom
15800,108,2,696.89,348.4450000000000000,139,2011-04-07 12:39:00,2011-08-24 14:23:00,United Kingdom
15801,47,3,1063.95,354.6500000000000000,63,2011-08-22 09:53:00,2011-10-24 13:52:00,United Kingdom
15802,143,1,451.42,451.4200000000000000,0,2011-07-20 11:38:00,2011-07-20 11:38:00,United Kingdom
15803,52,1,415.82,415.8200000000000000,0,2011-10-19 14:56:00,2011-10-19 14:56:00,United Kingdom
15804,1,13,4206.39,323.5684615384615385,198,2011-05-25 10:12:00,2011-12-09 12:31:00,United Kingdom
15805,24,17,5488.18,322.8341176470588235,341,2010-12-10 09:33:00,2011-11-16 16:32:00,United Kingdom
15806,47,3,784.58,261.5266666666666667,230,2011-03-08 09:24:00,2011-10-24 14:35:00,United Kingdom
15807,51,3,903.90,301.3000000000000000,27,2011-09-23 14:43:00,2011-10-20 14:10:00,United Kingdom
15808,307,4,3651.27,912.8175000000000000,63,2010-12-05 13:05:00,2011-02-06 14:33:00,United Kingdom
15809,37,5,515.77,103.1540000000000000,266,2011-02-10 11:16:00,2011-11-03 16:40:00,United Kingdom
15810,79,4,1391.98,347.9950000000000000,218,2011-02-16 09:11:00,2011-09-22 09:38:00,United Kingdom
15811,23,6,2218.62,369.7700000000000000,343,2010-12-09 15:29:00,2011-11-17 15:31:00,United Kingdom
15812,108,5,1801.14,360.2280000000000000,210,2011-01-26 12:12:00,2011-08-24 14:19:00,United Kingdom
15813,208,2,1303.91,651.9550000000000000,32,2011-04-14 09:09:00,2011-05-16 08:13:00,United Kingdom
15814,17,4,1945.33,486.3325000000000000,34,2011-10-20 09:04:00,2011-11-23 08:17:00,United Kingdom
15815,64,5,2100.60,420.1200000000000000,196,2011-03-25 08:43:00,2011-10-07 12:42:00,United Kingdom
15819,50,4,1905.45,476.3625000000000000,227,2011-03-08 09:45:00,2011-10-21 14:50:00,United Kingdom
15820,320,1,206.98,206.9800000000000000,0,2011-01-24 12:00:00,2011-01-24 12:00:00,United Kingdom
15821,45,2,570.96,285.4800000000000000,17,2011-10-09 13:28:00,2011-10-26 15:48:00,United Kingdom
15822,4,2,885.47,442.7350000000000000,356,2010-12-15 13:38:00,2011-12-06 14:50:00,United Kingdom
15823,373,1,15.00,15.0000000000000000,0,2010-12-02 15:08:00,2010-12-02 15:08:00,United Kingdom
15825,173,1,532.94,532.9400000000000000,0,2011-06-20 13:27:00,2011-06-20 13:27:00,United Kingdom
15826,57,3,1654.31,551.4366666666666667,154,2011-05-13 10:44:00,2011-10-14 16:05:00,United Kingdom
15827,74,14,1836.09,131.1492857142857143,299,2010-12-02 13:06:00,2011-09-27 15:35:00,United Kingdom
15829,100,2,636.14,318.0700000000000000,41,2011-07-22 10:23:00,2011-09-01 16:45:00,United Kingdom
15830,38,1,576.00,576.0000000000000000,0,2011-11-02 10:40:00,2011-11-02 10:40:00,United Kingdom
15831,59,3,794.64,264.8800000000000000,266,2011-01-19 14:52:00,2011-10-12 13:14:00,United Kingdom
15832,255,1,836.79,836.7900000000000000,0,2011-03-30 15:29:00,2011-03-30 15:29:00,United Kingdom
15834,71,4,2225.15,556.2875000000000000,207,2011-03-07 17:52:00,2011-09-30 14:41:00,United Kingdom
15835,45,4,954.09,238.5225000000000000,286,2011-01-13 10:35:00,2011-10-26 15:47:00,United Kingdom
15836,51,1,137.37,137.3700000000000000,0,2011-10-20 17:13:00,2011-10-20 17:13:00,United Kingdom
15837,65,1,391.98,391.9800000000000000,0,2011-10-06 09:01:00,2011-10-06 09:01:00,United Kingdom
15838,12,19,33643.08,1770.6884210526315789,356,2010-12-07 11:26:00,2011-11-28 14:00:00,United Kingdom
15839,34,3,1048.49,349.4966666666666667,115,2011-07-14 16:35:00,2011-11-06 13:54:00,United Kingdom
15840,59,2,355.56,177.7800000000000000,114,2011-06-20 11:42:00,2011-10-12 09:08:00,United Kingdom
15841,73,4,1224.06,306.0150000000000000,266,2011-01-05 11:25:00,2011-09-28 12:15:00,United Kingdom
15843,304,1,118.95,118.9500000000000000,0,2011-02-09 10:19:00,2011-02-09 10:19:00,United Kingdom
15844,47,1,130.74,130.7400000000000000,0,2011-10-24 15:19:00,2011-10-24 15:19:00,United Kingdom
15845,18,8,3711.77,463.9712500000000000,320,2011-01-06 17:19:00,2011-11-22 09:42:00,United Kingdom
15847,39,2,389.27,194.6350000000000000,250,2011-02-24 16:46:00,2011-11-01 14:41:00,United Kingdom
15850,20,2,234.88,117.4400000000000000,149,2011-06-24 14:16:00,2011-11-20 14:14:00,United Kingdom
15852,187,2,160.71,80.3550000000000000,11,2011-05-26 13:26:00,2011-06-06 11:22:00,United Kingdom
15853,52,1,110.80,110.8000000000000000,0,2011-10-19 10:38:00,2011-10-19 10:38:00,United Kingdom
15854,5,12,2969.12,247.4266666666666667,357,2010-12-13 11:47:00,2011-12-05 13:39:00,United Kingdom
15855,137,5,712.24,142.4480000000000000,127,2011-03-21 12:32:00,2011-07-26 10:20:00,United Kingdom
15856,5,27,16143.64,597.9125925925925926,361,2010-12-09 13:34:00,2011-12-05 17:09:00,United Kingdom
15857,19,1,297.00,297.0000000000000000,0,2011-11-21 12:18:00,2011-11-21 12:18:00,United Kingdom
15858,16,5,1427.57,285.5140000000000000,352,2010-12-07 14:31:00,2011-11-24 12:48:00,United Kingdom
15860,41,8,965.16,120.6450000000000000,328,2010-12-06 11:38:00,2011-10-30 11:25:00,United Kingdom
15861,13,8,3146.92,393.3650000000000000,255,2011-03-17 20:12:00,2011-11-27 15:59:00,United Kingdom
15862,9,4,832.88,208.2200000000000000,365,2010-12-01 11:21:00,2011-12-01 13:28:00,United Kingdom
15863,26,2,68.84,34.4200000000000000,167,2011-05-31 11:36:00,2011-11-14 12:49:00,United Kingdom
15864,23,6,1936.32,322.7200000000000000,294,2011-01-27 16:43:00,2011-11-17 13:32:00,United Kingdom
15865,41,3,895.13,298.3766666666666667,173,2011-05-10 11:44:00,2011-10-30 12:43:00,United Kingdom
15866,102,1,211.89,211.8900000000000000,0,2011-08-30 14:09:00,2011-08-30 14:09:00,United Kingdom
15867,6,15,3810.14,254.0093333333333333,364,2010-12-05 14:17:00,2011-12-04 13:32:00,United Kingdom
15869,278,2,149.64,74.8200000000000000,0,2011-03-07 17:19:00,2011-03-07 17:23:00,United Kingdom
15870,33,1,351.44,351.4400000000000000,0,2011-11-07 10:58:00,2011-11-07 10:58:00,United Kingdom
15872,15,2,316.25,158.1250000000000000,0,2011-11-25 11:54:00,2011-11-25 11:55:00,United Kingdom
15874,64,7,4405.88,629.4114285714285714,221,2011-02-28 13:28:00,2011-10-07 12:31:00,United Kingdom
15877,2,2,490.33,245.1650000000000000,16,2011-11-22 11:18:00,2011-12-08 11:53:00,United Kingdom
15880,370,1,329.03,329.0300000000000000,0,2010-12-05 13:00:00,2010-12-05 13:00:00,United Kingdom
15881,313,5,501.39,100.2780000000000000,52,2010-12-10 13:32:00,2011-01-31 16:59:00,United Kingdom
15882,199,4,516.36,129.0900000000000000,170,2010-12-06 13:01:00,2011-05-25 11:35:00,United Kingdom
15883,3,2,396.48,198.2400000000000000,31,2011-11-06 14:50:00,2011-12-07 17:05:00,United Kingdom
15885,93,3,379.35,126.4500000000000000,217,2011-02-03 15:28:00,2011-09-08 10:43:00,United Kingdom
15886,61,1,181.09,181.0900000000000000,0,2011-10-10 14:25:00,2011-10-10 14:25:00,United Kingdom
15888,81,1,168.31,168.3100000000000000,0,2011-09-20 12:30:00,2011-09-20 12:30:00,United Kingdom
15889,157,2,420.07,210.0350000000000000,213,2010-12-05 15:12:00,2011-07-06 11:10:00,United Kingdom
15891,227,1,511.68,511.6800000000000000,0,2011-04-27 12:35:00,2011-04-27 12:35:00,United Kingdom
15894,254,2,258.25,129.1250000000000000,116,2010-12-05 14:06:00,2011-03-31 13:50:00,United Kingdom
15895,150,1,179.17,179.1700000000000000,0,2011-07-13 10:27:00,2011-07-13 10:27:00,United Kingdom
15897,195,2,208.59,104.2950000000000000,0,2011-05-29 13:32:00,2011-05-29 13:50:00,United Kingdom
15898,2,5,1383.83,276.7660000000000000,367,2010-12-06 11:01:00,2011-12-08 15:23:00,United Kingdom
15899,369,1,56.25,56.2500000000000000,0,2010-12-06 10:36:00,2010-12-06 10:36:00,United Kingdom
15900,24,1,337.28,337.2800000000000000,0,2011-11-16 12:19:00,2011-11-16 12:19:00,United Kingdom
15901,17,3,351.73,117.2433333333333333,138,2011-07-08 12:18:00,2011-11-23 12:43:00,United Kingdom
15903,10,7,5126.76,732.3942857142857143,286,2011-02-17 14:04:00,2011-11-30 08:08:00,United Kingdom
15904,9,1,164.68,164.6800000000000000,0,2011-12-01 14:50:00,2011-12-01 14:50:00,United Kingdom
15906,20,7,1567.69,223.9557142857142857,236,2011-03-29 13:28:00,2011-11-20 12:24:00,United Kingdom
15907,4,3,882.72,294.2400000000000000,207,2011-05-13 13:01:00,2011-12-06 12:21:00,United Kingdom
15909,174,1,191.94,191.9400000000000000,0,2011-06-19 10:38:00,2011-06-19 10:38:00,United Kingdom
15910,1,8,1228.88,153.6100000000000000,316,2011-01-27 11:55:00,2011-12-09 10:51:00,United Kingdom
15912,179,2,264.62,132.3100000000000000,55,2011-04-20 17:10:00,2011-06-14 14:29:00,United Kingdom
15916,17,8,1502.86,187.8575000000000000,350,2010-12-08 13:07:00,2011-11-23 13:46:00,United Kingdom
15917,248,1,123.10,123.1000000000000000,0,2011-04-06 10:40:00,2011-04-06 10:40:00,United Kingdom
15918,191,2,334.23,167.1150000000000000,81,2011-03-13 15:55:00,2011-06-02 11:42:00,United Kingdom
15919,20,2,525.69,262.8450000000000000,349,2010-12-06 11:26:00,2011-11-20 11:28:00,United Kingdom
15920,155,4,167.50,41.8750000000000000,0,2011-07-08 15:16:00,2011-07-08 15:31:00,United Kingdom
15921,173,1,323.03,323.0300000000000000,0,2011-06-20 11:03:00,2011-06-20 11:03:00,United Kingdom
15922,374,1,369.50,369.5000000000000000,0,2010-12-01 13:51:00,2010-12-01 13:51:00,United Kingdom
15923,373,1,127.08,127.0800000000000000,0,2010-12-02 12:16:00,2010-12-02 12:16:00,United Kingdom
15925,195,1,207.15,207.1500000000000000,0,2011-05-29 15:35:00,2011-05-29 15:35:00,United Kingdom
15930,68,1,426.63,426.6300000000000000,0,2011-10-03 14:52:00,2011-10-03 14:52:00,United Kingdom
15932,5,8,2495.87,311.9837500000000000,285,2011-02-23 14:50:00,2011-12-05 17:13:00,United Kingdom
15933,22,3,1107.46,369.1533333333333333,65,2011-09-14 12:05:00,2011-11-18 13:14:00,United Kingdom
15935,240,2,416.86,208.4300000000000000,2,2011-04-12 09:35:00,2011-04-14 13:27:00,United Kingdom
15937,65,1,145.35,145.3500000000000000,0,2011-10-06 15:48:00,2011-10-06 15:48:00,United Kingdom
15938,113,5,404.58,80.9160000000000000,211,2011-01-20 10:11:00,2011-08-19 12:56:00,United Kingdom
15939,90,15,6115.01,407.6673333333333333,242,2011-01-12 12:43:00,2011-09-11 11:30:00,United Kingdom
15940,312,1,35.80,35.8000000000000000,0,2011-02-01 16:18:00,2011-02-01 16:18:00,United Kingdom
15942,134,1,337.44,337.4400000000000000,0,2011-07-29 09:01:00,2011-07-29 09:01:00,United Kingdom
15944,277,1,325.10,325.1000000000000000,0,2011-03-08 10:33:00,2011-03-08 10:33:00,United Kingdom
15945,366,1,181.00,181.0000000000000000,0,2010-12-09 13:14:00,2010-12-09 13:14:00,United Kingdom
15947,83,1,1708.24,1708.2400000000000000,0,2011-09-18 10:46:00,2011-09-18 10:46:00,United Kingdom
15948,9,2,955.24,477.6200000000000000,35,2011-10-27 08:35:00,2011-12-01 15:32:00,United Kingdom
15949,17,2,364.72,182.3600000000000000,55,2011-09-29 17:34:00,2011-11-23 09:09:00,United Kingdom
15950,32,4,1744.71,436.1775000000000000,328,2010-12-15 11:56:00,2011-11-08 11:09:00,United Kingdom
15951,9,2,708.22,354.1100000000000000,277,2011-02-27 11:57:00,2011-12-01 08:34:00,United Kingdom
15952,34,4,781.91,195.4775000000000000,192,2011-04-28 12:55:00,2011-11-06 11:18:00,United Kingdom
15953,16,8,1657.28,207.1600000000000000,354,2010-12-05 15:15:00,2011-11-24 15:32:00,United Kingdom
15955,25,14,4416.26,315.4471428571428571,348,2010-12-02 11:22:00,2011-11-15 14:15:00,United Kingdom
15957,32,1,428.89,428.8900000000000000,0,2011-11-08 12:14:00,2011-11-08 12:14:00,United Kingdom
15958,75,1,104.35,104.3500000000000000,0,2011-09-26 13:41:00,2011-09-26 13:41:00,United Kingdom
15963,20,2,470.76,235.3800000000000000,26,2011-10-25 13:05:00,2011-11-20 11:33:00,United Kingdom
15965,18,4,808.87,202.2175000000000000,350,2010-12-07 13:18:00,2011-11-22 16:44:00,United Kingdom
15967,24,2,397.68,198.8400000000000000,295,2011-01-25 11:57:00,2011-11-16 15:41:00,United Kingdom
15969,3,3,666.10,222.0333333333333333,183,2011-06-07 12:19:00,2011-12-07 11:06:00,United Kingdom
15970,304,1,314.10,314.1000000000000000,0,2011-02-09 12:08:00,2011-02-09 12:08:00,United Kingdom
15971,18,12,4199.85,349.9875000000000000,294,2011-02-01 16:47:00,2011-11-22 12:50:00,United Kingdom
15973,367,1,307.82,307.8200000000000000,0,2010-12-08 11:42:00,2010-12-08 11:42:00,United Kingdom
15974,40,7,3442.15,491.7357142857142857,249,2011-02-24 10:10:00,2011-10-31 13:13:00,United Kingdom
15975,85,1,371.01,371.0100000000000000,0,2011-09-16 13:33:00,2011-09-16 13:33:00,United Kingdom
15976,166,2,427.64,213.8200000000000000,55,2011-05-03 17:12:00,2011-06-27 13:00:00,United Kingdom
15977,18,2,1054.73,527.3650000000000000,22,2011-10-31 16:24:00,2011-11-22 13:29:00,United Kingdom
15978,78,1,1098.78,1098.7800000000000000,0,2011-09-23 15:21:00,2011-09-23 15:21:00,United Kingdom
15980,89,3,2398.86,799.6200000000000000,166,2011-03-30 15:05:00,2011-09-12 09:41:00,United Kingdom
15981,25,8,3408.48,426.0600000000000000,287,2011-02-01 13:50:00,2011-11-15 08:00:00,United Kingdom
15983,23,4,1465.12,366.2800000000000000,351,2010-12-01 12:15:00,2011-11-17 17:34:00,United Kingdom
15984,3,10,2780.63,278.0630000000000000,366,2010-12-06 13:21:00,2011-12-07 12:16:00,United Kingdom
15985,124,2,1142.42,571.2100000000000000,113,2011-04-17 11:04:00,2011-08-08 16:31:00,United Kingdom
15986,31,1,168.12,168.1200000000000000,0,2011-11-09 15:17:00,2011-11-09 15:17:00,United Kingdom
15987,13,7,1432.77,204.6814285714285714,356,2010-12-06 08:34:00,2011-11-27 15:38:00,United Kingdom
15988,20,1,156.78,156.7800000000000000,0,2011-11-20 13:23:00,2011-11-20 13:23:00,United Kingdom
15990,45,2,792.11,396.0550000000000000,243,2011-02-25 15:35:00,2011-10-26 15:58:00,United Kingdom
15992,4,1,41.99,41.9900000000000000,0,2011-12-06 11:00:00,2011-12-06 11:00:00,United Kingdom
15993,9,7,2777.67,396.8100000000000000,36,2011-10-26 16:21:00,2011-12-01 10:45:00,United Kingdom
15994,55,1,414.27,414.2700000000000000,0,2011-10-16 12:28:00,2011-10-16 12:28:00,United Kingdom
15996,89,6,1032.58,172.0966666666666667,278,2010-12-08 15:59:00,2011-09-12 15:14:00,United Kingdom
15998,37,5,3080.22,616.0440000000000000,326,2010-12-12 13:32:00,2011-11-03 12:45:00,United Kingdom
16000,3,3,12393.70,4131.2333333333333333,0,2011-12-07 12:14:00,2011-12-07 12:17:00,United Kingdom
16003,30,5,2735.37,547.0740000000000000,330,2010-12-15 12:09:00,2011-11-10 09:57:00,United Kingdom
16005,13,4,578.71,144.6775000000000000,258,2011-03-14 11:46:00,2011-11-27 13:47:00,United Kingdom
16006,212,1,101.40,101.4000000000000000,0,2011-05-12 13:12:00,2011-05-12 13:12:00,United Kingdom
16007,48,4,1693.81,423.4525000000000000,168,2011-05-08 13:32:00,2011-10-23 11:05:00,United Kingdom
16008,24,3,478.78,159.5933333333333333,181,2011-05-19 10:54:00,2011-11-16 10:32:00,United Kingdom
16009,23,4,972.11,243.0275000000000000,137,2011-07-03 11:26:00,2011-11-17 16:51:00,United Kingdom
16010,246,3,392.40,130.8000000000000000,117,2010-12-12 12:18:00,2011-04-08 10:14:00,United Kingdom
16011,9,16,3352.96,209.5600000000000000,358,2010-12-08 16:34:00,2011-12-01 16:31:00,United Kingdom
16012,36,3,1415.29,471.7633333333333333,120,2011-07-07 18:02:00,2011-11-04 13:25:00,United Kingdom
16013,4,47,37130.60,790.0127659574468085,368,2010-12-03 13:09:00,2011-12-06 10:36:00,United Kingdom
16014,38,3,646.83,215.6100000000000000,254,2011-02-21 17:42:00,2011-11-02 12:04:00,United Kingdom
16015,4,3,704.55,234.8500000000000000,46,2011-10-21 12:56:00,2011-12-06 10:58:00,United Kingdom
16016,4,8,1465.51,183.1887500000000000,363,2010-12-08 12:36:00,2011-12-06 14:35:00,United Kingdom
16017,48,1,211.88,211.8800000000000000,0,2011-10-23 12:56:00,2011-10-23 12:56:00,United Kingdom
16018,40,2,408.90,204.4500000000000000,141,2011-06-12 13:52:00,2011-10-31 14:13:00,United Kingdom
16019,47,9,3786.24,420.6933333333333333,318,2010-12-10 12:29:00,2011-10-24 11:51:00,United Kingdom
16020,17,3,851.01,283.6700000000000000,49,2011-10-05 13:54:00,2011-11-23 11:18:00,United Kingdom
16022,261,1,602.63,602.6300000000000000,0,2011-03-24 13:16:00,2011-03-24 13:16:00,United Kingdom
16023,47,3,719.81,239.9366666666666667,220,2011-03-18 13:32:00,2011-10-24 16:34:00,United Kingdom
16024,13,1,251.03,251.0300000000000000,0,2011-11-27 13:26:00,2011-11-27 13:26:00,United Kingdom
16025,30,1,439.66,439.6600000000000000,0,2011-11-10 11:45:00,2011-11-10 11:45:00,United Kingdom
16026,44,1,236.09,236.0900000000000000,0,2011-10-27 13:53:00,2011-10-27 13:53:00,United Kingdom
16027,92,6,934.62,155.7700000000000000,211,2011-02-10 12:19:00,2011-09-09 10:47:00,United Kingdom
16029,39,63,80850.84,1283.3466666666666667,335,2010-12-01 09:57:00,2011-11-01 10:27:00,United Kingdom
16030,310,1,331.24,331.2400000000000000,0,2011-02-03 11:28:00,2011-02-03 11:28:00,United Kingdom
16031,93,2,547.90,273.9500000000000000,155,2011-04-06 14:23:00,2011-09-08 13:07:00,United Kingdom
16033,6,20,8778.82,438.9410000000000000,364,2010-12-05 10:36:00,2011-12-04 12:44:00,United Kingdom
16034,197,3,437.70,145.9000000000000000,136,2011-01-11 11:54:00,2011-05-27 16:17:00,United Kingdom
16036,88,2,758.92,379.4600000000000000,176,2011-03-21 13:01:00,2011-09-13 14:53:00,United Kingdom
16037,270,3,855.02,285.0066666666666667,89,2010-12-16 10:18:00,2011-03-15 09:13:00,United Kingdom
16038,8,3,471.78,157.2600000000000000,194,2011-05-22 11:29:00,2011-12-02 12:40:00,United Kingdom
16040,66,3,1313.55,437.8500000000000000,203,2011-03-16 09:58:00,2011-10-05 13:47:00,United Kingdom
16041,31,3,3166.40,1055.4666666666666667,111,2011-07-21 16:27:00,2011-11-09 12:25:00,United Kingdom
16042,23,5,1177.47,235.4940000000000000,310,2011-01-11 13:25:00,2011-11-17 17:50:00,United Kingdom
16043,38,4,773.99,193.4975000000000000,280,2011-01-26 11:14:00,2011-11-02 12:50:00,United Kingdom
16045,120,4,1340.70,335.1750000000000000,171,2011-02-22 14:55:00,2011-08-12 12:41:00,United Kingdom
16048,374,2,256.44,128.2200000000000000,0,2010-12-01 15:27:00,2010-12-01 15:28:00,United Kingdom
16049,41,3,1074.81,358.2700000000000000,35,2011-09-25 14:33:00,2011-10-30 13:19:00,United Kingdom
16050,174,1,137.90,137.9000000000000000,0,2011-06-19 11:44:00,2011-06-19 11:44:00,United Kingdom
16052,55,1,362.06,362.0600000000000000,0,2011-10-16 15:13:00,2011-10-16 15:13:00,United Kingdom
16053,33,2,1511.95,755.9750000000000000,90,2011-08-09 14:57:00,2011-11-07 11:21:00,United Kingdom
16054,146,1,783.90,783.9000000000000000,0,2011-07-17 13:08:00,2011-07-17 13:08:00,United Kingdom
16055,221,1,134.80,134.8000000000000000,0,2011-05-03 09:26:00,2011-05-03 09:26:00,United Kingdom
16056,46,1,650.75,650.7500000000000000,0,2011-10-25 15:19:00,2011-10-25 15:19:00,United Kingdom
16057,17,7,2263.12,323.3028571428571429,268,2011-02-28 10:35:00,2011-11-23 15:23:00,United Kingdom
16059,66,6,1453.16,242.1933333333333333,302,2010-12-07 10:36:00,2011-10-05 09:56:00,United Kingdom
16062,10,4,1153.62,288.4050000000000000,355,2010-12-10 12:00:00,2011-11-30 12:15:00,United Kingdom
16063,261,1,335.32,335.3200000000000000,0,2011-03-24 14:55:00,2011-03-24 14:56:00,United Kingdom
16065,366,1,367.14,367.1400000000000000,0,2010-12-09 13:03:00,2010-12-09 13:03:00,United Kingdom
16066,17,5,1521.04,304.2080000000000000,108,2011-08-07 14:33:00,2011-11-23 11:54:00,United Kingdom
16070,23,2,852.15,426.0750000000000000,10,2011-11-07 16:36:00,2011-11-17 15:50:00,United Kingdom
16071,45,1,326.24,326.2400000000000000,0,2011-10-26 11:14:00,2011-10-26 11:14:00,United Kingdom
16072,289,1,584.32,584.3200000000000000,0,2011-02-24 14:32:00,2011-02-24 14:32:00,United Kingdom
16073,298,1,122.40,122.4000000000000000,0,2011-02-15 15:41:00,2011-02-15 15:41:00,United Kingdom
16076,4,10,2234.73,223.4730000000000000,205,2011-05-15 12:31:00,2011-12-06 14:59:00,United Kingdom
16078,284,1,79.20,79.2000000000000000,0,2011-03-01 09:47:00,2011-03-01 09:47:00,United Kingdom
16079,17,3,1352.00,450.6666666666666667,24,2011-10-30 13:06:00,2011-11-23 12:48:00,United Kingdom
16080,82,2,217.16,108.5800000000000000,193,2011-03-10 14:44:00,2011-09-19 10:42:00,United Kingdom
16081,57,5,2799.42,559.8840000000000000,310,2010-12-08 11:16:00,2011-10-14 13:06:00,United Kingdom
16083,101,2,1317.62,658.8100000000000000,260,2010-12-14 11:51:00,2011-08-31 10:47:00,United Kingdom
16084,300,1,436.18,436.1800000000000000,0,2011-02-13 16:05:00,2011-02-13 16:05:00,United Kingdom
16085,24,5,981.51,196.3020000000000000,297,2011-01-23 12:07:00,2011-11-16 13:24:00,United Kingdom
16086,60,5,1121.39,224.2780000000000000,308,2010-12-07 13:45:00,2011-10-11 13:09:00,United Kingdom
16091,155,2,315.06,157.5300000000000000,44,2011-05-25 09:18:00,2011-07-08 08:45:00,United Kingdom
16092,115,3,817.86,272.6200000000000000,140,2011-03-30 15:38:00,2011-08-17 10:46:00,United Kingdom
16093,107,1,17.00,17.0000000000000000,0,2011-08-25 11:09:00,2011-08-25 11:09:00,United Kingdom
16094,12,4,1078.23,269.5575000000000000,208,2011-05-04 13:57:00,2011-11-28 12:45:00,United Kingdom
16096,265,1,320.62,320.6200000000000000,0,2011-03-20 13:38:00,2011-03-20 13:38:00,United Kingdom
16097,241,1,185.05,185.0500000000000000,0,2011-04-13 13:47:00,2011-04-13 13:47:00,United Kingdom
16098,88,7,2005.63,286.5185714285714286,286,2010-12-01 09:45:00,2011-09-13 09:59:00,United Kingdom
16099,51,3,731.90,243.9666666666666667,175,2011-04-28 08:34:00,2011-10-20 13:13:00,United Kingdom
16101,71,1,1290.70,1290.7000000000000000,0,2011-09-30 10:18:00,2011-09-30 10:18:00,United Kingdom
16102,43,3,1842.14,614.0466666666666667,86,2011-08-03 12:50:00,2011-10-28 13:19:00,United Kingdom
16103,8,6,1429.64,238.2733333333333333,226,2011-04-20 12:28:00,2011-12-02 14:16:00,United Kingdom
16104,62,1,298.21,298.2100000000000000,0,2011-10-09 10:23:00,2011-10-09 10:23:00,United Kingdom
16105,249,1,336.96,336.9600000000000000,0,2011-04-05 10:13:00,2011-04-05 10:13:00,United Kingdom
16106,66,1,108.38,108.3800000000000000,0,2011-10-05 10:37:00,2011-10-05 10:37:00,United Kingdom
16107,18,7,3204.16,457.7371428571428571,166,2011-06-09 18:42:00,2011-11-22 09:40:00,United Kingdom
16108,85,1,842.50,842.5000000000000000,0,2011-09-16 11:48:00,2011-09-16 11:48:00,United Kingdom
16109,219,2,611.88,305.9400000000000000,90,2011-02-04 12:37:00,2011-05-05 09:17:00,United Kingdom
16110,46,3,1320.95,440.3166666666666667,266,2011-02-01 14:01:00,2011-10-25 14:35:00,United Kingdom
16112,144,4,195.74,48.9350000000000000,195,2011-01-05 11:47:00,2011-07-19 14:28:00,United Kingdom
16113,184,1,161.38,161.3800000000000000,0,2011-06-09 16:16:00,2011-06-09 16:16:00,United Kingdom
16114,171,1,135.75,135.7500000000000000,0,2011-06-22 10:13:00,2011-06-22 10:13:00,United Kingdom
16115,10,8,1660.88,207.6100000000000000,283,2011-02-20 12:14:00,2011-11-30 11:32:00,United Kingdom
16116,212,1,612.78,612.7800000000000000,0,2011-05-12 12:01:00,2011-05-12 12:01:00,United Kingdom
16117,190,1,232.21,232.2100000000000000,0,2011-06-03 11:42:00,2011-06-03 11:42:00,United Kingdom
16119,9,2,423.36,211.6800000000000000,64,2011-09-28 10:15:00,2011-12-01 15:11:00,United Kingdom
16120,60,4,1309.14,327.2850000000000000,0,2011-10-11 14:10:00,2011-10-11 14:22:00,United Kingdom
16121,58,2,854.66,427.3300000000000000,158,2011-05-08 11:52:00,2011-10-13 12:59:00,United Kingdom
16122,74,4,684.42,171.1050000000000000,293,2010-12-08 11:41:00,2011-09-27 15:34:00,United Kingdom
16123,52,1,307.78,307.7800000000000000,0,2011-10-19 09:18:00,2011-10-19 09:18:00,United Kingdom
16124,318,1,249.00,249.0000000000000000,0,2011-01-26 14:45:00,2011-01-26 14:45:00,United Kingdom
16125,368,1,289.35,289.3500000000000000,0,2010-12-07 15:48:00,2010-12-07 15:48:00,United Kingdom
16126,30,4,6287.77,1571.9425000000000000,267,2011-02-16 11:18:00,2011-11-10 16:03:00,United Kingdom
16127,40,1,656.25,656.2500000000000000,0,2011-10-31 13:58:00,2011-10-31 13:58:00,United Kingdom
16128,18,5,1880.22,376.0440000000000000,265,2011-03-02 12:21:00,2011-11-22 11:14:00,United Kingdom
16131,52,6,3506.54,584.4233333333333333,188,2011-04-14 08:32:00,2011-10-19 11:53:00,United Kingdom
16133,4,33,14589.04,442.0921212121212121,315,2011-01-25 15:55:00,2011-12-06 11:24:00,United Kingdom
16134,22,2,618.09,309.0450000000000000,338,2010-12-15 14:00:00,2011-11-18 10:05:00,United Kingdom
16135,263,1,517.55,517.5500000000000000,0,2011-03-22 12:30:00,2011-03-22 12:30:00,United Kingdom
16136,60,3,709.38,236.4600000000000000,218,2011-03-07 09:52:00,2011-10-11 09:10:00,United Kingdom
16139,19,3,635.41,211.8033333333333333,188,2011-05-17 10:23:00,2011-11-21 08:37:00,United Kingdom
16140,66,2,725.18,362.5900000000000000,306,2010-12-03 14:40:00,2011-10-05 12:15:00,United Kingdom
16141,89,1,620.40,620.4000000000000000,0,2011-09-12 13:11:00,2011-09-12 13:11:00,United Kingdom
16142,250,1,535.34,535.3400000000000000,0,2011-04-04 10:16:00,2011-04-04 10:16:00,United Kingdom
16143,4,6,2424.94,404.1566666666666667,366,2010-12-05 15:18:00,2011-12-06 14:13:00,United Kingdom
16144,247,1,175.20,175.2000000000000000,0,2011-04-07 10:09:00,2011-04-07 10:09:00,United Kingdom
16145,9,11,3799.49,345.4081818181818182,351,2010-12-15 09:09:00,2011-12-01 10:33:00,United Kingdom
16146,158,3,734.13,244.7100000000000000,75,2011-04-21 15:25:00,2011-07-05 14:20:00,United Kingdom
16147,134,1,375.00,375.0000000000000000,0,2011-07-29 09:57:00,2011-07-29 09:57:00,United Kingdom
16148,297,1,76.32,76.3200000000000000,0,2011-02-16 14:01:00,2011-02-16 14:01:00,United Kingdom
16149,5,2,280.52,140.2600000000000000,138,2011-07-20 14:54:00,2011-12-05 11:29:00,United Kingdom
16150,43,5,2053.02,410.6040000000000000,330,2010-12-02 18:27:00,2011-10-28 12:39:00,United Kingdom
16152,269,1,1829.04,1829.0400000000000000,0,2011-03-16 09:47:00,2011-03-16 09:47:00,United Kingdom
16153,50,5,1824.23,364.8460000000000000,305,2010-12-20 09:22:00,2011-10-21 10:50:00,United Kingdom
16156,9,9,3092.04,343.5600000000000000,302,2011-02-02 12:02:00,2011-12-01 12:42:00,United Kingdom
16157,16,3,656.69,218.8966666666666667,57,2011-09-28 11:48:00,2011-11-24 11:41:00,United Kingdom
16159,282,1,348.20,348.2000000000000000,0,2011-03-03 12:27:00,2011-03-03 12:27:00,United Kingdom
16160,66,2,1025.44,512.7200000000000000,20,2011-09-15 10:53:00,2011-10-05 14:19:00,United Kingdom
16161,2,19,5533.67,291.2457894736842105,367,2010-12-06 10:03:00,2011-12-08 12:10:00,United Kingdom
16162,253,1,37.40,37.4000000000000000,0,2011-04-01 15:03:00,2011-04-01 15:03:00,United Kingdom
16163,233,2,856.60,428.3000000000000000,133,2010-12-09 16:28:00,2011-04-21 15:15:00,United Kingdom
16164,18,3,822.48,274.1600000000000000,25,2011-10-28 09:12:00,2011-11-22 15:04:00,United Kingdom
16168,11,27,3787.60,140.2814814814814815,359,2010-12-05 11:38:00,2011-11-29 12:45:00,United Kingdom
16169,9,4,1822.97,455.7425000000000000,67,2011-09-25 11:33:00,2011-12-01 15:28:00,United Kingdom
16170,51,6,1885.05,314.1750000000000000,198,2011-04-05 13:42:00,2011-10-20 08:21:00,United Kingdom
16171,60,1,73.20,73.2000000000000000,0,2011-10-11 14:51:00,2011-10-11 14:51:00,United Kingdom
16172,96,5,1140.21,228.0420000000000000,146,2011-04-12 12:02:00,2011-09-05 13:22:00,United Kingdom
16173,16,6,1418.32,236.3866666666666667,83,2011-09-02 15:23:00,2011-11-24 10:53:00,United Kingdom
16174,127,3,1009.55,336.5166666666666667,25,2011-07-11 09:23:00,2011-08-05 13:26:00,United Kingdom
16175,95,4,1037.59,259.3975000000000000,146,2011-04-13 14:38:00,2011-09-06 14:32:00,United Kingdom
16177,51,1,331.95,331.9500000000000000,0,2011-10-20 12:57:00,2011-10-20 12:57:00,United Kingdom
16178,139,1,197.90,197.9000000000000000,0,2011-07-24 16:05:00,2011-07-24 16:05:00,United Kingdom
16179,61,1,215.83,215.8300000000000000,0,2011-10-10 09:41:00,2011-10-10 09:41:00,United Kingdom
16180,101,8,10254.18,1281.7725000000000000,152,2011-04-01 10:23:00,2011-08-31 16:28:00,United Kingdom
16181,74,1,305.54,305.5400000000000000,0,2011-09-27 13:38:00,2011-09-27 13:38:00,United Kingdom
16182,73,4,6617.65,1654.4125000000000000,222,2011-02-18 10:11:00,2011-09-28 13:23:00,United Kingdom
16183,68,1,338.71,338.7100000000000000,0,2011-10-03 14:59:00,2011-10-03 14:59:00,United Kingdom
16184,65,6,1158.79,193.1316666666666667,147,2011-05-12 13:33:00,2011-10-06 17:43:00,United Kingdom
16185,17,2,529.41,264.7050000000000000,216,2011-04-21 11:59:00,2011-11-23 09:41:00,United Kingdom
16186,23,12,4006.94,333.9116666666666667,350,2010-12-02 14:40:00,2011-11-17 12:43:00,United Kingdom
16187,32,15,6911.44,460.7626666666666667,253,2011-02-28 13:34:00,2011-11-08 09:50:00,United Kingdom
16188,45,4,981.86,245.4650000000000000,198,2011-04-11 09:44:00,2011-10-26 12:19:00,United Kingdom
16189,16,2,215.48,107.7400000000000000,70,2011-09-15 15:21:00,2011-11-24 11:47:00,United Kingdom
16190,41,1,215.08,215.0800000000000000,0,2011-10-30 15:59:00,2011-10-30 15:59:00,United Kingdom
16191,3,13,5180.52,398.5015384615384615,358,2010-12-14 12:38:00,2011-12-07 11:26:00,United Kingdom
16193,237,1,314.45,314.4500000000000000,0,2011-04-17 11:45:00,2011-04-17 11:45:00,United Kingdom
16198,76,1,400.68,400.6800000000000000,0,2011-09-25 14:58:00,2011-09-25 14:58:00,United Kingdom
16200,5,2,1068.87,534.4350000000000000,160,2011-06-28 15:47:00,2011-12-05 14:40:00,United Kingdom
16201,4,4,1863.47,465.8675000000000000,106,2011-08-22 10:47:00,2011-12-06 16:02:00,United Kingdom
16202,361,1,365.27,365.2700000000000000,0,2010-12-14 10:43:00,2010-12-14 10:43:00,United Kingdom
16203,59,4,592.90,148.2250000000000000,314,2010-12-02 15:39:00,2011-10-12 12:31:00,United Kingdom
16204,24,1,384.18,384.1800000000000000,0,2011-11-16 13:40:00,2011-11-16 13:40:00,United Kingdom
16205,31,4,757.63,189.4075000000000000,149,2011-06-13 11:33:00,2011-11-09 09:32:00,United Kingdom
16206,55,4,537.06,134.2650000000000000,273,2011-01-16 11:07:00,2011-10-16 10:41:00,United Kingdom
16207,26,1,394.38,394.3800000000000000,0,2011-11-14 13:51:00,2011-11-14 13:51:00,United Kingdom
16208,45,2,664.26,332.1300000000000000,245,2011-02-23 13:37:00,2011-10-26 11:36:00,United Kingdom
16209,89,5,2262.62,452.5240000000000000,158,2011-04-07 12:23:00,2011-09-12 11:58:00,United Kingdom
16210,2,18,21086.30,1171.4611111111111111,372,2010-12-01 12:27:00,2011-12-08 12:36:00,United Kingdom
16211,89,1,547.02,547.0200000000000000,0,2011-09-12 12:11:00,2011-09-12 12:11:00,United Kingdom
16212,20,2,690.34,345.1700000000000000,264,2011-03-01 12:51:00,2011-11-20 13:00:00,United Kingdom
16213,79,1,159.00,159.0000000000000000,0,2011-09-22 10:03:00,2011-09-22 10:03:00,United Kingdom
16214,171,3,1062.75,354.2500000000000000,99,2011-03-15 13:23:00,2011-06-22 11:30:00,United Kingdom
16215,81,1,242.35,242.3500000000000000,0,2011-09-20 10:18:00,2011-09-20 10:18:00,United Kingdom
16216,268,1,914.93,914.9300000000000000,0,2011-03-17 15:34:00,2011-03-17 15:34:00,United Kingdom
16217,236,2,304.25,152.1250000000000000,47,2011-03-02 15:28:00,2011-04-18 13:31:00,United Kingdom
16218,30,7,3084.68,440.6685714285714286,344,2010-12-01 11:29:00,2011-11-10 09:59:00,United Kingdom
16221,37,3,860.86,286.9533333333333333,331,2010-12-07 13:13:00,2011-11-03 11:43:00,United Kingdom
16222,319,1,773.55,773.5500000000000000,0,2011-01-25 13:38:00,2011-01-25 13:38:00,United Kingdom
16224,58,4,1295.30,323.8250000000000000,192,2011-04-04 12:00:00,2011-10-13 17:51:00,United Kingdom
16225,45,5,1096.32,219.2640000000000000,233,2011-03-07 12:17:00,2011-10-26 08:30:00,United Kingdom
16226,204,3,255.12,85.0400000000000000,32,2011-04-18 12:58:00,2011-05-20 14:41:00,United Kingdom
16227,226,1,314.22,314.2200000000000000,0,2011-04-28 13:33:00,2011-04-28 13:33:00,United Kingdom
16229,88,2,1010.60,505.3000000000000000,125,2011-05-11 10:18:00,2011-09-13 17:16:00,United Kingdom
16230,190,2,542.03,271.0150000000000000,31,2011-05-03 15:12:00,2011-06-03 10:06:00,United Kingdom
16232,44,4,990.88,247.7200000000000000,172,2011-05-08 14:05:00,2011-10-27 12:16:00,United Kingdom
16233,72,3,536.68,178.8933333333333333,295,2010-12-08 12:51:00,2011-09-29 17:27:00,United Kingdom
16235,41,5,867.31,173.4620000000000000,292,2011-01-11 15:42:00,2011-10-30 10:56:00,United Kingdom
16236,79,1,432.20,432.2000000000000000,0,2011-09-22 14:10:00,2011-09-22 14:10:00,United Kingdom
16239,57,2,414.20,207.1000000000000000,133,2011-06-03 09:30:00,2011-10-14 08:29:00,United Kingdom
16240,25,2,3718.80,1859.4000000000000000,53,2011-09-23 13:44:00,2011-11-15 14:30:00,United Kingdom
16241,10,13,2590.31,199.2546153846153846,360,2010-12-05 11:04:00,2011-11-30 11:08:00,United Kingdom
16242,9,7,3579.86,511.4085714285714286,269,2011-03-07 17:04:00,2011-12-01 15:12:00,United Kingdom
16243,34,2,409.10,204.5500000000000000,21,2011-10-16 12:09:00,2011-11-06 12:32:00,United Kingdom
16244,212,2,1522.75,761.3750000000000000,161,2010-12-02 11:41:00,2011-05-12 10:18:00,United Kingdom
16245,24,3,1413.66,471.2200000000000000,233,2011-03-28 09:30:00,2011-11-16 10:14:00,United Kingdom
16247,171,1,114.56,114.5600000000000000,0,2011-06-22 14:23:00,2011-06-22 14:23:00,United Kingdom
16248,62,1,152.94,152.9400000000000000,0,2011-10-09 11:32:00,2011-10-09 11:32:00,United Kingdom
16249,53,5,1800.07,360.0140000000000000,187,2011-04-14 13:50:00,2011-10-18 10:07:00,United Kingdom
16250,262,2,389.44,194.7200000000000000,112,2010-12-01 09:59:00,2011-03-23 15:07:00,United Kingdom
16253,67,2,3683.86,1841.9300000000000000,189,2011-03-29 13:33:00,2011-10-04 09:09:00,United Kingdom
16255,17,8,2619.91,327.4887500000000000,349,2010-12-09 14:25:00,2011-11-23 12:40:00,United Kingdom
16256,267,1,752.43,752.4300000000000000,0,2011-03-18 12:18:00,2011-03-18 12:18:00,United Kingdom
16257,177,1,46.95,46.9500000000000000,0,2011-06-16 10:11:00,2011-06-16 10:11:00,United Kingdom
16258,46,5,5203.51,1040.7020000000000000,174,2011-05-04 14:33:00,2011-10-25 13:30:00,United Kingdom
16260,51,1,1035.45,1035.4500000000000000,0,2011-10-20 09:40:00,2011-10-20 09:40:00,United Kingdom
16261,18,4,728.54,182.1350000000000000,229,2011-04-07 19:05:00,2011-11-22 17:23:00,United Kingdom
16265,10,9,5447.00,605.2222222222222222,355,2010-12-10 10:21:00,2011-11-30 16:41:00,United Kingdom
16266,74,7,861.89,123.1271428571428571,133,2011-05-17 14:50:00,2011-09-27 12:08:00,United Kingdom
16268,72,2,667.65,333.8250000000000000,0,2011-09-29 18:30:00,2011-09-29 18:30:00,United Kingdom
16270,354,1,1141.24,1141.2400000000000000,0,2010-12-21 14:26:00,2010-12-21 14:26:00,United Kingdom
16271,3,5,1404.64,280.9280000000000000,356,2010-12-16 16:36:00,2011-12-07 12:45:00,United Kingdom
16272,117,1,411.70,411.7000000000000000,0,2011-08-15 10:53:00,2011-08-15 10:54:00,United Kingdom
16274,374,1,351.75,351.7500000000000000,0,2010-12-01 15:35:00,2010-12-01 15:35:00,United Kingdom
16275,197,1,559.87,559.8700000000000000,0,2011-05-27 12:41:00,2011-05-27 12:41:00,United Kingdom
16276,177,1,810.60,810.6000000000000000,0,2011-06-16 09:34:00,2011-06-16 09:34:00,United Kingdom
16278,101,1,566.38,566.3800000000000000,0,2011-08-31 17:12:00,2011-08-31 17:12:00,United Kingdom
16279,22,3,1502.78,500.9266666666666667,155,2011-06-16 11:50:00,2011-11-18 15:00:00,United Kingdom
16281,73,1,2062.06,2062.0600000000000000,0,2011-09-28 14:57:00,2011-09-28 14:57:00,United Kingdom
16282,340,1,168.30,168.3000000000000000,0,2011-01-04 11:42:00,2011-01-04 11:42:00,United Kingdom
16283,6,5,1570.81,314.1620000000000000,203,2011-05-15 13:37:00,2011-12-04 12:08:00,United Kingdom
16284,32,2,812.68,406.3400000000000000,19,2011-10-20 13:54:00,2011-11-08 16:12:00,United Kingdom
16287,170,1,142.50,142.5000000000000000,0,2011-06-23 09:08:00,2011-06-23 09:08:00,United Kingdom
16292,122,1,302.25,302.2500000000000000,0,2011-08-10 12:24:00,2011-08-10 12:24:00,United Kingdom
16293,22,10,2248.99,224.8990000000000000,346,2010-12-07 15:02:00,2011-11-18 09:58:00,United Kingdom
16295,10,4,1328.55,332.1375000000000000,55,2011-10-06 10:45:00,2011-11-30 08:17:00,United Kingdom
16297,269,1,301.90,301.9000000000000000,0,2011-03-16 08:29:00,2011-03-16 08:29:00,United Kingdom
16298,23,3,598.20,199.4000000000000000,164,2011-06-06 10:06:00,2011-11-17 11:59:00,United Kingdom
16302,127,1,233.22,233.2200000000000000,0,2011-08-05 09:44:00,2011-08-05 09:44:00,United Kingdom
16303,26,3,5360.63,1786.8766666666666667,308,2011-01-10 14:16:00,2011-11-14 10:49:00,United Kingdom
16305,139,1,361.22,361.2200000000000000,0,2011-07-24 12:18:00,2011-07-24 12:18:00,United Kingdom
16306,214,6,632.27,105.3783333333333333,154,2010-12-07 15:18:00,2011-05-10 12:12:00,United Kingdom
16308,38,4,2560.00,640.0000000000000000,224,2011-03-23 14:46:00,2011-11-02 11:24:00,United Kingdom
16309,107,2,706.57,353.2850000000000000,134,2011-04-13 11:46:00,2011-08-25 15:35:00,United Kingdom
16311,18,2,616.26,308.1300000000000000,32,2011-10-21 13:13:00,2011-11-22 08:54:00,United Kingdom
16313,4,2,274.15,137.0750000000000000,46,2011-10-21 09:04:00,2011-12-06 13:02:00,United Kingdom
16315,331,1,226.37,226.3700000000000000,0,2011-01-13 11:57:00,2011-01-13 11:57:00,United Kingdom
16316,65,8,2938.91,367.3637500000000000,294,2010-12-16 14:26:00,2011-10-06 13:48:00,United Kingdom
16317,120,3,1341.65,447.2166666666666667,178,2011-02-15 14:30:00,2011-08-12 12:46:00,United Kingdom
16318,36,1,328.15,328.1500000000000000,0,2011-11-04 13:05:00,2011-11-04 13:05:00,United Kingdom
16319,218,1,404.40,404.4000000000000000,0,2011-05-06 11:27:00,2011-05-06 11:27:00,United Kingdom
16320,173,2,1038.46,519.2300000000000000,41,2011-05-10 15:31:00,2011-06-20 15:25:00,Unspecified
16321,73,5,373.65,74.7300000000000000,251,2011-01-20 12:11:00,2011-09-28 14:55:00,Australia
16322,2,2,326.75,163.3750000000000000,35,2011-11-03 14:33:00,2011-12-08 15:41:00,United Kingdom
16323,197,1,207.50,207.5000000000000000,0,2011-05-27 14:48:00,2011-05-27 14:48:00,United Kingdom
16324,129,3,408.59,136.1966666666666667,49,2011-06-15 14:26:00,2011-08-03 12:58:00,United Kingdom
16325,47,3,594.24,198.0800000000000000,199,2011-04-08 09:20:00,2011-10-24 08:48:00,United Kingdom
16326,6,14,3039.22,217.0871428571428571,329,2011-01-09 12:01:00,2011-12-04 10:11:00,United Kingdom
16327,15,6,3820.27,636.7116666666666667,355,2010-12-05 12:43:00,2011-11-25 13:23:00,United Kingdom
16330,18,3,251.91,83.9700000000000000,95,2011-08-19 17:08:00,2011-11-22 12:24:00,United Kingdom
16332,29,7,1582.80,226.1142857142857143,277,2011-02-07 14:16:00,2011-11-11 14:22:00,United Kingdom
16333,8,22,26626.80,1210.3090909090909091,302,2011-02-03 10:50:00,2011-12-02 12:19:00,United Kingdom
16337,37,1,151.05,151.0500000000000000,0,2011-11-03 10:03:00,2011-11-03 10:03:00,United Kingdom
16338,158,1,214.80,214.8000000000000000,0,2011-07-05 13:56:00,2011-07-05 13:56:00,United Kingdom
16339,285,1,94.05,94.0500000000000000,0,2011-02-28 13:41:00,2011-02-28 13:41:00,United Kingdom
16340,108,1,534.31,534.3100000000000000,0,2011-08-24 14:53:00,2011-08-24 14:53:00,United Kingdom
16341,25,4,1971.87,492.9675000000000000,177,2011-05-22 13:20:00,2011-11-15 09:12:00,United Kingdom
16342,76,4,322.41,80.6025000000000000,104,2011-06-13 10:10:00,2011-09-25 14:36:00,United Kingdom
16343,17,2,328.58,164.2900000000000000,0,2011-11-23 17:43:00,2011-11-23 17:45:00,United Kingdom
16344,159,1,101.10,101.1000000000000000,0,2011-07-04 15:50:00,2011-07-04 15:50:00,United Kingdom
16345,45,1,565.46,565.4600000000000000,0,2011-10-26 16:03:00,2011-10-26 16:03:00,United Kingdom
16347,12,2,847.45,423.7250000000000000,25,2011-11-03 13:01:00,2011-11-28 13:14:00,United Kingdom
16348,33,7,1415.65,202.2357142857142857,208,2011-04-13 15:49:00,2011-11-07 15:44:00,United Kingdom
16349,291,1,53.50,53.5000000000000000,0,2011-02-22 12:40:00,2011-02-22 12:40:00,United Kingdom
16350,22,4,1116.47,279.1175000000000000,312,2011-01-10 09:44:00,2011-11-18 15:53:00,United Kingdom
16351,333,1,153.90,153.9000000000000000,0,2011-01-11 10:26:00,2011-01-11 10:26:00,United Kingdom
16352,18,2,494.44,247.2200000000000000,20,2011-11-02 08:44:00,2011-11-22 10:32:00,United Kingdom
16353,4,23,6675.71,290.2482608695652174,366,2010-12-05 12:09:00,2011-12-06 12:23:00,United Kingdom
16354,64,2,395.80,197.9000000000000000,10,2011-09-27 16:28:00,2011-10-07 14:28:00,United Kingdom
16356,198,3,211.77,70.5900000000000000,80,2011-03-07 12:31:00,2011-05-26 11:51:00,United Kingdom
16357,34,3,658.88,219.6266666666666667,180,2011-05-10 10:35:00,2011-11-06 16:04:00,United Kingdom
16358,2,4,2027.50,506.8750000000000000,183,2011-06-08 15:05:00,2011-12-08 15:09:00,United Kingdom
16359,8,9,1750.92,194.5466666666666667,324,2011-01-12 10:49:00,2011-12-02 17:04:00,United Kingdom
16360,5,6,3450.41,575.0683333333333333,84,2011-09-12 13:50:00,2011-12-05 12:16:00,United Kingdom
16361,10,4,891.21,222.8025000000000000,62,2011-09-29 13:13:00,2011-11-30 12:32:00,United Kingdom
16362,33,5,709.99,141.9980000000000000,59,2011-09-09 14:47:00,2011-11-07 13:01:00,United Kingdom
16363,54,1,109.36,109.3600000000000000,0,2011-10-17 14:14:00,2011-10-17 14:14:00,United Kingdom
16364,12,2,705.79,352.8950000000000000,126,2011-07-25 14:35:00,2011-11-28 11:27:00,United Kingdom
16365,18,9,1540.42,171.1577777777777778,350,2010-12-07 17:19:00,2011-11-22 11:24:00,United Kingdom
16366,19,1,327.30,327.3000000000000000,0,2011-11-21 08:19:00,2011-11-21 08:19:00,United Kingdom
16367,38,2,800.67,400.3350000000000000,325,2010-12-12 12:01:00,2011-11-02 13:13:00,United Kingdom
16368,3,2,479.91,239.9550000000000000,26,2011-11-11 15:08:00,2011-12-07 13:12:00,United Kingdom
16369,19,3,1545.41,515.1366666666666667,178,2011-05-27 09:39:00,2011-11-21 16:25:00,United Kingdom
16370,83,4,1301.91,325.4775000000000000,143,2011-04-28 16:40:00,2011-09-18 15:55:00,United Kingdom
16372,34,2,355.73,177.8650000000000000,0,2011-11-06 12:50:00,2011-11-06 13:08:00,United Kingdom
16374,67,2,466.73,233.3650000000000000,196,2011-03-22 13:46:00,2011-10-04 15:21:00,United Kingdom
16376,9,2,974.96,487.4800000000000000,9,2011-11-22 16:47:00,2011-12-01 11:38:00,United Kingdom
16377,268,1,676.20,676.2000000000000000,0,2011-03-17 15:41:00,2011-03-17 15:41:00,United Kingdom
16378,248,3,362.95,120.9833333333333333,63,2011-02-02 12:42:00,2011-04-06 15:07:00,United Kingdom
16379,5,4,2157.40,539.3500000000000000,74,2011-09-22 09:33:00,2011-12-05 15:38:00,United Kingdom
16380,62,1,1743.15,1743.1500000000000000,0,2011-10-09 15:40:00,2011-10-09 15:40:00,United Kingdom
16383,75,2,643.76,321.8800000000000000,194,2011-03-16 13:00:00,2011-09-26 12:45:00,United Kingdom
16384,90,2,584.50,292.2500000000000000,174,2011-03-21 10:13:00,2011-09-11 11:19:00,United Kingdom
16385,61,3,554.86,184.9533333333333333,306,2010-12-08 12:56:00,2011-10-10 13:12:00,United Kingdom
16386,29,2,302.57,151.2850000000000000,225,2011-03-31 12:19:00,2011-11-11 12:28:00,United Kingdom
16387,323,1,94.36,94.3600000000000000,0,2011-01-21 11:34:00,2011-01-21 11:34:00,United Kingdom
16389,54,4,1382.07,345.5175000000000000,230,2011-03-01 15:47:00,2011-10-17 14:41:00,United Kingdom
16392,270,1,217.89,217.8900000000000000,0,2011-03-15 12:11:00,2011-03-15 12:11:00,United Kingdom
16393,3,13,3040.96,233.9200000000000000,367,2010-12-05 13:10:00,2011-12-07 12:51:00,United Kingdom
16394,57,5,1555.34,311.0680000000000000,233,2011-02-23 10:58:00,2011-10-14 09:48:00,United Kingdom
16395,61,5,1482.06,296.4120000000000000,270,2011-01-13 12:10:00,2011-10-10 12:50:00,United Kingdom
16398,155,2,1705.80,852.9000000000000000,99,2011-03-31 09:38:00,2011-07-08 15:16:00,United Kingdom
16399,20,2,408.02,204.0100000000000000,216,2011-04-18 13:46:00,2011-11-20 16:12:00,United Kingdom
16400,95,1,303.93,303.9300000000000000,0,2011-09-06 12:27:00,2011-09-06 12:27:00,United Kingdom
16401,2,12,4098.32,341.5266666666666667,326,2011-01-16 10:56:00,2011-12-08 18:15:00,United Kingdom
16402,265,2,293.45,146.7250000000000000,105,2010-12-05 13:42:00,2011-03-20 12:25:00,United Kingdom
16403,313,1,177.50,177.5000000000000000,0,2011-01-31 13:39:00,2011-01-31 13:39:00,United Kingdom
16404,71,1,443.05,443.0500000000000000,0,2011-09-30 14:55:00,2011-09-30 14:55:00,United Kingdom
16405,303,2,167.25,83.6250000000000000,8,2011-02-02 17:08:00,2011-02-10 15:24:00,United Kingdom
16406,19,1,154.35,154.3500000000000000,0,2011-11-21 11:57:00,2011-11-21 11:57:00,United Kingdom
16407,13,10,2079.68,207.9680000000000000,300,2011-01-31 14:02:00,2011-11-27 11:05:00,United Kingdom
16409,37,5,2022.98,404.5960000000000000,281,2011-01-26 14:51:00,2011-11-03 16:45:00,United Kingdom
16411,20,2,211.70,105.8500000000000000,350,2010-12-05 13:26:00,2011-11-20 13:23:00,United Kingdom
16412,54,1,135.99,135.9900000000000000,0,2011-10-17 12:35:00,2011-10-17 12:35:00,United Kingdom
16413,57,1,262.20,262.2000000000000000,0,2011-10-14 12:08:00,2011-10-14 12:08:00,United Kingdom
16414,22,2,126.25,63.1250000000000000,259,2011-03-04 13:27:00,2011-11-18 09:42:00,United Kingdom
16415,45,1,200.27,200.2700000000000000,0,2011-10-26 13:35:00,2011-10-26 13:35:00,United Kingdom
16416,27,3,1051.40,350.4666666666666667,30,2011-10-14 13:35:00,2011-11-13 12:50:00,United Kingdom
16418,45,3,631.12,210.3733333333333333,182,2011-04-27 16:54:00,2011-10-26 12:39:00,United Kingdom
16419,113,6,958.71,159.7850000000000000,199,2011-02-01 12:25:00,2011-08-19 12:33:00,United Kingdom
16422,18,51,34684.40,680.0862745098039216,352,2010-12-05 15:35:00,2011-11-22 14:00:00,United Kingdom
16423,25,1,346.12,346.1200000000000000,0,2011-11-15 09:21:00,2011-11-15 09:21:00,United Kingdom
16424,192,1,133.56,133.5600000000000000,0,2011-06-01 13:40:00,2011-06-01 13:40:00,United Kingdom
16425,303,1,302.70,302.7000000000000000,0,2011-02-10 14:30:00,2011-02-10 14:30:00,United Kingdom
16426,3,10,1863.76,186.3760000000000000,274,2011-03-08 15:45:00,2011-12-07 14:01:00,United Kingdom
16427,264,2,241.06,120.5300000000000000,21,2011-02-28 15:18:00,2011-03-21 17:10:00,United Kingdom
16429,107,1,284.55,284.5500000000000000,0,2011-08-25 13:54:00,2011-08-25 13:54:00,United Kingdom
16430,58,1,300.85,300.8500000000000000,0,2011-10-13 14:47:00,2011-10-13 14:47:00,United Kingdom
16431,214,3,623.28,207.7600000000000000,84,2011-02-15 14:02:00,2011-05-10 14:09:00,United Kingdom
16432,65,1,287.40,287.4000000000000000,0,2011-10-06 13:59:00,2011-10-06 13:59:00,United Kingdom
16433,29,1,184.26,184.2600000000000000,0,2011-11-11 14:09:00,2011-11-11 14:09:00,United Kingdom
16434,30,7,1511.80,215.9714285714285714,270,2011-02-13 12:17:00,2011-11-10 14:28:00,United Kingdom
16438,6,5,798.35,159.6700000000000000,77,2011-09-18 13:31:00,2011-12-04 10:51:00,United Kingdom
16440,8,5,3640.67,728.1340000000000000,207,2011-05-09 12:25:00,2011-12-02 12:02:00,United Kingdom
16441,68,2,381.20,190.6000000000000000,224,2011-02-21 17:35:00,2011-10-03 17:48:00,United Kingdom
16442,2,3,609.30,203.1000000000000000,359,2010-12-14 10:46:00,2011-12-08 11:43:00,United Kingdom
16444,47,4,654.67,163.6675000000000000,218,2011-03-20 12:14:00,2011-10-24 13:50:00,United Kingdom
16445,34,1,230.51,230.5100000000000000,0,2011-11-06 12:32:00,2011-11-06 12:32:00,United Kingdom
16446,1,2,168472.50,84236.250000000000,205,2011-05-18 09:52:00,2011-12-09 09:15:00,United Kingdom
16447,136,1,255.91,255.9100000000000000,0,2011-07-27 12:45:00,2011-07-27 12:45:00,United Kingdom
16448,199,1,182.99,182.9900000000000000,0,2011-05-25 16:28:00,2011-05-25 16:28:00,United Kingdom
16449,198,2,707.69,353.8450000000000000,83,2011-03-04 12:15:00,2011-05-26 10:25:00,United Kingdom
16450,150,1,311.92,311.9200000000000000,0,2011-07-13 11:47:00,2011-07-13 11:47:00,United Kingdom
16451,88,1,266.97,266.9700000000000000,0,2011-09-13 09:17:00,2011-09-13 09:17:00,United Kingdom
16454,45,2,6.90,3.4500000000000000,20,2011-10-06 16:57:00,2011-10-26 11:40:00,United Kingdom
16455,64,7,1841.18,263.0257142857142857,308,2010-12-03 16:44:00,2011-10-07 12:17:00,United Kingdom
16456,100,5,2158.18,431.6360000000000000,274,2010-12-01 14:11:00,2011-09-01 13:50:00,United Kingdom
16457,219,1,208.36,208.3600000000000000,0,2011-05-05 13:19:00,2011-05-05 13:19:00,United Kingdom
16458,3,18,3482.74,193.4855555555555556,358,2010-12-14 11:51:00,2011-12-07 09:34:00,United Kingdom
16460,29,3,811.23,270.4100000000000000,53,2011-09-19 10:15:00,2011-11-11 13:46:00,United Kingdom
16461,178,1,142.92,142.9200000000000000,0,2011-06-15 12:07:00,2011-06-15 12:07:00,United Kingdom
16462,74,3,136.00,45.3333333333333333,210,2011-03-01 08:58:00,2011-09-27 10:24:00,United Kingdom
16463,22,4,1422.40,355.6000000000000000,183,2011-05-19 14:45:00,2011-11-18 14:01:00,United Kingdom
16464,20,3,1298.66,432.8866666666666667,123,2011-07-20 13:53:00,2011-11-20 12:11:00,United Kingdom
16466,34,7,1595.96,227.9942857142857143,259,2011-02-20 11:39:00,2011-11-06 11:35:00,United Kingdom
16468,75,1,74.90,74.9000000000000000,0,2011-09-26 14:13:00,2011-09-26 14:13:00,United Kingdom
16469,24,4,625.42,156.3550000000000000,223,2011-04-07 13:11:00,2011-11-16 12:25:00,United Kingdom
16470,52,4,752.77,188.1925000000000000,307,2010-12-16 11:53:00,2011-10-19 12:11:00,United Kingdom
16471,275,1,223.95,223.9500000000000000,0,2011-03-10 09:41:00,2011-03-10 09:41:00,United Kingdom
16473,165,3,316.11,105.3700000000000000,172,2011-01-07 10:55:00,2011-06-28 09:10:00,United Kingdom
16474,8,7,1810.65,258.6642857142857143,138,2011-07-17 14:51:00,2011-12-02 13:02:00,United Kingdom
16475,89,4,544.30,136.0750000000000000,185,2011-03-11 09:39:00,2011-09-12 14:37:00,United Kingdom
16477,64,7,2494.46,356.3514285714285714,308,2010-12-03 12:48:00,2011-10-07 09:44:00,United Kingdom
16478,26,3,331.00,110.3333333333333333,40,2011-10-05 12:02:00,2011-11-14 15:51:00,United Kingdom
16479,11,2,300.83,150.4150000000000000,0,2011-11-29 13:04:00,2011-11-29 13:40:00,United Kingdom
16480,76,1,769.29,769.2900000000000000,0,2011-09-25 11:40:00,2011-09-25 11:40:00,United Kingdom
16482,16,1,220.62,220.6200000000000000,0,2011-11-24 12:33:00,2011-11-24 12:33:00,United Kingdom
16483,193,1,139.35,139.3500000000000000,0,2011-05-31 13:08:00,2011-05-31 13:08:00,United Kingdom
16484,174,2,404.30,202.1500000000000000,17,2011-06-02 10:39:00,2011-06-19 12:06:00,United Kingdom
16485,78,1,363.65,363.6500000000000000,0,2011-09-23 15:50:00,2011-09-23 15:50:00,United Kingdom
16488,34,3,498.80,166.2666666666666667,115,2011-07-14 11:46:00,2011-11-06 13:42:00,United Kingdom
16491,47,1,731.50,731.5000000000000000,0,2011-10-24 10:18:00,2011-10-24 10:18:00,United Kingdom
16493,80,4,1351.63,337.9075000000000000,250,2011-01-14 08:16:00,2011-09-21 11:10:00,United Kingdom
16494,297,1,826.53,826.5300000000000000,0,2011-02-16 12:49:00,2011-02-16 12:49:00,United Kingdom
16495,4,3,648.26,216.0866666666666667,273,2011-03-08 16:38:00,2011-12-06 13:20:00,United Kingdom
16496,9,3,1599.52,533.1733333333333333,308,2011-01-27 09:42:00,2011-12-01 10:31:00,United Kingdom
16497,50,6,2965.69,494.2816666666666667,284,2011-01-10 13:20:00,2011-10-21 10:55:00,United Kingdom
16498,162,2,100.97,50.4850000000000000,1,2011-06-30 19:52:00,2011-07-01 15:07:00,United Kingdom
16499,361,2,365.45,182.7250000000000000,4,2010-12-10 10:27:00,2010-12-14 13:31:00,United Kingdom
16500,5,6,400.86,66.8100000000000000,326,2011-01-13 10:28:00,2011-12-05 12:04:00,United Kingdom
16503,107,4,1431.93,357.9825000000000000,254,2010-12-14 13:50:00,2011-08-25 11:46:00,United Kingdom
16504,26,1,465.88,465.8800000000000000,0,2011-11-14 15:18:00,2011-11-14 15:18:00,United Kingdom
16505,32,1,777.60,777.6000000000000000,0,2011-11-08 12:14:00,2011-11-08 12:14:00,United Kingdom
16506,20,2,90.30,45.1500000000000000,21,2011-10-30 15:50:00,2011-11-20 12:17:00,United Kingdom
16509,297,1,363.70,363.7000000000000000,0,2011-02-16 09:25:00,2011-02-16 09:25:00,United Kingdom
16510,373,1,248.10,248.1000000000000000,0,2010-12-02 13:39:00,2010-12-02 13:39:00,United Kingdom
16511,22,3,918.33,306.1100000000000000,245,2011-03-18 11:24:00,2011-11-18 10:41:00,United Kingdom
16513,5,4,874.59,218.6475000000000000,39,2011-10-27 14:56:00,2011-12-05 10:18:00,United Kingdom
16515,53,5,1624.14,324.8280000000000000,259,2011-02-01 13:09:00,2011-10-18 13:10:00,United Kingdom
16516,31,1,101.70,101.7000000000000000,0,2011-11-09 14:59:00,2011-11-09 14:59:00,United Kingdom
16517,278,1,162.70,162.7000000000000000,0,2011-03-07 13:50:00,2011-03-07 13:50:00,United Kingdom
16518,62,2,484.32,242.1600000000000000,223,2011-02-28 16:36:00,2011-10-09 15:04:00,United Kingdom
16519,26,2,215.08,107.5400000000000000,340,2010-12-09 14:08:00,2011-11-14 15:41:00,United Kingdom
16520,187,3,1046.57,348.8566666666666667,179,2010-12-09 13:08:00,2011-06-06 13:24:00,United Kingdom
16523,2,21,9418.47,448.4985714285714286,314,2011-01-28 12:06:00,2011-12-08 09:06:00,United Kingdom
16525,3,26,13027.45,501.0557692307692308,364,2010-12-08 11:31:00,2011-12-07 15:07:00,United Kingdom
16526,172,1,290.36,290.3600000000000000,0,2011-06-21 12:02:00,2011-06-21 12:02:00,United Kingdom
16527,82,1,228.06,228.0600000000000000,0,2011-09-19 16:21:00,2011-09-19 16:21:00,United Kingdom
16528,4,1,244.41,244.4100000000000000,0,2011-12-06 12:45:00,2011-12-06 12:45:00,United Kingdom
16529,191,1,455.25,455.2500000000000000,0,2011-06-02 17:23:00,2011-06-02 17:23:00,United Kingdom
16531,23,7,1244.59,177.7985714285714286,338,2010-12-14 13:19:00,2011-11-17 16:29:00,United Kingdom
16532,18,3,6748.80,2249.6000000000000000,321,2011-01-05 12:37:00,2011-11-22 11:08:00,United Kingdom
16533,20,3,1082.81,360.9366666666666667,49,2011-10-02 15:07:00,2011-11-20 13:08:00,United Kingdom
16535,6,1,593.75,593.7500000000000000,0,2011-12-04 15:18:00,2011-12-04 15:18:00,United Kingdom
16536,111,1,548.12,548.1200000000000000,0,2011-08-21 15:54:00,2011-08-21 15:54:00,United Kingdom
16539,3,4,1388.81,347.2025000000000000,371,2010-12-01 15:40:00,2011-12-07 08:41:00,United Kingdom
16542,54,1,119.62,119.6200000000000000,0,2011-10-17 10:47:00,2011-10-17 10:47:00,United Kingdom
16545,165,1,339.30,339.3000000000000000,0,2011-06-28 10:37:00,2011-06-28 10:37:00,United Kingdom
16546,291,2,787.15,393.5750000000000000,82,2010-12-02 12:07:00,2011-02-22 11:20:00,United Kingdom
16549,11,10,4034.90,403.4900000000000000,324,2011-01-09 14:03:00,2011-11-29 15:06:00,United Kingdom
16550,109,5,2298.97,459.7940000000000000,260,2010-12-06 13:53:00,2011-08-23 11:12:00,United Kingdom
16551,96,3,922.12,307.3733333333333333,241,2011-01-07 10:24:00,2011-09-05 09:38:00,United Kingdom
16552,243,2,379.73,189.8650000000000000,131,2010-12-01 12:36:00,2011-04-11 10:04:00,United Kingdom
16553,164,12,5719.82,476.6516666666666667,197,2010-12-14 13:58:00,2011-06-29 15:42:00,United Kingdom
16554,43,3,837.10,279.0333333333333333,289,2011-01-12 12:41:00,2011-10-28 14:51:00,United Kingdom
16555,36,2,285.89,142.9450000000000000,74,2011-08-22 12:32:00,2011-11-04 14:31:00,United Kingdom
16556,67,7,3313.79,473.3985714285714286,294,2010-12-14 13:32:00,2011-10-04 11:36:00,United Kingdom
16557,25,2,281.85,140.9250000000000000,113,2011-07-25 13:28:00,2011-11-15 14:04:00,United Kingdom
16558,1,20,8338.49,416.9245000000000000,366,2010-12-08 12:01:00,2011-12-09 10:20:00,United Kingdom
16560,27,2,841.41,420.7050000000000000,332,2010-12-16 14:36:00,2011-11-13 10:35:00,United Kingdom
16561,6,2,511.12,255.5600000000000000,54,2011-10-11 09:53:00,2011-12-04 11:50:00,United Kingdom
16563,54,1,1077.74,1077.7400000000000000,0,2011-10-17 11:51:00,2011-10-17 11:51:00,United Kingdom
16565,365,1,173.70,173.7000000000000000,0,2010-12-10 15:21:00,2010-12-10 15:21:00,United Kingdom
16566,16,5,614.66,122.9320000000000000,277,2011-02-20 10:29:00,2011-11-24 16:34:00,United Kingdom
16567,195,2,865.60,432.8000000000000000,142,2011-01-07 09:31:00,2011-05-29 13:57:00,United Kingdom
16569,4,1,124.20,124.2000000000000000,0,2011-12-06 15:32:00,2011-12-06 15:32:00,United Kingdom
16570,16,10,3738.40,373.8400000000000000,296,2011-02-01 10:37:00,2011-11-24 17:02:00,United Kingdom
16571,27,3,1421.69,473.8966666666666667,255,2011-03-03 09:41:00,2011-11-13 11:46:00,United Kingdom
16572,128,3,1009.60,336.5333333333333333,148,2011-03-09 12:04:00,2011-08-04 16:34:00,United Kingdom
16573,85,2,663.61,331.8050000000000000,206,2011-02-22 15:14:00,2011-09-16 09:13:00,United Kingdom
16574,72,1,451.44,451.4400000000000000,0,2011-09-29 13:39:00,2011-09-29 13:39:00,United Kingdom
16581,183,1,105.84,105.8400000000000000,0,2011-06-10 10:05:00,2011-06-10 10:05:00,United Kingdom
16582,114,1,313.62,313.6200000000000000,0,2011-08-18 17:02:00,2011-08-18 17:02:00,United Kingdom
16583,374,1,233.45,233.4500000000000000,0,2010-12-01 12:03:00,2010-12-01 12:03:00,United Kingdom
16584,81,2,936.08,468.0400000000000000,174,2011-03-30 13:14:00,2011-09-20 13:45:00,United Kingdom
16586,249,1,463.95,463.9500000000000000,0,2011-04-05 09:32:00,2011-04-05 09:32:00,United Kingdom
16587,233,1,225.15,225.1500000000000000,0,2011-04-21 15:51:00,2011-04-21 15:51:00,United Kingdom
16589,72,3,459.24,153.0800000000000000,90,2011-07-01 13:31:00,2011-09-29 14:50:00,United Kingdom
16591,69,1,213.50,213.5000000000000000,0,2011-10-02 10:43:00,2011-10-02 10:43:00,United Kingdom
16592,5,16,4113.68,257.1050000000000000,283,2011-02-25 10:19:00,2011-12-05 13:49:00,United Kingdom
16593,51,3,330.03,110.0100000000000000,277,2011-01-16 12:11:00,2011-10-20 12:41:00,United Kingdom
16594,76,1,181.09,181.0900000000000000,0,2011-09-25 14:08:00,2011-09-25 14:08:00,United Kingdom
16595,62,1,360.16,360.1600000000000000,0,2011-10-09 13:15:00,2011-10-09 13:15:00,United Kingdom
16596,16,2,250.15,125.0750000000000000,351,2010-12-08 16:18:00,2011-11-24 10:02:00,United Kingdom
16597,5,1,90.04,90.0400000000000000,0,2011-12-05 15:44:00,2011-12-05 15:44:00,United Kingdom
16598,286,1,145.05,145.0500000000000000,0,2011-02-27 11:42:00,2011-02-27 11:42:00,United Kingdom
16600,5,6,813.52,135.5866666666666667,334,2011-01-05 12:13:00,2011-12-05 16:00:00,United Kingdom
16601,41,1,242.70,242.7000000000000000,0,2011-10-30 11:09:00,2011-10-30 11:09:00,United Kingdom
16602,37,1,528.08,528.0800000000000000,0,2011-11-03 15:54:00,2011-11-03 15:54:00,United Kingdom
16603,75,2,482.47,241.2350000000000000,17,2011-09-09 13:02:00,2011-09-26 10:06:00,United Kingdom
16607,18,14,3347.71,239.1221428571428571,341,2010-12-16 08:41:00,2011-11-22 10:24:00,United Kingdom
16609,16,7,5493.46,784.7800000000000000,237,2011-04-01 10:11:00,2011-11-24 13:32:00,United Kingdom
16610,220,1,75.66,75.6600000000000000,0,2011-05-04 13:13:00,2011-05-04 13:13:00,United Kingdom
16611,187,1,129.49,129.4900000000000000,0,2011-06-06 15:46:00,2011-06-06 15:46:00,United Kingdom
16612,33,4,1187.66,296.9150000000000000,279,2011-02-01 10:38:00,2011-11-07 07:38:00,United Kingdom
16613,71,1,618.59,618.5900000000000000,0,2011-09-30 15:52:00,2011-09-30 15:52:00,United Kingdom
16614,183,1,506.19,506.1900000000000000,0,2011-06-10 11:36:00,2011-06-10 11:36:00,United Kingdom
16616,16,2,500.42,250.2100000000000000,142,2011-07-05 13:38:00,2011-11-24 16:31:00,United Kingdom
16617,236,1,151.85,151.8500000000000000,0,2011-04-18 10:35:00,2011-04-18 10:35:00,United Kingdom
16618,32,5,2647.59,529.5180000000000000,291,2011-01-21 11:55:00,2011-11-08 13:52:00,United Kingdom
16619,264,1,226.21,226.2100000000000000,0,2011-03-21 08:18:00,2011-03-21 08:18:00,United Kingdom
16620,4,2,178.96,89.4800000000000000,257,2011-03-24 10:37:00,2011-12-06 12:19:00,United Kingdom
16621,52,4,813.48,203.3700000000000000,226,2011-03-07 11:32:00,2011-10-19 11:38:00,United Kingdom
16623,246,1,129.45,129.4500000000000000,0,2011-04-08 10:09:00,2011-04-08 10:09:00,United Kingdom
16624,81,2,810.57,405.2850000000000000,117,2011-05-26 14:20:00,2011-09-20 12:39:00,United Kingdom
16625,275,1,333.08,333.0800000000000000,0,2011-03-10 12:50:00,2011-03-10 12:50:00,United Kingdom
16626,1,17,4413.10,259.5941176470588235,266,2011-03-18 12:27:00,2011-12-09 11:56:00,United Kingdom
16627,80,1,322.80,322.8000000000000000,0,2011-09-21 14:38:00,2011-09-21 14:38:00,United Kingdom
16628,30,5,2188.05,437.6100000000000000,205,2011-04-19 08:55:00,2011-11-10 12:45:00,United Kingdom
16629,74,2,408.63,204.3150000000000000,23,2011-09-04 16:12:00,2011-09-27 10:34:00,United Kingdom
16633,18,6,2883.10,480.5166666666666667,217,2011-04-19 14:36:00,2011-11-22 13:41:00,United Kingdom
16634,223,2,217.90,108.9500000000000000,150,2010-12-02 17:41:00,2011-05-01 12:09:00,United Kingdom
16637,33,4,1154.47,288.6175000000000000,193,2011-04-28 10:20:00,2011-11-07 13:17:00,United Kingdom
16638,23,10,1680.72,168.0720000000000000,346,2010-12-06 10:19:00,2011-11-17 11:09:00,United Kingdom
16639,32,3,1257.51,419.1700000000000000,204,2011-04-18 09:31:00,2011-11-08 13:20:00,United Kingdom
16641,106,1,231.10,231.1000000000000000,0,2011-08-26 12:49:00,2011-08-26 12:49:00,United Kingdom
16642,5,2,688.33,344.1650000000000000,203,2011-05-16 12:35:00,2011-12-05 11:31:00,United Kingdom
16643,246,1,487.51,487.5100000000000000,0,2011-04-08 08:24:00,2011-04-08 08:24:00,United Kingdom
16644,178,2,833.78,416.8900000000000000,35,2011-05-11 12:53:00,2011-06-15 12:39:00,United Kingdom
16647,170,2,214.06,107.0300000000000000,35,2011-05-19 09:31:00,2011-06-23 11:47:00,United Kingdom
16648,43,1,290.66,290.6600000000000000,0,2011-10-28 08:58:00,2011-10-28 08:58:00,United Kingdom
16650,72,1,518.42,518.4200000000000000,0,2011-09-29 09:51:00,2011-09-29 09:51:00,United Kingdom
16652,59,7,6773.97,967.7100000000000000,215,2011-03-11 13:13:00,2011-10-12 09:38:00,United Kingdom
16653,17,2,1212.66,606.3300000000000000,55,2011-09-29 13:38:00,2011-11-23 14:51:00,United Kingdom
16654,142,4,601.27,150.3175000000000000,227,2010-12-06 15:09:00,2011-07-21 15:23:00,United Kingdom
16655,18,6,3789.52,631.5866666666666667,314,2011-01-12 10:16:00,2011-11-22 11:25:00,United Kingdom
16656,23,15,8625.80,575.0533333333333333,342,2010-12-10 11:23:00,2011-11-17 14:43:00,United Kingdom
16657,10,4,874.43,218.6075000000000000,245,2011-03-30 12:02:00,2011-11-30 11:48:00,United Kingdom
16658,369,1,123.24,123.2400000000000000,0,2010-12-06 13:47:00,2010-12-06 13:47:00,United Kingdom
16659,190,1,39.12,39.1200000000000000,0,2011-06-03 15:03:00,2011-06-03 15:03:00,United Kingdom
16660,17,4,1267.65,316.9125000000000000,303,2011-01-24 12:44:00,2011-11-23 14:53:00,United Kingdom
16665,363,1,135.40,135.4000000000000000,0,2010-12-12 14:03:00,2010-12-12 14:03:00,United Kingdom
16666,20,1,118.98,118.9800000000000000,0,2011-11-20 14:01:00,2011-11-20 14:01:00,United Kingdom
16667,69,2,567.18,283.5900000000000000,216,2011-02-28 12:57:00,2011-10-02 15:26:00,United Kingdom
16668,16,6,306.72,51.1200000000000000,269,2011-02-28 12:46:00,2011-11-24 17:43:00,United Kingdom
16669,24,3,1348.88,449.6266666666666667,55,2011-09-22 14:13:00,2011-11-16 12:26:00,United Kingdom
16670,17,11,4095.90,372.3545454545454545,342,2010-12-16 10:30:00,2011-11-23 09:34:00,United Kingdom
16671,29,3,1692.27,564.0900000000000000,136,2011-06-28 11:20:00,2011-11-11 13:40:00,United Kingdom
16672,3,20,8134.94,406.7470000000000000,264,2011-03-18 10:15:00,2011-12-07 16:29:00,United Kingdom
16674,55,2,304.24,152.1200000000000000,44,2011-09-02 13:59:00,2011-10-16 11:31:00,United Kingdom
16676,34,4,1592.12,398.0300000000000000,304,2011-01-06 13:00:00,2011-11-06 12:01:00,United Kingdom
16678,3,12,3109.99,259.1658333333333333,280,2011-03-02 09:24:00,2011-12-07 12:17:00,United Kingdom
16679,367,1,129.75,129.7500000000000000,0,2010-12-08 13:51:00,2010-12-08 13:51:00,United Kingdom
16680,44,1,183.70,183.7000000000000000,0,2011-10-27 17:35:00,2011-10-27 17:35:00,United Kingdom
16681,73,6,1770.34,295.0566666666666667,181,2011-03-31 13:46:00,2011-09-28 11:11:00,United Kingdom
16682,5,5,1028.00,205.6000000000000000,183,2011-06-05 11:02:00,2011-12-05 12:13:00,United Kingdom
16684,5,28,66653.56,2380.4842857142857143,354,2010-12-16 17:34:00,2011-12-05 14:06:00,United Kingdom
16685,62,2,324.24,162.1200000000000000,0,2011-10-09 13:44:00,2011-10-09 13:58:00,United Kingdom
16686,48,7,2959.88,422.8400000000000000,308,2010-12-19 14:41:00,2011-10-23 13:49:00,United Kingdom
16688,2,4,1260.86,315.2150000000000000,59,2011-10-10 12:23:00,2011-12-08 15:24:00,United Kingdom
16689,76,2,422.60,211.3000000000000000,7,2011-09-18 13:29:00,2011-09-25 11:39:00,United Kingdom
16690,73,2,225.58,112.7900000000000000,129,2011-05-22 10:53:00,2011-09-28 15:02:00,United Kingdom
16692,257,2,1276.00,638.0000000000000000,33,2011-02-23 15:41:00,2011-03-28 14:46:00,United Kingdom
16693,69,2,477.86,238.9300000000000000,203,2011-03-13 11:06:00,2011-10-02 11:10:00,United Kingdom
16696,136,4,657.90,164.4750000000000000,113,2011-04-05 15:20:00,2011-07-27 14:23:00,United Kingdom
16697,242,1,112.75,112.7500000000000000,0,2011-04-12 17:12:00,2011-04-12 17:12:00,United Kingdom
16698,227,2,1998.00,999.0000000000000000,27,2011-03-31 13:33:00,2011-04-27 10:52:00,United Kingdom
16700,9,13,5076.55,390.5038461538461538,358,2010-12-08 16:34:00,2011-12-01 11:00:00,United Kingdom
16701,9,13,5398.30,415.2538461538461538,353,2010-12-13 11:51:00,2011-12-01 11:10:00,United Kingdom
16705,1,20,14034.99,701.7495000000000000,358,2010-12-16 10:51:00,2011-12-09 12:08:00,United Kingdom
16706,38,3,531.35,177.1166666666666667,77,2011-08-17 15:53:00,2011-11-02 13:50:00,United Kingdom
16708,46,1,656.63,656.6300000000000000,0,2011-10-25 12:20:00,2011-10-25 12:20:00,United Kingdom
16709,85,5,3029.87,605.9740000000000000,197,2011-03-03 10:55:00,2011-09-16 10:56:00,United Kingdom
16710,20,10,2467.99,246.7990000000000000,349,2010-12-06 13:13:00,2011-11-20 14:50:00,United Kingdom
16711,4,5,1651.03,330.2060000000000000,354,2010-12-17 12:43:00,2011-12-06 16:32:00,United Kingdom
16712,10,11,3611.31,328.3009090909090909,267,2011-03-08 15:07:00,2011-11-30 13:48:00,United Kingdom
16713,19,15,6910.78,460.7186666666666667,348,2010-12-08 13:01:00,2011-11-21 12:36:00,United Kingdom
16714,219,3,1129.06,376.3533333333333333,99,2011-01-26 13:40:00,2011-05-05 11:09:00,United Kingdom
16715,79,1,301.72,301.7200000000000000,0,2011-09-22 18:15:00,2011-09-22 18:15:00,United Kingdom
16716,267,2,901.20,450.6000000000000000,45,2011-02-01 15:35:00,2011-03-18 10:03:00,United Kingdom
16717,24,6,3843.08,640.5133333333333333,343,2010-12-08 16:48:00,2011-11-16 12:16:00,United Kingdom
16718,370,1,606.05,606.0500000000000000,0,2010-12-05 13:03:00,2010-12-05 13:03:00,United Kingdom
16719,15,7,1770.22,252.8885714285714286,354,2010-12-06 12:06:00,2011-11-25 09:27:00,United Kingdom
16720,27,1,152.95,152.9500000000000000,0,2011-11-13 16:22:00,2011-11-13 16:22:00,United Kingdom
16721,263,1,292.47,292.4700000000000000,0,2011-03-22 16:08:00,2011-03-22 16:08:00,United Kingdom
16722,18,13,4730.81,363.9084615384615385,351,2010-12-06 12:59:00,2011-11-22 13:28:00,United Kingdom
16723,92,2,576.40,288.2000000000000000,16,2011-08-24 11:31:00,2011-09-09 13:01:00,United Kingdom
16725,303,7,758.27,108.3242857142857143,69,2010-12-03 16:02:00,2011-02-10 16:52:00,United Kingdom
16726,27,5,1358.74,271.7480000000000000,335,2010-12-13 13:28:00,2011-11-13 14:53:00,United Kingdom
16727,365,1,256.32,256.3200000000000000,0,2010-12-10 13:48:00,2010-12-10 13:48:00,United Kingdom
16728,47,4,1048.28,262.0700000000000000,218,2011-03-20 13:28:00,2011-10-24 14:36:00,United Kingdom
16729,39,21,7205.33,343.1109523809523810,203,2011-04-12 14:22:00,2011-11-01 14:29:00,United Kingdom
16730,53,3,743.11,247.7033333333333333,267,2011-01-24 14:01:00,2011-10-18 14:11:00,United Kingdom
16732,32,1,603.75,603.7500000000000000,0,2011-11-08 09:54:00,2011-11-08 09:54:00,United Kingdom
16734,53,3,646.76,215.5866666666666667,62,2011-08-17 15:00:00,2011-10-18 13:44:00,United Kingdom
16735,79,5,2247.41,449.4820000000000000,256,2011-01-09 12:53:00,2011-09-22 11:49:00,United Kingdom
16737,54,1,417.60,417.6000000000000000,0,2011-10-17 13:03:00,2011-10-17 13:03:00,United Kingdom
16738,298,1,3.75,3.7500000000000000,0,2011-02-15 09:46:00,2011-02-15 09:46:00,United Kingdom
16739,177,1,323.00,323.0000000000000000,0,2011-06-16 09:17:00,2011-06-16 09:17:00,United Kingdom
16742,47,1,464.90,464.9000000000000000,0,2011-10-24 12:02:00,2011-10-24 12:02:00,United Kingdom
16743,30,7,2213.13,316.1614285714285714,329,2010-12-16 12:15:00,2011-11-10 13:13:00,United Kingdom
16744,12,7,1291.91,184.5585714285714286,162,2011-06-19 15:13:00,2011-11-28 13:06:00,United Kingdom
16745,87,17,7180.70,422.3941176470588235,225,2011-02-01 11:31:00,2011-09-14 11:58:00,United Kingdom
16746,5,18,6680.11,371.1172222222222222,354,2010-12-16 11:43:00,2011-12-05 12:33:00,United Kingdom
16747,38,2,836.06,418.0300000000000000,30,2011-10-03 10:18:00,2011-11-02 11:37:00,United Kingdom
16748,18,5,1515.90,303.1800000000000000,317,2011-01-09 13:50:00,2011-11-22 10:17:00,United Kingdom
16750,45,5,623.93,124.7860000000000000,188,2011-04-21 16:53:00,2011-10-26 12:48:00,United Kingdom
16751,31,1,1764.72,1764.7200000000000000,0,2011-11-09 10:48:00,2011-11-09 10:48:00,United Kingdom
16752,373,1,207.50,207.5000000000000000,0,2010-12-02 12:18:00,2010-12-02 12:18:00,United Kingdom
16753,59,1,223.92,223.9200000000000000,0,2011-10-12 13:14:00,2011-10-12 13:14:00,United Kingdom
16754,373,1,2002.40,2002.4000000000000000,0,2010-12-02 17:38:00,2010-12-02 17:38:00,United Kingdom
16755,115,3,1475.43,491.8100000000000000,201,2011-01-28 10:47:00,2011-08-17 13:21:00,United Kingdom
16756,215,1,239.40,239.4000000000000000,0,2011-05-09 09:33:00,2011-05-09 09:33:00,United Kingdom
16757,319,1,106.83,106.8300000000000000,0,2011-01-25 11:59:00,2011-01-25 11:59:00,United Kingdom
16758,66,1,369.34,369.3400000000000000,0,2011-10-05 14:47:00,2011-10-05 14:47:00,United Kingdom
16759,8,3,789.79,263.2633333333333333,23,2011-11-09 09:06:00,2011-12-02 12:42:00,United Kingdom
16761,97,1,316.62,316.6200000000000000,0,2011-09-04 11:15:00,2011-09-04 11:15:00,United Kingdom
16762,20,3,1207.24,402.4133333333333333,125,2011-07-18 12:52:00,2011-11-20 11:43:00,United Kingdom
16763,199,1,611.85,611.8500000000000000,0,2011-05-25 11:52:00,2011-05-25 11:52:00,United Kingdom
16764,4,13,2790.95,214.6884615384615385,140,2011-07-19 17:17:00,2011-12-06 11:41:00,United Kingdom
16765,295,1,34.00,34.0000000000000000,0,2011-02-18 15:41:00,2011-02-18 15:41:00,United Kingdom
16766,274,2,1145.60,572.8000000000000000,0,2011-03-11 13:34:00,2011-03-11 15:22:00,United Kingdom
16767,31,11,5575.56,506.8690909090909091,286,2011-01-27 13:38:00,2011-11-09 09:42:00,United Kingdom
16768,48,3,478.09,159.3633333333333333,224,2011-03-13 10:25:00,2011-10-23 10:38:00,United Kingdom
16769,261,1,361.54,361.5400000000000000,0,2011-03-24 13:41:00,2011-03-24 13:41:00,United Kingdom
16770,58,5,757.10,151.4200000000000000,315,2010-12-02 15:49:00,2011-10-13 12:21:00,United Kingdom
16771,34,5,2242.61,448.5220000000000000,305,2011-01-05 13:57:00,2011-11-06 13:28:00,United Kingdom
16773,58,1,171.59,171.5900000000000000,0,2011-10-13 14:37:00,2011-10-13 14:37:00,United Kingdom
16774,68,4,661.52,165.3800000000000000,111,2011-06-14 12:45:00,2011-10-03 12:41:00,United Kingdom
16775,11,11,1691.51,153.7736363636363636,357,2010-12-07 15:15:00,2011-11-29 15:22:00,United Kingdom
16776,61,1,371.54,371.5400000000000000,0,2011-10-10 13:04:00,2011-10-10 13:04:00,United Kingdom
16777,81,2,222.62,111.3100000000000000,177,2011-03-27 14:34:00,2011-09-20 13:41:00,United Kingdom
16778,75,2,245.94,122.9700000000000000,200,2011-03-10 15:21:00,2011-09-26 13:48:00,United Kingdom
16779,3,22,10611.72,482.3509090909090909,364,2010-12-08 09:56:00,2011-12-07 14:54:00,United Kingdom
16780,101,2,422.24,211.1200000000000000,159,2011-03-25 17:34:00,2011-08-31 16:09:00,United Kingdom
16781,373,1,311.25,311.2500000000000000,0,2010-12-02 14:26:00,2010-12-02 14:26:00,United Kingdom
16782,11,13,2267.95,174.4576923076923077,355,2010-12-09 11:28:00,2011-11-29 13:20:00,United Kingdom
16784,20,1,107.60,107.6000000000000000,0,2011-11-20 12:20:00,2011-11-20 12:20:00,United Kingdom
16788,124,2,594.39,297.1950000000000000,131,2011-03-30 13:05:00,2011-08-08 14:53:00,United Kingdom
16789,9,1,80.80,80.8000000000000000,0,2011-12-01 15:12:00,2011-12-01 15:12:00,United Kingdom
16790,4,6,1545.62,257.6033333333333333,34,2011-11-02 11:23:00,2011-12-06 11:53:00,United Kingdom
16791,30,7,1705.78,243.6828571428571429,303,2011-01-11 15:42:00,2011-11-10 19:12:00,United Kingdom
16792,283,2,110.38,55.1900000000000000,0,2011-03-02 14:39:00,2011-03-02 14:41:00,United Kingdom
16793,58,1,243.84,243.8400000000000000,0,2011-10-13 15:08:00,2011-10-13 15:08:00,United Kingdom
16794,2,10,1196.50,119.6500000000000000,179,2011-06-12 14:15:00,2011-12-08 17:54:00,United Kingdom
16795,366,1,414.88,414.8800000000000000,0,2010-12-09 14:08:00,2010-12-09 14:08:00,United Kingdom
16796,90,1,305.62,305.6200000000000000,0,2011-09-11 14:01:00,2011-09-11 14:01:00,United Kingdom
16800,12,1,1162.65,1162.6500000000000000,0,2011-11-28 14:06:00,2011-11-28 14:06:00,United Kingdom
16801,164,4,1594.23,398.5575000000000000,110,2011-03-11 13:56:00,2011-06-29 15:33:00,United Kingdom
16803,66,1,332.30,332.3000000000000000,0,2011-10-05 14:28:00,2011-10-05 14:28:00,United Kingdom
16804,24,3,536.99,178.9966666666666667,247,2011-03-14 15:48:00,2011-11-16 16:43:00,United Kingdom
16805,174,2,460.59,230.2950000000000000,187,2010-12-14 13:35:00,2011-06-19 11:23:00,United Kingdom
16806,104,4,762.16,190.5400000000000000,136,2011-04-14 19:59:00,2011-08-28 15:27:00,United Kingdom
16807,143,3,1121.59,373.8633333333333333,128,2011-03-14 09:46:00,2011-07-20 12:00:00,United Kingdom
16808,100,2,288.42,144.2100000000000000,175,2011-03-10 19:05:00,2011-09-01 19:34:00,United Kingdom
16809,24,5,914.69,182.9380000000000000,239,2011-03-22 15:20:00,2011-11-16 15:45:00,United Kingdom
16810,193,1,309.54,309.5400000000000000,0,2011-05-31 15:32:00,2011-05-31 15:32:00,United Kingdom
16811,5,2,547.07,273.5350000000000000,13,2011-11-22 17:19:00,2011-12-05 11:39:00,United Kingdom
16812,361,1,479.35,479.3500000000000000,0,2010-12-14 12:35:00,2010-12-14 12:35:00,United Kingdom
16813,9,10,1652.18,165.2180000000000000,196,2011-05-19 13:28:00,2011-12-01 14:03:00,United Kingdom
16814,15,21,6416.70,305.5571428571428571,355,2010-12-05 11:45:00,2011-11-25 13:27:00,United Kingdom
16816,104,4,417.06,104.2650000000000000,255,2010-12-16 17:01:00,2011-08-28 14:16:00,United Kingdom
16817,3,9,1604.75,178.3055555555555556,366,2010-12-06 14:19:00,2011-12-07 11:03:00,United Kingdom
16818,11,11,3349.57,304.5063636363636364,195,2011-05-18 11:42:00,2011-11-29 10:41:00,United Kingdom
16820,96,1,497.61,497.6100000000000000,0,2011-09-05 12:06:00,2011-09-05 12:06:00,United Kingdom
16823,228,1,358.38,358.3800000000000000,0,2011-04-26 15:00:00,2011-04-26 15:00:00,United Kingdom
16824,16,2,460.64,230.3200000000000000,149,2011-06-28 13:36:00,2011-11-24 12:38:00,United Kingdom
16825,39,2,775.18,387.5900000000000000,147,2011-06-07 09:44:00,2011-11-01 11:51:00,United Kingdom
16826,52,1,341.70,341.7000000000000000,0,2011-10-19 14:05:00,2011-10-19 14:05:00,United Kingdom
16828,94,2,128.50,64.2500000000000000,19,2011-08-19 13:24:00,2011-09-07 15:10:00,United Kingdom
16829,157,1,197.22,197.2200000000000000,0,2011-07-06 10:48:00,2011-07-06 10:48:00,United Kingdom
16830,39,1,325.91,325.9100000000000000,0,2011-11-01 11:35:00,2011-11-01 11:35:00,United Kingdom
16832,185,3,199.15,66.3833333333333333,33,2011-05-06 14:12:00,2011-06-08 15:36:00,United Kingdom
16833,2,4,1106.53,276.6325000000000000,333,2011-01-09 13:02:00,2011-12-08 14:39:00,United Kingdom
16834,228,1,413.46,413.4600000000000000,0,2011-04-26 09:37:00,2011-04-26 09:37:00,United Kingdom
16835,129,2,180.85,90.4250000000000000,245,2010-12-01 17:15:00,2011-08-03 13:50:00,United Kingdom
16836,40,2,251.87,125.9350000000000000,77,2011-08-15 12:38:00,2011-10-31 10:05:00,United Kingdom
16837,32,11,3170.98,288.2709090909090909,214,2011-04-08 08:48:00,2011-11-08 14:27:00,United Kingdom
16838,198,2,588.85,294.4250000000000000,91,2011-02-24 15:01:00,2011-05-26 13:13:00,United Kingdom
16839,9,34,16594.35,488.0691176470588235,361,2010-12-05 11:15:00,2011-12-01 09:03:00,United Kingdom
16841,37,6,1869.82,311.6366666666666667,251,2011-02-25 12:40:00,2011-11-03 11:51:00,United Kingdom
16842,101,3,1264.19,421.3966666666666667,202,2011-02-10 14:51:00,2011-08-31 10:42:00,United Kingdom
16843,43,16,10196.57,637.2856250000000000,285,2011-01-16 16:10:00,2011-10-28 09:06:00,United Kingdom
16846,51,1,214.32,214.3200000000000000,0,2011-10-20 13:55:00,2011-10-20 13:55:00,United Kingdom
16847,44,1,193.44,193.4400000000000000,0,2011-10-27 13:29:00,2011-10-27 13:29:00,United Kingdom
16848,53,1,281.42,281.4200000000000000,0,2011-10-18 08:42:00,2011-10-18 08:42:00,United Kingdom
16849,187,1,124.57,124.5700000000000000,0,2011-06-06 09:16:00,2011-06-06 09:16:00,United Kingdom
16850,334,1,332.41,332.4100000000000000,0,2011-01-10 11:09:00,2011-01-10 11:09:00,United Kingdom
16851,5,3,342.45,114.1500000000000000,47,2011-10-19 09:48:00,2011-12-05 13:32:00,United Kingdom
16852,11,2,144.91,72.4550000000000000,166,2011-06-16 15:49:00,2011-11-29 13:22:00,United Kingdom
16855,24,2,328.40,164.2000000000000000,20,2011-10-27 16:31:00,2011-11-16 12:03:00,United Kingdom
16856,15,1,35.40,35.4000000000000000,0,2011-11-25 08:59:00,2011-11-25 08:59:00,United Kingdom
16858,369,1,375.69,375.6900000000000000,0,2010-12-06 09:52:00,2010-12-06 09:52:00,United Kingdom
16859,145,2,747.81,373.9050000000000000,117,2011-03-23 13:39:00,2011-07-18 12:19:00,United Kingdom
16861,60,2,173.76,86.8800000000000000,99,2011-07-04 15:38:00,2011-10-11 09:05:00,United Kingdom
16863,32,2,502.80,251.4000000000000000,335,2010-12-08 08:58:00,2011-11-08 15:26:00,United Kingdom
16866,141,3,207.74,69.2466666666666667,21,2011-07-01 12:34:00,2011-07-22 10:06:00,United Kingdom
16869,23,4,817.12,204.2800000000000000,153,2011-06-17 13:01:00,2011-11-17 12:02:00,United Kingdom
16871,23,6,2812.34,468.7233333333333333,248,2011-03-14 10:31:00,2011-11-17 19:27:00,United Kingdom
16872,78,3,680.02,226.6733333333333333,107,2011-06-08 14:32:00,2011-09-23 16:05:00,United Kingdom
16873,5,6,7123.62,1187.2700000000000000,360,2010-12-10 15:45:00,2011-12-05 12:05:00,United Kingdom
16875,68,5,2095.53,419.1060000000000000,272,2011-01-04 10:37:00,2011-10-03 13:39:00,United Kingdom
16877,13,6,846.62,141.1033333333333333,196,2011-05-15 16:13:00,2011-11-27 13:47:00,United Kingdom
16878,85,1,13.30,13.3000000000000000,0,2011-09-16 17:39:00,2011-09-16 17:39:00,United Kingdom
16880,31,7,1491.43,213.0614285714285714,159,2011-06-03 16:45:00,2011-11-09 11:33:00,United Kingdom
16881,67,1,432.00,432.0000000000000000,0,2011-10-04 10:33:00,2011-10-04 10:33:00,United Kingdom
16882,67,3,705.12,235.0400000000000000,251,2011-01-26 17:43:00,2011-10-04 10:42:00,United Kingdom
16883,188,2,272.48,136.2400000000000000,184,2010-12-03 10:33:00,2011-06-05 12:51:00,United Kingdom
16884,38,2,429.84,214.9200000000000000,0,2011-11-02 10:16:00,2011-11-02 11:52:00,United Kingdom
16885,16,3,450.41,150.1366666666666667,342,2010-12-17 17:23:00,2011-11-24 13:40:00,United Kingdom
16887,36,1,192.33,192.3300000000000000,0,2011-11-04 14:07:00,2011-11-04 14:07:00,United Kingdom
16889,195,3,1578.67,526.2233333333333333,142,2011-01-07 10:47:00,2011-05-29 11:05:00,United Kingdom
16891,2,5,742.43,148.4860000000000000,370,2010-12-03 11:35:00,2011-12-08 11:15:00,United Kingdom
16892,2,5,518.19,103.6380000000000000,182,2011-06-09 11:35:00,2011-12-08 13:18:00,United Kingdom
16893,367,1,145.93,145.9300000000000000,0,2010-12-08 12:06:00,2010-12-08 12:06:00,United Kingdom
16895,65,1,202.27,202.2700000000000000,0,2011-10-06 12:15:00,2011-10-06 12:15:00,United Kingdom
16897,300,2,289.78,144.8900000000000000,14,2011-01-30 11:52:00,2011-02-13 15:02:00,United Kingdom
16898,27,3,501.03,167.0100000000000000,342,2010-12-06 12:23:00,2011-11-13 15:44:00,United Kingdom
16899,8,6,1271.06,211.8433333333333333,353,2010-12-14 13:11:00,2011-12-02 12:03:00,United Kingdom
16900,17,3,887.11,295.7033333333333333,47,2011-10-07 13:17:00,2011-11-23 10:32:00,United Kingdom
16902,117,1,1706.88,1706.8800000000000000,0,2011-08-15 14:17:00,2011-08-15 14:17:00,United Kingdom
16903,30,1,363.20,363.2000000000000000,0,2011-11-10 15:32:00,2011-11-10 15:32:00,United Kingdom
16904,5,16,3653.75,228.3593750000000000,363,2010-12-07 13:29:00,2011-12-05 13:10:00,United Kingdom
16905,6,7,3037.60,433.9428571428571429,366,2010-12-03 10:43:00,2011-12-04 14:01:00,United Kingdom
16906,82,4,559.59,139.8975000000000000,167,2011-04-05 12:30:00,2011-09-19 11:49:00,United Kingdom
16907,30,5,928.76,185.7520000000000000,336,2010-12-09 16:52:00,2011-11-10 18:04:00,United Kingdom
16909,73,1,379.14,379.1400000000000000,0,2011-09-28 16:45:00,2011-09-28 16:45:00,United Kingdom
16910,5,8,1508.96,188.6200000000000000,87,2011-09-09 14:14:00,2011-12-05 12:51:00,United Kingdom
16912,29,11,2555.58,232.3254545454545455,295,2011-01-20 15:42:00,2011-11-11 12:18:00,United Kingdom
16913,291,1,113.44,113.4400000000000000,0,2011-02-22 12:56:00,2011-02-22 12:56:00,United Kingdom
16914,37,1,183.76,183.7600000000000000,0,2011-11-03 15:27:00,2011-11-03 15:27:00,United Kingdom
16915,10,6,621.68,103.6133333333333333,274,2011-03-01 09:52:00,2011-11-30 16:39:00,United Kingdom
16916,24,2,562.41,281.2050000000000000,349,2010-12-02 13:14:00,2011-11-16 12:08:00,United Kingdom
16917,277,1,391.52,391.5200000000000000,0,2011-03-08 11:55:00,2011-03-08 11:55:00,United Kingdom
16918,50,6,1068.82,178.1366666666666667,268,2011-01-26 17:37:00,2011-10-21 12:50:00,United Kingdom
16919,157,11,2592.25,235.6590909090909091,212,2010-12-06 12:52:00,2011-07-06 13:35:00,United Kingdom
16921,62,1,154.18,154.1800000000000000,0,2011-10-09 16:22:00,2011-10-09 16:22:00,United Kingdom
16923,13,19,7069.08,372.0568421052631579,350,2010-12-12 11:06:00,2011-11-27 13:00:00,United Kingdom
16924,22,3,829.89,276.6300000000000000,63,2011-09-16 12:54:00,2011-11-18 12:53:00,United Kingdom
16926,372,1,230.25,230.2500000000000000,0,2010-12-03 13:42:00,2010-12-03 13:42:00,United Kingdom
16927,116,3,543.05,181.0166666666666667,246,2010-12-13 11:57:00,2011-08-16 11:10:00,United Kingdom
16928,81,17,2814.70,165.5705882352941176,293,2010-12-01 15:21:00,2011-09-20 15:10:00,United Kingdom
16929,4,7,1295.39,185.0557142857142857,152,2011-07-07 12:39:00,2011-12-06 08:37:00,United Kingdom
16930,27,3,378.89,126.2966666666666667,42,2011-10-02 14:25:00,2011-11-13 16:13:00,United Kingdom
16931,6,21,4554.87,216.8985714285714286,364,2010-12-05 11:40:00,2011-12-04 13:15:00,United Kingdom
16932,54,1,150.23,150.2300000000000000,0,2011-10-17 14:12:00,2011-10-17 14:12:00,United Kingdom
16933,2,2,563.23,281.6150000000000000,238,2011-04-14 13:33:00,2011-12-08 12:54:00,United Kingdom
16934,55,2,931.03,465.5150000000000000,0,2011-10-16 12:25:00,2011-10-16 12:40:00,United Kingdom
16936,26,1,261.90,261.9000000000000000,0,2011-11-14 11:04:00,2011-11-14 11:04:00,United Kingdom
16938,9,4,2711.68,677.9200000000000000,300,2011-02-04 09:34:00,2011-12-01 10:20:00,United Kingdom
16940,53,3,3049.88,1016.6266666666666667,237,2011-02-23 12:27:00,2011-10-18 13:15:00,United Kingdom
16942,13,9,1904.99,211.6655555555555556,215,2011-04-26 11:59:00,2011-11-27 12:40:00,United Kingdom
16943,212,3,816.73,272.2433333333333333,107,2011-01-25 14:00:00,2011-05-12 11:57:00,United Kingdom
16945,22,19,4345.50,228.7105263157894737,337,2010-12-16 17:49:00,2011-11-18 11:39:00,United Kingdom
16947,236,1,406.48,406.4800000000000000,0,2011-04-18 09:38:00,2011-04-18 09:38:00,United Kingdom
16948,139,3,435.02,145.0066666666666667,187,2011-01-18 10:58:00,2011-07-24 12:46:00,United Kingdom
16949,4,6,1286.27,214.3783333333333333,313,2011-01-27 12:11:00,2011-12-06 11:07:00,United Kingdom
16950,57,3,1178.56,392.8533333333333333,311,2010-12-07 15:20:00,2011-10-14 09:06:00,United Kingdom
16951,135,3,1277.75,425.9166666666666667,170,2011-02-08 14:58:00,2011-07-28 12:05:00,United Kingdom
16952,110,2,167.61,83.8050000000000000,0,2011-08-22 12:58:00,2011-08-22 13:03:00,United Kingdom
16953,31,1,20.80,20.8000000000000000,0,2011-11-09 15:54:00,2011-11-09 15:54:00,United Kingdom
16954,1,9,2085.08,231.6755555555555556,359,2010-12-15 10:41:00,2011-12-09 09:46:00,United Kingdom
16955,185,4,518.67,129.6675000000000000,189,2010-12-01 13:31:00,2011-06-08 10:36:00,United Kingdom
16956,18,1,308.74,308.7400000000000000,0,2011-11-22 08:56:00,2011-11-22 08:56:00,United Kingdom
16957,240,2,416.64,208.3200000000000000,42,2011-03-03 09:25:00,2011-04-14 13:56:00,United Kingdom
16959,88,1,117.35,117.3500000000000000,0,2011-09-13 15:03:00,2011-09-13 15:03:00,United Kingdom
16960,39,3,507.05,169.0166666666666667,214,2011-04-01 11:54:00,2011-11-01 11:35:00,United Kingdom
16961,117,1,234.17,234.1700000000000000,0,2011-08-15 13:46:00,2011-08-15 13:46:00,United Kingdom
16963,188,1,110.55,110.5500000000000000,0,2011-06-05 13:48:00,2011-06-05 13:48:00,United Kingdom
16965,227,1,201.19,201.1900000000000000,0,2011-04-27 12:08:00,2011-04-27 12:08:00,United Kingdom
16966,9,7,2154.97,307.8528571428571429,232,2011-04-13 14:17:00,2011-12-01 13:40:00,United Kingdom
16967,190,1,319.02,319.0200000000000000,0,2011-06-03 14:24:00,2011-06-03 14:24:00,United Kingdom
16968,5,2,439.43,219.7150000000000000,103,2011-08-24 10:51:00,2011-12-05 15:02:00,United Kingdom
16969,40,3,650.41,216.8033333333333333,152,2011-06-01 12:10:00,2011-10-31 13:12:00,United Kingdom
16971,39,1,357.21,357.2100000000000000,0,2011-11-01 15:06:00,2011-11-01 15:06:00,United Kingdom
16976,268,1,251.52,251.5200000000000000,0,2011-03-17 16:33:00,2011-03-17 16:33:00,United Kingdom
16978,78,1,344.33,344.3300000000000000,0,2011-09-23 12:50:00,2011-09-23 12:50:00,United Kingdom
16979,4,6,1852.00,308.6666666666666667,294,2011-02-15 09:20:00,2011-12-06 12:21:00,United Kingdom
16980,256,2,1028.46,514.2300000000000000,36,2011-02-21 12:58:00,2011-03-29 16:36:00,United Kingdom
16982,61,1,384.06,384.0600000000000000,0,2011-10-10 12:28:00,2011-10-10 12:28:00,United Kingdom
16983,13,7,1905.87,272.2671428571428571,357,2010-12-05 12:34:00,2011-11-27 12:10:00,United Kingdom
16984,89,2,4459.52,2229.7600000000000000,42,2011-08-01 17:37:00,2011-09-12 13:43:00,United Kingdom
16985,18,10,5464.12,546.4120000000000000,341,2010-12-16 10:38:00,2011-11-22 13:33:00,United Kingdom
16986,30,2,1873.20,936.6000000000000000,1,2011-11-09 15:52:00,2011-11-10 11:55:00,United Kingdom
16987,4,7,1616.80,230.9714285714285714,202,2011-05-18 15:55:00,2011-12-06 17:26:00,United Kingdom
16988,6,1,126.12,126.1200000000000000,0,2011-12-04 16:02:00,2011-12-04 16:02:00,United Kingdom
16989,8,6,1133.25,188.8750000000000000,143,2011-07-12 09:11:00,2011-12-02 16:39:00,United Kingdom
16990,219,1,179.00,179.0000000000000000,0,2011-05-05 08:30:00,2011-05-05 08:30:00,United Kingdom
16992,11,5,1614.31,322.8620000000000000,274,2011-02-28 10:37:00,2011-11-29 11:50:00,United Kingdom
16996,31,6,1456.96,242.8266666666666667,323,2010-12-21 13:22:00,2011-11-09 16:43:00,United Kingdom
16997,289,3,702.00,234.0000000000000000,37,2011-01-18 11:51:00,2011-02-24 17:28:00,United Kingdom
16998,150,4,295.00,73.7500000000000000,155,2011-02-08 15:42:00,2011-07-13 09:44:00,United Kingdom
16999,24,2,484.82,242.4100000000000000,51,2011-09-26 15:43:00,2011-11-16 13:53:00,United Kingdom
17001,1,11,3989.57,362.6881818181818182,358,2010-12-16 09:35:00,2011-12-09 09:38:00,United Kingdom
17002,86,3,1493.73,497.9100000000000000,205,2011-02-22 11:46:00,2011-09-15 12:40:00,United Kingdom
17004,47,2,1312.14,656.0700000000000000,46,2011-09-08 12:16:00,2011-10-24 14:25:00,United Kingdom
17006,5,4,781.78,195.4450000000000000,71,2011-09-25 12:15:00,2011-12-05 12:09:00,United Kingdom
17007,51,6,889.93,148.3216666666666667,307,2010-12-17 13:57:00,2011-10-20 10:47:00,United Kingdom
17010,19,1,195.36,195.3600000000000000,0,2011-11-21 14:49:00,2011-11-21 14:49:00,United Kingdom
17011,31,1,270.90,270.9000000000000000,0,2011-11-09 13:30:00,2011-11-09 13:30:00,United Kingdom
17014,9,3,583.43,194.4766666666666667,58,2011-10-04 11:36:00,2011-12-01 14:09:00,United Kingdom
17015,29,3,1838.61,612.8700000000000000,157,2011-06-07 13:19:00,2011-11-11 10:45:00,United Kingdom
17017,3,20,8694.26,434.7130000000000000,370,2010-12-02 10:17:00,2011-12-07 09:32:00,United Kingdom
17018,41,2,920.10,460.0500000000000000,285,2011-01-18 08:46:00,2011-10-30 11:42:00,United Kingdom
17019,12,4,1258.08,314.5200000000000000,357,2010-12-06 12:55:00,2011-11-28 13:06:00,United Kingdom
17022,32,1,71.00,71.0000000000000000,0,2011-11-08 17:09:00,2011-11-08 17:09:00,United Kingdom
17024,46,3,95.85,31.9500000000000000,112,2011-07-05 09:31:00,2011-10-25 13:47:00,United Kingdom
17025,61,3,357.77,119.2566666666666667,313,2010-12-01 15:45:00,2011-10-10 09:06:00,United Kingdom
17026,186,2,154.83,77.4150000000000000,184,2010-12-05 12:47:00,2011-06-07 14:28:00,United Kingdom
17027,79,6,877.56,146.2600000000000000,239,2011-01-26 14:19:00,2011-09-22 12:24:00,United Kingdom
17029,111,2,716.00,358.0000000000000000,126,2011-04-17 10:57:00,2011-08-21 11:06:00,United Kingdom
17030,64,1,146.87,146.8700000000000000,0,2011-10-07 08:49:00,2011-10-07 08:49:00,United Kingdom
17031,12,2,380.35,190.1750000000000000,143,2011-07-08 09:38:00,2011-11-28 10:23:00,United Kingdom
17033,87,3,1030.14,343.3800000000000000,273,2010-12-15 13:21:00,2011-09-14 14:34:00,United Kingdom
17034,17,3,745.52,248.5066666666666667,271,2011-02-25 10:10:00,2011-11-23 15:14:00,United Kingdom
17035,246,2,433.53,216.7650000000000000,66,2011-02-01 12:27:00,2011-04-08 11:23:00,United Kingdom
17037,88,1,1267.32,1267.3200000000000000,0,2011-09-13 12:49:00,2011-09-13 12:49:00,United Kingdom
17038,31,1,112.40,112.4000000000000000,0,2011-11-09 13:50:00,2011-11-09 13:50:00,United Kingdom
17040,138,1,449.73,449.7300000000000000,0,2011-07-25 10:19:00,2011-07-25 10:19:00,United Kingdom
17041,27,3,1071.49,357.1633333333333333,334,2010-12-14 11:43:00,2011-11-13 11:21:00,United Kingdom
17042,3,5,1036.58,207.3160000000000000,245,2011-04-06 14:53:00,2011-12-07 12:26:00,United Kingdom
17043,33,4,1735.18,433.7950000000000000,234,2011-03-18 14:53:00,2011-11-07 15:33:00,United Kingdom
17044,26,1,948.48,948.4800000000000000,0,2011-11-14 14:28:00,2011-11-14 14:28:00,United Kingdom
17045,114,3,339.44,113.1466666666666667,134,2011-04-06 12:08:00,2011-08-18 17:09:00,United Kingdom
17046,158,1,642.02,642.0200000000000000,0,2011-07-05 14:24:00,2011-07-05 14:24:00,United Kingdom
17047,86,3,1100.90,366.9666666666666667,120,2011-05-18 16:50:00,2011-09-15 13:27:00,United Kingdom
17048,118,3,925.35,308.4500000000000000,214,2011-01-12 16:51:00,2011-08-14 11:49:00,United Kingdom
17049,3,9,5655.03,628.3366666666666667,273,2011-03-09 08:33:00,2011-12-07 10:48:00,United Kingdom
17050,97,6,3185.64,530.9400000000000000,203,2011-02-13 12:41:00,2011-09-04 13:48:00,United Kingdom
17051,195,1,240.89,240.8900000000000000,0,2011-05-29 14:13:00,2011-05-29 14:13:00,United Kingdom
17052,29,1,399.09,399.0900000000000000,0,2011-11-11 14:50:00,2011-11-11 14:50:00,United Kingdom
17053,131,1,498.48,498.4800000000000000,0,2011-08-01 10:23:00,2011-08-01 10:23:00,United Kingdom
17054,29,5,1356.33,271.2660000000000000,217,2011-04-08 13:14:00,2011-11-11 12:56:00,United Kingdom
17058,82,3,1179.89,393.2966666666666667,158,2011-04-14 09:18:00,2011-09-19 10:13:00,United Kingdom
17059,30,5,3080.39,616.0780000000000000,340,2010-12-05 12:35:00,2011-11-10 12:27:00,United Kingdom
17060,267,1,234.24,234.2400000000000000,0,2011-03-18 13:27:00,2011-03-18 13:27:00,United Kingdom
17061,74,11,5232.23,475.6572727272727273,159,2011-04-21 13:29:00,2011-09-27 11:24:00,United Kingdom
17062,314,4,533.33,133.3325000000000000,56,2010-12-05 11:59:00,2011-01-30 11:01:00,United Kingdom
17063,22,7,1461.14,208.7342857142857143,268,2011-02-23 13:44:00,2011-11-18 16:19:00,United Kingdom
17064,59,3,855.45,285.1500000000000000,269,2011-01-16 16:10:00,2011-10-12 10:18:00,United Kingdom
17068,13,21,4552.14,216.7685714285714286,356,2010-12-06 13:58:00,2011-11-27 13:14:00,United Kingdom
17069,29,9,2709.70,301.0777777777777778,345,2010-12-01 16:49:00,2011-11-11 17:13:00,United Kingdom
17070,115,1,304.24,304.2400000000000000,0,2011-08-17 17:01:00,2011-08-17 17:01:00,United Kingdom
17071,29,9,2429.03,269.8922222222222222,281,2011-02-03 08:18:00,2011-11-11 16:31:00,United Kingdom
17073,18,4,1446.09,361.5225000000000000,92,2011-08-22 14:37:00,2011-11-22 11:47:00,United Kingdom
17075,18,4,834.12,208.5300000000000000,300,2011-01-26 13:20:00,2011-11-22 11:58:00,United Kingdom
17076,37,3,841.08,280.3600000000000000,328,2010-12-10 10:08:00,2011-11-03 17:53:00,United Kingdom
17078,37,2,378.20,189.1000000000000000,0,2011-11-03 18:49:00,2011-11-03 19:17:00,United Kingdom
17079,79,1,118.80,118.8000000000000000,0,2011-09-22 15:34:00,2011-09-22 15:34:00,United Kingdom
17080,23,2,287.62,143.8100000000000000,247,2011-03-15 12:05:00,2011-11-17 12:59:00,United Kingdom
17081,26,2,288.91,144.4550000000000000,21,2011-10-24 13:08:00,2011-11-14 12:56:00,United Kingdom
17082,34,2,2003.85,1001.9250000000000000,285,2011-01-25 14:36:00,2011-11-06 15:17:00,United Kingdom
17083,110,3,1405.78,468.5933333333333333,194,2011-02-09 11:38:00,2011-08-22 15:43:00,United Kingdom
17084,36,2,2747.99,1373.9950000000000000,0,2011-11-04 14:49:00,2011-11-04 14:54:00,United Kingdom
17085,124,5,1562.40,312.4800000000000000,239,2010-12-12 12:24:00,2011-08-08 14:15:00,United Kingdom
17086,8,6,2050.08,341.6800000000000000,56,2011-10-07 11:22:00,2011-12-02 13:54:00,United Kingdom
17088,29,4,1991.01,497.7525000000000000,225,2011-03-31 09:48:00,2011-11-11 14:23:00,United Kingdom
17090,5,7,1974.65,282.0928571428571429,350,2010-12-20 13:52:00,2011-12-05 13:44:00,United Kingdom
17091,3,9,3827.76,425.3066666666666667,365,2010-12-07 09:55:00,2011-12-07 10:43:00,United Kingdom
17092,51,4,1774.03,443.5075000000000000,227,2011-03-07 14:51:00,2011-10-20 19:51:00,United Kingdom
17094,323,1,302.00,302.0000000000000000,0,2011-01-21 13:09:00,2011-01-21 13:09:00,United Kingdom
17095,23,3,1324.16,441.3866666666666667,312,2011-01-09 11:05:00,2011-11-17 12:21:00,United Kingdom
17096,16,4,1022.13,255.5325000000000000,246,2011-03-23 12:05:00,2011-11-24 15:01:00,United Kingdom
17097,3,8,954.42,119.3025000000000000,363,2010-12-09 14:55:00,2011-12-07 17:05:00,Spain
17100,19,2,971.74,485.8700000000000000,0,2011-11-21 16:36:00,2011-11-21 16:36:00,United Kingdom
17101,11,4,1621.73,405.4325000000000000,168,2011-06-14 14:49:00,2011-11-29 13:57:00,United Kingdom
17102,262,1,25.50,25.5000000000000000,0,2011-03-23 10:08:00,2011-03-23 10:08:00,United Kingdom
17105,160,2,665.78,332.8900000000000000,147,2011-02-06 14:46:00,2011-07-03 15:53:00,United Kingdom
17107,34,6,10797.48,1799.5800000000000000,245,2011-03-06 15:17:00,2011-11-06 14:14:00,United Kingdom
17109,30,6,881.29,146.8816666666666667,203,2011-04-21 15:46:00,2011-11-10 16:59:00,United Kingdom
17110,166,1,163.30,163.3000000000000000,0,2011-06-27 12:58:00,2011-06-27 12:58:00,United Kingdom
17111,48,1,231.61,231.6100000000000000,0,2011-10-23 15:59:00,2011-10-23 15:59:00,United Kingdom
17114,6,8,801.12,100.1400000000000000,329,2011-01-09 11:39:00,2011-12-04 12:17:00,United Kingdom
17115,9,3,837.50,279.1666666666666667,225,2011-04-20 14:46:00,2011-12-01 14:30:00,United Kingdom
17117,289,1,116.20,116.2000000000000000,0,2011-02-24 13:54:00,2011-02-24 13:54:00,United Kingdom
17118,318,1,157.02,157.0200000000000000,0,2011-01-26 12:19:00,2011-01-26 12:19:00,United Kingdom
17119,4,2,606.91,303.4550000000000000,56,2011-10-11 11:03:00,2011-12-06 14:40:00,United Kingdom
17120,234,1,307.46,307.4600000000000000,0,2011-04-20 15:21:00,2011-04-20 15:21:00,United Kingdom
17122,120,1,138.32,138.3200000000000000,0,2011-08-12 14:33:00,2011-08-12 14:33:00,United Kingdom
17123,162,1,345.30,345.3000000000000000,0,2011-07-01 10:47:00,2011-07-01 10:47:00,United Kingdom
17124,186,1,294.24,294.2400000000000000,0,2011-06-07 14:02:00,2011-06-07 14:02:00,United Kingdom
17125,51,1,230.50,230.5000000000000000,0,2011-10-20 14:41:00,2011-10-20 14:41:00,United Kingdom
17126,153,5,989.45,197.8900000000000000,210,2010-12-12 11:26:00,2011-07-10 13:52:00,United Kingdom
17128,335,1,157.09,157.0900000000000000,0,2011-01-09 12:02:00,2011-01-09 12:02:00,United Kingdom
17131,6,5,2463.17,492.6340000000000000,70,2011-09-25 12:42:00,2011-12-04 12:52:00,United Kingdom
17133,16,7,4892.24,698.8914285714285714,251,2011-03-18 13:47:00,2011-11-24 12:27:00,United Kingdom
17134,107,2,413.20,206.6000000000000000,158,2011-03-20 11:56:00,2011-08-25 09:53:00,United Kingdom
17135,17,7,1139.73,162.8185714285714286,355,2010-12-03 09:31:00,2011-11-23 16:48:00,United Kingdom
17138,276,1,380.50,380.5000000000000000,0,2011-03-09 11:54:00,2011-03-09 11:54:00,United Kingdom
17139,16,12,10650.77,887.5641666666666667,273,2011-02-24 09:32:00,2011-11-24 10:12:00,United Kingdom
17140,248,1,454.12,454.1200000000000000,0,2011-04-06 13:33:00,2011-04-06 13:33:00,United Kingdom
17142,240,1,579.00,579.0000000000000000,0,2011-04-14 18:22:00,2011-04-14 18:22:00,United Kingdom
17144,2,2,984.57,492.2850000000000000,83,2011-09-16 12:50:00,2011-12-08 17:57:00,United Kingdom
17146,106,3,749.78,249.9266666666666667,253,2010-12-16 12:20:00,2011-08-26 12:44:00,United Kingdom
17147,23,4,1714.59,428.6475000000000000,289,2011-02-01 09:36:00,2011-11-17 12:32:00,United Kingdom
17148,52,1,124.88,124.8800000000000000,0,2011-10-19 09:59:00,2011-10-19 09:59:00,United Kingdom
17152,195,3,1689.50,563.1666666666666667,69,2011-03-21 16:20:00,2011-05-29 12:19:00,United Kingdom
17153,25,1,213.78,213.7800000000000000,0,2011-11-15 13:42:00,2011-11-15 13:42:00,United Kingdom
17154,76,1,329.34,329.3400000000000000,0,2011-09-25 13:42:00,2011-09-25 13:42:00,United Kingdom
17155,18,2,251.70,125.8500000000000000,160,2011-06-15 10:22:00,2011-11-22 12:38:00,United Kingdom
17157,8,2,319.00,159.5000000000000000,169,2011-06-16 15:08:00,2011-12-02 09:10:00,United Kingdom
17158,33,3,1266.97,422.3233333333333333,328,2010-12-14 13:03:00,2011-11-07 15:15:00,United Kingdom
17159,22,3,1538.88,512.9600000000000000,150,2011-06-21 09:49:00,2011-11-18 10:52:00,United Kingdom
17160,32,6,3518.03,586.3383333333333333,210,2011-04-12 12:00:00,2011-11-08 14:05:00,United Kingdom
17162,29,10,1715.46,171.5460000000000000,277,2011-02-07 12:27:00,2011-11-11 11:34:00,United Kingdom
17163,22,2,293.10,146.5500000000000000,57,2011-09-22 15:54:00,2011-11-18 08:57:00,United Kingdom
17164,33,7,2467.35,352.4785714285714286,241,2011-03-11 14:26:00,2011-11-07 09:14:00,United Kingdom
17165,285,1,158.68,158.6800000000000000,0,2011-02-28 16:39:00,2011-02-28 16:39:00,United Kingdom
17166,39,2,206.34,103.1700000000000000,165,2011-05-20 08:18:00,2011-11-01 09:46:00,United Kingdom
17169,58,2,835.78,417.8900000000000000,126,2011-06-09 13:16:00,2011-10-13 10:25:00,United Kingdom
17171,290,1,224.91,224.9100000000000000,0,2011-02-23 16:37:00,2011-02-23 16:37:00,United Kingdom
17172,79,1,317.76,317.7600000000000000,0,2011-09-22 09:36:00,2011-09-22 09:36:00,United Kingdom
17173,6,8,3766.60,470.8250000000000000,126,2011-07-31 15:26:00,2011-12-04 14:40:00,United Kingdom
17174,218,1,59.90,59.9000000000000000,0,2011-05-06 11:47:00,2011-05-06 11:47:00,United Kingdom
17175,45,4,1443.69,360.9225000000000000,252,2011-02-16 14:56:00,2011-10-26 15:31:00,United Kingdom
17176,202,1,306.13,306.1300000000000000,0,2011-05-22 12:41:00,2011-05-22 12:41:00,United Kingdom
17179,179,3,711.79,237.2633333333333333,183,2010-12-13 14:24:00,2011-06-14 16:48:00,United Kingdom
17180,57,4,783.97,195.9925000000000000,260,2011-01-27 18:05:00,2011-10-14 15:46:00,United Kingdom
17181,58,2,239.92,119.9600000000000000,316,2010-12-01 12:38:00,2011-10-13 14:48:00,United Kingdom
17183,8,6,3347.31,557.8850000000000000,98,2011-08-26 15:25:00,2011-12-02 10:07:00,United Kingdom
17186,47,2,144.00,72.0000000000000000,14,2011-10-10 12:52:00,2011-10-24 10:20:00,United Kingdom
17187,227,1,203.95,203.9500000000000000,0,2011-04-27 12:39:00,2011-04-27 12:39:00,United Kingdom
17188,12,7,2474.23,353.4614285714285714,351,2010-12-12 12:56:00,2011-11-28 13:53:00,United Kingdom
17189,107,2,383.75,191.8750000000000000,253,2010-12-15 17:28:00,2011-08-25 19:39:00,United Kingdom
17190,59,2,444.74,222.3700000000000000,149,2011-05-16 15:29:00,2011-10-12 11:33:00,United Kingdom
17191,29,7,2093.68,299.0971428571428571,340,2010-12-06 14:36:00,2011-11-11 16:58:00,United Kingdom
17193,36,7,1699.30,242.7571428571428571,141,2011-06-16 10:04:00,2011-11-04 12:47:00,United Kingdom
17194,274,2,262.62,131.3100000000000000,87,2010-12-14 12:06:00,2011-03-11 12:05:00,United Kingdom
17197,30,1,1013.01,1013.0100000000000000,0,2011-11-10 10:32:00,2011-11-10 10:32:00,United Kingdom
17198,24,3,692.22,230.7400000000000000,348,2010-12-03 14:54:00,2011-11-16 10:39:00,United Kingdom
17201,54,1,289.78,289.7800000000000000,0,2011-10-17 11:55:00,2011-10-17 11:55:00,United Kingdom
17203,36,6,3560.08,593.3466666666666667,25,2011-10-10 14:37:00,2011-11-04 12:27:00,United Kingdom
17204,176,4,1564.56,391.1400000000000000,88,2011-03-21 12:42:00,2011-06-17 14:46:00,United Kingdom
17205,54,1,384.08,384.0800000000000000,0,2011-10-17 12:46:00,2011-10-17 12:46:00,United Kingdom
17206,54,1,204.24,204.2400000000000000,0,2011-10-17 13:25:00,2011-10-17 13:25:00,United Kingdom
17211,27,8,2317.22,289.6525000000000000,343,2010-12-05 12:44:00,2011-11-13 12:03:00,United Kingdom
17212,254,1,226.85,226.8500000000000000,0,2011-03-31 19:42:00,2011-03-31 19:42:00,United Kingdom
17213,41,7,2781.23,397.3185714285714286,326,2010-12-08 13:03:00,2011-10-30 14:53:00,United Kingdom
17214,61,6,1059.12,176.5200000000000000,299,2010-12-15 15:14:00,2011-10-10 13:17:00,United Kingdom
17217,235,1,113.50,113.5000000000000000,0,2011-04-19 17:19:00,2011-04-19 17:19:00,United Kingdom
17218,5,10,1951.97,195.1970000000000000,364,2010-12-06 15:25:00,2011-12-05 13:52:00,United Kingdom
17219,32,1,114.23,114.2300000000000000,0,2011-11-08 11:25:00,2011-11-08 11:25:00,United Kingdom
17220,25,14,3187.55,227.6821428571428571,340,2010-12-10 14:54:00,2011-11-15 13:47:00,United Kingdom
17221,8,2,334.48,167.2400000000000000,29,2011-11-03 17:39:00,2011-12-02 13:35:00,United Kingdom
17222,66,1,328.65,328.6500000000000000,0,2011-10-05 13:58:00,2011-10-05 13:58:00,United Kingdom
17223,311,2,416.89,208.4450000000000000,58,2010-12-06 14:08:00,2011-02-02 15:57:00,United Kingdom
17226,309,1,393.49,393.4900000000000000,0,2011-02-04 11:52:00,2011-02-04 11:52:00,United Kingdom
17227,19,6,939.32,156.5533333333333333,350,2010-12-06 11:16:00,2011-11-21 10:51:00,United Kingdom
17228,16,8,1906.09,238.2612500000000000,357,2010-12-02 16:00:00,2011-11-24 10:24:00,United Kingdom
17229,97,2,318.76,159.3800000000000000,46,2011-07-20 12:38:00,2011-09-04 13:56:00,United Kingdom
17230,265,8,3638.41,454.8012500000000000,95,2010-12-15 11:22:00,2011-03-20 16:12:00,United Kingdom
17231,13,10,3124.72,312.4720000000000000,349,2010-12-13 14:16:00,2011-11-27 15:18:00,United Kingdom
17232,3,2,417.77,208.8850000000000000,12,2011-11-25 12:24:00,2011-12-07 12:21:00,United Kingdom
17233,36,1,190.88,190.8800000000000000,0,2011-11-04 14:06:00,2011-11-04 14:06:00,United Kingdom
17234,183,1,149.89,149.8900000000000000,0,2011-06-10 11:20:00,2011-06-10 11:20:00,United Kingdom
17235,26,2,550.06,275.0300000000000000,347,2010-12-02 13:38:00,2011-11-14 15:51:00,United Kingdom
17236,13,6,916.13,152.6883333333333333,350,2010-12-12 11:49:00,2011-11-27 12:00:00,United Kingdom
17237,12,2,314.69,157.3450000000000000,11,2011-11-17 12:55:00,2011-11-28 15:02:00,United Kingdom
17238,3,17,3719.10,218.7705882352941176,369,2010-12-03 15:05:00,2011-12-07 11:35:00,United Kingdom
17239,313,1,382.50,382.5000000000000000,0,2011-01-31 09:41:00,2011-01-31 09:41:00,United Kingdom
17242,109,2,1135.04,567.5200000000000000,72,2011-06-12 13:04:00,2011-08-23 14:55:00,United Kingdom
17243,2,26,8540.05,328.4634615384615385,368,2010-12-05 10:03:00,2011-12-08 13:26:00,United Kingdom
17244,54,1,954.90,954.9000000000000000,0,2011-10-17 15:19:00,2011-10-17 15:19:00,United Kingdom
17245,205,1,171.45,171.4500000000000000,0,2011-05-19 10:43:00,2011-05-19 10:43:00,United Kingdom
17247,16,1,280.09,280.0900000000000000,0,2011-11-24 15:21:00,2011-11-24 15:21:00,United Kingdom
17248,121,1,318.65,318.6500000000000000,0,2011-08-11 13:34:00,2011-08-11 13:34:00,United Kingdom
17250,4,2,381.97,190.9850000000000000,258,2011-03-23 16:45:00,2011-12-06 12:15:00,United Kingdom
17251,363,1,269.83,269.8300000000000000,0,2010-12-12 11:06:00,2010-12-12 11:06:00,United Kingdom
17252,117,2,348.91,174.4550000000000000,70,2011-06-06 16:41:00,2011-08-15 09:45:00,United Kingdom
17253,19,1,178.26,178.2600000000000000,0,2011-11-21 12:59:00,2011-11-21 12:59:00,United Kingdom
17254,5,2,271.19,135.5950000000000000,11,2011-11-24 14:09:00,2011-12-05 12:46:00,United Kingdom
17255,41,2,291.48,145.7400000000000000,259,2011-02-13 15:18:00,2011-10-30 12:18:00,United Kingdom
17256,108,2,240.00,120.0000000000000000,205,2011-01-31 14:53:00,2011-08-24 13:30:00,United Kingdom
17259,149,2,581.23,290.6150000000000000,220,2010-12-06 12:55:00,2011-07-14 15:01:00,United Kingdom
17262,53,5,1253.36,250.6720000000000000,314,2010-12-08 13:30:00,2011-10-18 12:56:00,United Kingdom
17263,209,1,63.44,63.4400000000000000,0,2011-05-15 14:32:00,2011-05-15 14:32:00,United Kingdom
17265,139,2,550.01,275.0050000000000000,42,2011-06-12 12:00:00,2011-07-24 10:49:00,United Kingdom
17266,3,3,296.58,98.8600000000000000,145,2011-07-15 11:57:00,2011-12-07 14:12:00,United Kingdom
17267,128,2,317.20,158.6000000000000000,0,2011-08-04 17:19:00,2011-08-04 17:22:00,United Kingdom
17268,108,4,763.64,190.9100000000000000,138,2011-04-08 13:20:00,2011-08-24 10:06:00,United Kingdom
17272,43,4,2148.63,537.1575000000000000,220,2011-03-22 12:05:00,2011-10-28 16:37:00,United Kingdom
17274,36,1,107.82,107.8200000000000000,0,2011-11-04 13:16:00,2011-11-04 13:16:00,United Kingdom
17277,228,2,1065.35,532.6750000000000000,95,2011-01-21 12:37:00,2011-04-26 12:47:00,United Kingdom
17278,242,1,246.04,246.0400000000000000,0,2011-04-12 13:10:00,2011-04-12 13:10:00,United Kingdom
17279,58,1,187.83,187.8300000000000000,0,2011-10-13 11:58:00,2011-10-13 11:58:00,United Kingdom
17282,131,3,1685.46,561.8200000000000000,169,2011-02-13 11:36:00,2011-08-01 14:29:00,United Kingdom
17284,61,6,1647.48,274.5800000000000000,276,2011-01-07 14:31:00,2011-10-10 14:38:00,United Kingdom
17286,22,1,151.37,151.3700000000000000,0,2011-11-18 12:47:00,2011-11-18 12:47:00,United Kingdom
17287,27,7,1049.06,149.8657142857142857,346,2010-12-02 12:22:00,2011-11-13 13:27:00,United Kingdom
17288,10,7,1417.63,202.5185714285714286,349,2010-12-16 13:33:00,2011-11-30 16:09:00,United Kingdom
17289,32,3,931.02,310.3400000000000000,149,2011-06-12 13:51:00,2011-11-08 12:01:00,United Kingdom
17290,4,2,513.01,256.5050000000000000,13,2011-11-23 15:53:00,2011-12-06 12:38:00,United Kingdom
17291,309,1,550.80,550.8000000000000000,0,2011-02-04 13:04:00,2011-02-04 13:04:00,United Kingdom
17293,9,9,1854.06,206.0066666666666667,353,2010-12-13 14:55:00,2011-12-01 14:37:00,United Kingdom
17295,29,3,547.00,182.3333333333333333,36,2011-10-06 12:22:00,2011-11-11 10:49:00,United Kingdom
17297,18,1,128.18,128.1800000000000000,0,2011-11-22 14:43:00,2011-11-22 14:43:00,United Kingdom
17298,102,2,498.42,249.2100000000000000,23,2011-08-07 12:21:00,2011-08-30 16:43:00,United Kingdom
17299,12,4,656.61,164.1525000000000000,162,2011-06-19 16:04:00,2011-11-28 12:01:00,United Kingdom
17301,22,1,163.24,163.2400000000000000,0,2011-11-18 13:43:00,2011-11-18 13:43:00,United Kingdom
17302,15,5,1135.63,227.1260000000000000,291,2011-02-07 10:14:00,2011-11-25 09:36:00,United Kingdom
17303,362,1,250.04,250.0400000000000000,0,2010-12-13 13:32:00,2010-12-13 13:32:00,United Kingdom
17306,11,19,8631.31,454.2794736842105263,343,2010-12-21 13:34:00,2011-11-29 12:14:00,United Kingdom
17309,96,1,82.75,82.7500000000000000,0,2011-09-05 15:20:00,2011-09-05 15:20:00,United Kingdom
17311,79,2,1384.85,692.4250000000000000,238,2011-01-27 10:56:00,2011-09-22 14:11:00,United Kingdom
17312,139,3,644.30,214.7666666666666667,21,2011-07-03 13:12:00,2011-07-24 11:52:00,United Kingdom
17313,32,1,2328.84,2328.8400000000000000,0,2011-11-08 15:45:00,2011-11-08 15:45:00,United Kingdom
17314,25,8,2527.92,315.9900000000000000,288,2011-01-31 11:25:00,2011-11-15 09:41:00,United Kingdom
17315,2,38,6281.23,165.2955263157894737,356,2010-12-17 12:24:00,2011-12-08 12:15:00,United Kingdom
17317,47,3,2600.34,866.7800000000000000,43,2011-09-11 12:45:00,2011-10-24 17:19:00,United Kingdom
17320,101,3,1200.62,400.2066666666666667,268,2010-12-06 15:38:00,2011-08-31 13:31:00,United Kingdom
17321,9,2,657.16,328.5800000000000000,59,2011-10-03 11:34:00,2011-12-01 13:41:00,United Kingdom
17323,16,7,906.52,129.5028571428571429,277,2011-02-20 14:38:00,2011-11-24 17:29:00,United Kingdom
17324,18,4,986.48,246.6200000000000000,349,2010-12-08 12:45:00,2011-11-22 10:34:00,United Kingdom
17325,281,1,96.80,96.8000000000000000,0,2011-03-04 13:09:00,2011-03-04 13:09:00,United Kingdom
17329,15,2,523.11,261.5550000000000000,301,2011-01-28 15:29:00,2011-11-25 14:24:00,United Kingdom
17330,23,2,363.90,181.9500000000000000,45,2011-10-03 11:26:00,2011-11-17 08:56:00,United Kingdom
17331,124,1,175.20,175.2000000000000000,0,2011-08-08 11:55:00,2011-08-08 11:55:00,United Kingdom
17333,86,1,494.25,494.2500000000000000,0,2011-09-15 10:11:00,2011-09-15 10:11:00,United Kingdom
17334,303,2,307.02,153.5100000000000000,6,2011-02-04 09:03:00,2011-02-10 14:59:00,United Kingdom
17337,152,4,1981.06,495.2650000000000000,159,2011-02-02 17:06:00,2011-07-11 14:55:00,United Kingdom
17338,18,8,6493.54,811.6925000000000000,344,2010-12-13 12:57:00,2011-11-22 14:23:00,United Kingdom
17339,95,2,243.36,121.6800000000000000,271,2010-12-09 14:44:00,2011-09-06 13:29:00,United Kingdom
17340,30,11,12353.29,1123.0263636363636364,337,2010-12-08 15:56:00,2011-11-10 10:45:00,United Kingdom
17341,157,3,682.29,227.4300000000000000,210,2010-12-08 12:46:00,2011-07-06 12:33:00,United Kingdom
17343,356,1,193.64,193.6400000000000000,0,2010-12-19 15:07:00,2010-12-19 15:07:00,United Kingdom
17344,47,1,157.62,157.6200000000000000,0,2011-10-24 12:56:00,2011-10-24 12:56:00,United Kingdom
17345,16,4,519.69,129.9225000000000000,181,2011-05-27 12:26:00,2011-11-24 15:03:00,United Kingdom
17346,4,15,2622.88,174.8586666666666667,370,2010-12-01 14:34:00,2011-12-06 12:18:00,United Kingdom
17347,87,1,228.96,228.9600000000000000,0,2011-09-14 13:12:00,2011-09-14 13:12:00,United Kingdom
17348,15,5,1156.60,231.3200000000000000,283,2011-02-15 10:49:00,2011-11-25 11:25:00,United Kingdom
17349,180,1,98.25,98.2500000000000000,0,2011-06-13 14:29:00,2011-06-13 14:29:00,United Kingdom
17350,9,4,1281.32,320.3300000000000000,43,2011-10-19 16:05:00,2011-12-01 15:47:00,United Kingdom
17351,37,3,587.15,195.7166666666666667,237,2011-03-11 16:05:00,2011-11-03 18:45:00,United Kingdom
17353,130,2,1740.00,870.0000000000000000,25,2011-07-08 16:17:00,2011-08-02 17:19:00,United Kingdom
17354,51,1,1393.06,1393.0600000000000000,0,2011-10-20 10:34:00,2011-10-20 10:34:00,United Kingdom
17356,312,1,178.22,178.2200000000000000,0,2011-02-01 11:07:00,2011-02-01 11:07:00,United Kingdom
17357,25,2,384.39,192.1950000000000000,0,2011-11-15 16:29:00,2011-11-15 16:30:00,United Kingdom
17358,304,2,360.81,180.4050000000000000,52,2010-12-19 14:16:00,2011-02-09 16:57:00,United Kingdom
17359,12,1,127.86,127.8600000000000000,0,2011-11-28 14:37:00,2011-11-28 14:37:00,United Kingdom
17360,18,3,568.24,189.4133333333333333,167,2011-06-08 17:09:00,2011-11-22 13:11:00,United Kingdom
17361,50,3,488.20,162.7333333333333333,242,2011-02-21 09:55:00,2011-10-21 15:43:00,United Kingdom
17362,240,2,312.23,156.1150000000000000,70,2011-02-03 10:26:00,2011-04-14 14:43:00,United Kingdom
17364,1,11,4462.68,405.6981818181818182,331,2011-01-12 16:57:00,2011-12-09 09:00:00,United Kingdom
17365,13,8,4767.36,595.9200000000000000,320,2011-01-11 12:11:00,2011-11-27 12:13:00,United Kingdom
17367,239,1,167.55,167.5500000000000000,0,2011-04-15 14:21:00,2011-04-15 14:21:00,United Kingdom
17368,24,8,1878.87,234.8587500000000000,314,2011-01-06 11:57:00,2011-11-16 15:26:00,United Kingdom
17370,73,4,446.18,111.5450000000000000,97,2011-06-23 11:50:00,2011-09-28 10:14:00,United Kingdom
17371,18,3,418.40,139.4666666666666667,344,2010-12-13 15:20:00,2011-11-22 13:30:00,United Kingdom
17372,41,8,1337.18,167.1475000000000000,322,2010-12-12 12:00:00,2011-10-30 11:37:00,United Kingdom
17373,41,4,646.92,161.7300000000000000,272,2011-01-31 11:46:00,2011-10-30 15:28:00,United Kingdom
17374,219,2,495.77,247.8850000000000000,63,2011-03-03 12:53:00,2011-05-05 09:05:00,United Kingdom
17375,200,3,400.10,133.3666666666666667,162,2010-12-13 15:16:00,2011-05-24 15:45:00,United Kingdom
17376,71,2,203.20,101.6000000000000000,241,2011-02-01 14:12:00,2011-09-30 12:36:00,United Kingdom
17377,24,20,4058.32,202.9160000000000000,350,2010-12-01 12:35:00,2011-11-16 11:17:00,United Kingdom
17379,12,1,389.72,389.7200000000000000,0,2011-11-28 13:56:00,2011-11-28 13:56:00,United Kingdom
17381,9,29,20275.61,699.1589655172413793,364,2010-12-02 12:58:00,2011-12-01 11:59:00,United Kingdom
17382,66,1,65.40,65.4000000000000000,0,2011-10-05 13:05:00,2011-10-05 13:05:00,United Kingdom
17383,5,1,193.39,193.3900000000000000,0,2011-12-05 17:36:00,2011-12-05 17:36:00,United Kingdom
17384,20,2,336.40,168.2000000000000000,200,2011-05-04 16:07:00,2011-11-20 15:48:00,United Kingdom
17385,15,1,256.11,256.1100000000000000,0,2011-11-25 11:02:00,2011-11-25 11:02:00,United Kingdom
17386,8,6,2686.42,447.7366666666666667,158,2011-06-27 12:11:00,2011-12-02 11:28:00,United Kingdom
17387,20,2,746.81,373.4050000000000000,14,2011-11-06 11:25:00,2011-11-20 11:00:00,United Kingdom
17388,78,4,1259.56,314.8900000000000000,210,2011-02-25 12:28:00,2011-09-23 10:31:00,United Kingdom
17389,1,34,31833.68,936.2847058823529412,331,2011-01-12 15:48:00,2011-12-09 09:38:00,United Kingdom
17391,164,2,508.80,254.4000000000000000,1,2011-06-28 12:21:00,2011-06-29 09:58:00,United Kingdom
17392,307,2,417.27,208.6350000000000000,52,2010-12-16 19:04:00,2011-02-06 12:48:00,United Kingdom
17394,220,1,203.87,203.8700000000000000,0,2011-05-04 13:22:00,2011-05-04 13:22:00,United Kingdom
17396,40,8,7330.80,916.3500000000000000,332,2010-12-03 09:45:00,2011-10-31 14:12:00,United Kingdom
17397,23,2,681.41,340.7050000000000000,0,2011-11-17 13:58:00,2011-11-17 14:08:00,United Kingdom
17398,115,3,653.38,217.7933333333333333,141,2011-03-29 13:04:00,2011-08-17 09:48:00,United Kingdom
17400,127,5,2097.84,419.5680000000000000,227,2010-12-21 17:16:00,2011-08-05 15:38:00,United Kingdom
17402,5,13,2633.85,202.6038461538461538,365,2010-12-05 13:53:00,2011-12-05 10:15:00,United Kingdom
17403,37,1,263.92,263.9200000000000000,0,2011-11-03 15:18:00,2011-11-03 15:18:00,United Kingdom
17404,5,15,31906.82,2127.1213333333333333,356,2010-12-14 13:28:00,2011-12-05 16:26:00,Sweden
17405,2,3,1031.41,343.8033333333333333,149,2011-07-12 14:17:00,2011-12-08 17:12:00,United Kingdom
17406,334,3,2184.42,728.1400000000000000,33,2010-12-08 10:35:00,2011-01-10 15:07:00,United Kingdom
17408,164,1,32.65,32.6500000000000000,0,2011-06-29 12:53:00,2011-06-29 12:53:00,United Kingdom
17409,185,2,771.85,385.9250000000000000,64,2011-04-05 16:42:00,2011-06-08 10:36:00,United Kingdom
17410,17,5,1214.72,242.9440000000000000,199,2011-05-08 15:21:00,2011-11-23 15:46:00,United Kingdom
17411,13,3,778.94,259.6466666666666667,249,2011-03-23 13:44:00,2011-11-27 14:25:00,United Kingdom
17412,3,7,1258.06,179.7228571428571429,370,2010-12-02 16:29:00,2011-12-07 11:36:00,United Kingdom
17414,44,2,778.00,389.0000000000000000,141,2011-06-08 11:43:00,2011-10-27 12:13:00,United Kingdom
17415,80,1,507.84,507.8400000000000000,0,2011-09-21 12:50:00,2011-09-21 12:50:00,United Kingdom
17416,30,7,6893.42,984.7742857142857143,252,2011-03-03 13:45:00,2011-11-10 12:47:00,United Kingdom
17418,43,2,463.46,231.7300000000000000,281,2011-01-20 11:39:00,2011-10-28 13:00:00,United Kingdom
17419,12,12,4226.57,352.2141666666666667,356,2010-12-07 15:03:00,2011-11-28 13:47:00,United Kingdom
17420,51,3,598.83,199.6100000000000000,323,2010-12-01 09:56:00,2011-10-20 14:52:00,United Kingdom
17422,17,6,1979.37,329.8950000000000000,280,2011-02-16 14:44:00,2011-11-23 13:27:00,United Kingdom
17423,47,2,698.41,349.2050000000000000,171,2011-05-06 09:14:00,2011-10-24 13:36:00,United Kingdom
17425,20,2,759.17,379.5850000000000000,41,2011-10-10 11:37:00,2011-11-20 15:30:00,United Kingdom
17426,9,6,5037.26,839.5433333333333333,274,2011-03-02 16:34:00,2011-12-01 18:07:00,United Kingdom
17427,72,1,100.80,100.8000000000000000,0,2011-09-29 11:29:00,2011-09-29 11:29:00,United Kingdom
17428,1,28,17256.85,616.3160714285714286,368,2010-12-06 09:37:00,2011-12-09 09:45:00,United Kingdom
17429,129,3,524.92,174.9733333333333333,90,2011-05-05 09:53:00,2011-08-03 13:22:00,United Kingdom
17430,33,2,265.76,132.8800000000000000,333,2010-12-09 13:05:00,2011-11-07 09:24:00,United Kingdom
17431,314,1,403.30,403.3000000000000000,0,2011-01-30 14:36:00,2011-01-30 14:36:00,United Kingdom
17432,19,2,365.76,182.8800000000000000,19,2011-11-02 17:30:00,2011-11-21 17:33:00,United Kingdom
17433,89,1,303.16,303.1600000000000000,0,2011-09-12 14:24:00,2011-09-12 14:24:00,United Kingdom
17434,3,7,2373.82,339.1171428571428571,83,2011-09-15 13:54:00,2011-12-07 13:16:00,United Kingdom
17436,2,2,216.30,108.1500000000000000,225,2011-04-27 11:33:00,2011-12-08 12:30:00,United Kingdom
17438,254,1,388.45,388.4500000000000000,0,2011-03-31 10:26:00,2011-03-31 10:26:00,United Kingdom
17440,157,3,186.42,62.1400000000000000,91,2011-04-06 12:05:00,2011-07-06 11:54:00,United Kingdom
17442,37,6,2248.56,374.7600000000000000,254,2011-02-22 13:02:00,2011-11-03 09:17:00,United Kingdom
17443,220,1,534.24,534.2400000000000000,0,2011-05-04 10:47:00,2011-05-04 10:47:00,Canada
17444,148,3,2940.04,980.0133333333333333,25,2011-06-20 09:04:00,2011-07-15 12:05:00,Canada
17446,177,2,120.90,60.4500000000000000,134,2011-02-02 14:40:00,2011-06-16 10:42:00,United Kingdom
17447,41,2,541.53,270.7650000000000000,31,2011-09-29 10:10:00,2011-10-30 14:18:00,United Kingdom
17449,3,7,2519.21,359.8871428571428571,357,2010-12-15 10:57:00,2011-12-07 16:56:00,United Kingdom
17450,9,46,194390.79,4225.8867391304347826,359,2010-12-07 09:23:00,2011-12-01 13:29:00,United Kingdom
17451,2,7,1721.40,245.9142857142857143,104,2011-08-26 11:54:00,2011-12-08 15:02:00,United Kingdom
17453,18,2,486.72,243.3600000000000000,47,2011-10-06 17:02:00,2011-11-22 09:42:00,United Kingdom
17454,193,4,517.53,129.3825000000000000,167,2010-12-15 10:54:00,2011-05-31 13:58:00,United Kingdom
17455,204,1,131.70,131.7000000000000000,0,2011-05-20 12:31:00,2011-05-20 12:31:00,United Kingdom
17456,366,1,249.86,249.8600000000000000,0,2010-12-09 15:23:00,2010-12-09 15:23:00,United Kingdom
17457,127,5,1737.70,347.5400000000000000,213,2011-01-04 14:33:00,2011-08-05 12:48:00,United Kingdom
17458,16,1,316.50,316.5000000000000000,0,2011-11-24 13:01:00,2011-11-24 13:01:00,United Kingdom
17459,44,2,657.30,328.6500000000000000,17,2011-10-10 17:00:00,2011-10-27 13:25:00,United Kingdom
17460,95,6,622.43,103.7383333333333333,279,2010-12-01 16:24:00,2011-09-06 15:04:00,United Kingdom
17461,23,3,735.82,245.2733333333333333,7,2011-11-10 12:01:00,2011-11-17 10:21:00,United Kingdom
17462,61,2,675.69,337.8450000000000000,224,2011-02-28 17:01:00,2011-10-10 13:56:00,United Kingdom
17463,17,5,1875.86,375.1720000000000000,297,2011-01-30 15:48:00,2011-11-23 13:40:00,United Kingdom
17464,159,1,289.96,289.9600000000000000,0,2011-07-04 13:19:00,2011-07-04 13:19:00,United Kingdom
17466,11,2,763.28,381.6400000000000000,68,2011-09-22 09:16:00,2011-11-29 13:15:00,United Kingdom
17468,11,2,137.00,68.5000000000000000,4,2011-11-25 12:52:00,2011-11-29 15:33:00,United Kingdom
17469,17,5,1870.97,374.1940000000000000,188,2011-05-19 08:55:00,2011-11-23 13:15:00,United Kingdom
17470,45,5,1125.07,225.0140000000000000,323,2010-12-07 09:57:00,2011-10-26 12:42:00,United Kingdom
17472,192,3,697.54,232.5133333333333333,108,2011-02-13 14:40:00,2011-06-01 14:57:00,United Kingdom
17475,80,1,194.37,194.3700000000000000,0,2011-09-21 14:55:00,2011-09-21 14:55:00,United Kingdom
17480,78,1,511.82,511.8200000000000000,0,2011-09-23 11:39:00,2011-09-23 11:39:00,United Kingdom
17481,4,4,1255.59,313.8975000000000000,90,2011-09-07 09:57:00,2011-12-06 12:28:00,United Kingdom
17483,66,3,414.04,138.0133333333333333,118,2011-06-09 19:40:00,2011-10-05 13:10:00,United Kingdom
17486,262,1,396.87,396.8700000000000000,0,2011-03-23 14:00:00,2011-03-23 14:00:00,United Kingdom
17489,59,2,376.64,188.3200000000000000,154,2011-05-11 11:34:00,2011-10-12 08:56:00,United Kingdom
17490,1,7,2092.32,298.9028571428571429,176,2011-06-16 09:15:00,2011-12-09 09:08:00,United Kingdom
17491,2,10,3558.87,355.8870000000000000,366,2010-12-07 12:18:00,2011-12-08 16:18:00,United Kingdom
17492,249,1,374.57,374.5700000000000000,0,2011-04-05 15:21:00,2011-04-05 15:21:00,United Kingdom
17495,8,2,497.56,248.7800000000000000,31,2011-11-01 12:06:00,2011-12-02 12:08:00,United Kingdom
17496,359,1,271.05,271.0500000000000000,0,2010-12-16 08:39:00,2010-12-16 08:39:00,United Kingdom
17498,76,1,272.22,272.2200000000000000,0,2011-09-25 12:25:00,2011-09-25 12:25:00,United Kingdom
17499,290,1,622.88,622.8800000000000000,0,2011-02-23 09:14:00,2011-02-23 09:14:00,United Kingdom
17500,18,3,1138.00,379.3333333333333333,12,2011-11-10 09:08:00,2011-11-22 14:25:00,United Kingdom
17501,221,2,288.60,144.3000000000000000,0,2011-05-03 09:46:00,2011-05-03 09:47:00,United Kingdom
17502,10,4,689.10,172.2750000000000000,20,2011-11-10 16:39:00,2011-11-30 13:13:00,United Kingdom
17503,3,2,558.96,279.4800000000000000,36,2011-11-01 11:12:00,2011-12-07 09:18:00,United Kingdom
17504,207,9,2997.03,333.0033333333333333,116,2011-01-21 11:09:00,2011-05-17 12:59:00,United Kingdom
17505,162,2,1145.84,572.9200000000000000,44,2011-05-18 09:01:00,2011-07-01 12:50:00,United Kingdom
17506,76,1,302.20,302.2000000000000000,0,2011-09-25 11:39:00,2011-09-25 11:39:00,United Kingdom
17507,262,2,605.58,302.7900000000000000,48,2011-02-03 18:08:00,2011-03-23 11:48:00,United Kingdom
17508,281,1,387.31,387.3100000000000000,0,2011-03-04 08:10:00,2011-03-04 08:10:00,Greece
17509,58,8,6083.64,760.4550000000000000,6,2011-10-07 13:14:00,2011-10-13 10:26:00,United Kingdom
17510,25,1,308.48,308.4800000000000000,0,2011-11-15 10:00:00,2011-11-15 10:00:00,United Kingdom
17511,3,31,91062.38,2937.4961290322580645,371,2010-12-01 10:19:00,2011-12-07 10:12:00,United Kingdom
17512,29,10,2924.99,292.4990000000000000,273,2011-02-11 12:22:00,2011-11-11 12:11:00,United Kingdom
17513,73,1,513.20,513.2000000000000000,0,2011-09-28 16:42:00,2011-09-28 16:42:00,United Kingdom
17514,129,1,208.65,208.6500000000000000,0,2011-08-03 15:45:00,2011-08-03 15:45:00,United Kingdom
17515,32,4,639.02,159.7550000000000000,287,2011-01-25 14:33:00,2011-11-08 14:04:00,United Kingdom
17516,16,5,764.88,152.9760000000000000,270,2011-02-27 12:41:00,2011-11-24 16:51:00,United Kingdom
17517,309,1,153.94,153.9400000000000000,0,2011-02-04 11:48:00,2011-02-04 11:48:00,United Kingdom
17519,18,6,1844.02,307.3366666666666667,351,2010-12-06 15:18:00,2011-11-22 16:43:00,United Kingdom
17520,54,1,546.81,546.8100000000000000,0,2011-10-17 12:04:00,2011-10-17 12:04:00,United Kingdom
17521,30,3,723.21,241.0700000000000000,170,2011-05-24 15:14:00,2011-11-10 11:22:00,United Kingdom
17522,2,5,1070.71,214.1420000000000000,217,2011-05-05 16:31:00,2011-12-08 12:31:00,United Kingdom
17523,12,4,652.74,163.1850000000000000,8,2011-11-20 13:40:00,2011-11-28 13:20:00,United Kingdom
17524,362,1,145.00,145.0000000000000000,0,2010-12-13 14:32:00,2010-12-13 14:32:00,United Kingdom
17525,360,1,422.70,422.7000000000000000,0,2010-12-15 12:05:00,2010-12-15 12:05:00,United Kingdom
17526,5,4,1195.90,298.9750000000000000,361,2010-12-09 12:20:00,2011-12-05 11:05:00,United Kingdom
17527,54,4,939.37,234.8425000000000000,165,2011-05-05 13:43:00,2011-10-17 12:32:00,United Kingdom
17528,2,8,3628.50,453.5625000000000000,70,2011-09-29 13:04:00,2011-12-08 13:27:00,United Kingdom
17530,2,10,2367.12,236.7120000000000000,364,2010-12-09 20:01:00,2011-12-08 18:42:00,United Kingdom
17531,191,1,296.70,296.7000000000000000,0,2011-06-02 19:17:00,2011-06-02 19:17:00,United Kingdom
17534,54,1,223.36,223.3600000000000000,0,2011-10-17 12:47:00,2011-10-17 12:47:00,United Kingdom
17535,281,1,164.40,164.4000000000000000,0,2011-03-04 15:20:00,2011-03-04 15:20:00,United Kingdom
17536,178,1,76.50,76.5000000000000000,0,2011-06-15 13:23:00,2011-06-15 13:23:00,United Kingdom
17537,30,2,887.67,443.8350000000000000,274,2011-02-09 13:37:00,2011-11-10 10:56:00,United Kingdom
17538,26,1,98.42,98.4200000000000000,0,2011-11-14 12:12:00,2011-11-14 12:12:00,United Kingdom
17540,25,2,578.90,289.4500000000000000,292,2011-01-27 14:35:00,2011-11-15 11:56:00,United Kingdom
17542,270,1,170.75,170.7500000000000000,0,2011-03-15 11:45:00,2011-03-15 11:45:00,United Kingdom
17545,44,3,642.32,214.1066666666666667,0,2011-10-27 13:48:00,2011-10-27 14:04:00,United Kingdom
17548,234,1,103.30,103.3000000000000000,0,2011-04-20 12:01:00,2011-04-20 12:01:00,United Kingdom
17549,24,2,148.86,74.4300000000000000,28,2011-10-19 10:05:00,2011-11-16 09:59:00,United Kingdom
17550,198,3,267.16,89.0533333333333333,46,2011-04-10 15:19:00,2011-05-26 14:09:00,United Kingdom
17551,360,1,290.34,290.3400000000000000,0,2010-12-15 14:12:00,2010-12-15 14:12:00,United Kingdom
17552,61,4,930.41,232.6025000000000000,312,2010-12-02 18:45:00,2011-10-10 17:00:00,United Kingdom
17553,130,1,1487.60,1487.6000000000000000,0,2011-08-02 10:00:00,2011-08-02 10:00:00,United Kingdom
17554,2,5,1952.45,390.4900000000000000,147,2011-07-14 20:01:00,2011-12-08 14:15:00,United Kingdom
17555,20,2,480.31,240.1550000000000000,315,2011-01-09 12:31:00,2011-11-20 12:22:00,United Kingdom
17556,206,1,157.90,157.9000000000000000,0,2011-05-18 10:48:00,2011-05-18 10:48:00,United Kingdom
17557,15,3,541.46,180.4866666666666667,67,2011-09-19 14:23:00,2011-11-25 12:57:00,United Kingdom
17560,95,4,854.95,213.7375000000000000,216,2011-02-02 11:14:00,2011-09-06 09:18:00,United Kingdom
17561,20,1,165.12,165.1200000000000000,0,2011-11-20 12:53:00,2011-11-20 12:53:00,United Kingdom
17562,15,7,1122.38,160.3400000000000000,159,2011-06-19 13:06:00,2011-11-25 14:21:00,United Kingdom
17564,25,3,454.01,151.3366666666666667,56,2011-09-20 14:00:00,2011-11-15 13:27:00,United Kingdom
17566,9,2,869.77,434.8850000000000000,17,2011-11-14 13:42:00,2011-12-01 19:54:00,United Kingdom
17567,8,8,4331.48,541.4350000000000000,365,2010-12-02 15:18:00,2011-12-02 15:48:00,United Kingdom
17569,333,1,344.14,344.1400000000000000,0,2011-01-11 14:15:00,2011-01-11 14:15:00,United Kingdom
17571,51,4,1425.67,356.4175000000000000,248,2011-02-14 15:15:00,2011-10-20 15:57:00,United Kingdom
17572,72,4,226.75,56.6875000000000000,302,2010-12-01 12:51:00,2011-09-29 17:53:00,United Kingdom
17573,30,3,380.60,126.8666666666666667,64,2011-09-07 10:36:00,2011-11-10 13:01:00,United Kingdom
17574,243,1,185.65,185.6500000000000000,0,2011-04-11 09:47:00,2011-04-11 09:47:00,United Kingdom
17576,9,19,3564.83,187.6226315789473684,357,2010-12-09 16:57:00,2011-12-01 17:56:00,United Kingdom
17578,219,1,143.46,143.4600000000000000,0,2011-05-05 18:38:00,2011-05-05 18:38:00,United Kingdom
17579,5,3,448.90,149.6333333333333333,175,2011-06-13 14:12:00,2011-12-05 12:28:00,United Kingdom
17580,253,3,215.72,71.9066666666666667,106,2010-12-16 15:27:00,2011-04-01 12:41:00,United Kingdom
17581,1,25,11025.24,441.0096000000000000,372,2010-12-02 14:47:00,2011-12-09 12:21:00,United Kingdom
17582,237,1,175.27,175.2700000000000000,0,2011-04-17 13:18:00,2011-04-17 13:18:00,United Kingdom
17584,8,2,1242.30,621.1500000000000000,120,2011-08-04 14:12:00,2011-12-02 17:12:00,United Kingdom
17585,110,4,1116.68,279.1700000000000000,229,2011-01-05 15:09:00,2011-08-22 13:30:00,United Kingdom
17588,101,3,1240.20,413.4000000000000000,132,2011-04-21 10:31:00,2011-08-31 13:37:00,United Kingdom
17589,61,4,2404.17,601.0425000000000000,180,2011-04-13 13:47:00,2011-10-10 16:58:00,United Kingdom
17590,3,3,1468.02,489.3400000000000000,38,2011-10-30 14:05:00,2011-12-07 12:55:00,United Kingdom
17591,74,7,2203.67,314.8100000000000000,294,2010-12-07 15:39:00,2011-09-27 13:42:00,United Kingdom
17593,4,5,3923.86,784.7720000000000000,349,2010-12-22 10:29:00,2011-12-06 10:30:00,United Kingdom
17594,86,2,993.18,496.5900000000000000,169,2011-03-30 10:32:00,2011-09-15 16:34:00,United Kingdom
17595,13,2,386.69,193.3450000000000000,25,2011-11-02 16:19:00,2011-11-27 16:08:00,United Kingdom
17596,24,7,2806.69,400.9557142857142857,345,2010-12-06 12:34:00,2011-11-16 14:11:00,United Kingdom
17597,214,1,2044.37,2044.3700000000000000,0,2011-05-10 11:54:00,2011-05-10 11:54:00,United Kingdom
17600,18,1,161.67,161.6700000000000000,0,2011-11-22 09:43:00,2011-11-22 09:43:00,United Kingdom
17601,240,1,116.01,116.0100000000000000,0,2011-04-14 18:02:00,2011-04-14 18:02:00,United Kingdom
17602,3,6,5054.42,842.4033333333333333,322,2011-01-19 16:18:00,2011-12-07 13:53:00,United Kingdom
17603,79,1,394.72,394.7200000000000000,0,2011-09-22 14:18:00,2011-09-22 14:18:00,United Kingdom
17604,218,2,309.36,154.6800000000000000,95,2011-01-31 15:09:00,2011-05-06 13:43:00,United Kingdom
17608,34,2,191.99,95.9950000000000000,0,2011-11-06 13:00:00,2011-11-06 13:06:00,United Kingdom
17609,41,5,1105.78,221.1560000000000000,287,2011-01-16 16:23:00,2011-10-30 12:28:00,United Kingdom
17611,8,15,3961.12,264.0746666666666667,354,2010-12-13 13:52:00,2011-12-02 13:29:00,United Kingdom
17612,54,6,2048.45,341.4083333333333333,244,2011-02-15 10:40:00,2011-10-17 14:59:00,United Kingdom
17613,23,14,4544.55,324.6107142857142857,283,2011-02-07 11:20:00,2011-11-17 10:51:00,United Kingdom
17614,58,1,386.32,386.3200000000000000,0,2011-10-13 16:01:00,2011-10-13 16:01:00,United Kingdom
17615,131,3,329.60,109.8666666666666667,92,2011-05-01 15:33:00,2011-08-01 14:06:00,United Kingdom
17616,174,3,571.20,190.4000000000000000,194,2010-12-07 10:04:00,2011-06-19 10:11:00,United Kingdom
17618,6,3,930.28,310.0933333333333333,357,2010-12-12 16:05:00,2011-12-04 11:50:00,United Kingdom
17619,313,1,214.37,214.3700000000000000,0,2011-01-31 14:18:00,2011-01-31 14:18:00,United Kingdom
17620,60,1,81.44,81.4400000000000000,0,2011-10-11 12:08:00,2011-10-11 12:08:00,United Kingdom
17621,22,3,1379.90,459.9666666666666667,333,2010-12-20 13:31:00,2011-11-18 17:11:00,United Kingdom
17623,33,1,527.05,527.0500000000000000,0,2011-11-07 11:32:00,2011-11-07 11:32:00,United Kingdom
17624,15,2,843.48,421.7400000000000000,204,2011-05-05 17:59:00,2011-11-25 10:52:00,United Kingdom
17625,19,4,2020.40,505.1000000000000000,239,2011-03-27 12:21:00,2011-11-21 13:36:00,United Kingdom
17628,82,1,75.75,75.7500000000000000,0,2011-09-19 15:21:00,2011-09-19 15:21:00,United Kingdom
17629,6,8,1814.12,226.7650000000000000,354,2010-12-15 09:58:00,2011-12-04 10:56:00,United Kingdom
17630,170,2,503.60,251.8000000000000000,63,2011-04-21 14:03:00,2011-06-23 11:58:00,United Kingdom
17631,2,3,528.33,176.1100000000000000,231,2011-04-21 13:22:00,2011-12-08 09:47:00,United Kingdom
17633,32,4,1324.84,331.2100000000000000,89,2011-08-11 15:43:00,2011-11-08 13:25:00,United Kingdom
17634,37,9,2358.59,262.0655555555555556,301,2011-01-06 12:45:00,2011-11-03 13:09:00,United Kingdom
17636,20,1,285.56,285.5600000000000000,0,2011-11-20 14:40:00,2011-11-20 14:40:00,United Kingdom
17637,32,2,547.06,273.5300000000000000,84,2011-08-16 13:25:00,2011-11-08 12:51:00,United Kingdom
17639,277,1,108.50,108.5000000000000000,0,2011-03-08 15:22:00,2011-03-08 15:22:00,United Kingdom
17640,87,1,621.66,621.6600000000000000,0,2011-09-14 09:13:00,2011-09-14 09:13:00,United Kingdom
17642,120,2,712.29,356.1450000000000000,57,2011-06-16 12:55:00,2011-08-12 09:11:00,United Kingdom
17643,374,1,101.55,101.5500000000000000,0,2010-12-01 14:38:00,2010-12-01 14:38:00,United Kingdom
17644,2,11,2895.64,263.2400000000000000,259,2011-03-24 09:44:00,2011-12-08 13:43:00,United Kingdom
17646,220,3,1008.39,336.1300000000000000,146,2010-12-09 14:28:00,2011-05-04 13:17:00,United Kingdom
17647,66,1,133.06,133.0600000000000000,0,2011-10-05 15:38:00,2011-10-05 15:38:00,United Kingdom
17648,61,4,1797.50,449.3750000000000000,189,2011-04-04 10:29:00,2011-10-10 09:41:00,United Kingdom
17649,139,1,868.49,868.4900000000000000,0,2011-07-24 15:53:00,2011-07-24 15:53:00,United Kingdom
17650,22,1,166.08,166.0800000000000000,0,2011-11-18 14:52:00,2011-11-18 14:52:00,United Kingdom
17651,12,10,3945.00,394.5000000000000000,166,2011-06-15 15:57:00,2011-11-28 10:29:00,United Kingdom
17652,26,12,4867.72,405.6433333333333333,256,2011-03-03 14:05:00,2011-11-14 12:55:00,United Kingdom
17653,37,4,1207.56,301.8900000000000000,84,2011-08-11 15:24:00,2011-11-03 12:46:00,United Kingdom
17654,278,1,117.55,117.5500000000000000,0,2011-03-07 13:17:00,2011-03-07 13:17:00,United Kingdom
17655,11,7,2638.94,376.9914285714285714,356,2010-12-08 16:45:00,2011-11-29 11:34:00,United Kingdom
17656,74,5,1674.69,334.9380000000000000,55,2011-08-03 10:45:00,2011-09-27 13:04:00,United Kingdom
17658,26,2,595.42,297.7100000000000000,186,2011-05-12 15:23:00,2011-11-14 12:07:00,United Kingdom
17659,18,12,2999.46,249.9550000000000000,355,2010-12-02 16:46:00,2011-11-22 13:29:00,United Kingdom
17660,142,1,178.75,178.7500000000000000,0,2011-07-21 13:37:00,2011-07-21 13:37:00,United Kingdom
17663,26,7,1802.91,257.5585714285714286,262,2011-02-25 14:11:00,2011-11-14 08:56:00,United Kingdom
17664,19,2,604.64,302.3200000000000000,194,2011-05-11 14:17:00,2011-11-21 11:29:00,United Kingdom
17666,4,2,728.16,364.0800000000000000,62,2011-10-05 11:06:00,2011-12-06 09:06:00,United Kingdom
17667,67,5,2055.51,411.1020000000000000,232,2011-02-14 09:24:00,2011-10-04 14:32:00,United Kingdom
17668,2,2,347.75,173.8750000000000000,37,2011-11-01 14:45:00,2011-12-08 13:25:00,United Kingdom
17669,43,7,3406.72,486.6742857142857143,207,2011-04-04 10:11:00,2011-10-28 08:53:00,United Kingdom
17670,228,1,205.70,205.7000000000000000,0,2011-04-26 09:12:00,2011-04-26 09:12:00,United Kingdom
17671,16,4,1572.71,393.1775000000000000,350,2010-12-09 14:27:00,2011-11-24 12:21:00,United Kingdom
17672,51,2,3178.17,1589.0850000000000000,259,2011-02-03 13:29:00,2011-10-20 14:18:00,United Kingdom
17673,2,6,1594.97,265.8283333333333333,319,2011-01-23 15:16:00,2011-12-08 12:50:00,United Kingdom
17674,75,2,551.04,275.5200000000000000,294,2010-12-06 10:20:00,2011-09-26 13:35:00,United Kingdom
17675,2,31,20374.28,657.2348387096774194,366,2010-12-07 13:22:00,2011-12-08 18:03:00,United Kingdom
17676,5,6,1371.18,228.5300000000000000,362,2010-12-08 13:49:00,2011-12-05 15:16:00,United Kingdom
17677,2,30,16345.38,544.8460000000000000,367,2010-12-06 08:42:00,2011-12-08 09:56:00,United Kingdom
17678,264,1,298.11,298.1100000000000000,0,2011-03-21 11:52:00,2011-03-21 11:52:00,United Kingdom
17679,53,2,1992.11,996.0550000000000000,33,2011-09-15 10:35:00,2011-10-18 07:43:00,United Kingdom
17680,24,1,184.40,184.4000000000000000,0,2011-11-16 12:42:00,2011-11-16 12:42:00,United Kingdom
17682,11,6,2474.33,412.3883333333333333,358,2010-12-06 13:35:00,2011-11-29 15:59:00,United Kingdom
17684,44,1,239.41,239.4100000000000000,0,2011-10-27 11:10:00,2011-10-27 11:10:00,United Kingdom
17685,17,7,3155.83,450.8328571428571429,356,2010-12-02 14:42:00,2011-11-23 11:36:00,United Kingdom
17686,8,7,5739.46,819.9228571428571429,295,2011-02-10 10:18:00,2011-12-02 15:39:00,United Kingdom
17690,31,15,4726.80,315.1200000000000000,343,2010-12-01 16:15:00,2011-11-09 15:17:00,United Kingdom
17691,359,2,290.40,145.2000000000000000,10,2010-12-06 11:10:00,2010-12-16 17:20:00,United Kingdom
17692,128,4,740.94,185.2350000000000000,232,2010-12-15 13:37:00,2011-08-04 14:01:00,United Kingdom
17693,138,1,200.47,200.4700000000000000,0,2011-07-25 15:48:00,2011-07-25 15:48:00,United Kingdom
17694,142,1,283.12,283.1200000000000000,0,2011-07-21 12:00:00,2011-07-21 12:00:00,United Kingdom
17695,132,2,765.34,382.6700000000000000,40,2011-06-21 12:35:00,2011-07-31 10:40:00,United Kingdom
17696,39,8,2285.71,285.7137500000000000,326,2010-12-10 09:51:00,2011-11-01 13:43:00,United Kingdom
17697,237,1,338.95,338.9500000000000000,0,2011-04-17 15:40:00,2011-04-17 15:40:00,United Kingdom
17698,261,1,154.95,154.9500000000000000,0,2011-03-24 11:34:00,2011-03-24 11:34:00,United Kingdom
17700,17,4,2534.64,633.6600000000000000,265,2011-03-03 16:34:00,2011-11-23 11:51:00,United Kingdom
17701,253,1,417.95,417.9500000000000000,0,2011-04-01 12:25:00,2011-04-01 12:25:00,United Kingdom
17702,31,4,1824.37,456.0925000000000000,176,2011-05-17 16:23:00,2011-11-09 16:03:00,United Kingdom
17703,36,3,798.74,266.2466666666666667,103,2011-07-24 13:30:00,2011-11-04 15:51:00,United Kingdom
17704,169,2,885.19,442.5950000000000000,71,2011-04-14 09:28:00,2011-06-24 09:40:00,United Kingdom
17705,4,9,1823.52,202.6133333333333333,298,2011-02-11 10:57:00,2011-12-06 13:45:00,United Kingdom
17706,5,17,10504.49,617.9111764705882353,362,2010-12-08 11:02:00,2011-12-05 13:34:00,United Kingdom
17707,186,2,152.40,76.2000000000000000,151,2011-01-07 13:30:00,2011-06-07 15:03:00,United Kingdom
17708,188,2,263.33,131.6650000000000000,137,2011-01-19 10:09:00,2011-06-05 10:12:00,United Kingdom
17709,170,1,137.45,137.4500000000000000,0,2011-06-23 11:55:00,2011-06-23 11:55:00,United Kingdom
17711,11,2,385.10,192.5500000000000000,279,2011-02-23 11:32:00,2011-11-29 11:40:00,United Kingdom
17712,45,1,522.91,522.9100000000000000,0,2011-10-26 12:28:00,2011-10-26 12:28:00,United Kingdom
17714,321,1,153.00,153.0000000000000000,0,2011-01-23 10:32:00,2011-01-23 10:32:00,United Kingdom
17715,201,1,326.40,326.4000000000000000,0,2011-05-23 12:32:00,2011-05-23 12:32:00,United Kingdom
17716,23,11,5655.99,514.1809090909090909,245,2011-03-17 10:38:00,2011-11-17 12:00:00,United Kingdom
17718,233,1,139.35,139.3500000000000000,0,2011-04-21 13:39:00,2011-04-21 13:39:00,United Kingdom
17719,38,15,5396.04,359.7360000000000000,218,2011-03-29 11:29:00,2011-11-02 10:36:00,United Kingdom
17720,27,4,1195.94,298.9850000000000000,341,2010-12-07 10:43:00,2011-11-13 15:04:00,United Kingdom
17722,97,4,2424.04,606.0100000000000000,270,2010-12-08 12:41:00,2011-09-04 15:22:00,United Kingdom
17723,128,6,3276.40,546.0666666666666667,87,2011-05-09 14:44:00,2011-08-04 18:37:00,United Kingdom
17724,72,3,1033.00,344.3333333333333333,67,2011-07-24 13:26:00,2011-09-29 15:26:00,United Kingdom
17725,17,11,3439.08,312.6436363636363636,251,2011-03-17 19:47:00,2011-11-23 16:34:00,United Kingdom
17727,16,1,1060.25,1060.2500000000000000,0,2011-11-24 17:06:00,2011-11-24 17:06:00,United Kingdom
17728,4,3,2876.01,958.6700000000000000,83,2011-09-14 11:39:00,2011-12-06 08:52:00,United Kingdom
17730,4,13,5298.48,407.5753846153846154,323,2011-01-17 14:49:00,2011-12-06 15:43:00,United Kingdom
17731,80,4,1240.11,310.0275000000000000,104,2011-06-09 14:18:00,2011-09-21 15:02:00,United Kingdom
17732,373,1,303.97,303.9700000000000000,0,2010-12-02 09:29:00,2010-12-02 09:29:00,United Kingdom
17733,39,2,692.19,346.0950000000000000,223,2011-03-23 09:54:00,2011-11-01 08:16:00,United Kingdom
17734,54,3,700.63,233.5433333333333333,180,2011-04-20 10:04:00,2011-10-17 12:33:00,United Kingdom
17735,3,19,13110.02,690.0010526315789474,365,2010-12-07 10:32:00,2011-12-07 16:47:00,United Kingdom
17736,10,3,377.44,125.8133333333333333,104,2011-08-18 14:33:00,2011-11-30 15:36:00,United Kingdom
17737,10,2,168.24,84.1200000000000000,49,2011-10-12 14:42:00,2011-11-30 15:16:00,United Kingdom
17738,20,4,1879.05,469.7625000000000000,263,2011-03-02 16:26:00,2011-11-20 15:05:00,United Kingdom
17739,12,7,2791.35,398.7642857142857143,349,2010-12-14 14:26:00,2011-11-28 09:12:00,United Kingdom
17742,114,2,355.11,177.5550000000000000,219,2011-01-11 10:04:00,2011-08-18 15:28:00,United Kingdom
17744,4,6,2322.40,387.0666666666666667,355,2010-12-16 14:17:00,2011-12-06 12:11:00,United Kingdom
17746,241,1,110.25,110.2500000000000000,0,2011-04-13 14:31:00,2011-04-13 14:31:00,United Kingdom
17747,113,1,71.40,71.4000000000000000,0,2011-08-19 08:13:00,2011-08-19 08:13:00,United Kingdom
17749,179,2,674.52,337.2600000000000000,78,2011-03-28 13:39:00,2011-06-14 15:45:00,United Kingdom
17750,6,9,1710.45,190.0500000000000000,159,2011-06-28 15:44:00,2011-12-04 14:09:00,United Kingdom
17752,360,1,80.64,80.6400000000000000,0,2010-12-15 16:19:00,2010-12-15 16:19:00,United Kingdom
17754,1,5,1664.65,332.9300000000000000,260,2011-03-24 13:54:00,2011-12-09 11:20:00,United Kingdom
17757,2,30,5593.39,186.4463333333333333,371,2010-12-02 17:17:00,2011-12-08 15:31:00,United Kingdom
17758,20,8,3408.20,426.0250000000000000,231,2011-04-03 15:22:00,2011-11-20 14:45:00,United Kingdom
17759,18,3,819.96,273.3200000000000000,152,2011-06-23 13:35:00,2011-11-22 16:02:00,United Kingdom
17760,22,2,287.59,143.7950000000000000,352,2010-12-01 15:08:00,2011-11-18 10:56:00,United Kingdom
17761,33,1,712.78,712.7800000000000000,0,2011-11-07 10:23:00,2011-11-07 10:23:00,United Kingdom
17763,264,1,15.00,15.0000000000000000,0,2011-03-21 14:25:00,2011-03-21 14:25:00,United Kingdom
17764,51,2,772.55,386.2750000000000000,161,2011-05-12 16:11:00,2011-10-20 11:03:00,United Kingdom
17765,159,3,367.63,122.5433333333333333,98,2011-03-28 11:58:00,2011-07-04 12:41:00,United Kingdom
17767,16,1,271.20,271.2000000000000000,0,2011-11-24 14:42:00,2011-11-24 14:42:00,United Kingdom
17768,9,3,2081.90,693.9666666666666667,158,2011-06-26 13:46:00,2011-12-01 13:22:00,United Kingdom
17769,13,10,3957.43,395.7430000000000000,308,2011-01-23 11:15:00,2011-11-27 11:18:00,United Kingdom
17770,199,5,1143.27,228.6540000000000000,84,2011-03-02 13:35:00,2011-05-25 12:34:00,United Kingdom
17771,57,2,245.81,122.9050000000000000,267,2011-01-20 14:13:00,2011-10-14 11:43:00,United Kingdom
17772,11,2,173.45,86.7250000000000000,0,2011-11-29 10:57:00,2011-11-29 11:05:00,United Kingdom
17774,97,4,1213.73,303.4325000000000000,209,2011-02-07 13:13:00,2011-09-04 12:49:00,United Kingdom
17775,255,1,56.40,56.4000000000000000,0,2011-03-30 10:50:00,2011-03-30 10:50:00,United Kingdom
17777,25,3,647.56,215.8533333333333333,76,2011-08-31 14:35:00,2011-11-15 12:02:00,United Kingdom
17779,22,3,650.32,216.7733333333333333,122,2011-07-19 12:19:00,2011-11-18 14:15:00,United Kingdom
17781,160,2,188.02,94.0100000000000000,94,2011-03-31 19:54:00,2011-07-03 16:00:00,United Kingdom
17783,73,2,283.47,141.7350000000000000,175,2011-04-06 10:07:00,2011-09-28 16:07:00,United Kingdom
17785,54,1,131.94,131.9400000000000000,0,2011-10-17 13:43:00,2011-10-17 13:43:00,United Kingdom
17786,86,2,266.85,133.4250000000000000,232,2011-01-26 14:35:00,2011-09-15 12:51:00,United Kingdom
17787,153,4,1817.54,454.3850000000000000,219,2010-12-03 13:43:00,2011-07-10 11:24:00,United Kingdom
17788,74,2,1117.90,558.9500000000000000,56,2011-08-02 10:38:00,2011-09-27 10:09:00,United Kingdom
17789,282,1,225.90,225.9000000000000000,0,2011-03-03 13:14:00,2011-03-03 13:14:00,United Kingdom
17790,27,14,1964.30,140.3071428571428571,338,2010-12-10 10:47:00,2011-11-13 11:30:00,United Kingdom
17791,30,1,106.10,106.1000000000000000,0,2011-11-10 12:09:00,2011-11-10 12:09:00,United Kingdom
17793,26,1,300.34,300.3400000000000000,0,2011-11-14 14:24:00,2011-11-14 14:24:00,United Kingdom
17795,180,2,342.83,171.4150000000000000,85,2011-03-20 12:02:00,2011-06-13 12:36:00,United Kingdom
17796,41,4,690.00,172.5000000000000000,329,2010-12-05 12:23:00,2011-10-30 15:38:00,United Kingdom
17797,23,3,780.43,260.1433333333333333,160,2011-06-10 11:29:00,2011-11-17 13:21:00,United Kingdom
17799,23,10,3039.17,303.9170000000000000,339,2010-12-13 13:10:00,2011-11-17 15:16:00,United Kingdom
17800,38,9,1187.21,131.9122222222222222,297,2011-01-09 13:50:00,2011-11-02 12:57:00,United Kingdom
17802,83,3,1285.04,428.3466666666666667,290,2010-12-02 13:44:00,2011-09-18 14:56:00,United Kingdom
17805,74,1,512.31,512.3100000000000000,0,2011-09-27 11:49:00,2011-09-27 11:49:00,United Kingdom
17806,12,1,546.04,546.0400000000000000,0,2011-11-28 14:12:00,2011-11-28 14:12:00,United Kingdom
17809,17,12,5411.91,450.9925000000000000,357,2010-12-01 09:41:00,2011-11-23 12:59:00,United Kingdom
17811,5,39,7761.82,199.0210256410256410,329,2011-01-10 10:58:00,2011-12-05 13:46:00,United Kingdom
17812,13,4,699.81,174.9525000000000000,356,2010-12-06 15:27:00,2011-11-27 11:47:00,United Kingdom
17813,15,5,1698.07,339.6140000000000000,57,2011-09-29 15:57:00,2011-11-25 16:13:00,United Kingdom
17816,37,4,36.56,9.1400000000000000,329,2010-12-09 14:10:00,2011-11-03 11:34:00,United Kingdom
17817,5,3,387.68,129.2266666666666667,273,2011-03-07 17:30:00,2011-12-05 14:39:00,United Kingdom
17819,72,7,3704.87,529.2671428571428571,300,2010-12-03 14:26:00,2011-09-29 10:52:00,United Kingdom
17824,52,1,298.40,298.4000000000000000,0,2011-10-19 14:14:00,2011-10-19 14:14:00,United Kingdom
17827,6,5,1987.33,397.4660000000000000,359,2010-12-10 10:18:00,2011-12-04 15:00:00,United Kingdom
17828,23,4,1820.09,455.0225000000000000,162,2011-06-08 08:31:00,2011-11-17 08:41:00,Malta
17829,299,1,889.24,889.2400000000000000,0,2011-02-14 12:46:00,2011-02-14 12:46:00,United Arab Emirates
17830,2,3,398.70,132.9000000000000000,287,2011-02-24 10:15:00,2011-12-08 12:28:00,United Kingdom
17831,34,1,35.40,35.4000000000000000,0,2011-11-06 15:09:00,2011-11-06 15:09:00,United Kingdom
17832,50,1,155.37,155.3700000000000000,0,2011-10-21 11:43:00,2011-10-21 11:43:00,United Kingdom
17835,3,3,342.24,114.0800000000000000,21,2011-11-16 16:30:00,2011-12-07 11:48:00,United Kingdom
17836,48,1,110.21,110.2100000000000000,0,2011-10-23 16:13:00,2011-10-23 16:13:00,United Kingdom
17837,43,8,1541.23,192.6537500000000000,121,2011-06-29 16:44:00,2011-10-28 16:13:00,United Kingdom
17838,27,5,2720.80,544.1600000000000000,346,2010-12-02 15:55:00,2011-11-13 11:20:00,United Kingdom
17839,43,1,318.15,318.1500000000000000,0,2011-10-28 17:27:00,2011-10-28 17:27:00,United Kingdom
17841,2,124,40519.84,326.7729032258064516,372,2010-12-01 14:41:00,2011-12-08 12:07:00,United Kingdom
17843,304,1,205.48,205.4800000000000000,0,2011-02-09 15:33:00,2011-02-09 15:33:00,United Kingdom
17844,107,1,51.56,51.5600000000000000,0,2011-08-25 11:27:00,2011-08-25 11:27:00,Canada
17846,86,1,2033.10,2033.1000000000000000,0,2011-09-15 15:20:00,2011-09-15 15:20:00,United Kingdom
17848,82,9,901.20,100.1333333333333333,277,2010-12-16 18:38:00,2011-09-19 16:49:00,United Kingdom
17849,219,4,605.80,151.4500000000000000,115,2011-01-10 11:59:00,2011-05-05 13:46:00,United Kingdom
17850,373,34,5391.21,158.5650000000000000,1,2010-12-01 08:26:00,2010-12-02 15:27:00,United Kingdom
17852,12,2,114.34,57.1700000000000000,0,2011-11-28 12:31:00,2011-11-28 12:36:00,United Kingdom
17854,186,2,311.26,155.6300000000000000,42,2011-04-26 16:53:00,2011-06-07 16:21:00,United Kingdom
17855,373,1,208.97,208.9700000000000000,0,2010-12-02 09:44:00,2010-12-02 09:44:00,United Kingdom
17856,2,4,1418.03,354.5075000000000000,280,2011-03-03 11:40:00,2011-12-08 09:40:00,United Kingdom
17857,5,23,26879.04,1168.6539130434782609,361,2010-12-09 11:35:00,2011-12-05 13:13:00,United Kingdom
17858,6,12,5140.66,428.3883333333333333,364,2010-12-05 13:08:00,2011-12-04 11:56:00,United Kingdom
17859,305,1,141.92,141.9200000000000000,0,2011-02-08 10:32:00,2011-02-08 10:32:00,United Kingdom
17860,369,1,226.45,226.4500000000000000,0,2010-12-06 12:41:00,2010-12-06 12:41:00,United Kingdom
17861,4,8,2097.88,262.2350000000000000,316,2011-01-24 11:34:00,2011-12-06 16:21:00,United Kingdom
17862,324,1,330.90,330.9000000000000000,0,2011-01-20 12:23:00,2011-01-20 12:23:00,United Kingdom
17863,60,6,3160.00,526.6666666666666667,310,2010-12-05 13:21:00,2011-10-11 13:45:00,United Kingdom
17864,13,3,554.85,184.9500000000000000,263,2011-03-09 11:44:00,2011-11-27 11:15:00,United Kingdom
17865,31,20,10526.32,526.3160000000000000,334,2010-12-10 14:53:00,2011-11-09 12:08:00,United Kingdom
17866,143,1,329.65,329.6500000000000000,0,2011-07-20 11:07:00,2011-07-20 11:07:00,United Kingdom
17867,31,6,1157.87,192.9783333333333333,258,2011-02-24 12:25:00,2011-11-09 14:15:00,United Kingdom
17869,108,5,428.18,85.6360000000000000,261,2010-12-06 17:16:00,2011-08-24 16:16:00,United Kingdom
17870,3,12,1865.89,155.4908333333333333,364,2010-12-08 08:12:00,2011-12-07 15:07:00,United Kingdom
17871,205,1,155.90,155.9000000000000000,0,2011-05-19 11:32:00,2011-05-19 11:32:00,United Kingdom
17873,81,5,1848.96,369.7920000000000000,293,2010-12-01 14:54:00,2011-09-20 16:41:00,United Kingdom
17874,186,6,683.46,113.9100000000000000,70,2011-03-29 11:25:00,2011-06-07 12:54:00,United Kingdom
17877,171,1,237.61,237.6100000000000000,0,2011-06-22 13:00:00,2011-06-22 13:00:00,United Kingdom
17878,44,1,379.45,379.4500000000000000,0,2011-10-27 11:24:00,2011-10-27 11:24:00,United Kingdom
17879,174,1,178.52,178.5200000000000000,0,2011-06-19 12:36:00,2011-06-19 12:36:00,United Kingdom
17880,365,1,458.92,458.9200000000000000,0,2010-12-10 10:21:00,2010-12-10 10:21:00,United Kingdom
17881,305,1,133.35,133.3500000000000000,0,2011-02-08 17:16:00,2011-02-08 17:16:00,United Kingdom
17883,4,4,664.34,166.0850000000000000,243,2011-04-07 19:16:00,2011-12-06 17:49:00,United Kingdom
17884,4,4,695.07,173.7675000000000000,368,2010-12-03 12:11:00,2011-12-06 11:33:00,United Kingdom
17885,13,1,156.34,156.3400000000000000,0,2011-11-27 14:40:00,2011-11-27 14:40:00,United Kingdom
17886,32,3,869.28,289.7600000000000000,218,2011-04-04 12:34:00,2011-11-08 10:09:00,United Kingdom
17887,130,1,111.35,111.3500000000000000,0,2011-08-02 17:29:00,2011-08-02 17:29:00,United Kingdom
17888,22,8,716.00,89.5000000000000000,336,2010-12-17 13:56:00,2011-11-18 13:45:00,United Kingdom
17889,213,2,201.37,100.6850000000000000,110,2011-01-21 17:14:00,2011-05-11 16:26:00,United Kingdom
17890,323,2,586.89,293.4450000000000000,39,2010-12-13 15:12:00,2011-01-21 11:19:00,United Kingdom
17891,163,1,203.86,203.8600000000000000,0,2011-06-30 20:08:00,2011-06-30 20:08:00,United Kingdom
17892,57,3,244.10,81.3666666666666667,99,2011-07-07 12:56:00,2011-10-14 16:49:00,United Kingdom
17893,226,1,107.21,107.2100000000000000,0,2011-04-28 13:50:00,2011-04-28 13:50:00,United Kingdom
17894,72,8,1118.96,139.8700000000000000,295,2010-12-08 14:50:00,2011-09-29 09:23:00,United Kingdom
17895,45,1,95.45,95.4500000000000000,0,2011-10-26 17:00:00,2011-10-26 17:00:00,United Kingdom
17896,24,1,256.32,256.3200000000000000,0,2011-11-16 13:59:00,2011-11-16 13:59:00,United Kingdom
17897,173,3,541.81,180.6033333333333333,201,2010-12-01 12:31:00,2011-06-20 11:23:00,United Kingdom
17898,86,2,152.06,76.0300000000000000,122,2011-05-16 17:13:00,2011-09-15 14:56:00,United Kingdom
17899,160,1,154.55,154.5500000000000000,0,2011-07-03 14:58:00,2011-07-03 14:58:00,United Kingdom
17900,191,2,112.20,56.1000000000000000,0,2011-06-02 14:28:00,2011-06-02 14:38:00,United Kingdom
17901,30,1,110.38,110.3800000000000000,0,2011-11-10 17:29:00,2011-11-10 17:29:00,United Kingdom
17904,22,1,181.07,181.0700000000000000,0,2011-11-18 12:57:00,2011-11-18 12:57:00,United Kingdom
17905,72,4,798.99,199.7475000000000000,302,2010-12-01 13:21:00,2011-09-29 17:33:00,United Kingdom
17906,248,1,72.90,72.9000000000000000,0,2011-04-06 17:25:00,2011-04-06 17:25:00,United Kingdom
17908,374,1,232.03,232.0300000000000000,0,2010-12-01 11:45:00,2010-12-01 11:45:00,United Kingdom
17911,10,1,366.23,366.2300000000000000,0,2011-11-30 14:52:00,2011-11-30 14:52:00,United Kingdom
17912,311,5,310.06,62.0120000000000000,54,2010-12-10 11:11:00,2011-02-02 14:25:00,United Kingdom
17913,59,2,408.65,204.3250000000000000,297,2010-12-19 11:35:00,2011-10-12 10:45:00,United Kingdom
17914,4,1,329.36,329.3600000000000000,0,2011-12-06 11:58:00,2011-12-06 11:58:00,United Kingdom
17917,46,3,335.03,111.6766666666666667,317,2010-12-12 12:08:00,2011-10-25 13:20:00,United Kingdom
17919,89,1,1304.04,1304.0400000000000000,0,2011-09-12 13:41:00,2011-09-12 13:41:00,United Kingdom
17920,5,17,4119.50,242.3235294117647059,369,2010-12-01 11:49:00,2011-12-05 14:29:00,United Kingdom
17921,65,4,820.23,205.0575000000000000,202,2011-03-18 13:19:00,2011-10-06 18:56:00,United Kingdom
17923,283,1,207.50,207.5000000000000000,0,2011-03-02 15:15:00,2011-03-02 15:15:00,United Kingdom
17924,12,7,2962.50,423.2142857142857143,362,2010-12-01 10:51:00,2011-11-28 09:11:00,United Kingdom
17925,373,1,244.08,244.0800000000000000,0,2010-12-02 10:10:00,2010-12-02 10:10:00,United Kingdom
17926,134,2,397.29,198.6450000000000000,70,2011-05-20 09:24:00,2011-07-29 14:39:00,United Kingdom
17928,46,2,212.54,106.2700000000000000,201,2011-04-07 18:03:00,2011-10-25 13:52:00,United Kingdom
17929,12,4,843.00,210.7500000000000000,297,2011-02-04 11:40:00,2011-11-28 16:01:00,United Kingdom
17930,36,5,1740.48,348.0960000000000000,204,2011-04-14 15:46:00,2011-11-04 10:23:00,United Kingdom
17931,135,2,408.36,204.1800000000000000,121,2011-03-29 12:31:00,2011-07-28 18:33:00,United Kingdom
17932,30,3,1331.57,443.8566666666666667,182,2011-05-12 13:58:00,2011-11-10 19:49:00,United Kingdom
17934,52,2,704.25,352.1250000000000000,7,2011-10-12 10:50:00,2011-10-19 11:16:00,United Kingdom
17935,139,2,145.79,72.8950000000000000,3,2011-07-21 11:23:00,2011-07-24 13:18:00,United Kingdom
17936,6,1,380.13,380.1300000000000000,0,2011-12-04 13:32:00,2011-12-04 13:32:00,United Kingdom
17937,9,7,4301.22,614.4600000000000000,354,2010-12-12 14:43:00,2011-12-01 11:45:00,United Kingdom
17939,160,1,99.14,99.1400000000000000,0,2011-07-03 12:27:00,2011-07-03 12:27:00,United Kingdom
17940,50,10,4020.04,402.0040000000000000,253,2011-02-10 09:29:00,2011-10-21 13:27:00,United Kingdom
17941,131,1,304.56,304.5600000000000000,0,2011-08-01 08:30:00,2011-08-01 08:30:00,United Kingdom
17942,8,1,77.50,77.5000000000000000,0,2011-12-02 10:45:00,2011-12-02 10:45:00,United Kingdom
17946,234,2,149.58,74.7900000000000000,26,2011-03-25 14:34:00,2011-04-20 17:00:00,United Kingdom
17947,38,1,176.68,176.6800000000000000,0,2011-11-02 13:05:00,2011-11-02 13:05:00,United Kingdom
17948,148,1,358.56,358.5600000000000000,0,2011-07-15 12:58:00,2011-07-15 12:58:00,United Kingdom
17949,2,45,58510.48,1300.2328888888888889,370,2010-12-03 13:12:00,2011-12-08 18:46:00,United Kingdom
17950,73,3,482.20,160.7333333333333333,293,2010-12-09 15:16:00,2011-09-28 15:18:00,United Kingdom
17951,40,3,1008.54,336.1800000000000000,334,2010-12-01 12:40:00,2011-10-31 12:30:00,United Kingdom
17954,6,12,2314.13,192.8441666666666667,366,2010-12-03 14:18:00,2011-12-04 14:15:00,United Kingdom
17955,199,4,557.30,139.3250000000000000,21,2011-05-04 12:29:00,2011-05-25 12:00:00,United Kingdom
17956,250,1,12.75,12.7500000000000000,0,2011-04-04 13:47:00,2011-04-04 13:47:00,United Kingdom
17957,67,1,111.68,111.6800000000000000,0,2011-10-04 14:58:00,2011-10-04 14:58:00,United Kingdom
17958,117,1,508.46,508.4600000000000000,0,2011-08-15 12:19:00,2011-08-15 12:19:00,United Kingdom
17960,172,1,73.78,73.7800000000000000,0,2011-06-21 14:15:00,2011-06-21 14:15:00,United Kingdom
17961,22,39,1296.44,33.2420512820512821,351,2010-12-02 19:18:00,2011-11-18 16:55:00,United Kingdom
17962,143,1,102.41,102.4100000000000000,0,2011-07-20 14:16:00,2011-07-20 14:16:00,United Kingdom
17964,32,2,463.21,231.6050000000000000,341,2010-12-02 13:32:00,2011-11-08 10:44:00,United Kingdom
17965,38,14,2599.19,185.6564285714285714,332,2010-12-05 15:54:00,2011-11-02 09:31:00,United Kingdom
17966,38,5,1098.43,219.6860000000000000,224,2011-03-23 17:25:00,2011-11-02 10:26:00,United Kingdom
17967,372,1,112.27,112.2700000000000000,0,2010-12-03 11:19:00,2010-12-03 11:19:00,United Kingdom
17968,374,1,265.10,265.1000000000000000,0,2010-12-01 12:23:00,2010-12-01 12:23:00,United Kingdom
17969,167,2,228.20,114.1000000000000000,195,2010-12-13 15:34:00,2011-06-26 13:00:00,United Kingdom
17970,212,1,562.79,562.7900000000000000,0,2011-05-12 20:03:00,2011-05-12 20:03:00,United Kingdom
17972,242,1,135.19,135.1900000000000000,0,2011-04-12 12:16:00,2011-04-12 12:16:00,United Kingdom
17973,52,1,337.04,337.0400000000000000,0,2011-10-19 10:34:00,2011-10-19 10:34:00,United Kingdom
17974,25,3,703.99,234.6633333333333333,195,2011-05-04 11:50:00,2011-11-15 11:37:00,United Kingdom
17975,16,13,4483.26,344.8661538461538462,351,2010-12-08 11:38:00,2011-11-24 13:27:00,United Kingdom
17976,373,1,321.79,321.7900000000000000,0,2010-12-02 13:49:00,2010-12-02 13:49:00,United Kingdom
17977,30,1,288.14,288.1400000000000000,0,2011-11-10 13:28:00,2011-11-10 13:28:00,United Kingdom
17978,366,1,300.92,300.9200000000000000,0,2010-12-09 14:05:00,2010-12-09 14:05:00,United Kingdom
17979,36,4,732.41,183.1025000000000000,224,2011-03-25 11:34:00,2011-11-04 12:05:00,United Kingdom
17980,166,3,811.45,270.4833333333333333,194,2010-12-15 15:50:00,2011-06-27 12:01:00,United Kingdom
17984,146,1,152.68,152.6800000000000000,0,2011-07-17 15:59:00,2011-07-17 15:59:00,United Kingdom
17985,23,1,631.35,631.3500000000000000,0,2011-11-17 14:24:00,2011-11-17 14:24:00,United Kingdom
17986,57,1,20.80,20.8000000000000000,0,2011-10-14 14:22:00,2011-10-14 14:22:00,United Kingdom
17987,186,1,198.57,198.5700000000000000,0,2011-06-07 14:22:00,2011-06-07 14:22:00,United Kingdom
17988,12,7,201.12,28.7314285714285714,315,2011-01-17 11:59:00,2011-11-28 11:00:00,United Kingdom
17990,237,3,630.84,210.2800000000000000,125,2010-12-13 12:10:00,2011-04-17 11:44:00,United Kingdom
17991,226,2,93.35,46.6750000000000000,1,2011-04-27 16:39:00,2011-04-28 15:58:00,United Kingdom
17994,122,4,674.89,168.7225000000000000,169,2011-02-22 11:02:00,2011-08-10 11:41:00,United Kingdom
17995,282,1,76.10,76.1000000000000000,0,2011-03-03 12:30:00,2011-03-03 12:30:00,United Kingdom
17997,75,8,1962.46,245.3075000000000000,90,2011-06-28 17:28:00,2011-09-26 16:13:00,United Kingdom
17999,38,2,380.39,190.1950000000000000,329,2010-12-08 15:17:00,2011-11-02 15:56:00,United Kingdom
18001,13,2,415.13,207.5650000000000000,74,2011-09-14 11:21:00,2011-11-27 16:02:00,United Kingdom
18004,363,1,157.92,157.9200000000000000,0,2010-12-12 13:47:00,2010-12-12 13:47:00,United Kingdom
18005,4,2,226.47,113.2350000000000000,44,2011-10-23 14:40:00,2011-12-06 11:51:00,United Kingdom
18006,24,1,444.68,444.6800000000000000,0,2011-11-16 16:52:00,2011-11-16 16:52:00,United Kingdom
18008,71,9,2116.19,235.1322222222222222,248,2011-01-25 12:26:00,2011-09-30 15:17:00,United Kingdom
18009,236,1,247.39,247.3900000000000000,0,2011-04-18 13:36:00,2011-04-18 13:36:00,United Kingdom
18010,257,1,174.80,174.8000000000000000,0,2011-03-28 12:27:00,2011-03-28 12:27:00,United Kingdom
18011,374,1,102.79,102.7900000000000000,0,2010-12-01 17:35:00,2010-12-01 17:35:00,United Kingdom
18013,156,2,187.29,93.6450000000000000,0,2011-07-07 14:08:00,2011-07-07 14:11:00,United Kingdom
18014,29,1,162.22,162.2200000000000000,0,2011-11-11 15:28:00,2011-11-11 15:28:00,United Kingdom
18015,5,1,120.03,120.0300000000000000,0,2011-12-05 14:49:00,2011-12-05 14:49:00,United Kingdom
18016,33,5,1477.66,295.5320000000000000,332,2010-12-10 17:14:00,2011-11-07 13:25:00,United Kingdom
18017,82,3,523.00,174.3333333333333333,229,2011-02-02 13:57:00,2011-09-19 16:15:00,United Kingdom
18018,109,2,122.14,61.0700000000000000,91,2011-05-24 13:22:00,2011-08-23 17:37:00,United Kingdom
18019,52,1,38.45,38.4500000000000000,0,2011-10-19 12:10:00,2011-10-19 12:10:00,United Kingdom
18022,36,1,612.72,612.7200000000000000,0,2011-11-04 12:45:00,2011-11-04 12:45:00,United Kingdom
18024,153,2,389.78,194.8900000000000000,0,2011-07-10 12:28:00,2011-07-10 12:40:00,United Kingdom
18027,99,1,115.31,115.3100000000000000,0,2011-09-02 10:38:00,2011-09-02 10:38:00,United Kingdom
18030,5,2,230.65,115.3250000000000000,38,2011-10-28 13:55:00,2011-12-05 16:37:00,United Kingdom
18032,335,1,73.50,73.5000000000000000,0,2011-01-09 15:32:00,2011-01-09 15:32:00,United Kingdom
18033,66,1,93.82,93.8200000000000000,0,2011-10-05 17:28:00,2011-10-05 17:28:00,United Kingdom
18034,22,2,418.68,209.3400000000000000,0,2011-11-18 12:08:00,2011-11-18 12:22:00,United Kingdom
18035,36,3,713.89,237.9633333333333333,8,2011-10-27 17:48:00,2011-11-04 12:39:00,United Kingdom
18036,33,3,403.12,134.3733333333333333,213,2011-04-08 11:26:00,2011-11-07 14:40:00,United Kingdom
18037,155,6,70.02,11.6700000000000000,208,2010-12-12 16:20:00,2011-07-08 13:39:00,United Kingdom
18040,20,2,357.20,178.6000000000000000,226,2011-04-08 08:27:00,2011-11-20 14:20:00,United Kingdom
18041,12,21,4097.37,195.1128571428571429,361,2010-12-02 11:21:00,2011-11-28 11:39:00,United Kingdom
18042,54,1,165.05,165.0500000000000000,0,2011-10-17 11:49:00,2011-10-17 11:49:00,United Kingdom
18043,25,3,529.29,176.4300000000000000,342,2010-12-08 12:35:00,2011-11-15 12:48:00,United Kingdom
18044,5,10,2088.60,208.8600000000000000,356,2010-12-14 12:25:00,2011-12-05 14:26:00,United Kingdom
18045,46,1,178.34,178.3400000000000000,0,2011-10-25 13:07:00,2011-10-25 13:07:00,United Kingdom
18048,204,2,172.29,86.1450000000000000,0,2011-05-20 14:54:00,2011-05-20 14:58:00,United Kingdom
18050,360,1,74.40,74.4000000000000000,0,2010-12-15 14:25:00,2010-12-15 14:25:00,United Kingdom
18053,71,1,300.02,300.0200000000000000,0,2011-09-30 09:05:00,2011-09-30 09:05:00,United Kingdom
18055,8,10,6761.34,676.1340000000000000,362,2010-12-05 10:52:00,2011-12-02 14:25:00,United Kingdom
18056,289,1,363.65,363.6500000000000000,0,2011-02-24 14:27:00,2011-02-24 14:27:00,United Kingdom
18058,10,1,170.16,170.1600000000000000,0,2011-11-30 08:38:00,2011-11-30 08:38:00,United Kingdom
18059,24,3,306.46,102.1533333333333333,44,2011-10-03 09:30:00,2011-11-16 16:49:00,United Kingdom
18061,22,10,2119.41,211.9410000000000000,345,2010-12-08 13:03:00,2011-11-18 11:20:00,United Kingdom
18062,174,3,720.52,240.1733333333333333,164,2011-01-06 10:03:00,2011-06-19 14:47:00,United Kingdom
18064,134,2,814.00,407.0000000000000000,102,2011-04-18 15:08:00,2011-07-29 16:39:00,United Kingdom
18065,6,14,2392.83,170.9164285714285714,359,2010-12-10 12:44:00,2011-12-04 10:30:00,United Kingdom
18066,76,1,318.00,318.0000000000000000,0,2011-09-25 15:30:00,2011-09-25 15:30:00,United Kingdom
18067,41,1,396.33,396.3300000000000000,0,2011-10-30 15:58:00,2011-10-30 15:58:00,United Kingdom
18068,290,1,101.70,101.7000000000000000,0,2011-02-23 14:50:00,2011-02-23 14:50:00,United Kingdom
18069,27,5,2009.24,401.8480000000000000,301,2011-01-16 15:50:00,2011-11-13 16:03:00,United Kingdom
18071,258,2,453.00,226.5000000000000000,108,2010-12-09 10:33:00,2011-03-27 11:59:00,United Kingdom
18072,186,1,247.44,247.4400000000000000,0,2011-06-07 10:44:00,2011-06-07 10:44:00,United Kingdom
18073,115,12,3859.82,321.6516666666666667,83,2011-05-26 19:38:00,2011-08-17 14:02:00,United Kingdom
18074,374,1,489.60,489.6000000000000000,0,2010-12-01 09:53:00,2010-12-01 09:53:00,United Kingdom
18075,24,10,2611.75,261.1750000000000000,337,2010-12-14 10:48:00,2011-11-16 15:21:00,United Kingdom
18077,9,11,2584.41,234.9463636363636364,358,2010-12-08 10:21:00,2011-12-01 13:32:00,United Kingdom
18078,218,2,336.13,168.0650000000000000,42,2011-03-25 15:08:00,2011-05-06 14:32:00,United Kingdom
18079,46,4,3613.15,903.2875000000000000,193,2011-04-15 12:14:00,2011-10-25 15:27:00,United Kingdom
18080,19,2,1231.50,615.7500000000000000,224,2011-04-11 10:10:00,2011-11-21 08:02:00,United Kingdom
18081,37,3,343.45,114.4833333333333333,97,2011-07-29 11:56:00,2011-11-03 16:30:00,United Kingdom
18082,26,1,680.84,680.8400000000000000,0,2011-11-14 12:45:00,2011-11-14 12:45:00,United Kingdom
18084,17,1,90.48,90.4800000000000000,0,2011-11-23 13:57:00,2011-11-23 13:57:00,United Kingdom
18085,331,2,689.95,344.9750000000000000,43,2010-12-01 12:08:00,2011-01-13 15:17:00,United Kingdom
18086,275,1,101.34,101.3400000000000000,0,2011-03-10 13:34:00,2011-03-10 13:34:00,United Kingdom
18087,99,2,4055.72,2027.8600000000000000,192,2011-02-22 10:43:00,2011-09-02 15:12:00,United Kingdom
18088,62,1,166.03,166.0300000000000000,0,2011-10-09 13:41:00,2011-10-09 13:41:00,United Kingdom
18092,3,11,9068.26,824.3872727272727273,363,2010-12-09 10:00:00,2011-12-07 13:14:00,United Kingdom
18093,94,4,2106.52,526.6300000000000000,209,2011-02-10 12:15:00,2011-09-07 15:43:00,United Kingdom
18094,82,7,3017.30,431.0428571428571429,210,2011-02-21 08:50:00,2011-09-19 09:28:00,United Kingdom
18095,313,2,580.05,290.0250000000000000,20,2011-01-11 12:37:00,2011-01-31 12:50:00,United Kingdom
18096,12,3,849.06,283.0200000000000000,52,2011-10-07 11:55:00,2011-11-28 12:44:00,United Kingdom
18097,8,6,2662.40,443.7333333333333333,347,2010-12-20 14:49:00,2011-12-02 11:16:00,United Kingdom
18099,128,1,168.31,168.3100000000000000,0,2011-08-04 15:52:00,2011-08-04 15:52:00,United Kingdom
18101,12,2,222.40,111.2000000000000000,132,2011-07-19 13:05:00,2011-11-28 13:37:00,United Kingdom
18102,1,60,259657.30,4327.6216666666666667,367,2010-12-07 16:42:00,2011-12-09 11:50:00,United Kingdom
18104,38,1,754.64,754.6400000000000000,0,2011-11-02 14:07:00,2011-11-02 14:07:00,United Kingdom
18105,38,1,113.48,113.4800000000000000,0,2011-11-02 12:04:00,2011-11-02 12:04:00,United Kingdom
18106,330,1,421.90,421.9000000000000000,0,2011-01-14 12:23:00,2011-01-14 12:23:00,United Kingdom
18108,255,1,271.00,271.0000000000000000,0,2011-03-30 13:56:00,2011-03-30 13:56:00,United Kingdom
18109,2,26,8004.92,307.8815384615384615,368,2010-12-05 10:58:00,2011-12-08 11:36:00,United Kingdom
18110,20,1,198.80,198.8000000000000000,0,2011-11-20 12:34:00,2011-11-20 12:34:00,United Kingdom
18112,13,2,352.69,176.3450000000000000,154,2011-06-26 13:56:00,2011-11-27 14:43:00,United Kingdom
18113,369,1,76.32,76.3200000000000000,0,2010-12-06 12:31:00,2010-12-06 12:31:00,United Kingdom
18114,291,1,220.10,220.1000000000000000,0,2011-02-22 13:20:00,2011-02-22 13:20:00,United Kingdom
18116,68,8,1403.11,175.3887500000000000,297,2010-12-10 12:14:00,2011-10-03 11:00:00,United Kingdom
18117,26,1,315.65,315.6500000000000000,0,2011-11-14 12:47:00,2011-11-14 12:47:00,United Kingdom
18118,11,26,5625.08,216.3492307692307692,359,2010-12-05 12:13:00,2011-11-29 11:32:00,United Kingdom
18119,368,1,180.70,180.7000000000000000,0,2010-12-07 11:59:00,2010-12-07 11:59:00,United Kingdom
18120,215,1,111.15,111.1500000000000000,0,2011-05-09 13:45:00,2011-05-09 13:45:00,United Kingdom
18121,150,2,653.30,326.6500000000000000,5,2011-07-08 12:14:00,2011-07-13 12:53:00,United Kingdom
18122,9,6,1793.06,298.8433333333333333,142,2011-07-12 11:37:00,2011-12-01 13:08:00,United Kingdom
18123,25,2,574.44,287.2200000000000000,7,2011-11-08 13:31:00,2011-11-15 14:23:00,United Kingdom
18125,30,4,1131.75,282.9375000000000000,287,2011-01-27 15:02:00,2011-11-10 12:29:00,United Kingdom
18126,61,1,200.92,200.9200000000000000,0,2011-10-10 12:19:00,2011-10-10 12:19:00,United Kingdom
18127,20,3,347.08,115.6933333333333333,114,2011-07-29 10:06:00,2011-11-20 14:05:00,United Kingdom
18129,244,1,112.55,112.5500000000000000,0,2011-04-10 14:16:00,2011-04-10 14:16:00,United Kingdom
18130,16,3,1059.39,353.1300000000000000,42,2011-10-13 15:58:00,2011-11-24 14:40:00,United Kingdom
18133,213,1,931.50,931.5000000000000000,0,2011-05-11 14:14:00,2011-05-11 14:14:00,United Kingdom
18135,30,5,681.91,136.3820000000000000,161,2011-06-02 14:04:00,2011-11-10 19:32:00,United Kingdom
18136,64,3,784.33,261.4433333333333333,256,2011-01-24 12:08:00,2011-10-07 15:40:00,United Kingdom
18138,296,1,152.65,152.6500000000000000,0,2011-02-17 14:51:00,2011-02-17 14:51:00,United Kingdom
18139,18,6,8438.34,1406.3900000000000000,1,2011-11-21 14:06:00,2011-11-22 10:44:00,United Kingdom
18142,158,2,1019.52,509.7600000000000000,58,2011-05-08 12:31:00,2011-07-05 13:19:00,United Kingdom
18143,117,2,1000.16,500.0800000000000000,25,2011-07-21 10:44:00,2011-08-15 12:07:00,United Kingdom
18144,8,12,2888.75,240.7291666666666667,366,2010-12-01 13:45:00,2011-12-02 12:46:00,United Kingdom
18145,13,4,2861.55,715.3875000000000000,300,2011-01-31 12:10:00,2011-11-27 11:22:00,United Kingdom
18146,141,2,160.35,80.1750000000000000,80,2011-05-03 16:35:00,2011-07-22 12:08:00,United Kingdom
18147,46,2,179.34,89.6700000000000000,63,2011-08-23 12:22:00,2011-10-25 11:46:00,United Kingdom
18149,51,3,612.08,204.0266666666666667,223,2011-03-11 12:44:00,2011-10-20 12:04:00,United Kingdom
18150,33,3,566.58,188.8600000000000000,169,2011-05-22 10:47:00,2011-11-07 16:49:00,United Kingdom
18151,135,2,653.35,326.6750000000000000,155,2011-02-23 08:29:00,2011-07-28 11:35:00,United Kingdom
18154,4,2,399.19,199.5950000000000000,40,2011-10-27 10:40:00,2011-12-06 16:41:00,United Kingdom
18155,76,3,371.62,123.8733333333333333,216,2011-02-21 10:36:00,2011-09-25 13:32:00,United Kingdom
18156,13,2,675.64,337.8200000000000000,357,2010-12-05 12:29:00,2011-11-27 12:24:00,United Kingdom
18158,10,2,453.40,226.7000000000000000,79,2011-09-12 09:03:00,2011-11-30 16:19:00,United Kingdom
18159,302,1,530.15,530.1500000000000000,0,2011-02-11 14:26:00,2011-02-11 14:26:00,United Kingdom
18160,58,2,638.06,319.0300000000000000,143,2011-05-23 13:41:00,2011-10-13 15:50:00,United Kingdom
18161,16,5,1618.69,323.7380000000000000,304,2011-01-24 11:56:00,2011-11-24 16:40:00,United Kingdom
18164,38,1,399.65,399.6500000000000000,0,2011-11-02 12:56:00,2011-11-02 12:56:00,United Kingdom
18165,178,1,302.46,302.4600000000000000,0,2011-06-15 13:23:00,2011-06-15 13:23:00,United Kingdom
18167,24,3,1384.86,461.6200000000000000,82,2011-08-26 11:40:00,2011-11-16 15:56:00,United Kingdom
18168,177,6,1160.04,193.3400000000000000,196,2010-12-02 18:08:00,2011-06-16 19:21:00,United Kingdom
18169,61,1,202.65,202.6500000000000000,0,2011-10-10 12:18:00,2011-10-10 12:18:00,United Kingdom
18170,34,3,980.31,326.7700000000000000,184,2011-05-06 15:13:00,2011-11-06 14:35:00,United Kingdom
18171,59,5,1231.31,246.2620000000000000,275,2011-01-10 09:55:00,2011-10-12 09:13:00,United Kingdom
18172,15,20,7561.68,378.0840000000000000,275,2011-02-23 10:44:00,2011-11-25 11:12:00,United Kingdom
18173,87,4,2106.84,526.7100000000000000,188,2011-03-10 11:56:00,2011-09-14 11:26:00,United Kingdom
18174,8,1,104.00,104.0000000000000000,0,2011-12-02 16:56:00,2011-12-02 16:56:00,United Kingdom
18176,359,1,476.35,476.3500000000000000,0,2010-12-16 15:45:00,2010-12-16 15:45:00,United Kingdom
18177,32,6,1340.87,223.4783333333333333,224,2011-03-29 08:46:00,2011-11-08 14:44:00,United Kingdom
18178,129,4,1590.81,397.7025000000000000,236,2010-12-10 12:42:00,2011-08-03 09:30:00,United Kingdom
18179,10,6,1793.17,298.8616666666666667,327,2011-01-07 14:22:00,2011-11-30 16:23:00,United Kingdom
18180,5,6,1843.75,307.2916666666666667,138,2011-07-20 08:59:00,2011-12-05 08:39:00,United Kingdom
18181,25,1,366.85,366.8500000000000000,0,2011-11-15 15:08:00,2011-11-15 15:08:00,United Kingdom
18183,228,2,632.07,316.0350000000000000,47,2011-03-10 10:08:00,2011-04-26 15:26:00,United Kingdom
18184,16,1,49.80,49.8000000000000000,0,2011-11-24 15:28:00,2011-11-24 15:28:00,United Kingdom
18185,250,1,304.25,304.2500000000000000,0,2011-04-04 13:42:00,2011-04-04 13:42:00,United Kingdom
18188,16,3,2001.04,667.0133333333333333,275,2011-02-22 14:43:00,2011-11-24 16:46:00,United Kingdom
18189,78,2,1090.24,545.1200000000000000,190,2011-03-17 09:49:00,2011-09-23 12:40:00,United Kingdom
18190,193,2,284.46,142.2300000000000000,138,2011-01-13 10:35:00,2011-05-31 14:48:00,United Kingdom
18191,262,1,207.80,207.8000000000000000,0,2011-03-23 12:08:00,2011-03-23 12:08:00,United Kingdom
18192,72,1,957.97,957.9700000000000000,0,2011-09-29 09:53:00,2011-09-29 09:53:00,United Kingdom
18193,166,1,243.76,243.7600000000000000,0,2011-06-27 13:58:00,2011-06-27 13:58:00,United Kingdom
18194,83,1,973.84,973.8400000000000000,0,2011-09-18 13:29:00,2011-09-18 13:29:00,United Kingdom
18196,96,2,686.63,343.3150000000000000,195,2011-02-22 16:13:00,2011-09-05 16:22:00,United Kingdom
18198,5,17,5425.56,319.1505882352941176,332,2011-01-07 13:39:00,2011-12-05 14:49:00,United Kingdom
18200,107,1,150.35,150.3500000000000000,0,2011-08-25 18:45:00,2011-08-25 18:45:00,United Kingdom
18202,200,3,1396.99,465.6633333333333333,112,2011-02-01 13:36:00,2011-05-24 12:12:00,United Kingdom
18203,158,1,160.42,160.4200000000000000,0,2011-07-05 13:07:00,2011-07-05 13:07:00,United Kingdom
18204,72,3,1975.35,658.4500000000000000,121,2011-05-31 15:26:00,2011-09-29 16:44:00,United Kingdom
18205,37,2,517.36,258.6800000000000000,38,2011-09-26 12:02:00,2011-11-03 13:22:00,United Kingdom
18209,29,1,139.10,139.1000000000000000,0,2011-11-11 12:07:00,2011-11-11 12:07:00,United Kingdom
18210,2,6,2621.38,436.8966666666666667,266,2011-03-17 16:58:00,2011-12-08 11:02:00,United Kingdom
18211,26,5,600.07,120.0140000000000000,253,2011-03-06 12:09:00,2011-11-14 08:10:00,United Kingdom
18212,327,1,216.07,216.0700000000000000,0,2011-01-17 16:14:00,2011-01-17 16:14:00,United Kingdom
18213,237,1,232.48,232.4800000000000000,0,2011-04-17 10:21:00,2011-04-17 10:21:00,United Kingdom
18215,90,1,299.34,299.3400000000000000,0,2011-09-11 16:05:00,2011-09-11 16:05:00,United Kingdom
18216,32,1,481.75,481.7500000000000000,0,2011-11-08 16:55:00,2011-11-08 16:55:00,United Kingdom
18217,30,2,621.75,310.8750000000000000,41,2011-09-30 10:44:00,2011-11-10 13:18:00,United Kingdom
18218,212,2,641.92,320.9600000000000000,70,2011-03-03 12:24:00,2011-05-12 12:53:00,United Kingdom
18219,3,10,2069.77,206.9770000000000000,366,2010-12-06 10:05:00,2011-12-07 11:43:00,United Kingdom
18220,227,1,305.28,305.2800000000000000,0,2011-04-27 09:03:00,2011-04-27 09:03:00,United Kingdom
18221,23,5,1041.61,208.3220000000000000,189,2011-05-12 14:13:00,2011-11-17 14:40:00,United Kingdom
18222,93,1,443.00,443.0000000000000000,0,2011-09-08 10:45:00,2011-09-08 10:45:00,United Kingdom
18223,5,14,6484.54,463.1814285714285714,354,2010-12-16 16:42:00,2011-12-05 09:11:00,United Kingdom
18224,264,1,158.95,158.9500000000000000,0,2011-03-21 10:30:00,2011-03-21 10:30:00,United Kingdom
18225,4,12,5504.96,458.7466666666666667,362,2010-12-09 15:46:00,2011-12-06 13:27:00,United Kingdom
18226,45,11,5228.05,475.2772727272727273,293,2011-01-06 09:00:00,2011-10-26 13:36:00,United Kingdom
18227,218,1,93.75,93.7500000000000000,0,2011-05-06 12:23:00,2011-05-06 12:23:00,United Kingdom
18228,57,2,779.90,389.9500000000000000,23,2011-09-21 10:48:00,2011-10-14 09:21:00,United Kingdom
18229,12,20,7276.90,363.8450000000000000,362,2010-12-01 16:25:00,2011-11-28 09:48:00,United Kingdom
18230,10,7,2810.20,401.4571428571428571,293,2011-02-10 13:06:00,2011-11-30 13:22:00,United Kingdom
18231,193,5,2071.77,414.3540000000000000,96,2011-02-24 09:08:00,2011-05-31 14:18:00,United Kingdom
18232,82,4,592.97,148.2425000000000000,116,2011-05-26 16:30:00,2011-09-19 11:49:00,United Kingdom
18233,326,1,440.00,440.0000000000000000,0,2011-01-18 08:44:00,2011-01-18 08:44:00,United Kingdom
18235,72,3,1796.48,598.8266666666666667,146,2011-05-06 13:35:00,2011-09-29 08:27:00,United Kingdom
18236,30,6,882.24,147.0400000000000000,211,2011-04-13 09:52:00,2011-11-10 08:06:00,United Kingdom
18237,3,5,987.10,197.4200000000000000,132,2011-07-28 13:05:00,2011-12-07 12:49:00,United Kingdom
18239,219,5,1561.61,312.3220000000000000,154,2010-12-02 17:48:00,2011-05-05 12:38:00,United Kingdom
18240,47,1,422.58,422.5800000000000000,0,2011-10-24 13:06:00,2011-10-24 13:06:00,United Kingdom
18241,10,17,2073.09,121.9464705882352941,208,2011-05-06 09:22:00,2011-11-30 12:10:00,United Kingdom
18242,73,4,2232.49,558.1225000000000000,141,2011-05-10 11:20:00,2011-09-28 13:43:00,United Kingdom
18245,8,7,2567.06,366.7228571428571429,348,2010-12-19 14:58:00,2011-12-02 14:48:00,United Kingdom
18246,24,2,596.10,298.0500000000000000,210,2011-04-20 13:55:00,2011-11-16 11:49:00,United Kingdom
18248,123,2,804.02,402.0100000000000000,64,2011-06-06 13:18:00,2011-08-09 10:19:00,United Kingdom
18249,18,1,95.34,95.3400000000000000,0,2011-11-22 15:07:00,2011-11-22 15:07:00,United Kingdom
18250,311,1,349.27,349.2700000000000000,0,2011-02-02 13:16:00,2011-02-02 13:16:00,United Kingdom
18251,88,1,4314.72,4314.7200000000000000,0,2011-09-13 15:03:00,2011-09-13 15:03:00,United Kingdom
18252,51,2,518.27,259.1350000000000000,121,2011-06-21 11:47:00,2011-10-20 12:43:00,United Kingdom
18255,90,1,103.30,103.3000000000000000,0,2011-09-11 13:16:00,2011-09-11 13:16:00,United Kingdom
18257,40,8,2337.63,292.2037500000000000,257,2011-02-16 15:13:00,2011-10-31 14:48:00,United Kingdom
18259,25,3,2338.60,779.5333333333333333,342,2010-12-08 13:38:00,2011-11-15 12:34:00,United Kingdom
18260,173,6,2628.35,438.0583333333333333,186,2010-12-16 18:23:00,2011-06-20 12:37:00,United Kingdom
18261,44,2,324.24,162.1200000000000000,52,2011-09-05 09:34:00,2011-10-27 15:36:00,United Kingdom
18262,141,1,149.48,149.4800000000000000,0,2011-07-22 16:04:00,2011-07-22 16:04:00,United Kingdom
18263,26,3,1213.16,404.3866666666666667,227,2011-04-01 11:48:00,2011-11-14 09:00:00,United Kingdom
18265,73,2,801.51,400.7550000000000000,86,2011-07-04 15:26:00,2011-09-28 14:10:00,United Kingdom
18268,135,1,25.50,25.5000000000000000,0,2011-07-28 19:13:00,2011-07-28 19:13:00,United Kingdom
18269,367,1,168.60,168.6000000000000000,0,2010-12-08 13:53:00,2010-12-08 13:53:00,United Kingdom
18270,39,2,283.15,141.5750000000000000,228,2011-03-18 12:41:00,2011-11-01 13:57:00,United Kingdom
18272,3,6,3078.58,513.0966666666666667,244,2011-04-07 09:35:00,2011-12-07 12:43:00,United Kingdom
18273,3,3,204.00,68.0000000000000000,255,2011-03-27 11:22:00,2011-12-07 13:16:00,United Kingdom
18274,31,1,175.92,175.9200000000000000,0,2011-11-09 17:03:00,2011-11-09 17:03:00,United Kingdom
18276,44,1,335.86,335.8600000000000000,0,2011-10-27 10:54:00,2011-10-27 10:54:00,United Kingdom
18277,59,1,110.38,110.3800000000000000,0,2011-10-12 15:22:00,2011-10-12 15:22:00,United Kingdom
18278,74,1,173.90,173.9000000000000000,0,2011-09-27 11:58:00,2011-09-27 11:58:00,United Kingdom
18280,278,1,180.60,180.6000000000000000,0,2011-03-07 09:52:00,2011-03-07 09:52:00,United Kingdom
18281,181,1,80.82,80.8200000000000000,0,2011-06-12 10:53:00,2011-06-12 10:53:00,United Kingdom
18282,8,2,178.05,89.0250000000000000,119,2011-08-05 13:35:00,2011-12-02 11:43:00,United Kingdom
18283,4,16,2045.53,127.8456250000000000,334,2011-01-06 14:14:00,2011-12-06 12:02:00,United Kingdom
18287,43,3,1837.28,612.4266666666666667,159,2011-05-22 10:39:00,2011-10-28 09:29:00,United Kingdom
